documento,termino,pasaje,forma,uso,rasgos,paralelo_epigrafico,origen_fecha,fuente,cita,juicio,nota,contexto
Rom,διάκονος,11:13,διακονίαν,funcion,,no_aplica,,,,no,διακονία apostólica de Pablo,ἐπί ὅσον μέν οὖν εἰμί ἐγώ ἐθνῶν ἀπόστολοσ τήν [διακονίαν] μου δοξάζω εἰ πώσ παραζηλώσω μου τήν σάρκα καί
Rom,διάκονος,12:7,διακονίαν,funcion,,no_aplica,,,,no,"διακονία entre los carismas (Rom 12,6-8), sin título",διάφορα εἴτε προφητείαν κατά τήν ἀναλογίαν τῆσ πίστεωσ εἴτε [διακονίαν] ἐν τῇ διακονίᾳ εἴτε ὁ διδάσκων ἐν τῇ διδασκαλίᾳ
Rom,διάκονος,12:7,διακονίᾳ,funcion,,no_aplica,,,,no,"διακονία entre los carismas (Rom 12,6-8), sin título",κατά τήν ἀναλογίαν τῆσ πίστεωσ εἴτε διακονίαν ἐν τῇ [διακονίᾳ] εἴτε ὁ διδάσκων ἐν τῇ διδασκαλίᾳ εἴτε ὁ παρακαλῶν
Rom,προϊστάμενος,12:8,προϊστάμενοσ,funcion,,no_aplica,,,,no,"ὁ προϊστάμενος entre los carismas, sin título",παρακαλῶν ἐν τῇ παρακλήσει ὁ μεταδιδούσ ἐν ἁπλότητι ὁ [προϊστάμενοσ] ἐν σπουδῇ ὁ ἐλεῶν ἐν ἱλαρότητι ἡ ἀγάπη ἀνυπόκριτοσ
Rom,διάκονος,13:4,διάκονοσ,no_institucional,,no_aplica,,,,no,la autoridad civil como διάκονος de Dios,ἀγαθόν ποίει καί ἕξεισ ἔπαινον ἐκ αὐτῆσ θεοῦ γάρ [διάκονοσ] ἐστίν σοί εἰσ τό ἀγαθόν ἐάν δέ τό κακόν
Rom,διάκονος,13:4,διάκονοσ,no_institucional,,no_aplica,,,,no,la autoridad civil como διάκονος de Dios,φοβοῦ οὐ γάρ εἰκῇ τήν μάχαιραν φορεῖ θεοῦ γάρ [διάκονοσ] ἐστίν ἔκδικοσ εἰσ ὀργήν τῷ τό κακόν πράσσοντι διό
Rom,διάκονος,15:8,διάκονον,no_institucional,,no_aplica,,,,no,Cristo διάκονος de la circuncisión,προσελάβετο ὑμᾶσ εἰσ δόξαν τοῦ θεοῦ λέγω γάρ χριστόν [διάκονον] γεγενῆσθαι περιτομῆσ ὑπέρ ἀληθείασ θεοῦ εἰσ τό βεβαιῶσαι τάσ
Rom,διάκονος,15:25,διακονῶν,funcion,,no_aplica,,,,no,la colecta para Jerusalén,πρῶτον ἀπό μέρουσ ἐμπλησθῶ νυνί δέ πορεύομαι εἰσ ἰερουσαλήμ [διακονῶν] τοῖσ ἁγίοισ εὐδόκησαν γάρ μακεδονία καί ἀχαΐα κοινωνίαν τινά
Rom,διάκονος,15:31,διακονία,funcion,,no_aplica,,,,no,la colecta para Jerusalén,ῥυσθῶ ἀπό τῶν ἀπειθούντων ἐν τῇ ἰουδαίᾳ καί ἡ [διακονία] μου ἡ εἰσ ἰερουσαλήμ εὐπρόσδεκτοσ τοῖσ ἁγίοισ γένηται ἵνα
Rom,διάκονος,16:1,διάκονον,cargo,,s1,asociaciones,"RICIS 111/0102 = CIG II 1800 (Ambracia, s. I a. C.; AGRW ID 23778); IBeroia 26 (Berea, ca. 100-150; AGRW 36)","τὸ κοινὸν τῶν διακόνων Σαράπει, Ἴσει, Ἀνούβει, Ἁρποκράτει, con sacerdote y lista de miembros (Ambracia); Π. Κορνήλιος Ῥοῦφος καὶ οἱ ὑπ’ αὐτὸν διάκονοι (Berea)",sí,"Febe, διάκονος τῆς ἐκκλησίας τῆς ἐν Κεγχρεαῖς: título con iglesia local; sin requisitos ni elección (juicio: cargo o función)",συνίστημι δέ ὑμῖν φοίβην τήν ἀδελφήν ἡμῶν οὖσαν καί [διάκονον] τῆσ ἐκκλησίασ τῆσ ἐν κεγχρεαῖσ ἵνα αὐτήν προσδέξησθε ἐν
Rom,ἐκκλησία,16:1,ἐκκλησίασ,local,,no_aplica,,,,no,la iglesia de Cencreas,ὑμῖν φοίβην τήν ἀδελφήν ἡμῶν οὖσαν καί διάκονον τῆσ [ἐκκλησίασ] τῆσ ἐν κεγχρεαῖσ ἵνα αὐτήν προσδέξησθε ἐν κυρίῳ ἀξίωσ
Rom,προϊστάμενος,16:2,προστάτισ,funcion,,no_aplica,,,,sí,"προστάτις πολλῶν: patrona; paralelo del προστάτης de las asociaciones, pero aquí sin cargo",ἐν ᾧ ἄν ὑμῶν χρῄζῃ πράγματι καί γάρ αὐτή [προστάτισ] πολλῶν ἐγενήθη καί ἐμοῦ αὐτοῦ ἀσπάσασθε πρίσκαν καί ἀκύλαν
Rom,ἐκκλησία,16:4,ἐκκλησίαι,local,,no_aplica,,,,no,todas las iglesias de los gentiles (plural de comunidades),οἷσ οὐ ἐγώ μόνοσ εὐχαριστῶ ἀλλά καί πᾶσαι αἱ [ἐκκλησίαι] τῶν ἐθνῶν καί τήν κατά οἶκον αὐτῶν ἐκκλησίαν ἀσπάσασθε
Rom,οἶκος,16:5,οἶκον,celula,,no_aplica,,,,no,ἡ κατ’ οἶκον αὐτῶν ἐκκλησία (Prisca y Aquila),καί πᾶσαι αἱ ἐκκλησίαι τῶν ἐθνῶν καί τήν κατά [οἶκον] αὐτῶν ἐκκλησίαν ἀσπάσασθε ἐπαίνετον τόν ἀγαπητόν μου ὅσ ἐστίν
Rom,ἐκκλησία,16:5,ἐκκλησίαν,local,,no_aplica,,,,no,iglesia doméstica,αἱ ἐκκλησίαι τῶν ἐθνῶν καί τήν κατά οἶκον αὐτῶν [ἐκκλησίαν] ἀσπάσασθε ἐπαίνετον τόν ἀγαπητόν μου ὅσ ἐστίν ἀπαρχή τῆσ
Rom,ἐκκλησία,16:16,ἐκκλησίαι,local,,no_aplica,,,,no,αἱ ἐκκλησίαι πᾶσαι τοῦ Χριστοῦ,ἁγίουσ ἀσπάσασθε ἀλλήλουσ ἐν φιλήματι ἁγίῳ ἀσπάζονται ὑμᾶσ αἱ [ἐκκλησίαι] πᾶσαι τοῦ χριστοῦ παρακαλῶ δέ ὑμᾶσ ἀδελφοί σκοπεῖν τούσ
Rom,ἐκκλησία,16:23,ἐκκλησίασ,local,,no_aplica,,,,no,"Gayo, hospedador de toda la iglesia (Corinto)",ἀσπάζεται ὑμᾶσ γάϊοσ ὁ ξένοσ μου καί ὅλησ τῆσ [ἐκκλησίασ] ἀσπάζεται ὑμᾶσ ἔραστοσ ὁ οἰκονόμοσ τῆσ πόλεωσ καί κούαρτοσ
1Cor,ἐκκλησία,1:2,ἐκκλησίᾳ,local,,no_aplica,,,,no,prescripto,ἰησοῦ διά θελήματοσ θεοῦ καί σωσθένησ ὁ ἀδελφόσ τῇ [ἐκκλησίᾳ] τοῦ θεοῦ ἡγιασμένοισ ἐν χριστῷ ἰησοῦ τῇ οὔσῃ ἐν
1Cor,οἶκος,1:16,οἶκον,celula,,no_aplica,,,,no,bautismo de la casa de Estéfanas,τό ἐμόν ὄνομα ἐβαπτίσθητε ἐβάπτισα δέ καί τόν στεφανᾶ [οἶκον] λοιπόν οὐ οἶδα εἰ τινά ἄλλον ἐβάπτισα οὐ γάρ
1Cor,διάκονος,3:5,διάκονοι,funcion,,no_aplica,,,,no,Pablo y Apolo διάκονοι,ἐστέ τί οὖν ἐστίν ἀπολλῶσ τί δέ ἐστίν παῦλοσ [διάκονοι] διά ὧν ἐπιστεύσατε καί ἑκάστῳ ὡσ ὁ κύριοσ ἔδωκεν
1Cor,ἐκκλησία,4:17,ἐκκλησίᾳ,local,,no_aplica,,,,no,ἐν πάσῃ ἐκκλησίᾳ,μου τάσ ἐν χριστῷ ἰησοῦ καθώσ πανταχοῦ ἐν πάσῃ [ἐκκλησίᾳ] διδάσκω ὡσ μή ἐρχομένου δέ μου πρόσ ὑμᾶσ ἐφυσιώθησαν
1Cor,ἐκκλησία,6:4,ἐκκλησίᾳ,local,,no_aplica,,,,no,tribunales dentro de la comunidad,μέν οὖν κριτήρια ἐάν ἔχητε τούσ ἐξουθενημένουσ ἐν τῇ [ἐκκλησίᾳ] τούτουσ καθίζετε πρόσ ἐντροπήν ὑμῖν λέγω οὕτωσ οὐ ἔνι
1Cor,χήρα,7:8,χήραισ,no_institucional,,no_aplica,,,,no,estado civil,ὁ δέ οὕτωσ λέγω δέ τοῖσ ἀγάμοισ καί ταῖσ [χήραισ] καλόν αὐτοῖσ ἐάν μείνωσιν ὡσ κἀγώ εἰ δέ οὐ
1Cor,ἐκκλησία,7:17,ἐκκλησίαισ,local,,no_aplica,,,,no,,κέκληκεν ὁ θεόσ οὕτωσ περιπατείτω καί οὕτωσ ἐν ταῖσ [ἐκκλησίαισ] πάσαισ διατάσσομαι περιτετμημένοσ τίσ ἐκλήθη μή ἐπισπάσθω ἐν ἀκροβυστίᾳ
1Cor,ἐκκλησία,10:32,ἐκκλησίᾳ,universal,,no_aplica,,,,sí,"judíos, griegos y la iglesia de Dios",ποιεῖτε ἀπρόσκοποι καί ἰουδαίοισ γίνεσθε καί ἕλλησιν καί τῇ [ἐκκλησίᾳ] τοῦ θεοῦ καθώσ κἀγώ πάντα πᾶσιν ἀρέσκω μή ζητῶν
1Cor,ἐκκλησία,11:16,ἐκκλησίαι,local,,no_aplica,,,,no,αἱ ἐκκλησίαι τοῦ θεοῦ,φιλόνεικοσ εἶναι ἡμεῖσ τοιαύτην συνήθειαν οὐ ἔχομεν οὐδέ αἱ [ἐκκλησίαι] τοῦ θεοῦ τοῦτο δέ παραγγέλλων οὐ ἐπαινῶ ὅτι οὐ
1Cor,ἐκκλησία,11:18,ἐκκλησίᾳ,reunion,,no_aplica,,,,no,συνερχομένων ὑμῶν ἐν ἐκκλησίᾳ,τό ἧσσον συνέρχεσθε πρῶτον μέν γάρ συνερχομένων ὑμῶν ἐν [ἐκκλησίᾳ] ἀκούω σχίσματα ἐν ὑμῖν ὑπάρχειν καί μέροσ τί πιστεύω
1Cor,ἐκκλησία,11:22,ἐκκλησίασ,local,,no_aplica,,,,no,,οὐ ἔχετε εἰσ τό ἐσθίειν καί πίνειν ἤ τῆσ [ἐκκλησίασ] τοῦ θεοῦ καταφρονεῖτε καί καταισχύνετε τούσ μή ἔχοντασ τί
1Cor,οἶκος,11:34,οἴκῳ,no_institucional,,no_aplica,,,,no,comer en casa,εἰσ τό φαγεῖν ἀλλήλουσ ἐκδέχεσθε εἰ τίσ πεινᾷ ἐν [οἴκῳ] ἐσθιέτω ἵνα μή εἰσ κρίμα συνέρχησθε τά δέ λοιπά
1Cor,διάκονος,12:5,διακονιῶν,funcion,,no_aplica,,,,no,διαιρέσεις διακονιῶν,δέ χαρισμάτων εἰσίν τό δέ αὐτό πνεῦμα καί διαιρέσεισ [διακονιῶν] εἰσίν καί ὁ αὐτόσ κύριοσ καί διαιρέσεισ ἐνεργημάτων εἰσίν
1Cor,ἐκκλησία,12:28,ἐκκλησίᾳ,universal,,no_aplica,,,,sí,"ἔθετο ὁ θεὸς ἐν τῇ ἐκκλησίᾳ πρῶτον ἀποστόλους…: orden de funciones (apóstoles, profetas, maestros), sin cargos del léxico",μέρουσ καί οὕσ μέν ἔθετο ὁ θεόσ ἐν τῇ [ἐκκλησίᾳ] πρῶτον ἀποστόλουσ δεύτερον προφήτασ τρίτον διδασκάλουσ ἔπειτα δυνάμεισ ἔπειτα
1Cor,ἐκκλησία,14:4,ἐκκλησίαν,reunion,,no_aplica,,,,no,,παραμυθίαν ὁ λαλῶν γλώσσῃ ἑαυτόν οἰκοδομεῖ ὁ δέ προφητεύων [ἐκκλησίαν] οἰκοδομεῖ θέλω δέ πάντασ ὑμᾶσ λαλεῖν γλώσσαισ μᾶλλον δέ
1Cor,ἐκκλησία,14:5,ἐκκλησία,reunion,,no_aplica,,,,no,,ὁ λαλῶν γλώσσαισ ἐκτόσ εἰ μή διερμηνεύῃ ἵνα ἡ [ἐκκλησία] οἰκοδομήν λάβῃ νῦν δέ ἀδελφοί ἐάν ἔλθω πρόσ ὑμᾶσ
1Cor,ἐκκλησία,14:12,ἐκκλησίασ,reunion,,no_aplica,,,,no,,ὑμεῖσ ἐπεί ζηλωταί ἐστέ πνευμάτων πρόσ τήν οἰκοδομήν τῆσ [ἐκκλησίασ] ζητεῖτε ἵνα περισσεύητε διό ὁ λαλῶν γλώσσῃ προσευχέσθω ἵνα
1Cor,ἐκκλησία,14:19,ἐκκλησίᾳ,reunion,,no_aplica,,,,no,,τῷ θεῷ πάντων ὑμῶν μᾶλλον γλώσσαισ λαλῶ ἀλλά ἐν [ἐκκλησίᾳ] θέλω πέντε λόγουσ τῷ νοΐ μου λαλῆσαι ἵνα καί
1Cor,ἐκκλησία,14:23,ἐκκλησία,reunion,,no_aplica,,,,no,συνέλθῃ ἡ ἐκκλησία ὅλη ἐπὶ τὸ αὐτό,τοῖσ ἀπίστοισ ἀλλά τοῖσ πιστεύουσιν ἐάν οὖν συνέλθῃ ἡ [ἐκκλησία] ὅλη ἐπί τό αὐτό καί πάντεσ λαλῶσιν γλώσσαισ εἰσέλθωσιν
1Cor,ἐκκλησία,14:28,ἐκκλησίᾳ,reunion,,no_aplica,,,,no,,εἷσ διερμηνευέτω ἐάν δέ μή ᾖ διερμηνευτήσ σιγάτω ἐν [ἐκκλησίᾳ] ἑαυτῷ δέ λαλείτω καί τῷ θεῷ προφῆται δέ δύο
1Cor,ἐκκλησία,14:33,ἐκκλησίαισ,local,,no_aplica,,,,no,,ἀκαταστασίασ ὁ θεόσ ἀλλά εἰρήνησ ὡσ ἐν πάσαισ ταῖσ [ἐκκλησίαισ] τῶν ἁγίων αἱ γυναῖκεσ ἐν ταῖσ ἐκκλησίαισ σιγάτωσαν οὐ
1Cor,ἐκκλησία,14:34,ἐκκλησίαισ,reunion,,no_aplica,,,,no,,πάσαισ ταῖσ ἐκκλησίαισ τῶν ἁγίων αἱ γυναῖκεσ ἐν ταῖσ [ἐκκλησίαισ] σιγάτωσαν οὐ γάρ ἐπιτρέπεται αὐταῖσ λαλεῖν ἀλλά ὑποτασσέσθωσαν καθώσ
1Cor,οἶκος,14:35,οἴκῳ,no_institucional,,no_aplica,,,,no,preguntar en casa,ὁ νόμοσ λέγει εἰ δέ τί μαθεῖν θέλουσιν ἐν [οἴκῳ] τούσ ἰδίουσ ἄνδρασ ἐπερωτάτωσαν αἰσχρόν γάρ ἐστίν γυναικί λαλεῖν
1Cor,ἐκκλησία,14:35,ἐκκλησίᾳ,reunion,,no_aplica,,,,no,,ἰδίουσ ἄνδρασ ἐπερωτάτωσαν αἰσχρόν γάρ ἐστίν γυναικί λαλεῖν ἐν [ἐκκλησίᾳ] ἤ ἀπό ὑμῶν ὁ λόγοσ τοῦ θεοῦ ἐξῆλθεν ἤ
1Cor,ἐκκλησία,15:9,ἐκκλησίαν,universal,,no_aplica,,,,sí,ἐδίωξα τὴν ἐκκλησίαν τοῦ θεοῦ,ὅσ οὐ εἰμί ἱκανόσ καλεῖσθαι ἀπόστολοσ διότι ἐδίωξα τήν [ἐκκλησίαν] τοῦ θεοῦ χάριτι δέ θεοῦ εἰμί ὅ εἰμί καί
1Cor,ἐκκλησία,16:1,ἐκκλησίαισ,local,,no_aplica,,,,no,las iglesias de Galacia,τῆσ λογείασ τῆσ εἰσ τούσ ἁγίουσ ὥσπερ διέταξα ταῖσ [ἐκκλησίαισ] τῆσ γαλατίασ οὕτωσ καί ὑμεῖσ ποιήσατε κατά μίαν σαββάτου
1Cor,διάκονος,16:15,διακονίαν,funcion,,no_aplica,,,,no,la casa de Estéfanas εἰς διακονίαν τοῖς ἁγίοις ἔταξαν ἑαυτούς,οἰκίαν στεφανᾶ ὅτι ἐστίν ἀπαρχή τῆσ ἀχαΐασ καί εἰσ [διακονίαν] τοῖσ ἁγίοισ ἔταξαν ἑαυτούσ ἵνα καί ὑμεῖσ ὑποτάσσησθε τοῖσ
1Cor,ἐκκλησία,16:19,ἐκκλησίαι,local,,no_aplica,,,,no,las iglesias de Asia,τό ὑμῶν ἐπιγινώσκετε οὖν τούσ τοιούτουσ ἀσπάζονται ὑμᾶσ αἱ [ἐκκλησίαι] τῆσ ἀσίασ ἀσπάζεται ὑμᾶσ ἐν κυρίῳ πολλά ἀκύλασ καί
1Cor,οἶκος,16:19,οἶκον,celula,,no_aplica,,,,no,ἡ κατ’ οἶκον αὐτῶν ἐκκλησία,ἐν κυρίῳ πολλά ἀκύλασ καί πρίσκα σύν τῇ κατά [οἶκον] αὐτῶν ἐκκλησίᾳ ἀσπάζονται ὑμᾶσ οἱ ἀδελφοί πάντεσ ἀσπάσασθε ἀλλήλουσ
1Cor,ἐκκλησία,16:19,ἐκκλησίᾳ,local,,no_aplica,,,,no,iglesia doméstica,πολλά ἀκύλασ καί πρίσκα σύν τῇ κατά οἶκον αὐτῶν [ἐκκλησίᾳ] ἀσπάζονται ὑμᾶσ οἱ ἀδελφοί πάντεσ ἀσπάσασθε ἀλλήλουσ ἐν φιλήματι
2Cor,ἐκκλησία,1:1,ἐκκλησίᾳ,local,,no_aplica,,,,no,prescripto,ἰησοῦ διά θελήματοσ θεοῦ καί τιμόθεοσ ὁ ἀδελφόσ τῇ [ἐκκλησίᾳ] τοῦ θεοῦ τῇ οὔσῃ ἐν κορίνθῳ σύν τοῖσ ἁγίοισ
2Cor,διάκονος,3:3,διακονηθεῖσα,funcion,,no_aplica,,,,no,carta «servida» por Pablo,ἀναγινωσκομένη ὑπό πάντων ἀνθρώπων φανερούμενοι ὅτι ἐστέ ἐπιστολή χριστοῦ [διακονηθεῖσα] ὑπό ἡμῶν ἐγγεγραμμένη οὐ μέλανι ἀλλά πνεύματι θεοῦ ζῶντοσ
2Cor,διάκονος,3:6,διακόνουσ,funcion,,no_aplica,,,,no,διάκονοι καινῆς διαθήκης,ἱκανότησ ἡμῶν ἐκ τοῦ θεοῦ ὅσ καί ἱκάνωσεν ἡμᾶσ [διακόνουσ] καινῆσ διαθήκησ οὐ γράμματοσ ἀλλά πνεύματοσ τό γάρ γράμμα
2Cor,διάκονος,3:7,διακονία,no_institucional,,no_aplica,,,,no,διακονία τοῦ θανάτου (Moisés),γράμμα ἀποκτέννει τό δέ πνεῦμα ζῳοποιεῖ εἰ δέ ἡ [διακονία] τοῦ θανάτου ἐν γράμμασιν ἐντετυπωμένη λίθοισ ἐγενήθη ἐν δόξῃ
2Cor,διάκονος,3:8,διακονία,funcion,,no_aplica,,,,no,διακονία τοῦ πνεύματος,τοῦ προσώπου αὐτοῦ τήν καταργουμένην πῶσ οὐχί μᾶλλον ἡ [διακονία] τοῦ πνεύματοσ ἔσται ἐν δόξῃ εἰ γάρ τῇ διακονίᾳ
2Cor,διάκονος,3:9,διακονίᾳ,no_institucional,,no_aplica,,,,no,antítesis condena / justicia,διακονία τοῦ πνεύματοσ ἔσται ἐν δόξῃ εἰ γάρ τῇ [διακονίᾳ] τῆσ κατακρίσεωσ δόξα πολλῷ μᾶλλον περισσεύει ἡ διακονία τῆσ
2Cor,διάκονος,3:9,διακονία,no_institucional,,no_aplica,,,,no,antítesis condena / justicia,τῇ διακονίᾳ τῆσ κατακρίσεωσ δόξα πολλῷ μᾶλλον περισσεύει ἡ [διακονία] τῆσ δικαιοσύνησ δόξῃ καί γάρ οὐ δεδόξασται τό δεδοξασμένον
2Cor,διάκονος,4:1,διακονίαν,funcion,,no_aplica,,,,no,ministerio apostólico,δόξαν καθάπερ ἀπό κυρίου πνεύματοσ διά τοῦτο ἔχοντεσ τήν [διακονίαν] ταύτην καθώσ ἠλεήθημεν οὐ ἐγκακοῦμεν ἀλλά ἀπειπάμεθα τά κρυπτά
2Cor,διάκονος,5:18,διακονίαν,funcion,,no_aplica,,,,no,διακονία τῆς καταλλαγῆς,καταλλάξαντοσ ἡμᾶσ ἑαυτῷ διά χριστοῦ καί δόντοσ ἡμῖν τήν [διακονίαν] τῆσ καταλλαγῆσ ὡσ ὅτι θεόσ ἦν ἐν χριστῷ κόσμον
2Cor,διάκονος,6:3,διακονία,funcion,,no_aplica,,,,no,,μηδεμίαν ἐν μηδενί διδόντεσ προσκοπήν ἵνα μή μωμηθῇ ἡ [διακονία] ἀλλά ἐν παντί συνιστάνοντεσ ἑαυτούσ ὡσ θεοῦ διάκονοι ἐν
2Cor,διάκονος,6:4,διάκονοι,funcion,,no_aplica,,,,no,θεοῦ διάκονοι,ἡ διακονία ἀλλά ἐν παντί συνιστάνοντεσ ἑαυτούσ ὡσ θεοῦ [διάκονοι] ἐν ὑπομονῇ πολλῇ ἐν θλίψεσιν ἐν ἀνάγκαισ ἐν στενοχωρίαισ
2Cor,ἐκκλησία,8:1,ἐκκλησίαισ,local,,no_aplica,,,,no,las iglesias de Macedonia,ἀδελφοί τήν χάριν τοῦ θεοῦ τήν δεδομένην ἐν ταῖσ [ἐκκλησίαισ] τῆσ μακεδονίασ ὅτι ἐν πολλῇ δοκιμῇ θλίψεωσ ἡ περισσεία
2Cor,διάκονος,8:4,διακονίασ,funcion,,no_aplica,,,,no,la colecta,παρακλήσεωσ δεόμενοι ἡμῶν τήν χάριν καί τήν κοινωνίαν τῆσ [διακονίασ] τῆσ εἰσ τούσ ἁγίουσ καί οὐ καθώσ ἠλπίσαμεν ἀλλά
2Cor,χειροτονία,8:19,χειροτονηθείσ,funcion,eleccion,no_aplica,,,,sí,χειροτονηθεὶς ὑπὸ τῶν ἐκκλησιῶν συνέκδημος: elección de un delegado por las iglesias; no es rito de institución,διά πασῶν τῶν ἐκκλησιῶν οὐ μόνον δέ ἀλλά καί [χειροτονηθείσ] ὑπό τῶν ἐκκλησιῶν συνέκδημοσ ἡμῶν σύν τῇ χάριτι ταύτῃ
2Cor,διάκονος,8:19,διακονουμένῃ,funcion,,no_aplica,,,,no,la colecta,τῶν ἐκκλησιῶν συνέκδημοσ ἡμῶν σύν τῇ χάριτι ταύτῃ τῇ [διακονουμένῃ] ὑπό ἡμῶν πρόσ τήν αὐτοῦ τοῦ κυρίου δόξαν καί
2Cor,διάκονος,8:20,διακονουμένῃ,funcion,,no_aplica,,,,no,la colecta,μή τίσ ἡμᾶσ μωμήσηται ἐν τῇ ἁδρότητι ταύτῃ τῇ [διακονουμένῃ] ὑπό ἡμῶν προνοοῦμεν γάρ καλά οὐ μόνον ἐνώπιον κυρίου
2Cor,διάκονος,9:1,διακονίασ,funcion,,no_aplica,,,,no,la colecta,ἐνδεικνύμενοι εἰσ πρόσωπον τῶν ἐκκλησιῶν περί μέν γάρ τῆσ [διακονίασ] τῆσ εἰσ τούσ ἁγίουσ περισσόν μοι ἐστίν τό γράφειν
2Cor,διάκονος,9:12,διακονία,funcion,,no_aplica,,,,no,la colecta,ἥτισ κατεργάζεται διά ἡμῶν εὐχαριστίαν τῷ θεῷ ὅτι ἡ [διακονία] τῆσ λειτουργίασ ταύτησ οὐ μόνον ἐστίν προσαναπληροῦσα τά ὑστερήματα
2Cor,διάκονος,9:13,διακονίασ,funcion,,no_aplica,,,,no,la colecta,διά πολλῶν εὐχαριστιῶν τῷ θεῷ διά τῆσ δοκιμῆσ τῆσ [διακονίασ] ταύτησ δοξάζοντεσ τόν θεόν ἐπί τῇ ὑποταγῇ τῆσ ὁμολογίασ
2Cor,ἐκκλησία,11:8,ἐκκλησίασ,local,,no_aplica,,,,no,,ὅτι δωρεάν τό τοῦ θεοῦ εὐαγγέλιον εὐηγγελισάμην ὑμῖν ἄλλασ [ἐκκλησίασ] ἐσύλησα λαβών ὀψώνιον πρόσ τήν ὑμῶν διακονίαν καί παρών
2Cor,διάκονος,11:8,διακονίαν,funcion,,no_aplica,,,,no,servicio apostólico a Corinto,ὑμῖν ἄλλασ ἐκκλησίασ ἐσύλησα λαβών ὀψώνιον πρόσ τήν ὑμῶν [διακονίαν] καί παρών πρόσ ὑμᾶσ καί ὑστερηθείσ οὐ κατενάρκησα οὐθενόσ
2Cor,διάκονος,11:15,διάκονοι,no_institucional,,no_aplica,,,,no,los διάκονοι de Satanás / de la justicia,εἰσ ἄγγελον φωτόσ οὐ μέγα οὖν εἰ καί οἱ [διάκονοι] αὐτοῦ μετασχηματίζονται ὡσ διάκονοι δικαιοσύνησ ὧν τό τέλοσ ἔσται
2Cor,διάκονος,11:15,διάκονοι,no_institucional,,no_aplica,,,,no,los διάκονοι de Satanás / de la justicia,μέγα οὖν εἰ καί οἱ διάκονοι αὐτοῦ μετασχηματίζονται ὡσ [διάκονοι] δικαιοσύνησ ὧν τό τέλοσ ἔσται κατά τά ἔργα αὐτῶν
2Cor,διάκονος,11:23,διάκονοι,funcion,,no_aplica,,,,no,διάκονοι Χριστοῦ (los adversarios y Pablo),εἰσίν κἀγώ ἰσραηλῖται εἰσίν κἀγώ σπέρμα ἀβραάμ εἰσίν κἀγώ [διάκονοι] χριστοῦ εἰσίν παραφρονῶν λαλῶ ὑπέρ ἐγώ ἐν κόποισ περισσοτέρωσ
2Cor,ἐκκλησία,12:13,ἐκκλησίασ,local,,no_aplica,,,,no,,δυνάμεσιν τί γάρ ἐστίν ὅ ἡσσώθητε ὑπέρ τάσ λοιπάσ [ἐκκλησίασ] εἰ μή ὅτι αὐτόσ ἐγώ οὐ κατενάρκησα ὑμῶν χαρίσασθε
Gal,ἐκκλησία,1:2,ἐκκλησίαισ,local,,no_aplica,,,,no,prescripto,ἐκ νεκρῶν καί οἱ σύν ἐμοί πάντεσ ἀδελφοί ταῖσ [ἐκκλησίαισ] τῆσ γαλατίασ χάρισ ὑμῖν καί εἰρήνη ἀπό θεοῦ πατρόσ
Gal,ἐκκλησία,1:13,ἐκκλησίαν,universal,,no_aplica,,,,sí,ἐδίωκον τὴν ἐκκλησίαν τοῦ θεοῦ,ποτέ ἐν τῷ ἰουδαϊσμῷ ὅτι κατά ὑπερβολήν ἐδίωκον τήν [ἐκκλησίαν] τοῦ θεοῦ καί ἐπόρθουν αὐτήν καί προέκοπτον ἐν τῷ
Gal,ἐκκλησία,1:22,ἐκκλησίαισ,local,,no_aplica,,,,no,las iglesias de Judea,καί τῆσ κιλικίασ ἤμην δέ ἀγνοούμενοσ τῷ προσώπῳ ταῖσ [ἐκκλησίαισ] τῆσ ἰουδαίασ ταῖσ ἐν χριστῷ μόνον δέ ἀκούοντεσ ἦσαν
Gal,διάκονος,2:17,διάκονοσ,no_institucional,,no_aplica,,,,no,Cristo ἁμαρτίας διάκονος (μὴ γένοιτο),ἐν χριστῷ εὑρέθημεν καί αὐτοί ἁμαρτωλοί ἆρα χριστόσ ἁμαρτίασ [διάκονοσ] μή γένοιτο εἰ γάρ ἅ κατέλυσα ταῦτα πάλιν οἰκοδομῶ
Flp,ἐπίσκοπος,1:1,ἐπισκόποισ,cargo,colegio,s1,asociaciones,"IG XII,3 329 (Thera, ca. 200 a. C.; AGRW ID 12910); IRhodPC 2 (Rodas, s. II a. C.; AGRW ID 14975); IDelos 1522 (Delos, 98-117; AGRW ID 21076) || IG XII,3 329 (Thera, ca. 200 a. C.); OGIS II 729 (Alejandría, 221-205 a. C.)","τὸς ἐπισκό[πος] Δίωνα καὶ Μελέϊππον: dos «supervisores» del koinón prestan a interés el legado (Thera); ἐπὶ … Ζή]νωνος ἐπισκόπου, epónimo (Rodas); τὸν ἐπίσκοπον, encargado de la copia del decreto y multado si no cumple (Delos)",no,"σὺν ἐπισκόποις καὶ διακόνοις: plural, sin requisitos ni jerarquía",ἁγίοισ ἐν χριστῷ ἰησοῦ τοῖσ οὖσιν ἐν φιλίπποισ σύν [ἐπισκόποισ] καί διακόνοισ χάρισ ὑμῖν καί εἰρήνη ἀπό θεοῦ πατρόσ
Flp,διάκονος,1:1,διακόνοισ,cargo,colegio,s1,asociaciones,"RICIS 111/0102 = CIG II 1800 (Ambracia, s. I a. C.; AGRW ID 23778); IBeroia 26 (Berea, ca. 100-150; AGRW 36) || IG XII,3 329 (Thera, ca. 200 a. C.); OGIS II 729 (Alejandría, 221-205 a. C.)","τὸ κοινὸν τῶν διακόνων Σαράπει, Ἴσει, Ἀνούβει, Ἁρποκράτει, con sacerdote y lista de miembros (Ambracia); Π. Κορνήλιος Ῥοῦφος καὶ οἱ ὑπ’ αὐτὸν διάκονοι (Berea)",no,σὺν ἐπισκόποις καὶ διακόνοις,χριστῷ ἰησοῦ τοῖσ οὖσιν ἐν φιλίπποισ σύν ἐπισκόποισ καί [διακόνοισ] χάρισ ὑμῖν καί εἰρήνη ἀπό θεοῦ πατρόσ ἡμῶν καί
Flp,ἡγούμενος,2:3,ἡγούμενοι,no_institucional,,no_aplica,,,,no,ἡγέομαι «considerar»,κατά ἐριθείαν μηδέ κατά κενοδοξίαν ἀλλά τῇ ταπεινοφροσύνῃ ἀλλήλουσ [ἡγούμενοι] ὑπερέχοντασ ἑαυτῶν μή τά ἑαυτῶν ἕκαστοι σκοποῦντεσ ἀλλά καί
Flp,ἐκκλησία,3:6,ἐκκλησίαν,universal,,no_aplica,,,,sí,διώκων τὴν ἐκκλησίαν,ἐκ ἑβραίων κατά νόμον φαρισαῖοσ κατά ζῆλοσ διώκων τήν [ἐκκλησίαν] κατά δικαιοσύνην τήν ἐν νόμῳ γενόμενοσ ἄμεμπτοσ ἀλλά ἅτινα
Flp,ἐκκλησία,4:15,ἐκκλησία,local,,no_aplica,,,,no,,ἀρχῇ τοῦ εὐαγγελίου ὅτε ἐξῆλθον ἀπό μακεδονίασ οὐδεμία μοι [ἐκκλησία] ἐκοινώνησεν εἰσ λόγον δόσεωσ καί λήμψεωσ εἰ μή ὑμεῖσ
1Tes,ἐκκλησία,1:1,ἐκκλησίᾳ,local,,no_aplica,,,,no,prescripto,παῦλοσ καί σιλουανόσ καί τιμόθεοσ τῇ [ἐκκλησίᾳ] θεσσαλονικέων ἐν θεῷ πατρί καί κυρίῳ ἰησοῦ χριστῷ χάρισ
1Tes,προϊστάμενος,5:12,προϊσταμένουσ,funcion,,no_aplica,,,,no,τοὺς κοπιῶντας … καὶ προϊσταμένους ὑμῶν ἐν κυρίῳ καὶ νουθετοῦντας: función sin título,δέ ὑμᾶσ ἀδελφοί εἰδέναι τούσ κοπιῶντασ ἐν ὑμῖν καί [προϊσταμένουσ] ὑμῶν ἐν κυρίῳ καί νουθετοῦντασ ὑμᾶσ καί ἡγεῖσθαι αὐτούσ
Flm,οἶκος,1:2,οἶκον,celula,,no_aplica,,,,no,ἡ κατ’ οἶκόν σου ἐκκλησία,ἀδελφῇ καί ἀρχίππῳ τῷ συστρατιώτῃ ἡμῶν καί τῇ κατά [οἶκον] σου ἐκκλησίᾳ χάρισ ὑμῖν καί εἰρήνη ἀπό θεοῦ πατρόσ
Flm,ἐκκλησία,1:2,ἐκκλησίᾳ,local,,no_aplica,,,,no,iglesia doméstica,ἀρχίππῳ τῷ συστρατιώτῃ ἡμῶν καί τῇ κατά οἶκον σου [ἐκκλησίᾳ] χάρισ ὑμῖν καί εἰρήνη ἀπό θεοῦ πατρόσ ἡμῶν καί
Flm,διάκονος,1:13,διακονῇ,no_institucional,,no_aplica,,,,no,Onésimo sirviendo a Pablo,ἐγώ ἐβουλόμην πρόσ ἐμαυτόν κατέχειν ἵνα ὑπέρ σοῦ μοι [διακονῇ] ἐν τοῖσ δεσμοῖσ τοῦ εὐαγγελίου χωρίσ δέ τῆσ σῆσ
Ef,ἐκκλησία,1:22,ἐκκλησίᾳ,universal,,no_aplica,,,,no,cuerpo de Cristo,πόδασ αὐτοῦ καί αὐτόν ἔδωκεν κεφαλήν ὑπέρ πάντα τῇ [ἐκκλησίᾳ] ἥτισ ἐστίν τό σῶμα αὐτοῦ τό πλήρωμα τοῦ τά
Ef,διάκονος,3:7,διάκονοσ,funcion,,no_aplica,,,,no,Pablo διάκονος del evangelio,ἐπαγγελίασ ἐν χριστῷ ἰησοῦ διά τοῦ εὐαγγελίου οὗ ἐγενήθην [διάκονοσ] κατά τήν δωρεάν τῆσ χάριτοσ τοῦ θεοῦ τῆσ δοθείσησ
Ef,ἐκκλησία,3:10,ἐκκλησίασ,universal,,no_aplica,,,,no,,ἀρχαῖσ καί ταῖσ ἐξουσίαισ ἐν τοῖσ ἐπουρανίοισ διά τῆσ [ἐκκλησίασ] ἡ πολυποίκιλοσ σοφία τοῦ θεοῦ κατά πρόθεσιν τῶν αἰώνων
Ef,ἐκκλησία,3:21,ἐκκλησίᾳ,universal,,no_aplica,,,,no,,τήν ἐνεργουμένην ἐν ἡμῖν αὐτῷ ἡ δόξα ἐν τῇ [ἐκκλησίᾳ] καί ἐν χριστῷ ἰησοῦ εἰσ πάσασ τάσ γενεάσ τοῦ
Ef,διάκονος,4:12,διακονίασ,funcion,,no_aplica,,,,no,ἔργον διακονίας de los santos,καί διδασκάλουσ πρόσ τόν καταρτισμόν τῶν ἁγίων εἰσ ἔργον [διακονίασ] εἰσ οἰκοδομήν τοῦ σώματοσ τοῦ χριστοῦ μέχρισ καταντήσωμεν οἱ
Ef,ἐκκλησία,5:23,ἐκκλησίασ,universal,,no_aplica,,,,no,,κεφαλή τῆσ γυναικόσ ὡσ καί ὁ χριστόσ κεφαλή τῆσ [ἐκκλησίασ] αὐτόσ σωτήρ τοῦ σώματοσ ἀλλά ὡσ ἡ ἐκκλησία ὑποτάσσεται
Ef,ἐκκλησία,5:24,ἐκκλησία,universal,,no_aplica,,,,no,,τῆσ ἐκκλησίασ αὐτόσ σωτήρ τοῦ σώματοσ ἀλλά ὡσ ἡ [ἐκκλησία] ὑποτάσσεται τῷ χριστῷ οὕτωσ καί αἱ γυναῖκεσ τοῖσ ἀνδράσιν
Ef,ἐκκλησία,5:25,ἐκκλησίαν,universal,,no_aplica,,,,no,,ἀγαπᾶτε τάσ γυναῖκασ καθώσ καί ὁ χριστόσ ἠγάπησεν τήν [ἐκκλησίαν] καί ἑαυτόν παρέδωκεν ὑπέρ αὐτῆσ ἵνα αὐτήν ἁγιάσῃ καθαρίσασ
Ef,ἐκκλησία,5:27,ἐκκλησίαν,universal,,no_aplica,,,,no,,ὕδατοσ ἐν ῥήματι ἵνα παραστήσῃ αὐτόσ ἑαυτῷ ἔνδοξον τήν [ἐκκλησίαν] μή ἔχουσαν σπίλον ἤ ῥυτίδα ἤ τί τῶν τοιούτων
Ef,ἐκκλησία,5:29,ἐκκλησίαν,universal,,no_aplica,,,,no,,ἐκτρέφει καί θάλπει αὐτήν καθώσ καί ὁ χριστόσ τήν [ἐκκλησίαν] ὅτι μέλη ἐσμέν τοῦ σώματοσ αὐτοῦ ἀντί τούτου καταλείψει
Ef,ἐκκλησία,5:32,ἐκκλησίαν,universal,,no_aplica,,,,no,,ἐστίν ἐγώ δέ λέγω εἰσ χριστόν καί εἰσ τήν [ἐκκλησίαν] πλήν καί ὑμεῖσ οἱ κατά ἕνα ἕκαστοσ τήν ἑαυτοῦ
Ef,διάκονος,6:21,διάκονοσ,funcion,,no_aplica,,,,no,"Tíquico, πιστὸς διάκονος ἐν κυρίῳ: colaborador, sin cargo local",πάντα γνωρίσει ὑμῖν τυχικόσ ὁ ἀγαπητόσ ἀδελφόσ καί πιστόσ [διάκονοσ] ἐν κυρίῳ ὅν ἔπεμψα πρόσ ὑμᾶσ εἰσ αὐτό τοῦτο
Col,διάκονος,1:7,διάκονοσ,funcion,,no_aplica,,,,no,"Epafras, πιστὸς διάκονος τοῦ Χριστοῦ",τοῦ ἀγαπητοῦ συνδούλου ἡμῶν ὅσ ἐστίν πιστόσ ὑπέρ ἡμῶν [διάκονοσ] τοῦ χριστοῦ ὁ καί δηλώσασ ἡμῖν τήν ὑμῶν ἀγάπην
Col,ἐκκλησία,1:18,ἐκκλησίασ,universal,,no_aplica,,,,no,cuerpo de Cristo,συνέστηκεν καί αὐτόσ ἐστίν ἡ κεφαλή τοῦ σώματοσ τῆσ [ἐκκλησίασ] ὅσ ἐστίν ἀρχή πρωτότοκοσ ἐκ τῶν νεκρῶν ἵνα γένηται
Col,διάκονος,1:23,διάκονοσ,funcion,,no_aplica,,,,no,Pablo διάκονος del evangelio,κτίσει τῇ ὑπό τόν οὐρανόν οὗ ἐγενόμην ἐγώ παῦλοσ [διάκονοσ] νῦν χαίρω ἐν τοῖσ παθήμασιν ὑπέρ ὑμῶν καί ἀνταναπληρῶ
Col,ἐκκλησία,1:24,ἐκκλησία,universal,,no_aplica,,,,no,,σαρκί μου ὑπέρ τοῦ σώματοσ αὐτοῦ ὅ ἐστίν ἡ [ἐκκλησία] ἧσ ἐγενόμην ἐγώ διάκονοσ κατά τήν οἰκονομίαν τοῦ θεοῦ
Col,διάκονος,1:25,διάκονοσ,funcion,,no_aplica,,,,no,,σώματοσ αὐτοῦ ὅ ἐστίν ἡ ἐκκλησία ἧσ ἐγενόμην ἐγώ [διάκονοσ] κατά τήν οἰκονομίαν τοῦ θεοῦ τήν δοθεῖσαν μοι εἰσ
Col,διάκονος,4:7,διάκονοσ,funcion,,no_aplica,,,,no,Tíquico,πάντα γνωρίσει ὑμῖν τυχικόσ ὁ ἀγαπητόσ ἀδελφόσ καί πιστόσ [διάκονοσ] καί σύνδουλοσ ἐν κυρίῳ ὅν ἔπεμψα πρόσ ὑμᾶσ εἰσ
Col,οἶκος,4:15,οἶκον,celula,,no_aplica,,,,no,ἡ κατ’ οἶκον αὐτῆς ἐκκλησία (Ninfa),τούσ ἐν λαοδικείᾳ ἀδελφούσ καί νύμφαν καί τήν κατά [οἶκον] αὐτῆσ ἐκκλησίαν καί ὅταν ἀναγνωσθῇ παρά ὑμῖν ἡ ἐπιστολή
Col,ἐκκλησία,4:15,ἐκκλησίαν,local,,no_aplica,,,,no,iglesia doméstica,λαοδικείᾳ ἀδελφούσ καί νύμφαν καί τήν κατά οἶκον αὐτῆσ [ἐκκλησίαν] καί ὅταν ἀναγνωσθῇ παρά ὑμῖν ἡ ἐπιστολή ποιήσατε ἵνα
Col,ἐκκλησία,4:16,ἐκκλησίᾳ,local,,no_aplica,,,,no,la iglesia de Laodicea,ὑμῖν ἡ ἐπιστολή ποιήσατε ἵνα καί ἐν τῇ λαοδικέων [ἐκκλησίᾳ] ἀναγνωσθῇ καί τήν ἐκ λαοδικείασ ἵνα καί ὑμεῖσ ἀναγνῶτε
Col,διάκονος,4:17,διακονίαν,funcion,,no_aplica,,,,sí,"Arquipo: τὴν διακονίαν ἣν παρέλαβες ἐν κυρίῳ: ministerio recibido, sin título",ἵνα καί ὑμεῖσ ἀναγνῶτε καί εἴπατε ἀρχίππῳ βλέπε τήν [διακονίαν] ἥν παρέλαβεσ ἐν κυρίῳ ἵνα αὐτήν πληροῖσ ὁ ἀσπασμόσ
2Tes,ἐκκλησία,1:1,ἐκκλησίᾳ,local,,no_aplica,,,,no,prescripto,παῦλοσ καί σιλουανόσ καί τιμόθεοσ τῇ [ἐκκλησίᾳ] θεσσαλονικέων ἐν θεῷ πατρί ἡμῶν καί κυρίῳ ἰησοῦ χριστῷ
2Tes,ἐκκλησία,1:4,ἐκκλησίαισ,local,,no_aplica,,,,no,αἱ ἐκκλησίαι τοῦ θεοῦ,ἀλλήλουσ ὥστε αὐτούσ ἡμᾶσ ἐν ὑμῖν ἐγκαυχᾶσθαι ἐν ταῖσ [ἐκκλησίαισ] τοῦ θεοῦ ὑπέρ τῆσ ὑπομονῆσ ὑμῶν καί πίστεωσ ἐν
1Tim,διάκονος,1:12,διακονίαν,funcion,,no_aplica,,,,no,Pablo θέμενος εἰς διακονίαν,τῷ κυρίῳ ἡμῶν ὅτι πιστόν με ἡγήσατο θέμενοσ εἰσ [διακονίαν] τό πρότερον ὄντα βλάσφημον καί διώκτην καί ὑβριστήν ἀλλά
1Tim,ἐπίσκοπος,3:1,ἐπισκοπῆσ,cargo,requisitos,s1,asociaciones,"IG XII,3 329 (Thera, ca. 200 a. C.; AGRW ID 12910); IRhodPC 2 (Rodas, s. II a. C.; AGRW ID 14975); IDelos 1522 (Delos, 98-117; AGRW ID 21076) || PLond VII 2193 (AGRW 295, 69-58 a. C.); IG XII,3 330 (Thera, 210-195 a. C.; AGRW 243)","τὸς ἐπισκό[πος] Δίωνα καὶ Μελέϊππον: dos «supervisores» del koinón prestan a interés el legado (Thera); ἐπὶ … Ζή]νωνος ἐπισκόπου, epónimo (Rodas); τὸν ἐπίσκοπον, encargado de la copia del decreto y multado si no cumple (Delos)",no,ἐπισκοπή como cargo al que se aspira (καλοῦ ἔργου ἐπιθυμεῖ),καί ἁγιασμῷ μετά σωφροσύνησ πιστόσ ὁ λόγοσ εἰ τίσ [ἐπισκοπῆσ] ὀρέγεται καλοῦ ἔργου ἐπιθυμεῖ δεῖ οὖν τόν ἐπίσκοπον ἀνεπίλημπτον
1Tim,ἐπίσκοπος,3:2,ἐπίσκοπον,cargo,requisitos,s1,asociaciones,"IG XII,3 329 (Thera, ca. 200 a. C.; AGRW ID 12910); IRhodPC 2 (Rodas, s. II a. C.; AGRW ID 14975); IDelos 1522 (Delos, 98-117; AGRW ID 21076) || PLond VII 2193 (AGRW 295, 69-58 a. C.); IG XII,3 330 (Thera, 210-195 a. C.; AGRW 243)","τὸς ἐπισκό[πος] Δίωνα καὶ Μελέϊππον: dos «supervisores» del koinón prestan a interés el legado (Thera); ἐπὶ … Ζή]νωνος ἐπισκόπου, epónimo (Rodas); τὸν ἐπίσκοπον, encargado de la copia del decreto y multado si no cumple (Delos)",sí,"δεῖ τὸν ἐπίσκοπον ἀνεπίλημπτον εἶναι, μιᾶς γυναικὸς ἄνδρα…: lista de requisitos; singular genérico frente a διάκονοι plural (3,8): no se codifica monoepiscopado porque el singular es distributivo («quien aspire»), juicio",τίσ ἐπισκοπῆσ ὀρέγεται καλοῦ ἔργου ἐπιθυμεῖ δεῖ οὖν τόν [ἐπίσκοπον] ἀνεπίλημπτον εἶναι μιᾶσ γυναικόσ ἄνδρα νηφάλιον σώφρονα κόσμιον φιλόξενον
1Tim,οἶκος,3:4,οἴκου,celula,,no_aplica,,,,sí,"τοῦ ἰδίου οἴκου καλῶς προϊστάμενον: la casa como unidad de gobierno análoga a la iglesia (3,5)",πάροινον μή πλήκτην ἀλλά ἐπιεικῆ ἄμαχον ἀφιλάργυρον τοῦ ἰδίου [οἴκου] καλῶσ προϊστάμενον τέκνα ἔχοντα ἐν ὑποταγῇ μετά πάσησ σεμνότητοσ
1Tim,προϊστάμενος,3:4,προϊστάμενον,no_institucional,,no_aplica,,,,no,gobierno de la propia casa como requisito del ἐπίσκοπος (el rasgo va en la fila de ἐπίσκοπος),πλήκτην ἀλλά ἐπιεικῆ ἄμαχον ἀφιλάργυρον τοῦ ἰδίου οἴκου καλῶσ [προϊστάμενον] τέκνα ἔχοντα ἐν ὑποταγῇ μετά πάσησ σεμνότητοσ εἰ δέ
1Tim,οἶκος,3:5,οἴκου,celula,,no_aplica,,,,sí,"εἰ δέ τις τοῦ ἰδίου οἴκου προστῆναι οὐκ οἶδεν, πῶς ἐκκλησίας θεοῦ ἐπιμελήσεται",ὑποταγῇ μετά πάσησ σεμνότητοσ εἰ δέ τίσ τοῦ ἰδίου [οἴκου] προστῆναι οὐ οἶδεν πῶσ ἐκκλησίασ θεοῦ ἐπιμελήσεται μή νεόφυτον
1Tim,προϊστάμενος,3:5,προστῆναι,no_institucional,,no_aplica,,,,no,ídem,μετά πάσησ σεμνότητοσ εἰ δέ τίσ τοῦ ἰδίου οἴκου [προστῆναι] οὐ οἶδεν πῶσ ἐκκλησίασ θεοῦ ἐπιμελήσεται μή νεόφυτον ἵνα
1Tim,ἐκκλησία,3:5,ἐκκλησίασ,local,,no_aplica,,,,no,ἐκκλησίας θεοῦ ἐπιμελήσεται: la comunidad gobernada,δέ τίσ τοῦ ἰδίου οἴκου προστῆναι οὐ οἶδεν πῶσ [ἐκκλησίασ] θεοῦ ἐπιμελήσεται μή νεόφυτον ἵνα μή τυφωθείσ εἰσ κρίμα
1Tim,διάκονος,3:8,διακόνουσ,cargo,requisitos;colegio,s1,asociaciones,"RICIS 111/0102 = CIG II 1800 (Ambracia, s. I a. C.; AGRW ID 23778); IBeroia 26 (Berea, ca. 100-150; AGRW 36) || PLond VII 2193 (AGRW 295, 69-58 a. C.); IG XII,3 330 (Thera, 210-195 a. C.; AGRW 243) || IG XII,3 329 (Thera, ca. 200 a. C.); OGIS II 729 (Alejandría, 221-205 a. C.)","τὸ κοινὸν τῶν διακόνων Σαράπει, Ἴσει, Ἀνούβει, Ἁρποκράτει, con sacerdote y lista de miembros (Ambracia); Π. Κορνήλιος Ῥοῦφος καὶ οἱ ὑπ’ αὐτὸν διάκονοι (Berea)",no,"διακόνους ὡσαύτως σεμνούς…: lista de requisitos, plural",ἵνα μή εἰσ ὀνειδισμόν ἐμπέσῃ καί παγίδα τοῦ διαβόλου [διακόνουσ] ὡσαύτωσ σεμνούσ μή διλόγουσ μή οἴνῳ πολλῷ προσέχοντασ μή
1Tim,διάκονος,3:10,διακονείτωσαν,cargo,requisitos;eleccion,s1,asociaciones,"RICIS 111/0102 = CIG II 1800 (Ambracia, s. I a. C.; AGRW ID 23778); IBeroia 26 (Berea, ca. 100-150; AGRW 36) || PLond VII 2193 (AGRW 295, 69-58 a. C.); IG XII,3 330 (Thera, 210-195 a. C.; AGRW 243) || IDelos 1520 (AGRW 224); PLond VII 2193 (AGRW 295)","τὸ κοινὸν τῶν διακόνων Σαράπει, Ἴσει, Ἀνούβει, Ἁρποκράτει, con sacerdote y lista de miembros (Ambracia); Π. Κορνήλιος Ῥοῦφος καὶ οἱ ὑπ’ αὐτὸν διάκονοι (Berea)",sí,"δοκιμαζέσθωσαν πρῶτον, εἶτα διακονείτωσαν: prueba previa (juicio: elección o examen)",ἐν καθαρᾷ συνειδήσει καί οὗτοι δέ δοκιμαζέσθωσαν πρῶτον εἶτα [διακονείτωσαν] ἀνέγκλητοι ὄντεσ γυναῖκασ ὡσαύτωσ σεμνάσ μή διαβόλουσ νηφαλίουσ πιστάσ
1Tim,διάκονος,3:12,διάκονοι,cargo,requisitos;colegio,s1,asociaciones,"RICIS 111/0102 = CIG II 1800 (Ambracia, s. I a. C.; AGRW ID 23778); IBeroia 26 (Berea, ca. 100-150; AGRW 36) || PLond VII 2193 (AGRW 295, 69-58 a. C.); IG XII,3 330 (Thera, 210-195 a. C.; AGRW 243) || IG XII,3 329 (Thera, ca. 200 a. C.); OGIS II 729 (Alejandría, 221-205 a. C.)","τὸ κοινὸν τῶν διακόνων Σαράπει, Ἴσει, Ἀνούβει, Ἁρποκράτει, con sacerdote y lista de miembros (Ambracia); Π. Κορνήλιος Ῥοῦφος καὶ οἱ ὑπ’ αὐτὸν διάκονοι (Berea)",no,διάκονοι ἔστωσαν μιᾶς γυναικὸς ἄνδρες,γυναῖκασ ὡσαύτωσ σεμνάσ μή διαβόλουσ νηφαλίουσ πιστάσ ἐν πᾶσιν [διάκονοι] ἔστωσαν μιᾶσ γυναικόσ ἄνδρεσ τέκνων καλῶσ προϊστάμενοι καί τῶν
1Tim,προϊστάμενος,3:12,προϊστάμενοι,no_institucional,,no_aplica,,,,no,gobierno de la casa como requisito del διάκονος,ἐν πᾶσιν διάκονοι ἔστωσαν μιᾶσ γυναικόσ ἄνδρεσ τέκνων καλῶσ [προϊστάμενοι] καί τῶν ἰδίων οἴκων οἱ γάρ καλῶσ διακονήσαντεσ βαθμόν
1Tim,οἶκος,3:12,οἴκων,celula,,no_aplica,,,,sí,τέκνων καλῶς προϊστάμενοι καὶ τῶν ἰδίων οἴκων,μιᾶσ γυναικόσ ἄνδρεσ τέκνων καλῶσ προϊστάμενοι καί τῶν ἰδίων [οἴκων] οἱ γάρ καλῶσ διακονήσαντεσ βαθμόν ἑαυτοῖσ καλόν περιποιοῦνται καί
1Tim,διάκονος,3:13,διακονήσαντεσ,cargo,,s1,asociaciones,"RICIS 111/0102 = CIG II 1800 (Ambracia, s. I a. C.; AGRW ID 23778); IBeroia 26 (Berea, ca. 100-150; AGRW 36)","τὸ κοινὸν τῶν διακόνων Σαράπει, Ἴσει, Ἀνούβει, Ἁρποκράτει, con sacerdote y lista de miembros (Ambracia); Π. Κορνήλιος Ῥοῦφος καὶ οἱ ὑπ’ αὐτὸν διάκονοι (Berea)",sí,οἱ καλῶς διακονήσαντες βαθμὸν ἑαυτοῖς καλὸν περιποιοῦνται: el servicio como grado (juicio: ¿carrera de cargos?),καλῶσ προϊστάμενοι καί τῶν ἰδίων οἴκων οἱ γάρ καλῶσ [διακονήσαντεσ] βαθμόν ἑαυτοῖσ καλόν περιποιοῦνται καί πολλήν παρρησίαν ἐν πίστει
1Tim,οἶκος,3:15,οἴκῳ,no_institucional,,no_aplica,,,,sí,"ἐν οἴκῳ θεοῦ … ἥτις ἐστὶν ἐκκλησία θεοῦ ζῶντος: metáfora de la iglesia como casa de Dios, no célula",τάχει ἐάν δέ βραδύνω ἵνα εἰδῇσ πῶσ δεῖ ἐν [οἴκῳ] θεοῦ ἀναστρέφεσθαι ἥτισ ἐστίν ἐκκλησία θεοῦ ζῶντοσ στῦλοσ καί
1Tim,ἐκκλησία,3:15,ἐκκλησία,universal,,no_aplica,,,,sí,"ἐκκλησία θεοῦ ζῶντος, στῦλος καὶ ἑδραίωμα τῆς ἀληθείας",εἰδῇσ πῶσ δεῖ ἐν οἴκῳ θεοῦ ἀναστρέφεσθαι ἥτισ ἐστίν [ἐκκλησία] θεοῦ ζῶντοσ στῦλοσ καί ἑδραίωμα τῆσ ἀληθείασ καί ὁμολογουμένωσ
1Tim,διάκονος,4:6,διάκονοσ,funcion,,no_aplica,,,,no,Timoteo καλὸς διάκονος Χριστοῦ Ἰησοῦ,θεοῦ καί ἐντεύξεωσ ταῦτα ὑποτιθέμενοσ τοῖσ ἀδελφοῖσ καλόσ ἔσῃ [διάκονοσ] χριστοῦ ἰησοῦ ἐντρεφόμενοσ τοῖσ λόγοισ τῆσ πίστεωσ καί τῆσ
1Tim,ἐπίθεσις χειρῶν,4:14,ἐπιθέσεωσ,rito,,fin_s1,corpus_cristiano,"sin equivalente en asociaciones (§ 4). Corpus § 2: Hch 6,6 (los Siete); 13,3 (envío de Bernabé y Saulo); 8,17-19; 19,6",imposición de manos como rito de institución o de transmisión del Espíritu: primera atestación en Hechos (80-90),no,carisma dado διὰ προφητείας μετὰ ἐπιθέσεως τῶν χειρῶν τοῦ πρεσβυτερίου: rito de institución,ἐν σοί χαρίσματοσ ὅ ἐδόθη σοι διά προφητείασ μετά [ἐπιθέσεωσ] τῶν χειρῶν τοῦ πρεσβυτερίου ταῦτα μελέτα ἐν τούτοισ ἴσθι
1Tim,πρεσβύτερος,4:14,πρεσβυτερίου,cargo,colegio,s1,asociaciones,"OGIS II 729 = SB V 8924 (Alejandría, 221-205 a. C.; GRA III 155); SEG 42.1312 (Kition, ca. 250-200 a. C.); PSI VIII 901 (Tebtynis, 46; GRA III 218); IFayum II 122 (Theadelphia, 109; GRA III 229) || IG XII,3 329 (Thera, ca. 200 a. C.); OGIS II 729 (Alejandría, 221-205 a. C.)","οἱ πρεσβύτεροι τῶν ὀλυροκόπων (Alejandría); τὸν θίασον τῶν πρεσβυτέρων (Kition); οἱ δεκατρεῖς πρεσβύτεροι ἁλιέων (Tebtynis, 46 d. C.); πρεσβύτεροι de los tejedores (Theadelphia, 109)",no,τὸ πρεσβυτέριον que impone las manos,ἐδόθη σοι διά προφητείασ μετά ἐπιθέσεωσ τῶν χειρῶν τοῦ [πρεσβυτερίου] ταῦτα μελέτα ἐν τούτοισ ἴσθι ἵνα σου ἡ προκοπή
1Tim,πρεσβύτερος,5:1,πρεσβυτέρῳ,no_institucional,,no_aplica,,,,no,anciano de edad (πρεσβυτέρῳ … ὡς πατέρα),γάρ ποιῶν καί σεαυτόν σώσεισ καί τούσ ἀκούοντασ σου [πρεσβυτέρῳ] μή ἐπιπλήξῃσ ἀλλά παρακάλει ὡσ πατέρα νεωτέρουσ ὡσ ἀδελφούσ
1Tim,νεώτερος,5:1,νεωτέρουσ,no_institucional,,no_aplica,,,,no,jóvenes de edad (ὡς ἀδελφούς),ἀκούοντασ σου πρεσβυτέρῳ μή ἐπιπλήξῃσ ἀλλά παρακάλει ὡσ πατέρα [νεωτέρουσ] ὡσ ἀδελφούσ πρεσβυτέρασ ὡσ μητέρασ νεωτέρασ ὡσ ἀδελφάσ ἐν
1Tim,πρεσβύτερος,5:2,πρεσβυτέρασ,no_institucional,,no_aplica,,,,no,ancianas de edad (ὡς μητέρας),μή ἐπιπλήξῃσ ἀλλά παρακάλει ὡσ πατέρα νεωτέρουσ ὡσ ἀδελφούσ [πρεσβυτέρασ] ὡσ μητέρασ νεωτέρασ ὡσ ἀδελφάσ ἐν πάσῃ ἁγνείᾳ χήρασ
1Tim,νεώτερος,5:2,νεωτέρασ,no_institucional,,no_aplica,,,,no,jóvenes de edad (ὡς ἀδελφάς),παρακάλει ὡσ πατέρα νεωτέρουσ ὡσ ἀδελφούσ πρεσβυτέρασ ὡσ μητέρασ [νεωτέρασ] ὡσ ἀδελφάσ ἐν πάσῃ ἁγνείᾳ χήρασ τίμα τάσ ὄντωσ
1Tim,χήρα,5:3,χήρασ,categoria,,fin_s1,corpus_cristiano,"AGRW: χήρα solo como estado civil (Termessos, s. II: honores a Atalante); ningún grupo de viudas en asociaciones. Corpus § 2: Hch 6,1 (αἱ χῆραι en la διακονία καθημερινή); Hch 9,39-41",las viudas como grupo reconocido de la comunidad aparecen por primera vez en Hechos (fecha convencional 80-90),no,χήρας τίμα τὰς ὄντως χήρας: categoría reconocida («verdaderas viudas»),πρεσβυτέρασ ὡσ μητέρασ νεωτέρασ ὡσ ἀδελφάσ ἐν πάσῃ ἁγνείᾳ [χήρασ] τίμα τάσ ὄντωσ χήρασ εἰ δέ τίσ χήρα τέκνα
1Tim,χήρα,5:3,χήρασ,categoria,,fin_s1,corpus_cristiano,"AGRW: χήρα solo como estado civil (Termessos, s. II: honores a Atalante); ningún grupo de viudas en asociaciones. Corpus § 2: Hch 6,1 (αἱ χῆραι en la διακονία καθημερινή); Hch 9,39-41",las viudas como grupo reconocido de la comunidad aparecen por primera vez en Hechos (fecha convencional 80-90),no,χήρας τίμα τὰς ὄντως χήρας: categoría reconocida («verdaderas viudas»),ὡσ ἀδελφάσ ἐν πάσῃ ἁγνείᾳ χήρασ τίμα τάσ ὄντωσ [χήρασ] εἰ δέ τίσ χήρα τέκνα ἤ ἔκγονα ἔχει μανθανέτωσαν
1Tim,χήρα,5:4,χήρα,categoria,,fin_s1,corpus_cristiano,"AGRW: χήρα solo como estado civil (Termessos, s. II: honores a Atalante); ningún grupo de viudas en asociaciones. Corpus § 2: Hch 6,1 (αἱ χῆραι en la διακονία καθημερινή); Hch 9,39-41",las viudas como grupo reconocido de la comunidad aparecen por primera vez en Hechos (fecha convencional 80-90),no,,ἁγνείᾳ χήρασ τίμα τάσ ὄντωσ χήρασ εἰ δέ τίσ [χήρα] τέκνα ἤ ἔκγονα ἔχει μανθανέτωσαν πρῶτον τόν ἴδιον οἶκον
1Tim,οἶκος,5:4,οἶκον,no_institucional,,no_aplica,,,,no,τὸν ἴδιον οἶκον εὐσεβεῖν: la familia,χήρα τέκνα ἤ ἔκγονα ἔχει μανθανέτωσαν πρῶτον τόν ἴδιον [οἶκον] εὐσεβεῖν καί ἀμοιβάσ ἀποδιδόναι τοῖσ προγόνοισ τοῦτο γάρ ἐστίν
1Tim,χήρα,5:5,χήρα,categoria,requisitos,fin_s1,corpus_cristiano,"AGRW: χήρα solo como estado civil (Termessos, s. II: honores a Atalante); ningún grupo de viudas en asociaciones. Corpus § 2: Hch 6,1 (αἱ χῆραι en la διακονία καθημερινή); Hch 9,39-41 || PLond VII 2193 (AGRW 295, 69-58 a. C.); IG XII,3 330 (Thera, 210-195 a. C.; AGRW 243)",las viudas como grupo reconocido de la comunidad aparecen por primera vez en Hechos (fecha convencional 80-90),no,ἡ ὄντως χήρα καὶ μεμονωμένη … προσμένει ταῖς δεήσεσιν,γάρ ἐστίν ἀπόδεκτον ἐνώπιον τοῦ θεοῦ ἡ δέ ὄντωσ [χήρα] καί μεμονωμένη ἤλπικεν ἐπί θεόν καί προσμένει ταῖσ δεήσεσιν
1Tim,χήρα,5:9,χήρα,categoria,registro;requisitos,fin_s1,corpus_cristiano,"AGRW: χήρα solo como estado civil (Termessos, s. II: honores a Atalante); ningún grupo de viudas en asociaciones. Corpus § 2: Hch 6,1 (αἱ χῆραι en la διακονία καθημερινή); Hch 9,39-41 || PMich V 243-244 (AGRW 300-301, 14-43): listas de miembros con edad y señas (ὡς ἐτῶν μβ, οὐλὴ…); AGRW «Membership List with Physical Descriptions» (Tebtynis, 40/41) || PLond VII 2193 (AGRW 295, 69-58 a. C.); IG XII,3 330 (Thera, 210-195 a. C.; AGRW 243)",las viudas como grupo reconocido de la comunidad aparecen por primera vez en Hechos (fecha convencional 80-90),no,"χήρα καταλεγέσθω μὴ ἔλαττον ἐτῶν ἑξήκοντα γεγονυῖα, ἑνὸς ἀνδρὸς γυνή: lista con requisitos de edad y conducta",οὐ προνοεῖ τήν πίστιν ἤρνηται καί ἐστίν ἀπίστου χείρων [χήρα] καταλεγέσθω μή ἔλαττον ἐτῶν ἑξήκοντα γεγονυῖα ἑνόσ ἀνδρόσ γυνή
1Tim,νεώτερος,5:11,νεωτέρασ,categoria,,fin_s1,corpus_cristiano,"AGRW: νεώτερος solo como sobrenombre («el joven») en listas de miembros; los νέοι son grupo cívico del gimnasio, no de asociación. Corpus § 2: Hch 5,6 (οἱ νεώτεροι); Policarpo 5,3",los jóvenes como grupo de la comunidad aparecen por primera vez en Hechos (fecha convencional 80-90),sí,νεωτέρας δὲ χήρας παραιτοῦ: subgrupo de las viudas por edad,ἔνιψεν εἰ θλιβομένοισ ἐπήρκεσεν εἰ παντί ἔργῳ ἀγαθῷ ἐπηκολούθησεν [νεωτέρασ] δέ χήρασ παραιτοῦ ὅταν γάρ καταστρηνιάσωσιν τοῦ χριστοῦ γαμεῖν
1Tim,χήρα,5:11,χήρασ,categoria,requisitos,fin_s1,corpus_cristiano,"AGRW: χήρα solo como estado civil (Termessos, s. II: honores a Atalante); ningún grupo de viudas en asociaciones. Corpus § 2: Hch 6,1 (αἱ χῆραι en la διακονία καθημερινή); Hch 9,39-41 || PLond VII 2193 (AGRW 295, 69-58 a. C.); IG XII,3 330 (Thera, 210-195 a. C.; AGRW 243)",las viudas como grupo reconocido de la comunidad aparecen por primera vez en Hechos (fecha convencional 80-90),no,exclusión de las viudas jóvenes de la lista,θλιβομένοισ ἐπήρκεσεν εἰ παντί ἔργῳ ἀγαθῷ ἐπηκολούθησεν νεωτέρασ δέ [χήρασ] παραιτοῦ ὅταν γάρ καταστρηνιάσωσιν τοῦ χριστοῦ γαμεῖν θέλουσιν ἔχουσαι
1Tim,νεώτερος,5:14,νεωτέρασ,categoria,,fin_s1,corpus_cristiano,"AGRW: νεώτερος solo como sobrenombre («el joven») en listas de miembros; los νέοι son grupo cívico del gimnasio, no de asociación. Corpus § 2: Hch 5,6 (οἱ νεώτεροι); Policarpo 5,3",los jóvenes como grupo de la comunidad aparecen por primera vez en Hechos (fecha convencional 80-90),sí,βούλομαι οὖν νεωτέρας γαμεῖν: las viudas jóvenes,φλύαροι καί περίεργοι λαλοῦσαι τά μή δέοντα βούλομαι οὖν [νεωτέρασ] γαμεῖν τεκνογονεῖν οἰκοδεσποτεῖν μηδεμίαν ἀφορμήν διδόναι τῷ ἀντικειμένῳ λοιδορίασ
1Tim,χήρα,5:16,χήρασ,categoria,,fin_s1,corpus_cristiano,"AGRW: χήρα solo como estado civil (Termessos, s. II: honores a Atalante); ningún grupo de viudas en asociaciones. Corpus § 2: Hch 6,1 (αἱ χῆραι en la διακονία καθημερινή); Hch 9,39-41",las viudas como grupo reconocido de la comunidad aparecen por primera vez en Hechos (fecha convencional 80-90),no,ἵνα ταῖς ὄντως χήραις ἐπαρκέσῃ: la iglesia sostiene a las viudas de la lista,τινέσ ἐξετράπησαν ὀπίσω τοῦ σατανᾶ εἰ τίσ πιστή ἔχει [χήρασ] ἐπαρκείτω αὐταῖσ καί μή βαρείσθω ἡ ἐκκλησία ἵνα ταῖσ
1Tim,ἐκκλησία,5:16,ἐκκλησία,local,,no_aplica,,,,no,μὴ βαρείσθω ἡ ἐκκλησία: la comunidad como caja,πιστή ἔχει χήρασ ἐπαρκείτω αὐταῖσ καί μή βαρείσθω ἡ [ἐκκλησία] ἵνα ταῖσ ὄντωσ χήραισ ἐπαρκέσῃ οἱ καλῶσ προεστῶτεσ πρεσβύτεροι
1Tim,χήρα,5:16,χήραισ,categoria,,fin_s1,corpus_cristiano,"AGRW: χήρα solo como estado civil (Termessos, s. II: honores a Atalante); ningún grupo de viudas en asociaciones. Corpus § 2: Hch 6,1 (αἱ χῆραι en la διακονία καθημερινή); Hch 9,39-41",las viudas como grupo reconocido de la comunidad aparecen por primera vez en Hechos (fecha convencional 80-90),no,ἵνα ταῖς ὄντως χήραις ἐπαρκέσῃ: la iglesia sostiene a las viudas de la lista,αὐταῖσ καί μή βαρείσθω ἡ ἐκκλησία ἵνα ταῖσ ὄντωσ [χήραισ] ἐπαρκέσῃ οἱ καλῶσ προεστῶτεσ πρεσβύτεροι διπλῆσ τιμῆσ ἀξιούσθωσαν μάλιστα
1Tim,προϊστάμενος,5:17,προεστῶτεσ,cargo,,s1,asociaciones,"PMich V 243 (Tebtynis, 14-37; AGRW 300); IG II² 1284 (Pireo, 241/240 a. C.; AGRW 17)",ἐξέστω τῷ προστάτῃ ἐνεχυράζειν: el προστάτης de la asociación ejecuta las multas; κύριος τῷ προστάτῃ ἀποδοθήτω (Tebtynis),no,οἱ καλῶς προεστῶτες πρεσβύτεροι: presbíteros que presiden,ἡ ἐκκλησία ἵνα ταῖσ ὄντωσ χήραισ ἐπαρκέσῃ οἱ καλῶσ [προεστῶτεσ] πρεσβύτεροι διπλῆσ τιμῆσ ἀξιούσθωσαν μάλιστα οἱ κοπιῶντεσ ἐν λόγῳ
1Tim,πρεσβύτερος,5:17,πρεσβύτεροι,cargo,remuneracion;colegio,s1,asociaciones,"OGIS II 729 = SB V 8924 (Alejandría, 221-205 a. C.; GRA III 155); SEG 42.1312 (Kition, ca. 250-200 a. C.); PSI VIII 901 (Tebtynis, 46; GRA III 218); IFayum II 122 (Theadelphia, 109; GRA III 229) || IDelta I 446 (Psenamosis, 67 y 64 a. C.; AGRW 287) || IG XII,3 329 (Thera, ca. 200 a. C.); OGIS II 729 (Alejandría, 221-205 a. C.)","οἱ πρεσβύτεροι τῶν ὀλυροκόπων (Alejandría); τὸν θίασον τῶν πρεσβυτέρων (Kition); οἱ δεκατρεῖς πρεσβύτεροι ἁλιέων (Tebtynis, 46 d. C.); πρεσβύτεροι de los tejedores (Theadelphia, 109)",no,"διπλῆς τιμῆς ἀξιούσθωσαν, μάλιστα οἱ κοπιῶντες ἐν λόγῳ καὶ διδασκαλίᾳ; 5,18 ἄξιος ὁ ἐργάτης τοῦ μισθοῦ αὐτοῦ",ἐκκλησία ἵνα ταῖσ ὄντωσ χήραισ ἐπαρκέσῃ οἱ καλῶσ προεστῶτεσ [πρεσβύτεροι] διπλῆσ τιμῆσ ἀξιούσθωσαν μάλιστα οἱ κοπιῶντεσ ἐν λόγῳ καί
1Tim,πρεσβύτερος,5:19,πρεσβυτέρου,cargo,disciplina,s1,asociaciones,"OGIS II 729 = SB V 8924 (Alejandría, 221-205 a. C.; GRA III 155); SEG 42.1312 (Kition, ca. 250-200 a. C.); PSI VIII 901 (Tebtynis, 46; GRA III 218); IFayum II 122 (Theadelphia, 109; GRA III 229) || PMich V 243 (AGRW 300, 14-37); PMich V 244 (AGRW 301, 43); IG XII,3 330 (AGRW 243)","οἱ πρεσβύτεροι τῶν ὀλυροκόπων (Alejandría); τὸν θίασον τῶν πρεσβυτέρων (Kition); οἱ δεκατρεῖς πρεσβύτεροι ἁλιέων (Tebtynis, 46 d. C.); πρεσβύτεροι de los tejedores (Theadelphia, 109)",no,"κατὰ πρεσβυτέρου κατηγορίαν μὴ παραδέχου ἐκτὸς εἰ μὴ ἐπὶ δύο ἢ τριῶν μαρτύρων; 5,20 τοὺς ἁμαρτάνοντας ἐνώπιον πάντων ἔλεγχε",φιμώσεισ καί ἄξιοσ ὁ ἐργάτησ τοῦ μισθοῦ αὐτοῦ κατά [πρεσβυτέρου] κατηγορίαν μή παραδέχου ἐκτόσ εἰ μή ἐπί δύο ἤ
1Tim,ἐπίθεσις χειρῶν,5:22,ἐπιτίθει,rito,,fin_s1,corpus_cristiano,"sin equivalente en asociaciones (§ 4). Corpus § 2: Hch 6,6 (los Siete); 13,3 (envío de Bernabé y Saulo); 8,17-19; 19,6",imposición de manos como rito de institución o de transmisión del Espíritu: primera atestación en Hechos (80-90),sí,χεῖρας ταχέως μηδενὶ ἐπιτίθει: rito de institución (o de reconciliación: juicio),χωρίσ προκρίματοσ μηδέν ποιῶν κατά πρόσκλισιν χεῖρασ ταχέωσ μηδενί [ἐπιτίθει] μηδέ κοινώνει ἁμαρτίαισ ἀλλοτρίαισ σεαυτόν ἁγνόν τήρει μηκέτι ὑδροπότει
2Tim,ἐπίθεσις χειρῶν,1:6,ἐπιθέσεωσ,rito,,fin_s1,corpus_cristiano,"sin equivalente en asociaciones (§ 4). Corpus § 2: Hch 6,6 (los Siete); 13,3 (envío de Bernabé y Saulo); 8,17-19; 19,6",imposición de manos como rito de institución o de transmisión del Espíritu: primera atestación en Hechos (80-90),no,τὸ χάρισμα … διὰ τῆς ἐπιθέσεως τῶν χειρῶν μου: rito de institución por Pablo,χάρισμα τοῦ θεοῦ ὅ ἐστίν ἐν σοί διά τῆσ [ἐπιθέσεωσ] τῶν χειρῶν μου οὐ γάρ ἔδωκεν ἡμῖν ὁ θεόσ
2Tim,οἶκος,1:16,οἴκῳ,celula,,no_aplica,,,,sí,τῷ Ὀνησιφόρου οἴκῳ: la casa como unidad de saludo/bendición,φύγελοσ καί ἑρμογένησ δῴη ἔλεοσ ὁ κύριοσ τῷ ὀνησιφόρου [οἴκῳ] ὅτι πολλάκισ με ἀνέψυξεν καί τήν ἅλυσιν μου οὐ
2Tim,διάκονος,4:5,διακονίαν,funcion,,no_aplica,,,,no,τὴν διακονίαν σου πληροφόρησον (Timoteo),δέ νῆφε ἐν πᾶσιν κακοπάθησον ἔργον ποίησον εὐαγγελιστοῦ τήν [διακονίαν] σου πληροφόρησον ἐγώ γάρ ἤδη σπένδομαι καί ὁ καιρόσ
2Tim,διάκονος,4:11,διακονίαν,no_institucional,,no_aplica,,,,sí,Marcos εὔχρηστος εἰς διακονίαν: servicio personal a Pablo (juicio),ἀναλαβών ἄγε μετά σεαυτοῦ ἐστίν γάρ μοι εὔχρηστοσ εἰσ [διακονίαν] τυχικόν δέ ἀπέστειλα εἰσ ἔφεσον τόν φαιλόνην ὅν ἀπέλιπον
2Tim,οἶκος,4:19,οἶκον,celula,,no_aplica,,,,sí,τὸν Ὀνησιφόρου οἶκον: saludo a la casa,αἰώνων ἀμήν ἄσπασαι πρίσκαν καί ἀκύλαν καί τόν ὀνησιφόρου [οἶκον] ἔραστοσ ἔμεινεν ἐν κορίνθῳ τρόφιμον δέ ἀπέλιπον ἐν μιλήτῳ
Tit,πρεσβύτερος,1:5,πρεσβυτέρουσ,cargo,eleccion;requisitos;colegio,s1,asociaciones,"OGIS II 729 = SB V 8924 (Alejandría, 221-205 a. C.; GRA III 155); SEG 42.1312 (Kition, ca. 250-200 a. C.); PSI VIII 901 (Tebtynis, 46; GRA III 218); IFayum II 122 (Theadelphia, 109; GRA III 229) || IDelos 1520 (AGRW 224); PLond VII 2193 (AGRW 295) || PLond VII 2193 (AGRW 295, 69-58 a. C.); IG XII,3 330 (Thera, 210-195 a. C.; AGRW 243) || IG XII,3 329 (Thera, ca. 200 a. C.); OGIS II 729 (Alejandría, 221-205 a. C.)","οἱ πρεσβύτεροι τῶν ὀλυροκόπων (Alejandría); τὸν θίασον τῶν πρεσβυτέρων (Kition); οἱ δεκατρεῖς πρεσβύτεροι ἁλιέων (Tebtynis, 46 d. C.); πρεσβύτεροι de los tejedores (Theadelphia, 109)",no,"καταστήσῃς κατὰ πόλιν πρεσβυτέρους … εἴ τίς ἐστιν ἀνέγκλητος: institución por el delegado, con requisitos, un colegio por ciudad",κρήτῃ ἵνα τά λείποντα ἐπιδιορθώσῃ καί καταστήσῃσ κατά πόλιν [πρεσβυτέρουσ] ὡσ ἐγώ σοι διεταξάμην εἰ τίσ ἐστίν ἀνέγκλητοσ μιᾶσ
Tit,ἐπίσκοπος,1:7,ἐπίσκοπον,cargo,requisitos,s1,asociaciones,"IG XII,3 329 (Thera, ca. 200 a. C.; AGRW ID 12910); IRhodPC 2 (Rodas, s. II a. C.; AGRW ID 14975); IDelos 1522 (Delos, 98-117; AGRW ID 21076) || PLond VII 2193 (AGRW 295, 69-58 a. C.); IG XII,3 330 (Thera, 210-195 a. C.; AGRW 243)","τὸς ἐπισκό[πος] Δίωνα καὶ Μελέϊππον: dos «supervisores» del koinón prestan a interés el legado (Thera); ἐπὶ … Ζή]νωνος ἐπισκόπου, epónimo (Rodas); τὸν ἐπίσκοπον, encargado de la copia del decreto y multado si no cumple (Delos)",sí,"δεῖ γὰρ τὸν ἐπίσκοπον ἀνέγκλητον εἶναι ὡς θεοῦ οἰκονόμον: singular genérico que continúa a los πρεσβύτεροι de 1,5 (juicio: identidad de ambos títulos); sin monoepiscopado",μή ἐν κατηγορίᾳ ἀσωτίασ ἤ ἀνυπότακτα δεῖ γάρ τόν [ἐπίσκοπον] ἀνέγκλητον εἶναι ὡσ θεοῦ οἰκονόμον μή αὐθάδη μή ὀργίλον
Tit,οἶκος,1:11,οἴκουσ,celula,,no_aplica,,,,sí,ὅλους οἴκους ἀνατρέπουσιν: casas enteras como unidades de la comunidad,οἱ ἐκ τῆσ περιτομῆσ οὕσ δεῖ ἐπιστομίζειν οἵτινεσ ὅλουσ [οἴκουσ] ἀνατρέπουσιν διδάσκοντεσ ἅ μή δεῖ αἰσχροῦ κέρδουσ χάριν εἶπεν
Tit,νεώτερος,2:6,νεωτέρουσ,categoria,,fin_s1,corpus_cristiano,"AGRW: νεώτερος solo como sobrenombre («el joven») en listas de miembros; los νέοι son grupo cívico del gimnasio, no de asociación. Corpus § 2: Hch 5,6 (οἱ νεώτεροι); Policarpo 5,3",los jóvenes como grupo de la comunidad aparecen por primera vez en Hechos (fecha convencional 80-90),sí,"τοὺς νεωτέρους ὡσαύτως παρακάλει σωφρονεῖν: grupo del código doméstico (2,2-6: ancianos, ancianas, jóvenes casadas, jóvenes)",ἀνδράσιν ἵνα μή ὁ λόγοσ τοῦ θεοῦ βλασφημῆται τούσ [νεωτέρουσ] ὡσαύτωσ παρακάλει σωφρονεῖν περί πάντα σεαυτόν παρεχόμενοσ τύπον καλῶν
Tit,προϊστάμενος,3:8,προΐστασθαι,no_institucional,,no_aplica,,,,no,καλῶν ἔργων προΐστασθαι,περί τούτων βούλομαι σε διαβεβαιοῦσθαι ἵνα φροντίζωσιν καλῶν ἔργων [προΐστασθαι] οἱ πεπιστευκότεσ θεῷ ταῦτα ἐστίν καλά καί ὠφέλιμα τοῖσ
Tit,προϊστάμενος,3:14,προΐστασθαι,no_institucional,,no_aplica,,,,no,καλῶν ἔργων προΐστασθαι,αὐτοῖσ λείπῃ μανθανέτωσαν δέ καί οἱ ἡμέτεροι καλῶν ἔργων [προΐστασθαι] εἰσ τάσ ἀναγκαίασ χρείασ ἵνα μή ὦσιν ἄκαρποι ἀσπάζονται
Heb,διάκονος,1:14,διακονίαν,no_institucional,,no_aplica,,,,no,los ángeles εἰς διακονίαν ἀποστελλόμενα,τῶν ποδῶν σου οὐχί πάντεσ εἰσίν λειτουργικά πνεύματα εἰσ [διακονίαν] ἀποστελλόμενα διά τούσ μέλλοντασ κληρονομεῖν σωτηρίαν διά τοῦτο δεῖ
Heb,ἐκκλησία,2:12,ἐκκλησίασ,no_institucional,,no_aplica,,,,no,"cita de Sal 22,23 LXX (ἐν μέσῳ ἐκκλησίας)",ἀπαγγελῶ τό ὄνομα σου τοῖσ ἀδελφοῖσ μου ἐν μέσῳ [ἐκκλησίασ] ὑμνήσω σε καί πάλιν ἐγώ ἔσομαι πεποιθώσ ἐπί αὐτῷ
Heb,οἶκος,3:2,οἴκῳ,no_institucional,,no_aplica,,,,no,"Nm 12,7: la casa de Dios (Moisés)",ὄντα τῷ ποιήσαντι αὐτόν ὡσ καί μωϋσῆσ ἐν τῷ [οἴκῳ] αὐτοῦ πλείονοσ γάρ οὗτοσ δόξησ παρά μωϋσῆν ἠξίωται κατά
Heb,οἶκος,3:3,οἴκου,no_institucional,,no_aplica,,,,no,casa construida,παρά μωϋσῆν ἠξίωται κατά ὅσον πλείονα τιμήν ἔχει τοῦ [οἴκου] ὁ κατασκευάσασ αὐτόν πᾶσ γάρ οἶκοσ κατασκευάζεται ὑπό τινόσ
Heb,οἶκος,3:4,οἶκοσ,no_institucional,,no_aplica,,,,no,,τιμήν ἔχει τοῦ οἴκου ὁ κατασκευάσασ αὐτόν πᾶσ γάρ [οἶκοσ] κατασκευάζεται ὑπό τινόσ ὁ δέ πάντα κατασκευάσασ θεόσ καί
Heb,οἶκος,3:5,οἴκῳ,no_institucional,,no_aplica,,,,no,"Nm 12,7",κατασκευάσασ θεόσ καί μωϋσῆσ μέν πιστόσ ἐν ὅλῳ τῷ [οἴκῳ] αὐτοῦ ὡσ θεράπων εἰσ μαρτύριον τῶν λαληθησομένων χριστόσ δέ
Heb,οἶκος,3:6,οἶκον,no_institucional,,no_aplica,,,,sí,"οὗ οἶκός ἐσμεν ἡμεῖς: metáfora de la comunidad como casa de Dios, no célula",μαρτύριον τῶν λαληθησομένων χριστόσ δέ ὡσ υἱόσ ἐπί τόν [οἶκον] αὐτοῦ ὅσ οἶκοσ ἐσμέν ἡμεῖσ ἐάν τήν παρρησίαν καί
Heb,οἶκος,3:6,οἶκοσ,no_institucional,,no_aplica,,,,sí,"οὗ οἶκός ἐσμεν ἡμεῖς: metáfora de la comunidad como casa de Dios, no célula",χριστόσ δέ ὡσ υἱόσ ἐπί τόν οἶκον αὐτοῦ ὅσ [οἶκοσ] ἐσμέν ἡμεῖσ ἐάν τήν παρρησίαν καί τό καύχημα τῆσ
Heb,ἐπίθεσις χειρῶν,6:2,ἐπιθέσεωσ,rito,,fin_s1,corpus_cristiano,"sin equivalente en asociaciones (§ 4). Corpus § 2: Hch 6,6 (los Siete); 13,3 (envío de Bernabé y Saulo); 8,17-19; 19,6",imposición de manos como rito de institución o de transmisión del Espíritu: primera atestación en Hechos (80-90),sí,"βαπτισμῶν διδαχῆς ἐπιθέσεώς τε χειρῶν: rito de la catequesis elemental, junto al bautismo (no de institución: juicio)",ἀπό νεκρῶν ἔργων καί πίστεωσ ἐπί θεόν βαπτισμῶν διδαχήν [ἐπιθέσεωσ] τέ χειρῶν ἀναστάσεωσ τέ νεκρῶν καί κρίματοσ αἰωνίου καί
Heb,διάκονος,6:10,διακονήσαντεσ,funcion,,no_aplica,,,,no,διακονήσαντες τοῖς ἁγίοις καὶ διακονοῦντες: servicio a los santos,καί τῆσ ἀγάπησ ἧσ ἐνεδείξασθε εἰσ τό ὄνομα αὐτοῦ [διακονήσαντεσ] τοῖσ ἁγίοισ καί διακονοῦντεσ ἐπιθυμοῦμεν δέ ἕκαστον ὑμῶν τήν
Heb,διάκονος,6:10,διακονοῦντεσ,funcion,,no_aplica,,,,no,διακονήσαντες τοῖς ἁγίοις καὶ διακονοῦντες: servicio a los santos,ἐνεδείξασθε εἰσ τό ὄνομα αὐτοῦ διακονήσαντεσ τοῖσ ἁγίοισ καί [διακονοῦντεσ] ἐπιθυμοῦμεν δέ ἕκαστον ὑμῶν τήν αὐτήν ἐνδείκνυσθαι σπουδήν πρόσ
Heb,οἶκος,8:8,οἶκον,no_institucional,,no_aplica,,,,no,"Jr 31,31: casa de Israel / de Judá",ἰδού ἡμέραι ἔρχονται λέγει κύριοσ καί συντελέσω ἐπί τόν [οἶκον] ἰσραήλ καί ἐπί τόν οἶκον ἰούδα διαθήκην καινήν οὐ
Heb,οἶκος,8:8,οἶκον,no_institucional,,no_aplica,,,,no,"Jr 31,31: casa de Israel / de Judá",καί συντελέσω ἐπί τόν οἶκον ἰσραήλ καί ἐπί τόν [οἶκον] ἰούδα διαθήκην καινήν οὐ κατά τήν διαθήκην ἥν ἐποίησα
Heb,οἶκος,8:10,οἴκῳ,no_institucional,,no_aplica,,,,no,"Jr 31,33",λέγει κύριοσ ὅτι αὕτη ἡ διαθήκη ἥν διαθήσομαι τῷ [οἴκῳ] ἰσραήλ μετά τάσ ἡμέρασ ἐκείνασ λέγει κύριοσ διδούσ νόμουσ
Heb,οἶκος,10:21,οἶκον,no_institucional,,no_aplica,,,,sí,ἱερέα μέγαν ἐπὶ τὸν οἶκον τοῦ θεοῦ: metáfora,ἐστίν τῆσ σαρκόσ αὐτοῦ καί ἱερέα μέγαν ἐπί τόν [οἶκον] τοῦ θεοῦ προσερχώμεθα μετά ἀληθινῆσ καρδίασ ἐν πληροφορίᾳ πίστεωσ
Heb,πρεσβύτερος,11:2,πρεσβύτεροι,no_institucional,,no_aplica,,,,no,οἱ πρεσβύτεροι = los antiguos (los padres de la fe),πραγμάτων ἔλεγχοσ οὐ βλεπομένων ἐν ταύτῃ γάρ ἐμαρτυρήθησαν οἱ [πρεσβύτεροι] πίστει νοοῦμεν κατηρτίσθαι τούσ αἰῶνασ ῥήματι θεοῦ εἰσ τό
Heb,οἶκος,11:7,οἴκου,no_institucional,,no_aplica,,,,no,la casa de Noé,τῶν μηδέπω βλεπομένων εὐλαβηθείσ κατεσκεύασεν κιβωτόν εἰσ σωτηρίαν τοῦ [οἴκου] αὐτοῦ διά ἧσ κατέκρινεν τόν κόσμον καί τῆσ κατά
Heb,ἐπίσκοπος,12:15,ἐπισκοποῦντεσ,no_institucional,,no_aplica,,,,no,ἐπισκοποῦντες μή τις ὑστερῶν: «velar» sin cargo (exhortación a todos),καί τόν ἁγιασμόν οὗ χωρίσ οὐδείσ ὄψεται τόν κύριον [ἐπισκοποῦντεσ] μή τίσ ὑστερῶν ἀπό τῆσ χάριτοσ τοῦ θεοῦ μή
Heb,προϊστάμενος,12:19,προστεθῆναι,no_institucional,,no_aplica,,,,no,"προστεθῆναι (προστίθημι), falso positivo",ἤχῳ καί φωνῇ ῥημάτων ἧσ οἱ ἀκούσαντεσ παρῃτήσαντο μή [προστεθῆναι] αὐτοῖσ λόγον οὐ ἔφερον γάρ τό διαστελλόμενον κἄν θηρίον
Heb,ἐκκλησία,12:23,ἐκκλησίᾳ,no_institucional,,no_aplica,,,,sí,ἐκκλησίᾳ πρωτοτόκων ἀπογεγραμμένων ἐν οὐρανοῖς: asamblea celestial,θεοῦ ζῶντοσ ἰερουσαλήμ ἐπουρανίῳ καί μυριάσιν ἀγγέλων πανηγύρει καί [ἐκκλησίᾳ] πρωτοτόκων ἀπογεγραμμένων ἐν οὐρανοῖσ καί κριτῇ θεῷ πάντων καί
Heb,ἡγούμενος,13:7,ἡγουμένων,funcion,,no_aplica,,,,sí,"μνημονεύετε τῶν ἡγουμένων ὑμῶν οἵτινες ἐλάλησαν ὑμῖν τὸν λόγον τοῦ θεοῦ: dirigentes difuntos, sin título fijo ni requisitos (juicio: cargo o función)",βοηθόσ οὐ φοβηθήσομαι τί ποιήσει μοι ἄνθρωποσ μνημονεύετε τῶν [ἡγουμένων] ὑμῶν οἵτινεσ ἐλάλησαν ὑμῖν τόν λόγον τοῦ θεοῦ ὧν
Heb,ἡγούμενος,13:17,ἡγουμένοισ,funcion,,no_aplica,,,,sí,"πείθεσθε τοῖς ἡγουμένοις ὑμῶν καὶ ὑπείκετε· αὐτοὶ γὰρ ἀγρυπνοῦσιν ὑπὲρ τῶν ψυχῶν ὑμῶν ὡς λόγον ἀποδώσοντες: dirigentes con responsabilidad, sin título fijo (juicio)",ἐπιλανθάνεσθε τοιαύταισ γάρ θυσίαισ εὐαρεστεῖται ὁ θεόσ πείθεσθε τοῖσ [ἡγουμένοισ] ὑμῶν καί ὑπείκετε αὐτοί γάρ ἀγρυπνοῦσιν ὑπέρ τῶν ψυχῶν
Heb,ἡγούμενος,13:24,ἡγουμένουσ,funcion,,no_aplica,,,,sí,ἀσπάσασθε πάντας τοὺς ἡγουμένους ὑμῶν καὶ πάντας τοὺς ἁγίους,οὗ ἐάν τάχιον ἔρχηται ὄψομαι ὑμᾶσ ἀσπάσασθε πάντασ τούσ [ἡγουμένουσ] ὑμῶν καί πάντασ τούσ ἁγίουσ ἀσπάζονται ὑμᾶσ οἱ ἀπό
Hch,διάκονος,1:17,διακονίασ,funcion,,no_aplica,,,,no,ὁ κλῆρος τῆς διακονίας ταύτης (apostolado),κατηριθμημένοσ ἦν ἐν ἡμῖν καί ἔλαχεν τόν κλῆρον τῆσ [διακονίασ] ταύτησ οὗτοσ μέν οὖν ἐκτήσατο χωρίον ἐκ μισθοῦ τῆσ
Hch,ἐπίσκοπος,1:20,ἐπισκοπήν,funcion,,no_aplica,,,,sí,"τὴν ἐπισκοπὴν αὐτοῦ λαβέτω ἕτερος (Sal 109,8 LXX) aplicado al puesto de Judas",καί μή ἔστω ὁ κατοικῶν ἐν αὐτῇ καί τήν [ἐπισκοπήν] αὐτοῦ λαβέτω ἕτεροσ δεῖ οὖν τῶν συνελθόντων ἡμῖν ἀνδρῶν
Hch,διάκονος,1:25,διακονίασ,funcion,,no_aplica,,,,no,τὸν τόπον τῆς διακονίας ταύτης καὶ ἀποστολῆς,ἐκ τούτων τῶν δύο ἕνα λαβεῖν τόν τόπον τῆσ [διακονίασ] ταύτησ καί ἀποστολῆσ ἀπό ἧσ παρέβη ἰούδασ πορευθῆναι εἰσ
Hch,οἶκος,2:2,οἶκον,no_institucional,,no_aplica,,,,no,la casa de Pentecostés,ἦχοσ ὥσπερ φερομένησ πνοῆσ βιαίασ καί ἐπλήρωσεν ὅλον τόν [οἶκον] οὗ ἦσαν καθήμενοι καί ὤφθησαν αὐτοῖσ διαμεριζόμεναι γλῶσσαι ὡσεί
Hch,πρεσβύτερος,2:17,πρεσβύτεροι,no_institucional,,no_aplica,,,,no,"Jl 3,1 LXX: los ancianos de edad",ὑμῶν καί οἱ νεανίσκοι ὑμῶν ὁράσεισ ὄψονται καί οἱ [πρεσβύτεροι] ὑμῶν ἐνυπνίοισ ἐνυπνιασθήσονται καί γέ ἐπί τούσ δούλουσ μου
Hch,οἶκος,2:36,οἶκοσ,no_institucional,,no_aplica,,,,no,casa de Israel,σου ὑποπόδιον τῶν ποδῶν σου ἀσφαλῶσ οὖν γινωσκέτω πᾶσ [οἶκοσ] ἰσραήλ ὅτι καί κύριον αὐτόν καί χριστόν ἐποίησεν ὁ
Hch,οἶκος,2:46,οἶκον,celula,,no_aplica,,,,no,κλῶντές τε κατ’ οἶκον ἄρτον: la casa como lugar de la fracción del pan,τέ προσκαρτεροῦντεσ ὁμοθυμαδόν ἐν τῷ ἱερῷ κλῶντεσ τέ κατά [οἶκον] ἄρτον μετελάμβανον τροφῆσ ἐν ἀγαλλιάσει καί ἀφελότητι καρδίασ αἰνοῦντεσ
Hch,πρεσβύτερος,4:5,πρεσβυτέρουσ,no_institucional,,no_aplica,,,,no,institución judía (sanedrín),ἐπί τήν αὔριον συναχθῆναι αὐτῶν τούσ ἄρχοντασ καί τούσ [πρεσβυτέρουσ] καί τούσ γραμματεῖσ ἐν ἰερουσαλήμ καί ἅννασ ὁ ἀρχιερεύσ
Hch,πρεσβύτερος,4:8,πρεσβύτεροι,no_institucional,,no_aplica,,,,no,institución judía,πνεύματοσ ἁγίου εἶπεν πρόσ αὐτούσ ἄρχοντεσ τοῦ λαοῦ καί [πρεσβύτεροι] εἰ ἡμεῖσ σήμερον ἀνακρινόμεθα ἐπί εὐεργεσίᾳ ἀνθρώπου ἀσθενοῦσ ἐν
Hch,πρεσβύτερος,4:23,πρεσβύτεροι,no_institucional,,no_aplica,,,,no,institución judía,καί ἀπήγγειλαν ὅσα πρόσ αὐτούσ οἱ ἀρχιερεῖσ καί οἱ [πρεσβύτεροι] εἶπαν οἱ δέ ἀκούσαντεσ ὁμοθυμαδόν ἦραν φωνήν πρόσ τόν
Hch,νεώτερος,5:6,νεώτεροι,categoria,,fin_s1,corpus_cristiano,"AGRW: νεώτερος solo como sobrenombre («el joven») en listas de miembros; los νέοι son grupo cívico del gimnasio, no de asociación. Corpus § 2: Hch 5,6 (οἱ νεώτεροι); Policarpo 5,3",los jóvenes como grupo de la comunidad aparecen por primera vez en Hechos (fecha convencional 80-90),sí,ἀναστάντες δὲ οἱ νεώτεροι συνέστειλαν αὐτόν: los jóvenes actúan como grupo (juicio: edad o categoría),φόβοσ μέγασ ἐπί πάντασ τούσ ἀκούοντασ ἀναστάντεσ δέ οἱ [νεώτεροι] συνέστειλαν αὐτόν καί ἐξενέγκαντεσ ἔθαψαν ἐγένετο δέ ὡσ ὡρῶν
Hch,ἐκκλησία,5:11,ἐκκλησίαν,local,,no_aplica,,,,no,ὅλην τὴν ἐκκλησίαν (Jerusalén),ἄνδρα αὐτῆσ καί ἐγένετο φόβοσ μέγασ ἐπί ὅλην τήν [ἐκκλησίαν] καί ἐπί πάντασ τούσ ἀκούοντασ ταῦτα διά δέ τῶν
Hch,οἶκος,5:42,οἶκον,celula,,no_aplica,,,,no,ἐν τῷ ἱερῷ καὶ κατ’ οἶκον … διδάσκοντες,ἀτιμασθῆναι πᾶσαν τέ ἡμέραν ἐν τῷ ἱερῷ καί κατά [οἶκον] οὐ ἐπαύοντο διδάσκοντεσ καί εὐαγγελιζόμενοι τόν χριστόν ἰησοῦν ἐν
Hch,διάκονος,6:1,διακονίᾳ,funcion,,no_aplica,,,,no,ἡ διακονία ἡ καθημερινή: el servicio diario a las viudas,τῶν ἑλληνιστῶν πρόσ τούσ ἑβραίουσ ὅτι παρεθεωροῦντο ἐν τῇ [διακονίᾳ] τῇ καθημερινῇ αἱ χῆραι αὐτῶν προσκαλεσάμενοι δέ οἱ δώδεκα
Hch,χήρα,6:1,χῆραι,categoria,,fin_s1,corpus_cristiano,"AGRW: χήρα solo como estado civil (Termessos, s. II: honores a Atalante); ningún grupo de viudas en asociaciones. Corpus § 2: Hch 6,1 (αἱ χῆραι en la διακονία καθημερινή); Hch 9,39-41",las viudas como grupo reconocido de la comunidad aparecen por primera vez en Hechos (fecha convencional 80-90),sí,αἱ χῆραι αὐτῶν παρεθεωροῦντο ἐν τῇ διακονίᾳ: las viudas como grupo atendido (juicio),ἑβραίουσ ὅτι παρεθεωροῦντο ἐν τῇ διακονίᾳ τῇ καθημερινῇ αἱ [χῆραι] αὐτῶν προσκαλεσάμενοι δέ οἱ δώδεκα τό πλῆθοσ τῶν μαθητῶν
Hch,διάκονος,6:2,διακονεῖν,funcion,,no_aplica,,,,no,διακονεῖν τραπέζαις,οὐ ἀρεστόν ἐστίν ἡμᾶσ καταλείψαντασ τόν λόγον τοῦ θεοῦ [διακονεῖν] τραπέζαισ ἐπισκέψασθε δέ ἀδελφοί ἄνδρασ ἐκ ὑμῶν μαρτυρουμένουσ ἑπτά
Hch,διάκονος,6:4,διακονίᾳ,funcion,,no_aplica,,,,no,ἡ διακονία τοῦ λόγου (los Doce),τῆσ χρείασ ταύτησ ἡμεῖσ δέ τῇ προσευχῇ καί τῇ [διακονίᾳ] τοῦ λόγου προσκαρτερήσομεν καί ἤρεσεν ὁ λόγοσ ἐνώπιον παντόσ
Hch,ἐπίθεσις χειρῶν,6:6,ἐπέθηκαν,rito,eleccion,fin_s1,corpus_cristiano,"sin equivalente en asociaciones (§ 4). Corpus § 2: Hch 6,6 (los Siete); 13,3 (envío de Bernabé y Saulo); 8,17-19; 19,6 || IDelos 1520 (AGRW 224); PLond VII 2193 (AGRW 295)",imposición de manos como rito de institución o de transmisión del Espíritu: primera atestación en Hechos (80-90),no,"los Siete: ἐπισκέψασθε … ἄνδρας ἐξ ὑμῶν μαρτυρουμένους ἑπτά (6,3, elección con requisitos) … προσευξάμενοι ἐπέθηκαν αὐτοῖς τὰς χεῖρας: rito de institución",προσήλυτον ἀντιοχέα οὕσ ἔστησαν ἐνώπιον τῶν ἀποστόλων καί προσευξάμενοι [ἐπέθηκαν] αὐτοῖσ τάσ χεῖρασ καί ὁ λόγοσ τοῦ θεοῦ ηὔξανεν
Hch,πρεσβύτερος,6:12,πρεσβυτέρουσ,no_institucional,,no_aplica,,,,no,institución judía,καί τόν θεόν συνεκίνησαν τέ τόν λαόν καί τούσ [πρεσβυτέρουσ] καί τούσ γραμματεῖσ καί ἐπιστάντεσ συνήρπασαν αὐτόν καί ἤγαγον
Hch,ἡγούμενος,7:10,ἡγούμενον,no_institucional,,no_aplica,,,,no,José ἡγούμενος de Egipto,καί σοφίαν ἐναντίον φαραώ βασιλέωσ αἰγύπτου καί κατέστησεν αὐτόν [ἡγούμενον] ἐπί αἴγυπτον καί ὅλον τόν οἶκον αὐτοῦ ἦλθεν δέ
Hch,οἶκος,7:10,οἶκον,no_institucional,,no_aplica,,,,no,casa del faraón,καί κατέστησεν αὐτόν ἡγούμενον ἐπί αἴγυπτον καί ὅλον τόν [οἶκον] αὐτοῦ ἦλθεν δέ λιμόσ ἐπί ὅλην τήν αἴγυπτον καί
Hch,οἶκος,7:20,οἴκῳ,no_institucional,,no_aplica,,,,no,,ἀστεῖοσ τῷ θεῷ ὅσ ἀνετράφη μῆνασ τρεῖσ ἐν τῷ [οἴκῳ] τοῦ πατρόσ ἐκτεθέντοσ δέ αὐτοῦ ἀνείλατο αὐτόν ἡ θυγάτηρ
Hch,ἐκκλησία,7:38,ἐκκλησίᾳ,no_institucional,,no_aplica,,,,no,ἡ ἐκκλησία ἐν τῇ ἐρήμῳ (Israel),ὑμῶν ὡσ ἐμέ οὗτοσ ἐστίν ὁ γενόμενοσ ἐν τῇ [ἐκκλησίᾳ] ἐν τῇ ἐρήμῳ μετά τοῦ ἀγγέλου τοῦ λαλοῦντοσ αὐτῷ
Hch,οἶκος,7:42,οἶκοσ,no_institucional,,no_aplica,,,,no,"Am 5,25",καί θυσίασ προσηνέγκατε μοι ἔτη τεσσεράκοντα ἐν τῇ ἐρήμῳ [οἶκοσ] ἰσραήλ καί ἀνελάβετε τήν σκηνήν τοῦ μολόχ καί τό
Hch,οἶκος,7:47,οἶκον,no_institucional,,no_aplica,,,,no,el templo de Salomón,εὑρεῖν σκήνωμα τῷ θεῷ ἰακώβ σολομῶν δέ οἰκοδόμησεν αὐτῷ [οἶκον] ἀλλά οὐ ὁ ὕψιστοσ ἐν χειροποιήτοισ κατοικεῖ καθώσ ὁ
Hch,οἶκος,7:49,οἶκον,no_institucional,,no_aplica,,,,no,"Is 66,1",θρόνοσ ἡ δέ γῆ ὑποπόδιον τῶν ποδῶν μου ποῖον [οἶκον] οἰκοδομήσετε μοι λέγει κύριοσ ἤ τίσ τόποσ τῆσ καταπαύσεωσ
Hch,ἐκκλησία,8:1,ἐκκλησίαν,local,,no_aplica,,,,no,la iglesia de Jerusalén,δέ ἐν ἐκείνῃ τῇ ἡμέρᾳ διωγμόσ μέγασ ἐπί τήν [ἐκκλησίαν] τήν ἐν ἱεροσολύμοισ πάντεσ δέ διεσπάρησαν κατά τάσ χώρασ
Hch,ἐκκλησία,8:3,ἐκκλησίαν,local,,no_aplica,,,,no,,ἐποίησαν κοπετόν μέγαν ἐπί αὐτῷ σαῦλοσ δέ ἐλυμαίνετο τήν [ἐκκλησίαν] κατά τούσ οἴκουσ εἰσπορευόμενοσ σύρων τέ ἄνδρασ καί γυναῖκασ
Hch,οἶκος,8:3,οἴκουσ,celula,,no_aplica,,,,sí,κατὰ τοὺς οἴκους εἰσπορευόμενος: Saulo persigue casa por casa (juicio: las casas como células),ἐπί αὐτῷ σαῦλοσ δέ ἐλυμαίνετο τήν ἐκκλησίαν κατά τούσ [οἴκουσ] εἰσπορευόμενοσ σύρων τέ ἄνδρασ καί γυναῖκασ παρεδίδου εἰσ φυλακήν
Hch,ἐπίθεσις χειρῶν,8:17,ἐπετίθεσαν,rito,,fin_s1,corpus_cristiano,"sin equivalente en asociaciones (§ 4). Corpus § 2: Hch 6,6 (los Siete); 13,3 (envío de Bernabé y Saulo); 8,17-19; 19,6",imposición de manos como rito de institución o de transmisión del Espíritu: primera atestación en Hechos (80-90),sí,"ἐπετίθεσαν τὰς χεῖρας ἐπ’ αὐτοὺς καὶ ἐλάμβανον πνεῦμα ἅγιον: rito posbautismal, no de institución (juicio)",βεβαπτισμένοι ὑπῆρχον εἰσ τό ὄνομα τοῦ κυρίου ἰησοῦ τότε [ἐπετίθεσαν] τάσ χεῖρασ ἐπί αὐτούσ καί ἐλάμβανον πνεῦμα ἅγιον ἰδών
Hch,ἐπίθεσις χειρῶν,8:18,ἐπιθέσεωσ,rito,,fin_s1,corpus_cristiano,"sin equivalente en asociaciones (§ 4). Corpus § 2: Hch 6,6 (los Siete); 13,3 (envío de Bernabé y Saulo); 8,17-19; 19,6",imposición de manos como rito de institución o de transmisión del Espíritu: primera atestación en Hechos (80-90),sí,διὰ τῆς ἐπιθέσεως τῶν χειρῶν τῶν ἀποστόλων δίδοται τὸ πνεῦμα,πνεῦμα ἅγιον ἰδών δέ ὁ σίμων ὅτι διά τῆσ [ἐπιθέσεωσ] τῶν χειρῶν τῶν ἀποστόλων δίδοται τό πνεῦμα προσήνεγκεν αὐτοῖσ
Hch,ἐπίθεσις χειρῶν,8:19,ἐπιθῶ,rito,,fin_s1,corpus_cristiano,"sin equivalente en asociaciones (§ 4). Corpus § 2: Hch 6,6 (los Siete); 13,3 (envío de Bernabé y Saulo); 8,17-19; 19,6",imposición de manos como rito de institución o de transmisión del Espíritu: primera atestación en Hechos (80-90),sí,Simón pide el poder de imponer las manos,λέγων δότε κἀμοί τήν ἐξουσίαν ταύτην ἵνα ᾧ ἐάν [ἐπιθῶ] τάσ χεῖρασ λαμβάνῃ πνεῦμα ἅγιον πέτροσ δέ εἶπεν πρόσ
Hch,ἐπίθεσις χειρῶν,9:12,ἐπιθέντα,no_institucional,,no_aplica,,,,no,curación de Saulo (visión),καί εἶδεν ἄνδρα ἐν ὁράματι ἁνανίαν ὀνόματι εἰσελθόντα καί [ἐπιθέντα] αὐτῷ χεῖρασ ὅπωσ ἀναβλέψῃ ἀπεκρίθη δέ ἁνανίασ κύριε ἤκουσα
Hch,ἐπίθεσις χειρῶν,9:17,ἐπιθείσ,no_institucional,,no_aplica,,,,no,curación de Saulo,ἀπῆλθεν δέ ἁνανίασ καί εἰσῆλθεν εἰσ τήν οἰκίαν καί [ἐπιθείσ] ἐπί αὐτόν τάσ χεῖρασ εἶπεν σαούλ ἀδελφέ ὁ κύριοσ
Hch,ἐκκλησία,9:31,ἐκκλησία,local,,no_aplica,,,,sí,ἡ ἐκκλησία καθ’ ὅλης τῆς Ἰουδαίας καὶ Γαλιλαίας καὶ Σαμαρείας: singular regional (juicio),καισάρειαν καί ἐξαπέστειλαν αὐτόν εἰσ ταρσόν ἡ μέν οὖν [ἐκκλησία] κατά ὅλησ τῆσ ἰουδαίασ καί γαλιλαίασ καί σαμαρείασ εἶχεν
Hch,χήρα,9:39,χῆραι,categoria,,fin_s1,corpus_cristiano,"AGRW: χήρα solo como estado civil (Termessos, s. II: honores a Atalante); ningún grupo de viudas en asociaciones. Corpus § 2: Hch 6,1 (αἱ χῆραι en la διακονία καθημερινή); Hch 9,39-41",las viudas como grupo reconocido de la comunidad aparecen por primera vez en Hechos (fecha convencional 80-90),sí,πᾶσαι αἱ χῆραι κλαίουσαι (Jope): las viudas como grupo de la comunidad (juicio),ἀνήγαγον εἰσ τό ὑπερῷον καί παρέστησαν αὐτῷ πᾶσαι αἱ [χῆραι] κλαίουσαι καί ἐπιδεικνύμεναι χιτῶνασ καί ἱμάτια ὅσα ἐποίει μετά
Hch,χήρα,9:41,χήρασ,categoria,,fin_s1,corpus_cristiano,"AGRW: χήρα solo como estado civil (Termessos, s. II: honores a Atalante); ningún grupo de viudas en asociaciones. Corpus § 2: Hch 6,1 (αἱ χῆραι en la διακονία καθημερινή); Hch 9,39-41",las viudas como grupo reconocido de la comunidad aparecen por primera vez en Hechos (fecha convencional 80-90),sí,"φωνήσας τοὺς ἁγίους καὶ τὰς χήρας: junto a «los santos», como grupo",χεῖρα ἀνέστησεν αὐτήν φωνήσασ δέ τούσ ἁγίουσ καί τάσ [χήρασ] παρέστησεν αὐτήν ζῶσαν γνωστόν δέ ἐγένετο κατά ὅλησ τῆσ
Hch,οἶκος,10:2,οἴκῳ,celula,,no_aplica,,,,sí,"Cornelio σὺν παντὶ τῷ οἴκῳ αὐτοῦ: la casa como unidad de conversión (10,44-48)",ἰταλικῆσ εὐσεβήσ καί φοβούμενοσ τόν θεόν σύν παντί τῷ [οἴκῳ] αὐτοῦ ποιῶν ἐλεημοσύνασ πολλάσ τῷ λαῷ καί δεόμενοσ τοῦ
Hch,οἶκος,10:22,οἶκον,no_institucional,,no_aplica,,,,no,la casa de Cornelio (edificio),ἰουδαίων ἐχρηματίσθη ὑπό ἀγγέλου ἁγίου μεταπέμψασθαι σε εἰσ τόν [οἶκον] αὐτοῦ καί ἀκοῦσαι ῥήματα παρά σοῦ εἰσκαλεσάμενοσ οὖν αὐτούσ
Hch,οἶκος,10:30,οἴκῳ,no_institucional,,no_aplica,,,,no,,ταύτησ τῆσ ὥρασ ἤμην τήν ἐνάτην προσευχόμενοσ ἐν τῷ [οἴκῳ] μου καί ἰδού ἀνήρ ἔστη ἐνώπιον μου ἐν ἐσθῆτι
Hch,προϊστάμενος,10:33,προστεταγμένα,no_institucional,,no_aplica,,,,no,"προστάσσω, falso positivo",πάντεσ ἡμεῖσ ἐνώπιον τοῦ θεοῦ πάρεσμεν ἀκοῦσαι πάντα τά [προστεταγμένα] σοι ὑπό τοῦ κυρίου ἀνοίξασ δέ πέτροσ τό στόμα
Hch,οἶκος,11:12,οἶκον,no_institucional,,no_aplica,,,,no,,καί οἱ ἕξ ἀδελφοί οὗτοι καί εἰσήλθομεν εἰσ τόν [οἶκον] τοῦ ἀνδρόσ ἀπήγγειλεν δέ ἡμῖν πῶσ εἶδεν τόν ἄγγελον
Hch,οἶκος,11:13,οἴκῳ,no_institucional,,no_aplica,,,,no,,ἀπήγγειλεν δέ ἡμῖν πῶσ εἶδεν τόν ἄγγελον ἐν τῷ [οἴκῳ] αὐτοῦ σταθέντα καί εἰπόντα ἀπόστειλον εἰσ ἰόππην καί μετάπεμψαι
Hch,οἶκος,11:14,οἶκοσ,celula,,no_aplica,,,,no,σωθήσῃ σὺ καὶ πᾶς ὁ οἶκός σου: la casa como unidad de salvación/bautismo,πρόσ σέ ἐν οἷσ σωθήσῃ σύ καί πᾶσ ὁ [οἶκοσ] σου ἐν δέ τῷ ἄρξασθαι με λαλεῖν ἐπέπεσεν τό
Hch,ἐκκλησία,11:22,ἐκκλησίασ,local,,no_aplica,,,,no,,κύριον ἠκούσθη δέ ὁ λόγοσ εἰσ τά ὦτα τῆσ [ἐκκλησίασ] τῆσ οὔσησ ἐν ἰερουσαλήμ περί αὐτῶν καί ἐξαπέστειλαν βαρναβᾶν
Hch,ἐκκλησία,11:26,ἐκκλησίᾳ,local,,no_aplica,,,,no,Antioquía,ἐγένετο δέ αὐτοῖσ καί ἐνιαυτόν ὅλον συναχθῆναι ἐν τῇ [ἐκκλησίᾳ] καί διδάξαι ὄχλον ἱκανόν χρηματίσαι τέ πρώτωσ ἐν ἀντιοχείᾳ
Hch,διάκονος,11:29,διακονίαν,funcion,,no_aplica,,,,no,colecta de Antioquía,δέ μαθητῶν καθώσ εὐπορεῖτο τίσ ὥρισαν ἕκαστοσ αὐτῶν εἰσ [διακονίαν] πέμψαι τοῖσ κατοικοῦσιν ἐν τῇ ἰουδαίᾳ ἀδελφοῖσ ὅ καί
Hch,πρεσβύτερος,11:30,πρεσβυτέρουσ,cargo,colegio,s1,asociaciones,"OGIS II 729 = SB V 8924 (Alejandría, 221-205 a. C.; GRA III 155); SEG 42.1312 (Kition, ca. 250-200 a. C.); PSI VIII 901 (Tebtynis, 46; GRA III 218); IFayum II 122 (Theadelphia, 109; GRA III 229) || IG XII,3 329 (Thera, ca. 200 a. C.); OGIS II 729 (Alejandría, 221-205 a. C.)","οἱ πρεσβύτεροι τῶν ὀλυροκόπων (Alejandría); τὸν θίασον τῶν πρεσβυτέρων (Kition); οἱ δεκατρεῖς πρεσβύτεροι ἁλιέων (Tebtynis, 46 d. C.); πρεσβύτεροι de los tejedores (Theadelphia, 109)",no,ἀποστείλαντες πρὸς τοὺς πρεσβυτέρους (Jerusalén): reciben la colecta,τῇ ἰουδαίᾳ ἀδελφοῖσ ὅ καί ἐποίησαν ἀποστείλαντεσ πρόσ τούσ [πρεσβυτέρουσ] διά χειρόσ βαρναβᾶ καί σαύλου κατά ἐκεῖνον δέ τόν
Hch,ἐκκλησία,12:1,ἐκκλησίασ,local,,no_aplica,,,,no,,ὁ βασιλεύσ τάσ χεῖρασ κακῶσαι τινάσ τῶν ἀπό τῆσ [ἐκκλησίασ] ἀνεῖλεν δέ ἰάκωβον τόν ἀδελφόν ἰωάννου μαχαίρῃ ἰδών δέ
Hch,ἐκκλησία,12:5,ἐκκλησίασ,local,,no_aplica,,,,no,,τῇ φυλακῇ προσευχή δέ ἦν ἐκτενῶσ γινομένη ὑπό τῆσ [ἐκκλησίασ] πρόσ τόν θεόν περί αὐτοῦ ὅτε δέ ἤμελλεν προαγαγεῖν
Hch,διάκονος,12:25,διακονίαν,funcion,,no_aplica,,,,no,colecta,βαρναβᾶσ δέ καί σαῦλοσ ὑπέστρεψαν εἰσ ἰερουσαλήμ πληρώσαντεσ τήν [διακονίαν] συμπαραλαβόντεσ ἰωάννην τόν ἐπικληθέντα μᾶρκον ἦσαν δέ ἐν ἀντιοχείᾳ
Hch,ἐκκλησία,13:1,ἐκκλησίαν,local,,no_aplica,,,,no,Antioquía: profetas y maestros,ἐπικληθέντα μᾶρκον ἦσαν δέ ἐν ἀντιοχείᾳ κατά τήν οὖσαν [ἐκκλησίαν] προφῆται καί διδάσκαλοι ὁ τέ βαρναβᾶσ καί συμεών ὁ
Hch,ἐπίθεσις χειρῶν,13:3,ἐπιθέντεσ,rito,,fin_s1,corpus_cristiano,"sin equivalente en asociaciones (§ 4). Corpus § 2: Hch 6,6 (los Siete); 13,3 (envío de Bernabé y Saulo); 8,17-19; 19,6",imposición de manos como rito de institución o de transmisión del Espíritu: primera atestación en Hechos (80-90),no,νηστεύσαντες καὶ προσευξάμενοι καὶ ἐπιθέντες τὰς χεῖρας αὐτοῖς ἀπέλυσαν: envío de Bernabé y Saulo,ἔργον ὅ προσκέκλημαι αὐτούσ τότε νηστεύσαντεσ καί προσευξάμενοι καί [ἐπιθέντεσ] τάσ χεῖρασ αὐτοῖσ ἀπέλυσαν αὐτοί μέν οὖν ἐκπεμφθέντεσ ὑπό
Hch,ἡγούμενος,14:12,ἡγούμενοσ,no_institucional,,no_aplica,,,,no,ὁ ἡγούμενος τοῦ λόγου (Pablo como orador principal),δία τόν δέ παῦλον ἑρμῆν ἐπειδή αὐτόσ ἦν ὁ [ἡγούμενοσ] τοῦ λόγου ὁ τέ ἱερεύσ τοῦ διόσ τοῦ ὄντοσ
Hch,χειροτονία,14:23,χειροτονήσαντεσ,rito,eleccion,s1,asociaciones,"IDelos 1520 (Delos, ca. 150 a. C.; AGRW 224); IRhamnous II 59 (Ramnunte, después de 216/215 a. C.; GRA I 27); PLond VII 2193 (AGRW 295) || IDelos 1520 (AGRW 224); PLond VII 2193 (AGRW 295)",τοῖς ἐπὶ τὴν κατασκευὴν τοῦ τεμένους χειροτονηθεῖσιν; τῶν χειροτονηθέντων βουτρόφων: encargados elegidos por el koinón (Delos); προχειρισάμενοι … ἡγούμενον (Filadelfia),sí,"χειροτονήσαντες δὲ αὐτοῖς κατ’ ἐκκλησίαν πρεσβυτέρους, προσευξάμενοι μετὰ νηστειῶν: institución de presbíteros por Pablo y Bernabé, con oración y ayuno (juicio: elección o nombramiento)",θλίψεων δεῖ ἡμᾶσ εἰσελθεῖν εἰσ τήν βασιλείαν τοῦ θεοῦ [χειροτονήσαντεσ] δέ αὐτοῖσ κατά ἐκκλησίαν πρεσβυτέρουσ προσευξάμενοι μετά νηστειῶν παρέθεντο
Hch,ἐκκλησία,14:23,ἐκκλησίαν,local,,no_aplica,,,,no,κατ’ ἐκκλησίαν πρεσβυτέρους,εἰσ τήν βασιλείαν τοῦ θεοῦ χειροτονήσαντεσ δέ αὐτοῖσ κατά [ἐκκλησίαν] πρεσβυτέρουσ προσευξάμενοι μετά νηστειῶν παρέθεντο αὐτούσ τῷ κυρίῳ εἰσ
Hch,πρεσβύτερος,14:23,πρεσβυτέρουσ,cargo,eleccion;colegio,s1,asociaciones,"OGIS II 729 = SB V 8924 (Alejandría, 221-205 a. C.; GRA III 155); SEG 42.1312 (Kition, ca. 250-200 a. C.); PSI VIII 901 (Tebtynis, 46; GRA III 218); IFayum II 122 (Theadelphia, 109; GRA III 229) || IDelos 1520 (AGRW 224); PLond VII 2193 (AGRW 295) || IG XII,3 329 (Thera, ca. 200 a. C.); OGIS II 729 (Alejandría, 221-205 a. C.)","οἱ πρεσβύτεροι τῶν ὀλυροκόπων (Alejandría); τὸν θίασον τῶν πρεσβυτέρων (Kition); οἱ δεκατρεῖς πρεσβύτεροι ἁλιέων (Tebtynis, 46 d. C.); πρεσβύτεροι de los tejedores (Theadelphia, 109)",no,presbíteros por iglesia,τήν βασιλείαν τοῦ θεοῦ χειροτονήσαντεσ δέ αὐτοῖσ κατά ἐκκλησίαν [πρεσβυτέρουσ] προσευξάμενοι μετά νηστειῶν παρέθεντο αὐτούσ τῷ κυρίῳ εἰσ ὅν
Hch,ἐκκλησία,14:27,ἐκκλησίαν,reunion,,no_aplica,,,,no,συναγαγόντες τὴν ἐκκλησίαν,τό ἔργον ὅ ἐπλήρωσαν παραγενόμενοι δέ καί συναγαγόντεσ τήν [ἐκκλησίαν] ἀνήγγελλον ὅσα ἐποίησεν ὁ θεόσ μετά αὐτῶν καί ὅτι
Hch,πρεσβύτερος,15:2,πρεσβυτέρουσ,cargo,colegio,s1,asociaciones,"OGIS II 729 = SB V 8924 (Alejandría, 221-205 a. C.; GRA III 155); SEG 42.1312 (Kition, ca. 250-200 a. C.); PSI VIII 901 (Tebtynis, 46; GRA III 218); IFayum II 122 (Theadelphia, 109; GRA III 229) || IG XII,3 329 (Thera, ca. 200 a. C.); OGIS II 729 (Alejandría, 221-205 a. C.)","οἱ πρεσβύτεροι τῶν ὀλυροκόπων (Alejandría); τὸν θίασον τῶν πρεσβυτέρων (Kition); οἱ δεκατρεῖς πρεσβύτεροι ἁλιέων (Tebtynis, 46 d. C.); πρεσβύτεροι de los tejedores (Theadelphia, 109)",no,οἱ ἀπόστολοι καὶ πρεσβύτεροι (Jerusalén),καί τινάσ ἄλλουσ ἐκ αὐτῶν πρόσ τούσ ἀποστόλουσ καί [πρεσβυτέρουσ] εἰσ ἰερουσαλήμ περί τοῦ ζητήματοσ τούτου οἱ μέν οὖν
Hch,ἐκκλησία,15:3,ἐκκλησίασ,local,,no_aplica,,,,no,,τοῦ ζητήματοσ τούτου οἱ μέν οὖν προπεμφθέντεσ ὑπό τῆσ [ἐκκλησίασ] διήρχοντο τήν τέ φοινίκην καί σαμάρειαν ἐκδιηγούμενοι τήν ἐπιστροφήν
Hch,ἐκκλησία,15:4,ἐκκλησίασ,local,,no_aplica,,,,no,,τοῖσ ἀδελφοῖσ παραγενόμενοι δέ εἰσ ἱεροσόλυμα παρεδέχθησαν ἀπό τῆσ [ἐκκλησίασ] καί τῶν ἀποστόλων καί τῶν πρεσβυτέρων ἀνήγγειλαν τέ ὅσα
Hch,πρεσβύτερος,15:4,πρεσβυτέρων,cargo,colegio,s1,asociaciones,"OGIS II 729 = SB V 8924 (Alejandría, 221-205 a. C.; GRA III 155); SEG 42.1312 (Kition, ca. 250-200 a. C.); PSI VIII 901 (Tebtynis, 46; GRA III 218); IFayum II 122 (Theadelphia, 109; GRA III 229) || IG XII,3 329 (Thera, ca. 200 a. C.); OGIS II 729 (Alejandría, 221-205 a. C.)","οἱ πρεσβύτεροι τῶν ὀλυροκόπων (Alejandría); τὸν θίασον τῶν πρεσβυτέρων (Kition); οἱ δεκατρεῖς πρεσβύτεροι ἁλιέων (Tebtynis, 46 d. C.); πρεσβύτεροι de los tejedores (Theadelphia, 109)",no,,παρεδέχθησαν ἀπό τῆσ ἐκκλησίασ καί τῶν ἀποστόλων καί τῶν [πρεσβυτέρων] ἀνήγγειλαν τέ ὅσα ὁ θεόσ ἐποίησεν μετά αὐτῶν ἐξανέστησαν
Hch,πρεσβύτερος,15:6,πρεσβύτεροι,cargo,colegio,s1,asociaciones,"OGIS II 729 = SB V 8924 (Alejandría, 221-205 a. C.; GRA III 155); SEG 42.1312 (Kition, ca. 250-200 a. C.); PSI VIII 901 (Tebtynis, 46; GRA III 218); IFayum II 122 (Theadelphia, 109; GRA III 229) || IG XII,3 329 (Thera, ca. 200 a. C.); OGIS II 729 (Alejandría, 221-205 a. C.)","οἱ πρεσβύτεροι τῶν ὀλυροκόπων (Alejandría); τὸν θίασον τῶν πρεσβυτέρων (Kition); οἱ δεκατρεῖς πρεσβύτεροι ἁλιέων (Tebtynis, 46 d. C.); πρεσβύτεροι de los tejedores (Theadelphia, 109)",no,,τόν νόμον μωϋσέωσ συνήχθησαν τέ οἱ ἀπόστολοι καί οἱ [πρεσβύτεροι] ἰδεῖν περί τοῦ λόγου τούτου πολλῆσ δέ ζητήσεωσ γενομένησ
Hch,πρεσβύτερος,15:22,πρεσβυτέροισ,cargo,colegio,s1,asociaciones,"OGIS II 729 = SB V 8924 (Alejandría, 221-205 a. C.; GRA III 155); SEG 42.1312 (Kition, ca. 250-200 a. C.); PSI VIII 901 (Tebtynis, 46; GRA III 218); IFayum II 122 (Theadelphia, 109; GRA III 229) || IG XII,3 329 (Thera, ca. 200 a. C.); OGIS II 729 (Alejandría, 221-205 a. C.)","οἱ πρεσβύτεροι τῶν ὀλυροκόπων (Alejandría); τὸν θίασον τῶν πρεσβυτέρων (Kition); οἱ δεκατρεῖς πρεσβύτεροι ἁλιέων (Tebtynis, 46 d. C.); πρεσβύτεροι de los tejedores (Theadelphia, 109)",no,,πᾶν σάββατον ἀναγινωσκόμενοσ τότε ἔδοξεν τοῖσ ἀποστόλοισ καί τοῖσ [πρεσβυτέροισ] σύν ὅλῃ τῇ ἐκκλησίᾳ ἐκλεξαμένουσ ἄνδρασ ἐκ αὐτῶν πέμψαι
Hch,ἐκκλησία,15:22,ἐκκλησίᾳ,reunion,,no_aplica,,,,no,σὺν ὅλῃ τῇ ἐκκλησίᾳ ἐκλεξαμένους: la asamblea elige delegados,ἔδοξεν τοῖσ ἀποστόλοισ καί τοῖσ πρεσβυτέροισ σύν ὅλῃ τῇ [ἐκκλησίᾳ] ἐκλεξαμένουσ ἄνδρασ ἐκ αὐτῶν πέμψαι εἰσ ἀντιόχειαν σύν τῷ
Hch,ἡγούμενος,15:22,ἡγουμένουσ,funcion,,no_aplica,,,,sí,"ἄνδρας ἡγουμένους ἐν τοῖς ἀδελφοῖς: Judas y Silas, «dirigentes entre los hermanos», sin título (juicio)",καί βαρναβᾷ ἰούδαν τόν καλούμενον βαρσαββᾶν καί σιλᾶν ἄνδρασ [ἡγουμένουσ] ἐν τοῖσ ἀδελφοῖσ γράψαντεσ διά χειρόσ αὐτῶν οἱ ἀπόστολοι
Hch,πρεσβύτερος,15:23,πρεσβύτεροι,cargo,colegio,s1,asociaciones,"OGIS II 729 = SB V 8924 (Alejandría, 221-205 a. C.; GRA III 155); SEG 42.1312 (Kition, ca. 250-200 a. C.); PSI VIII 901 (Tebtynis, 46; GRA III 218); IFayum II 122 (Theadelphia, 109; GRA III 229) || IG XII,3 329 (Thera, ca. 200 a. C.); OGIS II 729 (Alejandría, 221-205 a. C.)","οἱ πρεσβύτεροι τῶν ὀλυροκόπων (Alejandría); τὸν θίασον τῶν πρεσβυτέρων (Kition); οἱ δεκατρεῖς πρεσβύτεροι ἁλιέων (Tebtynis, 46 d. C.); πρεσβύτεροι de los tejedores (Theadelphia, 109)",no,,ἀδελφοῖσ γράψαντεσ διά χειρόσ αὐτῶν οἱ ἀπόστολοι καί οἱ [πρεσβύτεροι] ἀδελφοί τοῖσ κατά τήν ἀντιόχειαν καί συρίαν καί κιλικίαν
Hch,ἐκκλησία,15:41,ἐκκλησίασ,local,,no_aplica,,,,no,,διήρχετο δέ τήν συρίαν καί τήν κιλικίαν ἐπιστηρίζων τάσ [ἐκκλησίασ] κατήντησεν δέ καί εἰσ δέρβην καί εἰσ λύστραν καί
Hch,πρεσβύτερος,16:4,πρεσβυτέρων,cargo,colegio,s1,asociaciones,"OGIS II 729 = SB V 8924 (Alejandría, 221-205 a. C.; GRA III 155); SEG 42.1312 (Kition, ca. 250-200 a. C.); PSI VIII 901 (Tebtynis, 46; GRA III 218); IFayum II 122 (Theadelphia, 109; GRA III 229) || IG XII,3 329 (Thera, ca. 200 a. C.); OGIS II 729 (Alejandría, 221-205 a. C.)","οἱ πρεσβύτεροι τῶν ὀλυροκόπων (Alejandría); τὸν θίασον τῶν πρεσβυτέρων (Kition); οἱ δεκατρεῖς πρεσβύτεροι ἁλιέων (Tebtynis, 46 d. C.); πρεσβύτεροι de los tejedores (Theadelphia, 109)",no,τὰ δόγματα τὰ κεκριμένα ὑπὸ τῶν ἀποστόλων καὶ πρεσβυτέρων,φυλάσσειν τά δόγματα τά κεκριμένα ὑπό τῶν ἀποστόλων καί [πρεσβυτέρων] τῶν ἐν ἱεροσολύμοισ αἱ μέν οὖν ἐκκλησίαι ἐστερεοῦντο τῇ
Hch,ἐκκλησία,16:5,ἐκκλησίαι,local,,no_aplica,,,,no,,ἀποστόλων καί πρεσβυτέρων τῶν ἐν ἱεροσολύμοισ αἱ μέν οὖν [ἐκκλησίαι] ἐστερεοῦντο τῇ πίστει καί ἐπερίσσευον τῷ ἀριθμῷ κατά ἡμέραν
Hch,οἶκος,16:15,οἶκοσ,celula,,no_aplica,,,,no,ἐβαπτίσθη καὶ ὁ οἶκος αὐτῆς (Lidia),λαλουμένοισ ὑπό τοῦ παύλου ὡσ δέ ἐβαπτίσθη καί ὁ [οἶκοσ] αὐτῆσ παρεκάλεσεν λέγουσα εἰ κεκρίκατε με πιστήν τῷ κυρίῳ
Hch,οἶκος,16:15,οἶκον,no_institucional,,no_aplica,,,,no,la casa de Lidia como alojamiento,κεκρίκατε με πιστήν τῷ κυρίῳ εἶναι εἰσελθόντεσ εἰσ τόν [οἶκον] μου μένετε καί παρεβιάσατο ἡμᾶσ ἐγένετο δέ πορευομένων ἡμῶν
Hch,οἶκος,16:31,οἶκοσ,celula,,no_aplica,,,,no,σωθήσῃ σὺ καὶ ὁ οἶκός σου (carcelero),ἐπί τόν κύριον ἰησοῦν καί σωθήσῃ σύ καί ὁ [οἶκοσ] σου καί ἐλάλησαν αὐτῷ τόν λόγον τοῦ κυρίου σύν
Hch,οἶκος,16:34,οἶκον,no_institucional,,no_aplica,,,,no,la casa del carcelero (edificio),οἱ αὐτοῦ πάντεσ παραχρῆμα ἀναγαγών τέ αὐτούσ εἰσ τόν [οἶκον] παρέθηκεν τράπεζαν καί ἠγαλλιάσατο πανοικεί πεπιστευκώσ τῷ θεῷ ἡμέρασ
Hch,προϊστάμενος,17:26,προστεταγμένουσ,no_institucional,,no_aplica,,,,no,"προστάσσω, falso positivo",ἔθνοσ ἀνθρώπων κατοικεῖν ἐπί παντόσ προσώπου τῆσ γῆσ ὁρίσασ [προστεταγμένουσ] καιρούσ καί τάσ ὁροθεσίασ τῆσ κατοικίασ αὐτῶν ζητεῖν τόν
Hch,οἶκος,18:8,οἴκῳ,celula,,no_aplica,,,,no,Crispo ἐπίστευσεν σὺν ὅλῳ τῷ οἴκῳ αὐτοῦ,δέ ὁ ἀρχισυνάγωγοσ ἐπίστευσεν τῷ κυρίῳ σύν ὅλῳ τῷ [οἴκῳ] αὐτοῦ καί πολλοί τῶν κορινθίων ἀκούοντεσ ἐπίστευον καί ἐβαπτίζοντο
Hch,ἐκκλησία,18:22,ἐκκλησίαν,local,,no_aplica,,,,no,,ἐφέσου καί κατελθών εἰσ καισάρειαν ἀναβάσ καί ἀσπασάμενοσ τήν [ἐκκλησίαν] κατέβη εἰσ ἀντιόχειαν καί ποιήσασ χρόνον τινά ἐξῆλθεν διερχόμενοσ
Hch,ἐπίθεσις χειρῶν,19:6,ἐπιθέντοσ,rito,,fin_s1,corpus_cristiano,"sin equivalente en asociaciones (§ 4). Corpus § 2: Hch 6,6 (los Siete); 13,3 (envío de Bernabé y Saulo); 8,17-19; 19,6",imposición de manos como rito de institución o de transmisión del Espíritu: primera atestación en Hechos (80-90),sí,ἐπιθέντος αὐτοῖς τοῦ Παύλου χεῖρας ἦλθεν τὸ πνεῦμα: rito posbautismal (juicio),δέ ἐβαπτίσθησαν εἰσ τό ὄνομα τοῦ κυρίου ἰησοῦ καί [ἐπιθέντοσ] αὐτοῖσ τοῦ παύλου χεῖρασ ἦλθεν τό πνεῦμα τό ἅγιον
Hch,οἶκος,19:16,οἴκου,no_institucional,,no_aplica,,,,no,,κατά αὐτῶν ὥστε γυμνούσ καί τετραυματισμένουσ ἐκφυγεῖν ἐκ τοῦ [οἴκου] ἐκείνου τοῦτο δέ ἐγένετο γνωστόν πᾶσιν ἰουδαίοισ τέ καί
Hch,διάκονος,19:22,διακονούντων,funcion,,no_aplica,,,,sí,δύο τῶν διακονούντων αὐτῷ (Timoteo y Erasto): colaboradores de Pablo (juicio),ῥώμην ἰδεῖν ἀποστείλασ δέ εἰσ τήν μακεδονίαν δύο τῶν [διακονούντων] αὐτῷ τιμόθεον καί ἔραστον αὐτόσ ἐπέσχεν χρόνον εἰσ τήν
Hch,ἐκκλησία,19:32,ἐκκλησία,no_institucional,,no_aplica,,,,no,asamblea cívica de Éfeso,ἄλλοι μέν οὖν ἄλλο τί ἔκραζον ἦν γάρ ἡ [ἐκκλησία] συγκεχυμένη καί οἱ πλείουσ οὐ ᾔδεισαν τίνοσ ἕνεκα συνεληλύθεισαν
Hch,ἐκκλησία,19:39,ἐκκλησίᾳ,no_institucional,,no_aplica,,,,no,ἡ ἔννομος ἐκκλησία,ἀλλήλοισ εἰ δέ τί περαιτέρω ἐπιζητεῖτε ἐν τῇ ἐννόμῳ [ἐκκλησίᾳ] ἐπιλυθήσεται καί γάρ κινδυνεύομεν ἐγκαλεῖσθαι στάσεωσ περί τῆσ σήμερον
Hch,ἐκκλησία,19:40,ἐκκλησίαν,no_institucional,,no_aplica,,,,no,asamblea cívica,περί τῆσ συστροφῆσ ταύτησ καί ταῦτα εἰπών ἀπέλυσεν τήν [ἐκκλησίαν] μετά δέ τό παύσασθαι τόν θόρυβον μεταπεμψάμενοσ ὁ παῦλοσ
Hch,πρεσβύτερος,20:17,πρεσβυτέρουσ,cargo,colegio,s1,asociaciones,"OGIS II 729 = SB V 8924 (Alejandría, 221-205 a. C.; GRA III 155); SEG 42.1312 (Kition, ca. 250-200 a. C.); PSI VIII 901 (Tebtynis, 46; GRA III 218); IFayum II 122 (Theadelphia, 109; GRA III 229) || IG XII,3 329 (Thera, ca. 200 a. C.); OGIS II 729 (Alejandría, 221-205 a. C.)","οἱ πρεσβύτεροι τῶν ὀλυροκόπων (Alejandría); τὸν θίασον τῶν πρεσβυτέρων (Kition); οἱ δεκατρεῖς πρεσβύτεροι ἁλιέων (Tebtynis, 46 d. C.); πρεσβύτεροι de los tejedores (Theadelphia, 109)",no,τοὺς πρεσβυτέρους τῆς ἐκκλησίας (Éfeso),ἀπό δέ τῆσ μιλήτου πέμψασ εἰσ ἔφεσον μετεκαλέσατο τούσ [πρεσβυτέρουσ] τῆσ ἐκκλησίασ ὡσ δέ παρεγένοντο πρόσ αὐτόν εἶπεν αὐτοῖσ
Hch,ἐκκλησία,20:17,ἐκκλησίασ,local,,no_aplica,,,,no,,τῆσ μιλήτου πέμψασ εἰσ ἔφεσον μετεκαλέσατο τούσ πρεσβυτέρουσ τῆσ [ἐκκλησίασ] ὡσ δέ παρεγένοντο πρόσ αὐτόν εἶπεν αὐτοῖσ ὑμεῖσ ἐπίστασθε
Hch,οἶκος,20:20,οἴκουσ,celula,,no_aplica,,,,no,δημοσίᾳ καὶ κατ’ οἴκους,μή ἀναγγεῖλαι ὑμῖν καί διδάξαι ὑμᾶσ δημοσίᾳ καί κατά [οἴκουσ] διαμαρτυρόμενοσ ἰουδαίοισ τέ καί ἕλλησιν τήν εἰσ θεόν μετάνοιαν
Hch,διάκονος,20:24,διακονίαν,funcion,,no_aplica,,,,no,τὴν διακονίαν ἣν ἔλαβον παρὰ τοῦ κυρίου (Pablo),τιμίαν ἐμαυτῷ ὡσ τελειῶσαι τόν δρόμον μου καί τήν [διακονίαν] ἥν ἔλαβον παρά τοῦ κυρίου ἰησοῦ διαμαρτύρασθαι τό εὐαγγέλιον
Hch,ἐπίσκοπος,20:28,ἐπισκόπουσ,cargo,colegio,s1,asociaciones,"IG XII,3 329 (Thera, ca. 200 a. C.; AGRW ID 12910); IRhodPC 2 (Rodas, s. II a. C.; AGRW ID 14975); IDelos 1522 (Delos, 98-117; AGRW ID 21076) || IG XII,3 329 (Thera, ca. 200 a. C.); OGIS II 729 (Alejandría, 221-205 a. C.)","τὸς ἐπισκό[πος] Δίωνα καὶ Μελέϊππον: dos «supervisores» del koinón prestan a interés el legado (Thera); ἐπὶ … Ζή]νωνος ἐπισκόπου, epónimo (Rodas); τὸν ἐπίσκοπον, encargado de la copia del decreto y multado si no cumple (Delos)",sí,"ὑμᾶς τὸ πνεῦμα τὸ ἅγιον ἔθετο ἐπισκόπους ποιμαίνειν τὴν ἐκκλησίαν τοῦ θεοῦ: los presbíteros de Éfeso (20,17) llamados ἐπίσκοποι (juicio: identidad de ambos títulos)",ποιμνίῳ ἐν ᾧ ὑμᾶσ τό πνεῦμα τό ἅγιον ἔθετο [ἐπισκόπουσ] ποιμαίνειν τήν ἐκκλησίαν τοῦ θεοῦ ἥν περιεποιήσατο διά τοῦ
Hch,ἐκκλησία,20:28,ἐκκλησίαν,local,,no_aplica,,,,no,,ὑμᾶσ τό πνεῦμα τό ἅγιον ἔθετο ἐπισκόπουσ ποιμαίνειν τήν [ἐκκλησίαν] τοῦ θεοῦ ἥν περιεποιήσατο διά τοῦ αἵματοσ τοῦ ἰδίου
Hch,οἶκος,21:8,οἶκον,no_institucional,,no_aplica,,,,no,la casa de Felipe (edificio),ἐπαύριον ἐξελθόντεσ ἤλθομεν εἰσ καισάρειαν καί εἰσελθόντεσ εἰσ τόν [οἶκον] φιλίππου τοῦ εὐαγγελιστοῦ ὄντοσ ἐκ τῶν ἑπτά ἐμείναμεν παρά
Hch,πρεσβύτερος,21:18,πρεσβύτεροι,cargo,colegio,s1,asociaciones,"OGIS II 729 = SB V 8924 (Alejandría, 221-205 a. C.; GRA III 155); SEG 42.1312 (Kition, ca. 250-200 a. C.); PSI VIII 901 (Tebtynis, 46; GRA III 218); IFayum II 122 (Theadelphia, 109; GRA III 229) || IG XII,3 329 (Thera, ca. 200 a. C.); OGIS II 729 (Alejandría, 221-205 a. C.)","οἱ πρεσβύτεροι τῶν ὀλυροκόπων (Alejandría); τὸν θίασον τῶν πρεσβυτέρων (Kition); οἱ δεκατρεῖς πρεσβύτεροι ἁλιέων (Tebtynis, 46 d. C.); πρεσβύτεροι de los tejedores (Theadelphia, 109)",no,Santiago y todos los presbíteros,παῦλοσ σύν ἡμῖν πρόσ ἰάκωβον πάντεσ τέ παρεγένοντο οἱ [πρεσβύτεροι] καί ἀσπασάμενοσ αὐτούσ ἐξηγεῖτο κατά ἕν ἕκαστον ὧν ἐποίησεν
Hch,διάκονος,21:19,διακονίασ,funcion,,no_aplica,,,,no,ministerio de Pablo entre los gentiles,ὧν ἐποίησεν ὁ θεόσ ἐν τοῖσ ἔθνεσιν διά τῆσ [διακονίασ] αὐτοῦ οἱ δέ ἀκούσαντεσ ἐδόξαζον τόν θεόν εἶπον τέ
Hch,πρεσβύτερος,22:5,πρεσβυτέριον,no_institucional,,no_aplica,,,,no,πᾶν τὸ πρεσβυτέριον: institución judía,ὡσ καί ὁ ἀρχιερεύσ μαρτυρεῖ μοι καί πᾶν τό [πρεσβυτέριον] παρά ὧν καί ἐπιστολάσ δεξάμενοσ πρόσ τούσ ἀδελφούσ εἰσ
Hch,πρεσβύτερος,23:14,πρεσβυτέροισ,no_institucional,,no_aplica,,,,no,institución judía,τήν συνωμοσίαν ποιησάμενοι οἵτινεσ προσελθόντεσ τοῖσ ἀρχιερεῦσιν καί τοῖσ [πρεσβυτέροισ] εἶπαν ἀναθέματι ἀνεθεματίσαμεν ἑαυτούσ μηδενόσ γεύσασθαι ἕωσ οὗ ἀποκτείνωμεν
Hch,πρεσβύτερος,24:1,πρεσβυτέρων,no_institucional,,no_aplica,,,,no,institución judía,μετά δέ πέντε ἡμέρασ κατέβη ὁ ἀρχιερεύσ ἁνανίασ μετά [πρεσβυτέρων] τινῶν καί ῥήτοροσ τερτύλλου τινόσ οἵτινεσ ἐνεφάνισαν τῷ ἡγεμόνι
Hch,πρεσβύτερος,25:15,πρεσβύτεροι,no_institucional,,no_aplica,,,,no,institución judía,γενομένου μου εἰσ ἱεροσόλυμα ἐνεφάνισαν οἱ ἀρχιερεῖσ καί οἱ [πρεσβύτεροι] τῶν ἰουδαίων αἰτούμενοι κατά αὐτοῦ καταδίκην πρόσ οὕσ ἀπεκρίθην
Hch,ἐπίθεσις χειρῶν,28:8,ἐπιθείσ,no_institucional,,no_aplica,,,,no,curación del padre de Publio,συνεχόμενον κατακεῖσθαι πρόσ ὅν ὁ παῦλοσ εἰσελθών καί προσευξάμενοσ [ἐπιθείσ] τάσ χεῖρασ αὐτῷ ἰάσατο αὐτόν τούτου δέ γενομένου καί
1Clem,ἐκκλησία,0:1,ἐκκλησία,local,,no_aplica,,,,no,prescripto: ἡ ἐκκλησία τοῦ θεοῦ ἡ παροικοῦσα Ῥώμην τῇ … παροικούσῃ Κόρινθον,ἡ [ἐκκλησία] τοῦ θεοῦ ἡ παροικοῦσα ῥώμην τῇ ἐκκλησίᾳ τοῦ θεοῦ
1Clem,ἐκκλησία,0:1,ἐκκλησίᾳ,local,,no_aplica,,,,no,prescripto: ἡ ἐκκλησία τοῦ θεοῦ ἡ παροικοῦσα Ῥώμην τῇ … παροικούσῃ Κόρινθον,ἡ ἐκκλησία τοῦ θεοῦ ἡ παροικοῦσα ῥώμην τῇ [ἐκκλησίᾳ] τοῦ θεοῦ τῇ παροικούσῃ κόρινθον κλητοῖσ ἡγιασμένοισ ἐν θελήματι
1Clem,ἡγούμενος,1:3,ἡγουμένοισ,funcion,,no_aplica,,,,sí,ὑποτασσόμενοι τοῖς ἡγουμένοις ὑμῶν: dirigentes sin título fijo (juicio),καί ἐν τοῖσ νομίμοισ τοῦ θεοῦ ἐπορεύεσθε ὑποτασσόμενοι τοῖσ [ἡγουμένοισ] ὑμῶν καί τιμήν τήν καθήκουσαν ἀπονέμοντεσ τοῖσ παρ’ ὑμῖν
1Clem,πρεσβύτερος,1:3,πρεσβυτέροισ,cargo,colegio,s1,asociaciones,"OGIS II 729 = SB V 8924 (Alejandría, 221-205 a. C.; GRA III 155); SEG 42.1312 (Kition, ca. 250-200 a. C.); PSI VIII 901 (Tebtynis, 46; GRA III 218); IFayum II 122 (Theadelphia, 109; GRA III 229) || IG XII,3 329 (Thera, ca. 200 a. C.); OGIS II 729 (Alejandría, 221-205 a. C.)","οἱ πρεσβύτεροι τῶν ὀλυροκόπων (Alejandría); τὸν θίασον τῶν πρεσβυτέρων (Kition); οἱ δεκατρεῖς πρεσβύτεροι ἁλιέων (Tebtynis, 46 d. C.); πρεσβύτεροι de los tejedores (Theadelphia, 109)",sí,"τιμὴν τὴν καθήκουσαν ἀπονέμοντες τοῖς παρ’ ὑμῖν πρεσβυτέροις (juicio: cargo o edad; la carta trata de la deposición de presbíteros, 44,3-6)",ὑμῶν καί τιμήν τήν καθήκουσαν ἀπονέμοντεσ τοῖσ παρ’ ὑμῖν [πρεσβυτέροισ] νέοισ τε μέτρια καί σεμνά νοεῖν ἐπετρέπετε γυναιξίν τε
1Clem,οἶκος,1:3,οἶκον,no_institucional,,no_aplica,,,,no,τὰ κατὰ τὸν οἶκον σεμνῶς οἰκουργεῖν,τε τῷ κανόνι τῆσ ὑποταγῆσ ὑπαρχούσασ τά κατά τόν [οἶκον] σεμνῶσ οἰκουργεῖν ἐδιδάσκετε πάνυ σωφρονούσασ πάντεσ τε ἐταπεινοφρονεῖτε μηδέν
1Clem,προϊστάμενος,2:8,προστάγματα,no_institucional,,no_aplica,,,,no,"προστάγματα, falso positivo",πολιτείᾳ κεκοσμημένοι πάντα ἐν τῷ φόβῳ αὐτοῦ ἐπετελεῖτε τά [προστάγματα] καί τά δικαιώματα τοῦ κυρίου ἐπί τά πλάτη τῆσ
1Clem,πρεσβύτερος,3:3,πρεσβυτέρουσ,no_institucional,,no_aplica,,,,no,"Is 3,5: οἱ νέοι ἐπὶ τοὺς πρεσβυτέρους (edad)",οἱ ἄφρονεσ ἐπί τούσ φρονίμουσ οἱ νέοι ἐπί τούσ [πρεσβυτέρουσ] διά τοῦτο πόρρω ἄπεστιν ἡ δικαιοσύνη καί εἰρήνη ἐν
1Clem,προϊστάμενος,3:4,προσταγμάτων,no_institucional,,no_aplica,,,,no,falso positivo,τῇ πίστει αὐτοῦ ἀμβλυωπῆσαι μηδέ ἐν τοῖσ νομίμοισ τῶν [προσταγμάτων] αὐτοῦ πορεύεσθαι μηδέ πολιτεύεσθαι κατά τό καθῆκον τῷ χριστῷ
1Clem,ἡγούμενος,5:7,ἡγουμένων,no_institucional,,no_aplica,,,,no,los gobernantes (Pablo martirizado ἐπὶ τῶν ἡγουμένων),τό τέρμα τῆσ δύσεωσ ἐλθών καί μαρτυρήσασ ἐπί τῶν [ἡγουμένων] οὕτωσ ἀπηλλάγη τοῦ κόσμου καί εἰσ τόν ἅγιον τόπον
1Clem,προϊστάμενος,8:2,προστιθείσ,no_institucional,,no_aplica,,,,no,"προστίθημι, falso positivo",οὐ βούλομαι τόν θάνατον τοῦ ἁμαρτωλοῦ ὡσ τήν μετάνοιαν [προστιθείσ] καί γνώμην ἀγαθήν μετανοήσατε οἶκοσ ἰσραήλ ἀπό τῆσ ἀνομίασ
1Clem,οἶκος,8:3,οἶκοσ,no_institucional,,no_aplica,,,,no,casa de Israel,ἁμαρτωλοῦ ὡσ τήν μετάνοιαν προστιθείσ καί γνώμην ἀγαθήν μετανοήσατε [οἶκοσ] ἰσραήλ ἀπό τῆσ ἀνομίασ ὑμῶν εἶπον τοῖσ υἱοῖσ τοῦ
1Clem,χήρα,8:4,χήρᾳ,no_institucional,,no_aplica,,,,no,"Is 1,17",ποιεῖν ἐκζητήσατε κρίσιν ῥύσασθε ἀδικούμενον κρίνατε ὀρφανῷ καί δικαιώσατε [χήρᾳ] καί δεῦτε καί διελεγχθῶμεν λέγει κύριοσ καί ἐάν ὦσιν
1Clem,οἶκος,10:2,οἴκου,no_institucional,,no_aplica,,,,no,"Gn 12,1",αὐτοῦ καί ἐκ τῆσ συγγενείασ αὐτοῦ καί ἐκ τοῦ [οἴκου] τοῦ πατρόσ αὐτοῦ ὅπωσ γῆν ὀλίγην καί συγγένειαν ἀσθενῆ
1Clem,οἶκος,10:2,οἶκον,no_institucional,,no_aplica,,,,no,"Gn 12,1",πατρόσ αὐτοῦ ὅπωσ γῆν ὀλίγην καί συγγένειαν ἀσθενῆ καί [οἶκον] μικρόν καταλιπών κληρονομήσῃ τάσ ἐπαγγελίασ τοῦ θεοῦ λέγει γάρ
1Clem,οἶκος,10:3,οἴκου,no_institucional,,no_aplica,,,,no,,σου καί ἐκ τῆσ συγγενείασ σου καί ἐκ τοῦ [οἴκου] τοῦ πατρόσ σου εἰσ τήν γῆν ἥν ἄν σοι
1Clem,οἶκος,12:5,οἶκον,no_institucional,,no_aplica,,,,no,Rahab,οὖν γένηται λαβεῖν αὐτήν ὑμᾶσ διασώσατέ με καί τόν [οἶκον] τοῦ πατρόσ μου καί εἶπαν αὐτῇ ἔσται οὕτωσ ὡσ
1Clem,οἶκος,12:7,οἴκου,no_institucional,,no_aplica,,,,no,,καί προσέθεντο αὐτῇ δοῦναι σημεῖον ὅπωσ ἐκκρεμάσῃ ἐκ τοῦ [οἴκου] αὐτῆσ κόκκινον πρόδηλον ποιοῦντεσ ὅτι διά τοῦ αἵματοσ τοῦ
1Clem,οἶκος,17:5,οἴκῳ,no_institucional,,no_aplica,,,,no,"Nm 12,7",ἡμέρασ ἡ ζωή αὐτοῦ μωϋσῆσ πιστόσ ἐν ὅλῳ τῷ [οἴκῳ] αὐτοῦ ἐκλήθη καί διά τῆσ ὑπηρεσίασ αὐτοῦ ἔκρινεν ὁ
1Clem,προϊστάμενος,20:5,προστάγμασιν,no_institucional,,no_aplica,,,,no,falso positivo,τε ἀνεξιχνίαστα καί νερτέρων ἀνεκδιήγητα κλίματα τοῖσ αὐτοῖσ συνέχεται [προστάγμασιν] τό κύτοσ τῆσ ἀπείρου θαλάσσησ κατά τήν δημιουργίαν αὐτοῦ
1Clem,πρεσβύτερος,21:6,πρεσβυτέρουσ,cargo,,s1,asociaciones,"OGIS II 729 = SB V 8924 (Alejandría, 221-205 a. C.; GRA III 155); SEG 42.1312 (Kition, ca. 250-200 a. C.); PSI VIII 901 (Tebtynis, 46; GRA III 218); IFayum II 122 (Theadelphia, 109; GRA III 229)","οἱ πρεσβύτεροι τῶν ὀλυροκόπων (Alejandría); τὸν θίασον τῶν πρεσβυτέρων (Kition); οἱ δεκατρεῖς πρεσβύτεροι ἁλιέων (Tebtynis, 46 d. C.); πρεσβύτεροι de los tejedores (Theadelphia, 109)",sí,"τοὺς προηγουμένους ἡμῶν αἰδεσθῶμεν, τοὺς πρεσβυτέρους τιμήσωμεν, τοὺς νέους παιδεύσωμεν (juicio: cargo o edad)",ὑπέρ ἡμῶν ἐδόθη ἐντραπῶμεν τούσ προηγουμένουσ ἡμῶν αἰδεσθῶμεν τούσ [πρεσβυτέρουσ] τιμήσωμεν τούσ νέουσ παιδεύσωμεν τήν παιδείαν τοῦ φόβου τοῦ
1Clem,ἡγούμενος,32:2,ἡγούμενοι,no_institucional,,no_aplica,,,,no,reyes y gobernantes de Judá,τό κατά σάρκα ἐξ αὐτοῦ βασιλεῖσ καί ἄρχοντεσ καί [ἡγούμενοι] κατά τόν ἰούδαν τά δέ λοιπά σκῆπτρα αὐτοῦ οὐκ
1Clem,προϊστάμενος,36:1,προστάτην,no_institucional,,no_aplica,,,,no,Cristo προστάτης καὶ βοηθός (título cristológico),ἡμῶν ἰησοῦν χριστόν τόν ἀρχιερέα τῶν προσφορῶν ἡμῶν τόν [προστάτην] καί βοηθόν τῆσ ἀσθενείασ ἡμῶν διά τούτου ἀτενίζομεν εἰσ
1Clem,προϊστάμενος,37:1,προστάγμασιν,no_institucional,,no_aplica,,,,no,falso positivo,οὖν ἄνδρεσ ἀδελφοί μετά πάσησ ἐκτενείασ ἐν τοῖσ ἀμώμοισ [προστάγμασιν] αὐτοῦ κατανοήσωμεν τούσ στρατευομένουσ τοῖσ ἡγουμένοισ ἡμῶν πῶσ εὐτάκτωσ
1Clem,ἡγούμενος,37:2,ἡγουμένοισ,no_institucional,,no_aplica,,,,no,jefes militares,ἐν τοῖσ ἀμώμοισ προστάγμασιν αὐτοῦ κατανοήσωμεν τούσ στρατευομένουσ τοῖσ [ἡγουμένοισ] ἡμῶν πῶσ εὐτάκτωσ πῶσ ἑκτικῶσ πῶσ ὑποτεταγμένωσ ἐπιτελοῦσιν τά
1Clem,ἡγούμενος,37:3,ἡγουμένων,no_institucional,,no_aplica,,,,no,jefes militares,ἰδίῳ τάγματι τά ἐπιτασσόμενα ὑπό τοῦ βασιλέωσ καί τῶν [ἡγουμένων] ἐπιτελεῖ οἱ μεγάλοι δίχα τῶν μικρῶν οὐ δύνανται εἶναι
1Clem,προϊστάμενος,40:4,προστεταγμένοισ,no_institucional,,no_aplica,,,,no,falso positivo,εὐδοκήσει εὐπρόσδεκτα εἴη τῷ θελήματι αὐτοῦ οἱ οὖν τοῖσ [προστεταγμένοισ] καιροῖσ ποιοῦντεσ τάσ προσφοράσ αὐτῶν εὐπρόσδεκτοί τε καί μακάριοι
1Clem,προϊστάμενος,40:5,προστέτακται,no_institucional,,no_aplica,,,,no,falso positivo,λειτουργίαι δεδομέναι εἰσίν καί τοῖσ ἱερεῦσιν ἴδιοσ ὁ τόποσ [προστέτακται] καί λευΐταισ ἴδιαι διακονίαι ἐπίκεινται ὁ λαϊκόσ ἄνθρωποσ τοῖσ
1Clem,διάκονος,40:5,διακονίαι,no_institucional,,no_aplica,,,,sí,λευίταις ἴδιαι διακονίαι: analogía levítica (juicio),τοῖσ ἱερεῦσιν ἴδιοσ ὁ τόποσ προστέτακται καί λευΐταισ ἴδιαι [διακονίαι] ἐπίκεινται ὁ λαϊκόσ ἄνθρωποσ τοῖσ λαϊκοῖσ προστάγμασιν δέδεται ἕκαστοσ
1Clem,προϊστάμενος,40:5,προστάγμασιν,no_institucional,,no_aplica,,,,no,falso positivo,λευΐταισ ἴδιαι διακονίαι ἐπίκεινται ὁ λαϊκόσ ἄνθρωποσ τοῖσ λαϊκοῖσ [προστάγμασιν] δέδεται ἕκαστοσ ἡμῶν ἀδελφοί ἐν τῷ ἰδίῳ τάγματι εὐαριστείτω
1Clem,ἐπίσκοπος,42:4,ἐπισκόπουσ,cargo,eleccion;requisitos;colegio,s1,asociaciones,"IG XII,3 329 (Thera, ca. 200 a. C.; AGRW ID 12910); IRhodPC 2 (Rodas, s. II a. C.; AGRW ID 14975); IDelos 1522 (Delos, 98-117; AGRW ID 21076) || IDelos 1520 (AGRW 224); PLond VII 2193 (AGRW 295) || PLond VII 2193 (AGRW 295, 69-58 a. C.); IG XII,3 330 (Thera, 210-195 a. C.; AGRW 243) || IG XII,3 329 (Thera, ca. 200 a. C.); OGIS II 729 (Alejandría, 221-205 a. C.)","τὸς ἐπισκό[πος] Δίωνα καὶ Μελέϊππον: dos «supervisores» del koinón prestan a interés el legado (Thera); ἐπὶ … Ζή]νωνος ἐπισκόπου, epónimo (Rodas); τὸν ἐπίσκοπον, encargado de la copia del decreto y multado si no cumple (Delos)",no,"καθίστανον τὰς ἀπαρχὰς αὐτῶν, δοκιμάσαντες τῷ πνεύματι, εἰς ἐπισκόπους καὶ διακόνους: institución por los apóstoles tras prueba",κηρύσσοντεσ καθίστανον τάσ ἀπαρχάσ αὐτῶν δοκιμάσαντεσ τῷ πνεύματι εἰσ [ἐπισκόπουσ] καί διακόνουσ τῶν μελλόντων πιστεύειν καί τοῦτο οὐ καινῶσ
1Clem,διάκονος,42:4,διακόνουσ,cargo,eleccion;requisitos;colegio,s1,asociaciones,"RICIS 111/0102 = CIG II 1800 (Ambracia, s. I a. C.; AGRW ID 23778); IBeroia 26 (Berea, ca. 100-150; AGRW 36) || IDelos 1520 (AGRW 224); PLond VII 2193 (AGRW 295) || PLond VII 2193 (AGRW 295, 69-58 a. C.); IG XII,3 330 (Thera, 210-195 a. C.; AGRW 243) || IG XII,3 329 (Thera, ca. 200 a. C.); OGIS II 729 (Alejandría, 221-205 a. C.)","τὸ κοινὸν τῶν διακόνων Σαράπει, Ἴσει, Ἀνούβει, Ἁρποκράτει, con sacerdote y lista de miembros (Ambracia); Π. Κορνήλιος Ῥοῦφος καὶ οἱ ὑπ’ αὐτὸν διάκονοι (Berea)",no,,τάσ ἀπαρχάσ αὐτῶν δοκιμάσαντεσ τῷ πνεύματι εἰσ ἐπισκόπουσ καί [διακόνουσ] τῶν μελλόντων πιστεύειν καί τοῦτο οὐ καινῶσ ἐκ γάρ
1Clem,ἐπίσκοπος,42:5,ἐπισκόπων,cargo,colegio,s1,asociaciones,"IG XII,3 329 (Thera, ca. 200 a. C.; AGRW ID 12910); IRhodPC 2 (Rodas, s. II a. C.; AGRW ID 14975); IDelos 1522 (Delos, 98-117; AGRW ID 21076) || IG XII,3 329 (Thera, ca. 200 a. C.); OGIS II 729 (Alejandría, 221-205 a. C.)","τὸς ἐπισκό[πος] Δίωνα καὶ Μελέϊππον: dos «supervisores» del koinón prestan a interés el legado (Thera); ἐπὶ … Ζή]νωνος ἐπισκόπου, epónimo (Rodas); τὸν ἐπίσκοπον, encargado de la copia del decreto y multado si no cumple (Delos)",no,"Is 60,17 reinterpretado",οὐ καινῶσ ἐκ γάρ δή πολλῶν χρόνων ἐγέγραπτο περί [ἐπισκόπων] καί διακόνων οὕτωσ γάρ που λέγει ἡ γραφή καταστήσω
1Clem,διάκονος,42:5,διακόνων,cargo,colegio,s1,asociaciones,"RICIS 111/0102 = CIG II 1800 (Ambracia, s. I a. C.; AGRW ID 23778); IBeroia 26 (Berea, ca. 100-150; AGRW 36) || IG XII,3 329 (Thera, ca. 200 a. C.); OGIS II 729 (Alejandría, 221-205 a. C.)","τὸ κοινὸν τῶν διακόνων Σαράπει, Ἴσει, Ἀνούβει, Ἁρποκράτει, con sacerdote y lista de miembros (Ambracia); Π. Κορνήλιος Ῥοῦφος καὶ οἱ ὑπ’ αὐτὸν διάκονοι (Berea)",no,,ἐκ γάρ δή πολλῶν χρόνων ἐγέγραπτο περί ἐπισκόπων καί [διακόνων] οὕτωσ γάρ που λέγει ἡ γραφή καταστήσω τούσ ἐπισκόπουσ
1Clem,ἐπίσκοπος,42:5,ἐπισκόπουσ,cargo,colegio,s1,asociaciones,"IG XII,3 329 (Thera, ca. 200 a. C.; AGRW ID 12910); IRhodPC 2 (Rodas, s. II a. C.; AGRW ID 14975); IDelos 1522 (Delos, 98-117; AGRW ID 21076) || IG XII,3 329 (Thera, ca. 200 a. C.); OGIS II 729 (Alejandría, 221-205 a. C.)","τὸς ἐπισκό[πος] Δίωνα καὶ Μελέϊππον: dos «supervisores» del koinón prestan a interés el legado (Thera); ἐπὶ … Ζή]νωνος ἐπισκόπου, epónimo (Rodas); τὸν ἐπίσκοπον, encargado de la copia del decreto y multado si no cumple (Delos)",no,"Is 60,17 reinterpretado",διακόνων οὕτωσ γάρ που λέγει ἡ γραφή καταστήσω τούσ [ἐπισκόπουσ] αὐτῶν ἐν δικαιοσύνῃ καί τούσ διακόνουσ αὐτῶν ἐν πίστει
1Clem,διάκονος,42:5,διακόνουσ,cargo,colegio,s1,asociaciones,"RICIS 111/0102 = CIG II 1800 (Ambracia, s. I a. C.; AGRW ID 23778); IBeroia 26 (Berea, ca. 100-150; AGRW 36) || IG XII,3 329 (Thera, ca. 200 a. C.); OGIS II 729 (Alejandría, 221-205 a. C.)","τὸ κοινὸν τῶν διακόνων Σαράπει, Ἴσει, Ἀνούβει, Ἁρποκράτει, con sacerdote y lista de miembros (Ambracia); Π. Κορνήλιος Ῥοῦφος καὶ οἱ ὑπ’ αὐτὸν διάκονοι (Berea)",no,,γραφή καταστήσω τούσ ἐπισκόπουσ αὐτῶν ἐν δικαιοσύνῃ καί τούσ [διακόνουσ] αὐτῶν ἐν πίστει καί τί θαυμαστόν εἰ οἱ ἐν
1Clem,οἶκος,43:1,οἴκῳ,no_institucional,,no_aplica,,,,no,"Nm 12,7",ὅπου καί ὁ μακάριοσ πιστόσ θεράπων ἐν ὅλῳ τῷ [οἴκῳ] μωϋσῆσ τά διατεταγμένα αὐτῷ πάντα ἐσημειώσατο ἐν ταῖσ ἱεραῖσ
1Clem,ἐπίσκοπος,44:1,ἐπισκοπῆσ,cargo,sucesion,fin_s1,corpus_cristiano,"sin paralelo en asociaciones (la sucesión en el cargo es por elección anual). Corpus § 2: 1 Clem 44,1-2 || IG XII,3 329 (Thera, ca. 200 a. C.; AGRW ID 12910); IRhodPC 2 (Rodas, s. II a. C.; AGRW ID 14975); IDelos 1522 (Delos, 98-117; AGRW ID 21076)",ἐπινομὴν δεδώκασιν ὅπως … διαδέξωνται ἕτεροι δεδοκιμασμένοι ἄνδρες τὴν λειτουργίαν αὐτῶν: 1 Clemente (96),no,"ἔρις ἔσται ἐπὶ τοῦ ὀνόματος τῆς ἐπισκοπῆς; 44,2 ἐπινομὴν δεδώκασιν ὅπως … διαδέξωνται ἕτεροι δεδοκιμασμένοι ἄνδρες",ἰησοῦ χριστοῦ ὅτι ἔρισ ἔσται ἐπί τοῦ ὀνόματοσ τῆσ [ἐπισκοπῆσ] διά ταύτην οὖν τήν αἰτίαν πρόγνωσιν εἰληφότεσ τελείαν κατέστησαν
1Clem,ἐκκλησία,44:3,ἐκκλησίασ,reunion,,no_aplica,,,,no,συνευδοκησάσης τῆς ἐκκλησίας πάσης: la comunidad consiente la institución,ἐκείνων ἤ μεταξύ ὑφ’ ἑτέρων ἐλλογίμων ἀνδρῶν συνευδοκησάσησ τῆσ [ἐκκλησίασ] πάσησ καί λειτουργήσαντασ ἀμέμπτωσ τῷ ποιμνίῳ τοῦ χριστοῦ μετά
1Clem,ἐπίσκοπος,44:4,ἐπισκοπῆσ,cargo,disciplina;sucesion,fin_s1,corpus_cristiano,"sin paralelo en asociaciones (la sucesión en el cargo es por elección anual). Corpus § 2: 1 Clem 44,1-2 || IG XII,3 329 (Thera, ca. 200 a. C.; AGRW ID 12910); IRhodPC 2 (Rodas, s. II a. C.; AGRW ID 14975); IDelos 1522 (Delos, 98-117; AGRW ID 21076) || PMich V 243 (AGRW 300, 14-37); PMich V 244 (AGRW 301, 43); IG XII,3 330 (AGRW 243)",ἐπινομὴν δεδώκασιν ὅπως … διαδέξωνται ἕτεροι δεδοκιμασμένοι ἄνδρες τὴν λειτουργίαν αὐτῶν: 1 Clemente (96),no,τοὺς ἀμέμπτως καὶ ὁσίως προσενεγκόντας τὰ δῶρα τῆς ἐπισκοπῆς ἀποβάλωμεν: deposición (disciplina) de quienes ofrecen los dones,ἐάν τούσ ἀμέμπτωσ καί ὁσίωσ προσενεγκόντασ τά δῶρα τῆσ [ἐπισκοπῆσ] ἀποβάλωμεν μακάριοι οἱ προοδοιπορήσαντεσ πρεσβύτεροι οἵτινεσ ἔγκαρπον καί τελείαν
1Clem,πρεσβύτερος,44:5,πρεσβύτεροι,cargo,colegio,s1,asociaciones,"OGIS II 729 = SB V 8924 (Alejandría, 221-205 a. C.; GRA III 155); SEG 42.1312 (Kition, ca. 250-200 a. C.); PSI VIII 901 (Tebtynis, 46; GRA III 218); IFayum II 122 (Theadelphia, 109; GRA III 229) || IG XII,3 329 (Thera, ca. 200 a. C.); OGIS II 729 (Alejandría, 221-205 a. C.)","οἱ πρεσβύτεροι τῶν ὀλυροκόπων (Alejandría); τὸν θίασον τῶν πρεσβυτέρων (Kition); οἱ δεκατρεῖς πρεσβύτεροι ἁλιέων (Tebtynis, 46 d. C.); πρεσβύτεροι de los tejedores (Theadelphia, 109)",no,οἱ προοδοιπορήσαντες πρεσβύτεροι,προσενεγκόντασ τά δῶρα τῆσ ἐπισκοπῆσ ἀποβάλωμεν μακάριοι οἱ προοδοιπορήσαντεσ [πρεσβύτεροι] οἵτινεσ ἔγκαρπον καί τελείαν ἔσχον τήν ἀνάλυσιν οὐ γάρ
1Clem,ἐκκλησία,47:6,ἐκκλησίαν,local,,no_aplica,,,,no,la iglesia de Corinto,ἐν χριστῷ ἀγωγῆσ ἀκούεσθαι τήν βεβαιοτάτην καί ἀρχαίαν κορινθίων [ἐκκλησίαν] δι’ ἕν ἤ δύο πρόσωπα στασιάζειν πρόσ τούσ πρεσβυτέρουσ
1Clem,πρεσβύτερος,47:6,πρεσβυτέρουσ,cargo,colegio,s1,asociaciones,"OGIS II 729 = SB V 8924 (Alejandría, 221-205 a. C.; GRA III 155); SEG 42.1312 (Kition, ca. 250-200 a. C.); PSI VIII 901 (Tebtynis, 46; GRA III 218); IFayum II 122 (Theadelphia, 109; GRA III 229) || IG XII,3 329 (Thera, ca. 200 a. C.); OGIS II 729 (Alejandría, 221-205 a. C.)","οἱ πρεσβύτεροι τῶν ὀλυροκόπων (Alejandría); τὸν θίασον τῶν πρεσβυτέρων (Kition); οἱ δεκατρεῖς πρεσβύτεροι ἁλιέων (Tebtynis, 46 d. C.); πρεσβύτεροι de los tejedores (Theadelphia, 109)",no,στασιάζειν πρὸς τοὺς πρεσβυτέρους,ἐκκλησίαν δι’ ἕν ἤ δύο πρόσωπα στασιάζειν πρόσ τούσ [πρεσβυτέρουσ] καί αὕτη ἡ ἀκοή οὐ μόνον εἰσ ἡμᾶσ ἐχώρησεν
1Clem,ἐπίσκοπος,50:3,ἐπισκοπῇ,no_institucional,,no_aplica,,,,no,ἐν τῇ ἐπισκοπῇ τῆς βασιλείας: visita de Dios,θεοῦ χάριν ἔχουσιν χῶρον εὐσεβῶν οἵ φανερωθήσονται ἐν τῇ [ἐπισκοπῇ] τῆσ βασιλείασ τοῦ χριστοῦ γέγραπται γάρ εἰσέλθετε εἰσ τά
1Clem,προϊστάμενος,50:5,προστάγματα,no_institucional,,no_aplica,,,,no,falso positivo,ἐκ τῶν θηκῶν ὑμῶν μακάριοί ἐσμεν ἀγαπητοί εἰ τά [προστάγματα] τοῦ θεοῦ ἐποιοῦμεν ἐν ὁμονοίᾳ ἀγάπησ εἰσ τό ἀφεθῆναι
1Clem,ἡγούμενος,51:5,ἡγούμενοι,no_institucional,,no_aplica,,,,no,jefes de Egipto,αὐτούσ φαραώ καί ἡ στρατιά αὐτοῦ καί πάντεσ οἱ [ἡγούμενοι] αἰγύπτου τά τε ἅρματα καί οἱ ἀνάβαται αὐτῶν οὐ
1Clem,προϊστάμενος,54:2,προστασσόμενα,no_institucional,,no_aplica,,,,no,falso positivo,σχίσματα ἐκχωρῶ ἄπειμι οὗ ἐάν βούλησθε καί ποιῶ τά [προστασσόμενα] ὑπό τοῦ πλήθουσ μόνον τό ποίμνιον τοῦ χριστοῦ εἰρηνευέτω
1Clem,πρεσβύτερος,54:2,πρεσβυτέρων,cargo,colegio;eleccion,s1,asociaciones,"OGIS II 729 = SB V 8924 (Alejandría, 221-205 a. C.; GRA III 155); SEG 42.1312 (Kition, ca. 250-200 a. C.); PSI VIII 901 (Tebtynis, 46; GRA III 218); IFayum II 122 (Theadelphia, 109; GRA III 229) || IG XII,3 329 (Thera, ca. 200 a. C.); OGIS II 729 (Alejandría, 221-205 a. C.) || IDelos 1520 (AGRW 224); PLond VII 2193 (AGRW 295)","οἱ πρεσβύτεροι τῶν ὀλυροκόπων (Alejandría); τὸν θίασον τῶν πρεσβυτέρων (Kition); οἱ δεκατρεῖς πρεσβύτεροι ἁλιέων (Tebtynis, 46 d. C.); πρεσβύτεροι de los tejedores (Theadelphia, 109)",no,μετὰ τῶν καθεσταμένων πρεσβυτέρων: presbíteros instituidos,μόνον τό ποίμνιον τοῦ χριστοῦ εἰρηνευέτω μετά τῶν καθεσταμένων [πρεσβυτέρων] τοῦτο ὁ ποιήσασ ἑαυτῷ μέγα κλέοσ ἐν χριστῷ περιποιήσεται
1Clem,ἡγούμενος,55:1,ἡγούμενοι,no_institucional,,no_aplica,,,,no,reyes y gobernantes paganos,ἵνα δέ καί ὑποδείγματα ἐθνῶν ἐνέγκωμεν πολλοί βασιλεῖσ καί [ἡγούμενοι] λοιμικοῦ τινοσ ἐνστάντοσ καιροῦ χρησμοδοτηθέντεσ παρέδωκαν ἑαυτούσ εἰσ θάνατον
1Clem,πρεσβύτερος,55:4,πρεσβυτέρων,no_institucional,,no_aplica,,,,no,los ancianos de la ciudad (Judit),μακαρία ἐν συγκλεισμῷ οὔσησ τῆσ πόλεωσ ᾐτήσατο παρά τῶν [πρεσβυτέρων] ἐαθῆναι αὐτήν ἐξελθεῖν εἰσ τήν παρεμβολήν τῶν ἀλλοφύλων παραδοῦσα
1Clem,οἶκος,56:13,οἶκοσ,no_institucional,,no_aplica,,,,no,"Jb 5,24",ἄγριοι εἰρηνεύσουσίν σοι εἶτα γνώσῃ ὅτι εἰρηνεύσει σου ὁ [οἶκοσ] ἡ δέ δίαιτα τῆσ σκηνῆσ σου οὐ μή ἁμάρτῃ
1Clem,πρεσβύτερος,57:1,πρεσβυτέροισ,cargo,colegio;disciplina,s1,asociaciones,"OGIS II 729 = SB V 8924 (Alejandría, 221-205 a. C.; GRA III 155); SEG 42.1312 (Kition, ca. 250-200 a. C.); PSI VIII 901 (Tebtynis, 46; GRA III 218); IFayum II 122 (Theadelphia, 109; GRA III 229) || IG XII,3 329 (Thera, ca. 200 a. C.); OGIS II 729 (Alejandría, 221-205 a. C.) || PMich V 243 (AGRW 300, 14-37); PMich V 244 (AGRW 301, 43); IG XII,3 330 (AGRW 243)","οἱ πρεσβύτεροι τῶν ὀλυροκόπων (Alejandría); τὸν θίασον τῶν πρεσβυτέρων (Kition); οἱ δεκατρεῖς πρεσβύτεροι ἁλιέων (Tebtynis, 46 d. C.); πρεσβύτεροι de los tejedores (Theadelphia, 109)",no,ὑποτάγητε τοῖς πρεσβυτέροις καὶ παιδεύθητε εἰς μετάνοιαν: sumisión de los sediciosos a los presbíteros,οὖν οἱ τήν καταβολήν τῆσ στάσεωσ ποιήσαντεσ ὑποτάγητε τοῖσ [πρεσβυτέροισ] καί παιδεύθητε εἰσ μετάνοιαν κάμψαντεσ τά γόνατα τῆσ καρδίασ
1Clem,προϊστάμενος,58:2,προστάγματα,no_institucional,,no_aplica,,,,no,falso positivo,ἐπιεικείασ ἀμεταμελήτωσ τά ὑπό τοῦ θεοῦ δεδομένα δικαιώματα καί [προστάγματα] οὗτοσ ἐντεταγμένοσ καί ἐλλόγιμοσ ἔσται εἰσ τόν ἀριθμόν τῶν
1Clem,ἐπίσκοπος,59:3,ἐπίσκοπον,no_institucional,,no_aplica,,,,no,Dios ἐπίσκοπος πάσης σαρκός,τόν τῶν ἀπηλπισμένων σωτῆρα τόν παντόσ πνεύματοσ κτίστην καί [ἐπίσκοπον] τόν πληθύνοντα ἔθνη ἐπί γῆσ καί ἐκ πάντων ἐκλεξάμενον
1Clem,ἡγούμενος,60:4,ἡγουμένοισ,no_institucional,,no_aplica,,,,no,gobernantes civiles (oración),παντοκράτορι καί ἐνδόξῳ ὀνόματί σου τοῖσ τε ἄρχουσιν καί [ἡγουμένοισ] ἡμῶν ἐπί τῆσ γῆσ σύ δέσποτα ἔδωκασ τήν ἐξουσίαν
1Clem,προϊστάμενος,61:3,προστάτου,no_institucional,,no_aplica,,,,no,Cristo ἀρχιερεὺς καὶ προστάτης,ἀγαθά μεθ’ ἡμῶν σοί ἐξομολογούμεθα διά τοῦ ἀρχιερέωσ καί [προστάτου] τῶν ψυχῶν ἡμῶν ἰησοῦ χριστοῦ δι’ οὗ σοι ἡ
1Clem,προϊστάμενος,64:1,προστάτου,no_institucional,,no_aplica,,,,no,Cristo ἀρχιερεὺς καὶ προστάτης,εἰσ εὐαρέστησιν τῷ ὀνόματι αὐτοῦ διά τοῦ ἀρχιερέωσ καί [προστάτου] ἡμῶν ἰησοῦ χριστοῦ δι’ οὗ αὐτῷ δόξα καί μεγαλωσύνη
Did,προϊστάμενος,4:13,προστιθείσ,no_institucional,,no_aplica,,,,no,"προστίθημι, falso positivo",μή ἐγκαταλίπῃσ ἐντολάσ κυρίου φυλάξεισ δέ ἅ παρέλαβεσ μήτε [προστιθείσ] μήτε ἀφαιρῶν ἐν ἐκκλησίᾳ ἐξομολογήσῃ τά παραπτώματά σου καί
Did,ἐκκλησία,4:14,ἐκκλησίᾳ,reunion,,no_aplica,,,,no,ἐν ἐκκλησίᾳ ἐξομολογήσῃ τὰ παραπτώματά σου,φυλάξεισ δέ ἅ παρέλαβεσ μήτε προστιθείσ μήτε ἀφαιρῶν ἐν [ἐκκλησίᾳ] ἐξομολογήσῃ τά παραπτώματά σου καί οὐ προσελεύσῃ ἐπί προσευχήν
Did,ἐκκλησία,9:4,ἐκκλησία,universal,,no_aplica,,,,no,συναχθήτω σου ἡ ἐκκλησία ἀπὸ τῶν περάτων τῆς γῆς,ὀρέων καί συναχθέν ἐγένετο ἕν οὕτω συναχθήτω σου ἡ [ἐκκλησία] ἀπό τῶν περάτων τῆσ γῆσ εἰσ τήν σήν βασιλείαν
Did,ἐκκλησία,10:5,ἐκκλησίασ,universal,,no_aplica,,,,no,,σοί ἡ δόξα εἰσ τούσ αἰῶνασ μνήσθητι κύριε τῆσ [ἐκκλησίασ] σου τοῦ ῥύσασθαι αὐτήν ἀπό παντόσ πονηροῦ καί τελειῶσαι
Did,ἐκκλησία,11:11,ἐκκλησίασ,no_institucional,,no_aplica,,,,sí,μυστήριον κοσμικὸν ἐκκλησίας (pasaje oscuro),πᾶσ δέ προφήτησ δεδοκιμασμένοσ ἀληθινόσ ποιῶν εἰσ μυστήριον κοσμικόν [ἐκκλησίασ] μή διδάσκων δέ ποιεῖν ὅσα αὐτόσ ποιεῖ οὐ κριθήσεται
Did,χειροτονία,15:1,χειροτονήσατε,rito,eleccion,s1,asociaciones,"IDelos 1520 (Delos, ca. 150 a. C.; AGRW 224); IRhamnous II 59 (Ramnunte, después de 216/215 a. C.; GRA I 27); PLond VII 2193 (AGRW 295) || IDelos 1520 (AGRW 224); PLond VII 2193 (AGRW 295)",τοῖς ἐπὶ τὴν κατασκευὴν τοῦ τεμένους χειροτονηθεῖσιν; τῶν χειροτονηθέντων βουτρόφων: encargados elegidos por el koinón (Delos); προχειρισάμενοι … ἡγούμενον (Filadelfia),sí,"χειροτονήσατε οὖν ἑαυτοῖς ἐπισκόπους καὶ διακόνους: elección por la comunidad (juicio: elección, no rito de manos)",κύριοσ καί τό ὄνομά μου θαυμαστόν ἐν τοῖσ ἔθνεσι [χειροτονήσατε] οὖν ἑαυτοῖσ ἐπισκόπουσ καί διακόνουσ ἀξίουσ τοῦ κυρίου ἄνδρασ
Did,ἐπίσκοπος,15:1,ἐπισκόπουσ,cargo,eleccion;requisitos;colegio,s1,asociaciones,"IG XII,3 329 (Thera, ca. 200 a. C.; AGRW ID 12910); IRhodPC 2 (Rodas, s. II a. C.; AGRW ID 14975); IDelos 1522 (Delos, 98-117; AGRW ID 21076) || IDelos 1520 (AGRW 224); PLond VII 2193 (AGRW 295) || PLond VII 2193 (AGRW 295, 69-58 a. C.); IG XII,3 330 (Thera, 210-195 a. C.; AGRW 243) || IG XII,3 329 (Thera, ca. 200 a. C.); OGIS II 729 (Alejandría, 221-205 a. C.)","τὸς ἐπισκό[πος] Δίωνα καὶ Μελέϊππον: dos «supervisores» del koinón prestan a interés el legado (Thera); ἐπὶ … Ζή]νωνος ἐπισκόπου, epónimo (Rodas); τὸν ἐπίσκοπον, encargado de la copia del decreto y multado si no cumple (Delos)",no,ἄνδρας πραεῖς καὶ ἀφιλαργύρους καὶ ἀληθεῖς καὶ δεδοκιμασμένους,ὄνομά μου θαυμαστόν ἐν τοῖσ ἔθνεσι χειροτονήσατε οὖν ἑαυτοῖσ [ἐπισκόπουσ] καί διακόνουσ ἀξίουσ τοῦ κυρίου ἄνδρασ πραεῖσ καί ἀφιλαργύρουσ
Did,διάκονος,15:1,διακόνουσ,cargo,eleccion;requisitos;colegio,s1,asociaciones,"RICIS 111/0102 = CIG II 1800 (Ambracia, s. I a. C.; AGRW ID 23778); IBeroia 26 (Berea, ca. 100-150; AGRW 36) || IDelos 1520 (AGRW 224); PLond VII 2193 (AGRW 295) || PLond VII 2193 (AGRW 295, 69-58 a. C.); IG XII,3 330 (Thera, 210-195 a. C.; AGRW 243) || IG XII,3 329 (Thera, ca. 200 a. C.); OGIS II 729 (Alejandría, 221-205 a. C.)","τὸ κοινὸν τῶν διακόνων Σαράπει, Ἴσει, Ἀνούβει, Ἁρποκράτει, con sacerdote y lista de miembros (Ambracia); Π. Κορνήλιος Ῥοῦφος καὶ οἱ ὑπ’ αὐτὸν διάκονοι (Berea)",no,,θαυμαστόν ἐν τοῖσ ἔθνεσι χειροτονήσατε οὖν ἑαυτοῖσ ἐπισκόπουσ καί [διακόνουσ] ἀξίουσ τοῦ κυρίου ἄνδρασ πραεῖσ καί ἀφιλαργύρουσ καί ἀληθεῖσ
IgnEf,ἐκκλησία,0:1,ἐκκλησίᾳ,local,,no_aplica,,,,no,prescripto,τοῦ πατρόσ καί ἰησοῦ χριστοῦ τοῦ θεοῦ ἡμῶν τῇ [ἐκκλησίᾳ] τῇ ἀξιομακαρίστῳ τῇ οὔσῃ ἐν ἐφέσῳ τῆσ ἀσίασ πλεῖστα
IgnEf,ἐπίσκοπος,1:3,ἐπισκόπῳ,cargo,monoepiscopado,s2,corpus_cristiano,"sin paralelo en asociaciones (un solo ἐπίσκοπος distinto del colegio de πρεσβύτεροι). Corpus § 2: Ignacio (Ef 1,3; Magn 2,1; 6,1; Tral 2,2-3,1; Fil 4,1; Esm 8,1-2); ausente de Hechos, 1 Clemente y Didajé (control negativo) || IG XII,3 329 (Thera, ca. 200 a. C.; AGRW ID 12910); IRhodPC 2 (Rodas, s. II a. C.; AGRW ID 14975); IDelos 1522 (Delos, 98-117; AGRW ID 21076)","εἷς ἐπίσκοπος ἅμα τῷ πρεσβυτερίῳ καὶ διακόνοις (IgnFil 4,1): primera atestación, Ignacio (ca. 110)",no,"Onésimo, ὑμῶν ἐπίσκοπος (singular con nombre)",ἀπείληφα ἐν ὀνησίμῳ τῷ ἐν ἀγάπῃ ἀδιηγήτῳ ὑμῶν δέ [ἐπισκόπῳ] ὅν εὔχομαι κατά ἰησοῦν χριστόν ὑμᾶσ ἀγαπᾶν καί πάντασ
IgnEf,ἐπίσκοπος,1:3,ἐπίσκοπον,cargo,monoepiscopado,s2,corpus_cristiano,"sin paralelo en asociaciones (un solo ἐπίσκοπος distinto del colegio de πρεσβύτεροι). Corpus § 2: Ignacio (Ef 1,3; Magn 2,1; 6,1; Tral 2,2-3,1; Fil 4,1; Esm 8,1-2); ausente de Hechos, 1 Clemente y Didajé (control negativo) || IG XII,3 329 (Thera, ca. 200 a. C.; AGRW ID 12910); IRhodPC 2 (Rodas, s. II a. C.; AGRW ID 14975); IDelos 1522 (Delos, 98-117; AGRW ID 21076)","εἷς ἐπίσκοπος ἅμα τῷ πρεσβυτερίῳ καὶ διακόνοις (IgnFil 4,1): primera atestación, Ignacio (ca. 110)",no,"Onésimo, ὑμῶν ἐπίσκοπος (singular con nombre)",εἶναι εὐλογητόσ γάρ ὁ χαρισάμενοσ ὑμῖν ἀξίοισ οὖσι τοιοῦτον [ἐπίσκοπον] κεκτῆσθαι περί δέ τοῦ συνδούλου μου βούρρου τοῦ κατά
IgnEf,διάκονος,2:1,διακόνου,cargo,,s1,asociaciones,"RICIS 111/0102 = CIG II 1800 (Ambracia, s. I a. C.; AGRW ID 23778); IBeroia 26 (Berea, ca. 100-150; AGRW 36)","τὸ κοινὸν τῶν διακόνων Σαράπει, Ἴσει, Ἀνούβει, Ἁρποκράτει, con sacerdote y lista de miembros (Ambracia); Π. Κορνήλιος Ῥοῦφος καὶ οἱ ὑπ’ αὐτὸν διάκονοι (Berea)",no,"Burro, διάκονος ὑμῶν",περί δέ τοῦ συνδούλου μου βούρρου τοῦ κατά θεόν [διακόνου] ὑμῶν ἐν πᾶσιν εὐλογημένου εὔχομαι παραμεῖναι αὐτόν εἰσ τιμήν
IgnEf,ἐπίσκοπος,2:1,ἐπισκόπου,cargo,monoepiscopado,s2,corpus_cristiano,"sin paralelo en asociaciones (un solo ἐπίσκοπος distinto del colegio de πρεσβύτεροι). Corpus § 2: Ignacio (Ef 1,3; Magn 2,1; 6,1; Tral 2,2-3,1; Fil 4,1; Esm 8,1-2); ausente de Hechos, 1 Clemente y Didajé (control negativo) || IG XII,3 329 (Thera, ca. 200 a. C.; AGRW ID 12910); IRhodPC 2 (Rodas, s. II a. C.; AGRW ID 14975); IDelos 1522 (Delos, 98-117; AGRW ID 21076)","εἷς ἐπίσκοπος ἅμα τῷ πρεσβυτερίῳ καὶ διακόνοις (IgnFil 4,1): primera atestación, Ignacio (ca. 110)",no,,εὐλογημένου εὔχομαι παραμεῖναι αὐτόν εἰσ τιμήν ὑμῶν καί τοῦ [ἐπισκόπου] καί κρόκοσ δέ ὁ θεοῦ ἄξιοσ καί ὑμῶν ὅν
IgnEf,ἐπίσκοπος,2:2,ἐπισκόπῳ,cargo,monoepiscopado;jerarquia,s2,corpus_cristiano,"sin paralelo en asociaciones (un solo ἐπίσκοπος distinto del colegio de πρεσβύτεροι). Corpus § 2: Ignacio (Ef 1,3; Magn 2,1; 6,1; Tral 2,2-3,1; Fil 4,1; Esm 8,1-2); ausente de Hechos, 1 Clemente y Didajé (control negativo) || IG XII,3 329 (Thera, ca. 200 a. C.; AGRW ID 12910); IRhodPC 2 (Rodas, s. II a. C.; AGRW ID 14975); IDelos 1522 (Delos, 98-117; AGRW ID 21076) || PMich V 244 (AGRW 301, 43)","εἷς ἐπίσκοπος ἅμα τῷ πρεσβυτερίῳ καὶ διακόνοις (IgnFil 4,1): primera atestación, Ignacio (ca. 110)",no,ὑποτασσόμενοι τῷ ἐπισκόπῳ καὶ τῷ πρεσβυτερίῳ,δοξάσαντα ὑμᾶσ ἵνα ἐν μιᾷ ὑποταγῇ κατηρτισμένοι ὑποτασσόμενοι τῷ [ἐπισκόπῳ] καί τῷ πρεσβυτερίῳ κατά πάντα ἦτε ἡγιασμένοι οὐ διατάσσομαι
IgnEf,πρεσβύτερος,2:2,πρεσβυτερίῳ,cargo,colegio;jerarquia,s1,asociaciones,"OGIS II 729 = SB V 8924 (Alejandría, 221-205 a. C.; GRA III 155); SEG 42.1312 (Kition, ca. 250-200 a. C.); PSI VIII 901 (Tebtynis, 46; GRA III 218); IFayum II 122 (Theadelphia, 109; GRA III 229) || IG XII,3 329 (Thera, ca. 200 a. C.); OGIS II 729 (Alejandría, 221-205 a. C.) || PMich V 244 (AGRW 301, 43)","οἱ πρεσβύτεροι τῶν ὀλυροκόπων (Alejandría); τὸν θίασον τῶν πρεσβυτέρων (Kition); οἱ δεκατρεῖς πρεσβύτεροι ἁλιέων (Tebtynis, 46 d. C.); πρεσβύτεροι de los tejedores (Theadelphia, 109)",no,,ἐν μιᾷ ὑποταγῇ κατηρτισμένοι ὑποτασσόμενοι τῷ ἐπισκόπῳ καί τῷ [πρεσβυτερίῳ] κατά πάντα ἦτε ἡγιασμένοι οὐ διατάσσομαι ὑμῖν ὡσ ὤν
IgnEf,ἐπίσκοπος,3:2,ἐπίσκοποι,cargo,monoepiscopado,s2,corpus_cristiano,"sin paralelo en asociaciones (un solo ἐπίσκοπος distinto del colegio de πρεσβύτεροι). Corpus § 2: Ignacio (Ef 1,3; Magn 2,1; 6,1; Tral 2,2-3,1; Fil 4,1; Esm 8,1-2); ausente de Hechos, 1 Clemente y Didajé (control negativo) || IG XII,3 329 (Thera, ca. 200 a. C.; AGRW ID 12910); IRhodPC 2 (Rodas, s. II a. C.; AGRW ID 14975); IDelos 1522 (Delos, 98-117; AGRW ID 21076)","εἷς ἐπίσκοπος ἅμα τῷ πρεσβυτερίῳ καὶ διακόνοις (IgnFil 4,1): primera atestación, Ignacio (ca. 110)",no,οἱ ἐπίσκοποι οἱ κατὰ τὰ πέρατα ὁρισθέντες: un obispo por lugar,ἡμῶν ζῆν τοῦ πατρόσ ἡ γνώμη ὡσ καί οἱ [ἐπίσκοποι] οἱ κατά τά πέρατα ὁρισθέντεσ ἐν ἰησοῦ χριστοῦ γνώμῃ
IgnEf,ἐπίσκοπος,4:1,ἐπισκόπου,cargo,monoepiscopado;jerarquia,s2,corpus_cristiano,"sin paralelo en asociaciones (un solo ἐπίσκοπος distinto del colegio de πρεσβύτεροι). Corpus § 2: Ignacio (Ef 1,3; Magn 2,1; 6,1; Tral 2,2-3,1; Fil 4,1; Esm 8,1-2); ausente de Hechos, 1 Clemente y Didajé (control negativo) || IG XII,3 329 (Thera, ca. 200 a. C.; AGRW ID 12910); IRhodPC 2 (Rodas, s. II a. C.; AGRW ID 14975); IDelos 1522 (Delos, 98-117; AGRW ID 21076) || PMich V 244 (AGRW 301, 43)","εἷς ἐπίσκοπος ἅμα τῷ πρεσβυτερίῳ καὶ διακόνοις (IgnFil 4,1): primera atestación, Ignacio (ca. 110)",no,συντρέχειν τῇ τοῦ ἐπισκόπου γνώμῃ; τὸ πρεσβυτέριον … συνήρμοσται τῷ ἐπισκόπῳ,χριστοῦ γνώμῃ εἰσίν ὅθεν πρέπει ὑμῖν συντρέχειν τῇ τοῦ [ἐπισκόπου] γνώμῃ ὅπερ καί ποιεῖτε τό γάρ ἀξιονόμαστον ὑμῶν πρεσβυτέριον
IgnEf,πρεσβύτερος,4:1,πρεσβυτέριον,cargo,colegio;jerarquia,s1,asociaciones,"OGIS II 729 = SB V 8924 (Alejandría, 221-205 a. C.; GRA III 155); SEG 42.1312 (Kition, ca. 250-200 a. C.); PSI VIII 901 (Tebtynis, 46; GRA III 218); IFayum II 122 (Theadelphia, 109; GRA III 229) || IG XII,3 329 (Thera, ca. 200 a. C.); OGIS II 729 (Alejandría, 221-205 a. C.) || PMich V 244 (AGRW 301, 43)","οἱ πρεσβύτεροι τῶν ὀλυροκόπων (Alejandría); τὸν θίασον τῶν πρεσβυτέρων (Kition); οἱ δεκατρεῖς πρεσβύτεροι ἁλιέων (Tebtynis, 46 d. C.); πρεσβύτεροι de los tejedores (Theadelphia, 109)",no,,ἐπισκόπου γνώμῃ ὅπερ καί ποιεῖτε τό γάρ ἀξιονόμαστον ὑμῶν [πρεσβυτέριον] τοῦ θεοῦ ἄξιον οὕτωσ συνήρμοσται τῷ ἐπισκόπῳ ὡσ χορδαί
IgnEf,ἐπίσκοπος,4:1,ἐπισκόπῳ,cargo,monoepiscopado;jerarquia,s2,corpus_cristiano,"sin paralelo en asociaciones (un solo ἐπίσκοπος distinto del colegio de πρεσβύτεροι). Corpus § 2: Ignacio (Ef 1,3; Magn 2,1; 6,1; Tral 2,2-3,1; Fil 4,1; Esm 8,1-2); ausente de Hechos, 1 Clemente y Didajé (control negativo) || IG XII,3 329 (Thera, ca. 200 a. C.; AGRW ID 12910); IRhodPC 2 (Rodas, s. II a. C.; AGRW ID 14975); IDelos 1522 (Delos, 98-117; AGRW ID 21076) || PMich V 244 (AGRW 301, 43)","εἷς ἐπίσκοπος ἅμα τῷ πρεσβυτερίῳ καὶ διακόνοις (IgnFil 4,1): primera atestación, Ignacio (ca. 110)",no,συντρέχειν τῇ τοῦ ἐπισκόπου γνώμῃ; τὸ πρεσβυτέριον … συνήρμοσται τῷ ἐπισκόπῳ,ἀξιονόμαστον ὑμῶν πρεσβυτέριον τοῦ θεοῦ ἄξιον οὕτωσ συνήρμοσται τῷ [ἐπισκόπῳ] ὡσ χορδαί κιθάρᾳ διά τοῦτο ἐν τῇ ὁμονοίᾳ ὑμῶν
IgnEf,ἐπίσκοπος,5:1,ἐπίσκοπον,cargo,monoepiscopado,s2,corpus_cristiano,"sin paralelo en asociaciones (un solo ἐπίσκοπος distinto del colegio de πρεσβύτεροι). Corpus § 2: Ignacio (Ef 1,3; Magn 2,1; 6,1; Tral 2,2-3,1; Fil 4,1; Esm 8,1-2); ausente de Hechos, 1 Clemente y Didajé (control negativo) || IG XII,3 329 (Thera, ca. 200 a. C.; AGRW ID 12910); IRhodPC 2 (Rodas, s. II a. C.; AGRW ID 14975); IDelos 1522 (Delos, 98-117; AGRW ID 21076)","εἷς ἐπίσκοπος ἅμα τῷ πρεσβυτερίῳ καὶ διακόνοις (IgnFil 4,1): primera atestación, Ignacio (ca. 110)",no,,ἐγώ ἐν μικρῷ χρόνῳ τοιαύτην συνήθειαν ἔσχον πρόσ τόν [ἐπίσκοπον] ὑμῶν οὐκ ἀνθρωπίνην οὖσαν ἀλλά πνευματικήν πόσῳ μᾶλλον ὑμᾶσ
IgnEf,ἐκκλησία,5:1,ἐκκλησία,universal,,no_aplica,,,,sí,ὡς ἡ ἐκκλησία Ἰησοῦ Χριστῷ,πόσῳ μᾶλλον ὑμᾶσ μακαρίζω τούσ ἐγκεκραμένουσ οὕτωσ ὡσ ἡ [ἐκκλησία] ἰησοῦ χριστῷ καί ὡσ ἰησοῦσ χριστόσ τῷ πατρί ἵνα
IgnEf,ἐπίσκοπος,5:2,ἐπισκόπου,cargo,monoepiscopado,s2,corpus_cristiano,"sin paralelo en asociaciones (un solo ἐπίσκοπος distinto del colegio de πρεσβύτεροι). Corpus § 2: Ignacio (Ef 1,3; Magn 2,1; 6,1; Tral 2,2-3,1; Fil 4,1; Esm 8,1-2); ausente de Hechos, 1 Clemente y Didajé (control negativo) || IG XII,3 329 (Thera, ca. 200 a. C.; AGRW ID 12910); IRhodPC 2 (Rodas, s. II a. C.; AGRW ID 14975); IDelos 1522 (Delos, 98-117; AGRW ID 21076)","εἷς ἐπίσκοπος ἅμα τῷ πρεσβυτερίῳ καὶ διακόνοις (IgnFil 4,1): primera atestación, Ignacio (ca. 110)",no,ἡ τοῦ ἐπισκόπου καὶ πάσης τῆς ἐκκλησίας (προσευχή),προσευχή τοσαύτην ἰσχύν ἔχει πόσῳ μᾶλλον ἥ τε τοῦ [ἐπισκόπου] καί πάσησ τῆσ ἐκκλησίασ ὁ οὖν μή ἐρχόμενοσ ἐπί
IgnEf,ἐκκλησία,5:2,ἐκκλησίασ,local,,no_aplica,,,,no,,πόσῳ μᾶλλον ἥ τε τοῦ ἐπισκόπου καί πάσησ τῆσ [ἐκκλησίασ] ὁ οὖν μή ἐρχόμενοσ ἐπί τό αὐτό οὗτοσ ἤδη
IgnEf,ἐπίσκοπος,5:3,ἐπισκόπῳ,cargo,monoepiscopado;jerarquia,s2,corpus_cristiano,"sin paralelo en asociaciones (un solo ἐπίσκοπος distinto del colegio de πρεσβύτεροι). Corpus § 2: Ignacio (Ef 1,3; Magn 2,1; 6,1; Tral 2,2-3,1; Fil 4,1; Esm 8,1-2); ausente de Hechos, 1 Clemente y Didajé (control negativo) || IG XII,3 329 (Thera, ca. 200 a. C.; AGRW ID 12910); IRhodPC 2 (Rodas, s. II a. C.; AGRW ID 14975); IDelos 1522 (Delos, 98-117; AGRW ID 21076) || PMich V 244 (AGRW 301, 43)","εἷς ἐπίσκοπος ἅμα τῷ πρεσβυτερίῳ καὶ διακόνοις (IgnFil 4,1): primera atestación, Ignacio (ca. 110)",no,μὴ ἀντιτάσσεσθαι τῷ ἐπισκόπῳ,ὑπερηφάνοισ ὁ θεόσ ἀντιτάσσεται σπουδάσωμεν οὖν μή ἀντιτάσσεσθαι τῷ [ἐπισκόπῳ] ἵνα ὦμεν θεῷ ὑποτασσόμενοι καί ὅσον βλέπει τισ σιγῶντα
IgnEf,ἐπίσκοπος,6:1,ἐπίσκοπον,cargo,monoepiscopado;jerarquia,s2,corpus_cristiano,"sin paralelo en asociaciones (un solo ἐπίσκοπος distinto del colegio de πρεσβύτεροι). Corpus § 2: Ignacio (Ef 1,3; Magn 2,1; 6,1; Tral 2,2-3,1; Fil 4,1; Esm 8,1-2); ausente de Hechos, 1 Clemente y Didajé (control negativo) || IG XII,3 329 (Thera, ca. 200 a. C.; AGRW ID 12910); IRhodPC 2 (Rodas, s. II a. C.; AGRW ID 14975); IDelos 1522 (Delos, 98-117; AGRW ID 21076) || PMich V 244 (AGRW 301, 43)","εἷς ἐπίσκοπος ἅμα τῷ πρεσβυτερίῳ καὶ διακόνοις (IgnFil 4,1): primera atestación, Ignacio (ca. 110)",no,τὸν οὖν ἐπίσκοπον δῆλον ὅτι ὡς αὐτὸν τὸν κύριον δεῖ προσβλέπειν,ἵνα ὦμεν θεῷ ὑποτασσόμενοι καί ὅσον βλέπει τισ σιγῶντα [ἐπίσκοπον] πλειόνωσ αὐτόν φοβείσθω πάντα γάρ ὅν πέμπει ὁ οἰκοδεσπότησ
IgnEf,ἐπίσκοπος,6:1,ἐπίσκοπον,cargo,monoepiscopado;jerarquia,s2,corpus_cristiano,"sin paralelo en asociaciones (un solo ἐπίσκοπος distinto del colegio de πρεσβύτεροι). Corpus § 2: Ignacio (Ef 1,3; Magn 2,1; 6,1; Tral 2,2-3,1; Fil 4,1; Esm 8,1-2); ausente de Hechos, 1 Clemente y Didajé (control negativo) || IG XII,3 329 (Thera, ca. 200 a. C.; AGRW ID 12910); IRhodPC 2 (Rodas, s. II a. C.; AGRW ID 14975); IDelos 1522 (Delos, 98-117; AGRW ID 21076) || PMich V 244 (AGRW 301, 43)","εἷς ἐπίσκοπος ἅμα τῷ πρεσβυτερίῳ καὶ διακόνοις (IgnFil 4,1): primera atestación, Ignacio (ca. 110)",no,τὸν οὖν ἐπίσκοπον δῆλον ὅτι ὡς αὐτὸν τὸν κύριον δεῖ προσβλέπειν,ἡμᾶσ αὐτόν δέχεσθαι ὡσ αὐτόν τόν πέμψαντα τόν οὖν [ἐπίσκοπον] δῆλον ὅτι ὡσ αὐτόν κύριον δεῖ προσβλέπειν αὐτόσ μέν
IgnEf,ἐκκλησία,8:1,ἐκκλησίασ,local,,no_aplica,,,,no,,κατά θεόν ζῆτε περίψημα ὑμῶν καί ἁγνίζομαι ὑμῶν ἐφεσίων [ἐκκλησίασ] τῆσ διαβοήτου τοῖσ αἰῶσιν οἱ σαρκικοί τά πνευματικά πράσσειν
IgnEf,ἐκκλησία,17:1,ἐκκλησίᾳ,universal,,no_aplica,,,,no,,ἐπί τῆσ κεφαλῆσ αὐτοῦ ὁ κύριοσ ἵνα πνέῃ τῇ [ἐκκλησίᾳ] ἀφθαρσίαν μή ἀλείφεσθε δυσωδίαν τῆσ διδασκαλίασ τοῦ ἄρχοντοσ τοῦ
IgnEf,ἐπίσκοπος,20:2,ἐπισκόπῳ,cargo,monoepiscopado;jerarquia,s2,corpus_cristiano,"sin paralelo en asociaciones (un solo ἐπίσκοπος distinto del colegio de πρεσβύτεροι). Corpus § 2: Ignacio (Ef 1,3; Magn 2,1; 6,1; Tral 2,2-3,1; Fil 4,1; Esm 8,1-2); ausente de Hechos, 1 Clemente y Didajé (control negativo) || IG XII,3 329 (Thera, ca. 200 a. C.; AGRW ID 12910); IRhodPC 2 (Rodas, s. II a. C.; AGRW ID 14975); IDelos 1522 (Delos, 98-117; AGRW ID 21076) || PMich V 244 (AGRW 301, 43)","εἷς ἐπίσκοπος ἅμα τῷ πρεσβυτερίῳ καὶ διακόνοις (IgnFil 4,1): primera atestación, Ignacio (ca. 110)",no,ὑπακούειν ὑμᾶς τῷ ἐπισκόπῳ καὶ τῷ πρεσβυτερίῳ,ἀνθρώπου καί υἱῷ θεοῦ εἰσ τό ὑπακούειν ὑμᾶσ τῷ [ἐπισκόπῳ] καί τῷ πρεσβυτερίῳ ἀπερισπάστῳ διανοίᾳ ἕνα ἄρτον κλῶντεσ ὅσ
IgnEf,πρεσβύτερος,20:2,πρεσβυτερίῳ,cargo,colegio;jerarquia,s1,asociaciones,"OGIS II 729 = SB V 8924 (Alejandría, 221-205 a. C.; GRA III 155); SEG 42.1312 (Kition, ca. 250-200 a. C.); PSI VIII 901 (Tebtynis, 46; GRA III 218); IFayum II 122 (Theadelphia, 109; GRA III 229) || IG XII,3 329 (Thera, ca. 200 a. C.); OGIS II 729 (Alejandría, 221-205 a. C.) || PMich V 244 (AGRW 301, 43)","οἱ πρεσβύτεροι τῶν ὀλυροκόπων (Alejandría); τὸν θίασον τῶν πρεσβυτέρων (Kition); οἱ δεκατρεῖς πρεσβύτεροι ἁλιέων (Tebtynis, 46 d. C.); πρεσβύτεροι de los tejedores (Theadelphia, 109)",no,,θεοῦ εἰσ τό ὑπακούειν ὑμᾶσ τῷ ἐπισκόπῳ καί τῷ [πρεσβυτερίῳ] ἀπερισπάστῳ διανοίᾳ ἕνα ἄρτον κλῶντεσ ὅσ ἐστιν φάρμακον ἀθανασίασ
IgnEf,ἐκκλησία,21:2,ἐκκλησίασ,local,,no_aplica,,,,no,la iglesia de Siria,μου ὡσ καί ὑμῶν ἰησοῦσ χριστόσ προσεύχεσθε ὑπέρ τῆσ [ἐκκλησίασ] τῆσ ἐν συρίᾳ ὅθεν δεδεμένοσ εἰσ ῥώμην ἀπάγομαι ἔσχατοσ
IgnMagn,ἐκκλησία,0:1,ἐκκλησίαν,local,,no_aplica,,,,no,prescripto,χριστῷ ἰησοῦ τῷ σωτῆρι ἡμῶν ἐν ᾧ ἀσπάζομαι τήν [ἐκκλησίαν] τήν οὖσαν ἐν μαγνησίᾳ τῇ πρόσ μαιάνδρῳ καί εὔχομαι
IgnMagn,ἐκκλησία,1:2,ἐκκλησίασ,local,,no_aplica,,,,no,τὰς ἐκκλησίας,γάρ ὀνόματοσ θεοπρεπεστάτου ἐν οἷσ περιφέρω δεσμοῖσ ᾄδω τάσ [ἐκκλησίασ] ἐν αἷσ ἕνωσιν εὔχομαι σαρκόσ καί πνεύματοσ ἰησοῦ χριστοῦ
IgnMagn,ἐπίσκοπος,2:1,ἐπισκόπου,cargo,monoepiscopado;jerarquia,s2,corpus_cristiano,"sin paralelo en asociaciones (un solo ἐπίσκοπος distinto del colegio de πρεσβύτεροι). Corpus § 2: Ignacio (Ef 1,3; Magn 2,1; 6,1; Tral 2,2-3,1; Fil 4,1; Esm 8,1-2); ausente de Hechos, 1 Clemente y Didajé (control negativo) || IG XII,3 329 (Thera, ca. 200 a. C.; AGRW ID 12910); IRhodPC 2 (Rodas, s. II a. C.; AGRW ID 14975); IDelos 1522 (Delos, 98-117; AGRW ID 21076) || PMich V 244 (AGRW 301, 43)","εἷς ἐπίσκοπος ἅμα τῷ πρεσβυτερίῳ καὶ διακόνοις (IgnFil 4,1): primera atestación, Ignacio (ca. 110)",no,"Damas ἐπίσκοπος, presbíteros Baso y Apolonio, diácono Zotión, ὑποτάσσεται τῷ ἐπισκόπῳ … καὶ τῷ πρεσβυτερίῳ",οὖν ἠξιώθην ἰδεῖν ὑμᾶσ διά δαμᾶ τοῦ ἀξιοθέου ὑμῶν [ἐπισκόπου] καί πρεσβυτέρων ἀξίων βάσσου καί ἀπολλωνίου καί τοῦ συνδούλου
IgnMagn,πρεσβύτερος,2:1,πρεσβυτέρων,cargo,colegio;jerarquia,s1,asociaciones,"OGIS II 729 = SB V 8924 (Alejandría, 221-205 a. C.; GRA III 155); SEG 42.1312 (Kition, ca. 250-200 a. C.); PSI VIII 901 (Tebtynis, 46; GRA III 218); IFayum II 122 (Theadelphia, 109; GRA III 229) || IG XII,3 329 (Thera, ca. 200 a. C.); OGIS II 729 (Alejandría, 221-205 a. C.) || PMich V 244 (AGRW 301, 43)","οἱ πρεσβύτεροι τῶν ὀλυροκόπων (Alejandría); τὸν θίασον τῶν πρεσβυτέρων (Kition); οἱ δεκατρεῖς πρεσβύτεροι ἁλιέων (Tebtynis, 46 d. C.); πρεσβύτεροι de los tejedores (Theadelphia, 109)",no,,ἰδεῖν ὑμᾶσ διά δαμᾶ τοῦ ἀξιοθέου ὑμῶν ἐπισκόπου καί [πρεσβυτέρων] ἀξίων βάσσου καί ἀπολλωνίου καί τοῦ συνδούλου μου διακόνου
IgnMagn,διάκονος,2:1,διακόνου,cargo,jerarquia,s1,asociaciones,"RICIS 111/0102 = CIG II 1800 (Ambracia, s. I a. C.; AGRW ID 23778); IBeroia 26 (Berea, ca. 100-150; AGRW 36) || PMich V 244 (AGRW 301, 43)","τὸ κοινὸν τῶν διακόνων Σαράπει, Ἴσει, Ἀνούβει, Ἁρποκράτει, con sacerdote y lista de miembros (Ambracia); Π. Κορνήλιος Ῥοῦφος καὶ οἱ ὑπ’ αὐτὸν διάκονοι (Berea)",no,el diácono sometido a obispo y presbiterio,πρεσβυτέρων ἀξίων βάσσου καί ἀπολλωνίου καί τοῦ συνδούλου μου [διακόνου] ζωτίωνοσ οὗ ἐγώ ὀναίμην ὅτι ὑποτάσσεται τῷ ἐπισκόπῳ ὡσ
IgnMagn,ἐπίσκοπος,2:1,ἐπισκόπῳ,cargo,monoepiscopado;jerarquia,s2,corpus_cristiano,"sin paralelo en asociaciones (un solo ἐπίσκοπος distinto del colegio de πρεσβύτεροι). Corpus § 2: Ignacio (Ef 1,3; Magn 2,1; 6,1; Tral 2,2-3,1; Fil 4,1; Esm 8,1-2); ausente de Hechos, 1 Clemente y Didajé (control negativo) || IG XII,3 329 (Thera, ca. 200 a. C.; AGRW ID 12910); IRhodPC 2 (Rodas, s. II a. C.; AGRW ID 14975); IDelos 1522 (Delos, 98-117; AGRW ID 21076) || PMich V 244 (AGRW 301, 43)","εἷς ἐπίσκοπος ἅμα τῷ πρεσβυτερίῳ καὶ διακόνοις (IgnFil 4,1): primera atestación, Ignacio (ca. 110)",no,"Damas ἐπίσκοπος, presbíteros Baso y Apolonio, diácono Zotión, ὑποτάσσεται τῷ ἐπισκόπῳ … καὶ τῷ πρεσβυτερίῳ",μου διακόνου ζωτίωνοσ οὗ ἐγώ ὀναίμην ὅτι ὑποτάσσεται τῷ [ἐπισκόπῳ] ὡσ χάριτι θεοῦ καί τῷ πρεσβυτερίῳ ὡσ νόμῳ ἰησοῦ
IgnMagn,πρεσβύτερος,2:1,πρεσβυτερίῳ,cargo,colegio;jerarquia,s1,asociaciones,"OGIS II 729 = SB V 8924 (Alejandría, 221-205 a. C.; GRA III 155); SEG 42.1312 (Kition, ca. 250-200 a. C.); PSI VIII 901 (Tebtynis, 46; GRA III 218); IFayum II 122 (Theadelphia, 109; GRA III 229) || IG XII,3 329 (Thera, ca. 200 a. C.); OGIS II 729 (Alejandría, 221-205 a. C.) || PMich V 244 (AGRW 301, 43)","οἱ πρεσβύτεροι τῶν ὀλυροκόπων (Alejandría); τὸν θίασον τῶν πρεσβυτέρων (Kition); οἱ δεκατρεῖς πρεσβύτεροι ἁλιέων (Tebtynis, 46 d. C.); πρεσβύτεροι de los tejedores (Theadelphia, 109)",no,,ὅτι ὑποτάσσεται τῷ ἐπισκόπῳ ὡσ χάριτι θεοῦ καί τῷ [πρεσβυτερίῳ] ὡσ νόμῳ ἰησοῦ χριστοῦ καί ὑμῖν δέ πρέπει μή
IgnMagn,ἐπίσκοπος,3:1,ἐπισκόπου,cargo,monoepiscopado,s2,corpus_cristiano,"sin paralelo en asociaciones (un solo ἐπίσκοπος distinto del colegio de πρεσβύτεροι). Corpus § 2: Ignacio (Ef 1,3; Magn 2,1; 6,1; Tral 2,2-3,1; Fil 4,1; Esm 8,1-2); ausente de Hechos, 1 Clemente y Didajé (control negativo) || IG XII,3 329 (Thera, ca. 200 a. C.; AGRW ID 12910); IRhodPC 2 (Rodas, s. II a. C.; AGRW ID 14975); IDelos 1522 (Delos, 98-117; AGRW ID 21076)","εἷς ἐπίσκοπος ἅμα τῷ πρεσβυτερίῳ καὶ διακόνοις (IgnFil 4,1): primera atestación, Ignacio (ca. 110)",no,μὴ συγχρᾶσθαι τῇ ἡλικίᾳ τοῦ ἐπισκόπου: obispo joven,καί ὑμῖν δέ πρέπει μή συγχρᾶσθαι τῇ ἡλικίᾳ τοῦ [ἐπισκόπου] ἀλλά κατά δύναμιν θεοῦ πατρόσ πᾶσαν ἐντροπήν αὐτῷ ἀπονέμειν
IgnMagn,πρεσβύτερος,3:1,πρεσβυτέρουσ,cargo,colegio,s1,asociaciones,"OGIS II 729 = SB V 8924 (Alejandría, 221-205 a. C.; GRA III 155); SEG 42.1312 (Kition, ca. 250-200 a. C.); PSI VIII 901 (Tebtynis, 46; GRA III 218); IFayum II 122 (Theadelphia, 109; GRA III 229) || IG XII,3 329 (Thera, ca. 200 a. C.); OGIS II 729 (Alejandría, 221-205 a. C.)","οἱ πρεσβύτεροι τῶν ὀλυροκόπων (Alejandría); τὸν θίασον τῶν πρεσβυτέρων (Kition); οἱ δεκατρεῖς πρεσβύτεροι ἁλιέων (Tebtynis, 46 d. C.); πρεσβύτεροι de los tejedores (Theadelphia, 109)",no,τοὺς ἁγίους πρεσβυτέρους,πᾶσαν ἐντροπήν αὐτῷ ἀπονέμειν καθώσ ἔγνων καί τούσ ἁγίουσ [πρεσβυτέρουσ] οὐ προσειληφότασ τήν φαινομένην νεωτερικήν τάξιν ἀλλ’ ὡσ φρονίμουσ
IgnMagn,ἐπίσκοπος,3:1,ἐπισκόπῳ,no_institucional,,no_aplica,,,,no,"el Padre, τῷ πάντων ἐπισκόπῳ",αὐτῷ δέ ἀλλά τῷ πατρί ἰησοῦ χριστοῦ τῷ πάντων [ἐπισκόπῳ] εἰσ τιμήν οὖν ἐκείνου τοῦ θελήσαντοσ ἡμᾶσ πρέπον ἐστίν
IgnMagn,ἐπίσκοπος,3:2,ἐπίσκοπον,cargo,monoepiscopado,s2,corpus_cristiano,"sin paralelo en asociaciones (un solo ἐπίσκοπος distinto del colegio de πρεσβύτεροι). Corpus § 2: Ignacio (Ef 1,3; Magn 2,1; 6,1; Tral 2,2-3,1; Fil 4,1; Esm 8,1-2); ausente de Hechos, 1 Clemente y Didajé (control negativo) || IG XII,3 329 (Thera, ca. 200 a. C.; AGRW ID 12910); IRhodPC 2 (Rodas, s. II a. C.; AGRW ID 14975); IDelos 1522 (Delos, 98-117; AGRW ID 21076)","εἷς ἐπίσκοπος ἅμα τῷ πρεσβυτερίῳ καὶ διακόνοις (IgnFil 4,1): primera atestación, Ignacio (ca. 110)",no,,ἐστίν ἐπακούειν κατά μηδεμίαν ὑπόκρισιν ἐπεί οὐχ ὅτι τόν [ἐπίσκοπον] τοῦτον τόν βλεπόμενον πλανᾷ τισ ἀλλά τόν ἀόρατον παραλογίζεται
IgnMagn,ἐπίσκοπος,4:1,ἐπίσκοπον,cargo,monoepiscopado;disciplina,s2,corpus_cristiano,"sin paralelo en asociaciones (un solo ἐπίσκοπος distinto del colegio de πρεσβύτεροι). Corpus § 2: Ignacio (Ef 1,3; Magn 2,1; 6,1; Tral 2,2-3,1; Fil 4,1; Esm 8,1-2); ausente de Hechos, 1 Clemente y Didajé (control negativo) || IG XII,3 329 (Thera, ca. 200 a. C.; AGRW ID 12910); IRhodPC 2 (Rodas, s. II a. C.; AGRW ID 14975); IDelos 1522 (Delos, 98-117; AGRW ID 21076) || PMich V 243 (AGRW 300, 14-37); PMich V 244 (AGRW 301, 43); IG XII,3 330 (AGRW 243)","εἷς ἐπίσκοπος ἅμα τῷ πρεσβυτερίῳ καὶ διακόνοις (IgnFil 4,1): primera atestación, Ignacio (ca. 110)",sí,"τινες ἐπίσκοπον μὲν καλοῦσιν, χωρὶς δὲ αὐτοῦ πάντα πράσσουσιν: actuar sin el obispo, censurado (juicio: disciplina)",μόνον καλεῖσθαι χριστιανούσ ἀλλά καί εἶναι ὥσπερ καί τινεσ [ἐπίσκοπον] μέν καλοῦσιν χωρίσ δέ αὐτοῦ πάντα πράσσουσιν οἱ τοιοῦτοι
IgnMagn,ἐπίσκοπος,6:1,ἐπισκόπου,cargo,monoepiscopado;jerarquia,s2,corpus_cristiano,"sin paralelo en asociaciones (un solo ἐπίσκοπος distinto del colegio de πρεσβύτεροι). Corpus § 2: Ignacio (Ef 1,3; Magn 2,1; 6,1; Tral 2,2-3,1; Fil 4,1; Esm 8,1-2); ausente de Hechos, 1 Clemente y Didajé (control negativo) || IG XII,3 329 (Thera, ca. 200 a. C.; AGRW ID 12910); IRhodPC 2 (Rodas, s. II a. C.; AGRW ID 14975); IDelos 1522 (Delos, 98-117; AGRW ID 21076) || PMich V 244 (AGRW 301, 43)","εἷς ἐπίσκοπος ἅμα τῷ πρεσβυτερίῳ καὶ διακόνοις (IgnFil 4,1): primera atestación, Ignacio (ca. 110)",no,προκαθημένου τοῦ ἐπισκόπου εἰς τόπον θεοῦ καὶ τῶν πρεσβυτέρων εἰς τόπον συνεδρίου τῶν ἀποστόλων καὶ τῶν διακόνων,παραινῶ ἐν ὁμονοίᾳ θεοῦ σπουδάζετε πάντα πράσσειν προκαθημένου τοῦ [ἐπισκόπου] εἰσ τόπον θεοῦ καί τῶν πρεσβυτέρων εἰσ τόπον συνεδρίου
IgnMagn,πρεσβύτερος,6:1,πρεσβυτέρων,cargo,colegio;jerarquia,s1,asociaciones,"OGIS II 729 = SB V 8924 (Alejandría, 221-205 a. C.; GRA III 155); SEG 42.1312 (Kition, ca. 250-200 a. C.); PSI VIII 901 (Tebtynis, 46; GRA III 218); IFayum II 122 (Theadelphia, 109; GRA III 229) || IG XII,3 329 (Thera, ca. 200 a. C.); OGIS II 729 (Alejandría, 221-205 a. C.) || PMich V 244 (AGRW 301, 43)","οἱ πρεσβύτεροι τῶν ὀλυροκόπων (Alejandría); τὸν θίασον τῶν πρεσβυτέρων (Kition); οἱ δεκατρεῖς πρεσβύτεροι ἁλιέων (Tebtynis, 46 d. C.); πρεσβύτεροι de los tejedores (Theadelphia, 109)",no,,πράσσειν προκαθημένου τοῦ ἐπισκόπου εἰσ τόπον θεοῦ καί τῶν [πρεσβυτέρων] εἰσ τόπον συνεδρίου τῶν ἀποστόλων καί τῶν διακόνων τῶν
IgnMagn,διάκονος,6:1,διακόνων,cargo,jerarquia,s1,asociaciones,"RICIS 111/0102 = CIG II 1800 (Ambracia, s. I a. C.; AGRW ID 23778); IBeroia 26 (Berea, ca. 100-150; AGRW 36) || PMich V 244 (AGRW 301, 43)","τὸ κοινὸν τῶν διακόνων Σαράπει, Ἴσει, Ἀνούβει, Ἁρποκράτει, con sacerdote y lista de miembros (Ambracia); Π. Κορνήλιος Ῥοῦφος καὶ οἱ ὑπ’ αὐτὸν διάκονοι (Berea)",no,διακόνων … πεπιστευμένων διακονίαν Ἰησοῦ Χριστοῦ,τῶν πρεσβυτέρων εἰσ τόπον συνεδρίου τῶν ἀποστόλων καί τῶν [διακόνων] τῶν ἐμοί γλυκυτάτων πεπιστευμένων διακονίαν ἰησοῦ χριστοῦ ὅσ πρό
IgnMagn,διάκονος,6:1,διακονίαν,cargo,jerarquia,s1,asociaciones,"RICIS 111/0102 = CIG II 1800 (Ambracia, s. I a. C.; AGRW ID 23778); IBeroia 26 (Berea, ca. 100-150; AGRW 36) || PMich V 244 (AGRW 301, 43)","τὸ κοινὸν τῶν διακόνων Σαράπει, Ἴσει, Ἀνούβει, Ἁρποκράτει, con sacerdote y lista de miembros (Ambracia); Π. Κορνήλιος Ῥοῦφος καὶ οἱ ὑπ’ αὐτὸν διάκονοι (Berea)",no,διακόνων … πεπιστευμένων διακονίαν Ἰησοῦ Χριστοῦ,τῶν ἀποστόλων καί τῶν διακόνων τῶν ἐμοί γλυκυτάτων πεπιστευμένων [διακονίαν] ἰησοῦ χριστοῦ ὅσ πρό αἰώνων παρά πατρί ἦν καί
IgnMagn,ἐπίσκοπος,6:2,ἐπισκόπῳ,cargo,monoepiscopado,s2,corpus_cristiano,"sin paralelo en asociaciones (un solo ἐπίσκοπος distinto del colegio de πρεσβύτεροι). Corpus § 2: Ignacio (Ef 1,3; Magn 2,1; 6,1; Tral 2,2-3,1; Fil 4,1; Esm 8,1-2); ausente de Hechos, 1 Clemente y Didajé (control negativo) || IG XII,3 329 (Thera, ca. 200 a. C.; AGRW ID 12910); IRhodPC 2 (Rodas, s. II a. C.; AGRW ID 14975); IDelos 1522 (Delos, 98-117; AGRW ID 21076)","εἷς ἐπίσκοπος ἅμα τῷ πρεσβυτερίῳ καὶ διακόνοις (IgnFil 4,1): primera atestación, Ignacio (ca. 110)",no,,ἐν ὑμῖν ὅ δυνήσεται ὑμᾶσ μερίσαι ἀλλ’ ἑνώθητε τῷ [ἐπισκόπῳ] καί τοῖσ προκαθημένοισ εἰσ τύπον καί διδαχήν ἀφθαρσίασ ὥσπερ
IgnMagn,ἐπίσκοπος,7:1,ἐπισκόπου,cargo,monoepiscopado;jerarquia,s2,corpus_cristiano,"sin paralelo en asociaciones (un solo ἐπίσκοπος distinto del colegio de πρεσβύτεροι). Corpus § 2: Ignacio (Ef 1,3; Magn 2,1; 6,1; Tral 2,2-3,1; Fil 4,1; Esm 8,1-2); ausente de Hechos, 1 Clemente y Didajé (control negativo) || IG XII,3 329 (Thera, ca. 200 a. C.; AGRW ID 12910); IRhodPC 2 (Rodas, s. II a. C.; AGRW ID 14975); IDelos 1522 (Delos, 98-117; AGRW ID 21076) || PMich V 244 (AGRW 301, 43)","εἷς ἐπίσκοπος ἅμα τῷ πρεσβυτερίῳ καὶ διακόνοις (IgnFil 4,1): primera atestación, Ignacio (ca. 110)",no,μηδὲ ὑμεῖς ἄνευ τοῦ ἐπισκόπου καὶ τῶν πρεσβυτέρων μηδὲν πράσσετε,οὔτε διά τῶν ἀποστόλων οὕτωσ μηδέ ὑμεῖσ ἄνευ τοῦ [ἐπισκόπου] καί τῶν πρεσβυτέρων μηδέν πράσσετε μηδέ πειράσητε εὔλογόν τι
IgnMagn,πρεσβύτερος,7:1,πρεσβυτέρων,cargo,colegio;jerarquia,s1,asociaciones,"OGIS II 729 = SB V 8924 (Alejandría, 221-205 a. C.; GRA III 155); SEG 42.1312 (Kition, ca. 250-200 a. C.); PSI VIII 901 (Tebtynis, 46; GRA III 218); IFayum II 122 (Theadelphia, 109; GRA III 229) || IG XII,3 329 (Thera, ca. 200 a. C.); OGIS II 729 (Alejandría, 221-205 a. C.) || PMich V 244 (AGRW 301, 43)","οἱ πρεσβύτεροι τῶν ὀλυροκόπων (Alejandría); τὸν θίασον τῶν πρεσβυτέρων (Kition); οἱ δεκατρεῖς πρεσβύτεροι ἁλιέων (Tebtynis, 46 d. C.); πρεσβύτεροι de los tejedores (Theadelphia, 109)",no,,ἀποστόλων οὕτωσ μηδέ ὑμεῖσ ἄνευ τοῦ ἐπισκόπου καί τῶν [πρεσβυτέρων] μηδέν πράσσετε μηδέ πειράσητε εὔλογόν τι φαίνεσθαι ἰδίᾳ ὑμῖν
IgnMagn,ἐπίσκοπος,13:1,ἐπισκόπου,cargo,monoepiscopado,s2,corpus_cristiano,"sin paralelo en asociaciones (un solo ἐπίσκοπος distinto del colegio de πρεσβύτεροι). Corpus § 2: Ignacio (Ef 1,3; Magn 2,1; 6,1; Tral 2,2-3,1; Fil 4,1; Esm 8,1-2); ausente de Hechos, 1 Clemente y Didajé (control negativo) || IG XII,3 329 (Thera, ca. 200 a. C.; AGRW ID 12910); IRhodPC 2 (Rodas, s. II a. C.; AGRW ID 14975); IDelos 1522 (Delos, 98-117; AGRW ID 21076)","εἷς ἐπίσκοπος ἅμα τῷ πρεσβυτερίῳ καὶ διακόνοις (IgnFil 4,1): primera atestación, Ignacio (ca. 110)",no,,πνεύματι ἐν ἀρχῇ καί ἐν τέλει μετά τοῦ ἀξιοπρεπεστάτου [ἐπισκόπου] ὑμῶν καί ἀξιοπλόκου πνευματικοῦ στεφάνου τοῦ πρεσβυτερίου ὑμῶν καί
IgnMagn,πρεσβύτερος,13:1,πρεσβυτερίου,cargo,colegio,s1,asociaciones,"OGIS II 729 = SB V 8924 (Alejandría, 221-205 a. C.; GRA III 155); SEG 42.1312 (Kition, ca. 250-200 a. C.); PSI VIII 901 (Tebtynis, 46; GRA III 218); IFayum II 122 (Theadelphia, 109; GRA III 229) || IG XII,3 329 (Thera, ca. 200 a. C.); OGIS II 729 (Alejandría, 221-205 a. C.)","οἱ πρεσβύτεροι τῶν ὀλυροκόπων (Alejandría); τὸν θίασον τῶν πρεσβυτέρων (Kition); οἱ δεκατρεῖς πρεσβύτεροι ἁλιέων (Tebtynis, 46 d. C.); πρεσβύτεροι de los tejedores (Theadelphia, 109)",no,στεφάνου τοῦ πρεσβυτερίου,τοῦ ἀξιοπρεπεστάτου ἐπισκόπου ὑμῶν καί ἀξιοπλόκου πνευματικοῦ στεφάνου τοῦ [πρεσβυτερίου] ὑμῶν καί τῶν κατά θεόν διακόνων ὑποτάγητε τῷ ἐπισκόπῳ
IgnMagn,διάκονος,13:1,διακόνων,cargo,,s1,asociaciones,"RICIS 111/0102 = CIG II 1800 (Ambracia, s. I a. C.; AGRW ID 23778); IBeroia 26 (Berea, ca. 100-150; AGRW 36)","τὸ κοινὸν τῶν διακόνων Σαράπει, Ἴσει, Ἀνούβει, Ἁρποκράτει, con sacerdote y lista de miembros (Ambracia); Π. Κορνήλιος Ῥοῦφος καὶ οἱ ὑπ’ αὐτὸν διάκονοι (Berea)",no,,πνευματικοῦ στεφάνου τοῦ πρεσβυτερίου ὑμῶν καί τῶν κατά θεόν [διακόνων] ὑποτάγητε τῷ ἐπισκόπῳ καί ἀλλήλοισ ὡσ ἰησοῦσ χριστόσ τῷ
IgnMagn,ἐπίσκοπος,13:2,ἐπισκόπῳ,cargo,monoepiscopado;jerarquia,s2,corpus_cristiano,"sin paralelo en asociaciones (un solo ἐπίσκοπος distinto del colegio de πρεσβύτεροι). Corpus § 2: Ignacio (Ef 1,3; Magn 2,1; 6,1; Tral 2,2-3,1; Fil 4,1; Esm 8,1-2); ausente de Hechos, 1 Clemente y Didajé (control negativo) || IG XII,3 329 (Thera, ca. 200 a. C.; AGRW ID 12910); IRhodPC 2 (Rodas, s. II a. C.; AGRW ID 14975); IDelos 1522 (Delos, 98-117; AGRW ID 21076) || PMich V 244 (AGRW 301, 43)","εἷς ἐπίσκοπος ἅμα τῷ πρεσβυτερίῳ καὶ διακόνοις (IgnFil 4,1): primera atestación, Ignacio (ca. 110)",no,ὑποτάγητε τῷ ἐπισκόπῳ καὶ ἀλλήλοις,πρεσβυτερίου ὑμῶν καί τῶν κατά θεόν διακόνων ὑποτάγητε τῷ [ἐπισκόπῳ] καί ἀλλήλοισ ὡσ ἰησοῦσ χριστόσ τῷ πατρί καί οἱ
IgnMagn,ἐκκλησία,14:1,ἐκκλησίασ,local,,no_aplica,,,,no,la iglesia de Siria; la de Magnesia,προσευχαῖσ ὑμῶν ἵνα θεοῦ ἐπιτύχω καί τῆσ ἐν συρίᾳ [ἐκκλησίασ] ὅθεν οὐκ ἄξιόσ εἰμι καλεῖσθαι ἐπιδέομαι γάρ τῆσ ἡνωμένησ
IgnMagn,ἐκκλησία,14:1,ἐκκλησίαν,local,,no_aplica,,,,no,la iglesia de Siria; la de Magnesia,προσευχῆσ καί ἀγάπησ εἰσ τό ἀξιωθῆναι τήν ἐν συρίᾳ [ἐκκλησίαν] διά τῆσ ἐκκλησίασ ὑμῶν δροσισθῆναι ἀσπάζονται ὑμᾶσ ἐφέσιοι ἀπό
IgnMagn,ἐκκλησία,14:1,ἐκκλησίασ,local,,no_aplica,,,,no,la iglesia de Siria; la de Magnesia,εἰσ τό ἀξιωθῆναι τήν ἐν συρίᾳ ἐκκλησίαν διά τῆσ [ἐκκλησίασ] ὑμῶν δροσισθῆναι ἀσπάζονται ὑμᾶσ ἐφέσιοι ἀπό σμύρνησ ὅθεν καί
IgnMagn,ἐπίσκοπος,15:1,ἐπισκόπῳ,cargo,monoepiscopado,s2,corpus_cristiano,"sin paralelo en asociaciones (un solo ἐπίσκοπος distinto del colegio de πρεσβύτεροι). Corpus § 2: Ignacio (Ef 1,3; Magn 2,1; 6,1; Tral 2,2-3,1; Fil 4,1; Esm 8,1-2); ausente de Hechos, 1 Clemente y Didajé (control negativo) || IG XII,3 329 (Thera, ca. 200 a. C.; AGRW ID 12910); IRhodPC 2 (Rodas, s. II a. C.; AGRW ID 14975); IDelos 1522 (Delos, 98-117; AGRW ID 21076)","εἷς ἐπίσκοπος ἅμα τῷ πρεσβυτερίῳ καὶ διακόνοις (IgnFil 4,1): primera atestación, Ignacio (ca. 110)",no,Πολυκάρπῳ ἐπισκόπῳ Σμυρναίων,καί ὑμεῖσ οἵ κατά πάντα με ἀνέπαυσαν ἅμα πολυκάρπῳ [ἐπισκόπῳ] σμυρναίων καί αἱ λοιπαί δέ ἐκκλησίαι ἐν τιμῇ ἰησοῦ
IgnMagn,ἐκκλησία,15:1,ἐκκλησίαι,local,,no_aplica,,,,no,,ἀνέπαυσαν ἅμα πολυκάρπῳ ἐπισκόπῳ σμυρναίων καί αἱ λοιπαί δέ [ἐκκλησίαι] ἐν τιμῇ ἰησοῦ χριστοῦ ἀσπάζονται ὑμᾶσ ἔρρωσθε ἐν ὁμονοίᾳ
IgnTral,ἐκκλησία,0:1,ἐκκλησίᾳ,local,,no_aplica,,,,no,prescripto,ἰγνάτιοσ ὁ καί θεοφόροσ ἠγαπημένῃ θεῷ πατρί ἰησοῦ χριστοῦ [ἐκκλησίᾳ] ἁγίᾳ τῇ οὔσῃ ἐν τράλλεσιν τῆσ ἀσίασ ἐκλεκτῇ καί
IgnTral,ἐπίσκοπος,1:1,ἐπίσκοποσ,cargo,monoepiscopado,s2,corpus_cristiano,"sin paralelo en asociaciones (un solo ἐπίσκοπος distinto del colegio de πρεσβύτεροι). Corpus § 2: Ignacio (Ef 1,3; Magn 2,1; 6,1; Tral 2,2-3,1; Fil 4,1; Esm 8,1-2); ausente de Hechos, 1 Clemente y Didajé (control negativo) || IG XII,3 329 (Thera, ca. 200 a. C.; AGRW ID 12910); IRhodPC 2 (Rodas, s. II a. C.; AGRW ID 14975); IDelos 1522 (Delos, 98-117; AGRW ID 21076)","εἷς ἐπίσκοπος ἅμα τῷ πρεσβυτερίῳ καὶ διακόνοις (IgnFil 4,1): primera atestación, Ignacio (ca. 110)",no,Polibio ὁ ἐπίσκοπος ὑμῶν,χρῆσιν ἀλλά κατά φύσιν καθώσ ἐδήλωσέν μοι πολύβιοσ ὁ [ἐπίσκοποσ] ὑμῶν ὅσ παρεγένετο θελήματι θεοῦ καί ἰησοῦ χριστοῦ ἐν
IgnTral,ἐπίσκοπος,2:1,ἐπισκόπῳ,cargo,monoepiscopado;jerarquia,s2,corpus_cristiano,"sin paralelo en asociaciones (un solo ἐπίσκοπος distinto del colegio de πρεσβύτεροι). Corpus § 2: Ignacio (Ef 1,3; Magn 2,1; 6,1; Tral 2,2-3,1; Fil 4,1; Esm 8,1-2); ausente de Hechos, 1 Clemente y Didajé (control negativo) || IG XII,3 329 (Thera, ca. 200 a. C.; AGRW ID 12910); IRhodPC 2 (Rodas, s. II a. C.; AGRW ID 14975); IDelos 1522 (Delos, 98-117; AGRW ID 21076) || PMich V 244 (AGRW 301, 43)","εἷς ἐπίσκοπος ἅμα τῷ πρεσβυτερίῳ καὶ διακόνοις (IgnFil 4,1): primera atestación, Ignacio (ca. 110)",no,τῷ ἐπισκόπῳ ὑποτάσσησθε ὡς Ἰησοῦ Χριστῷ,ὑμᾶσ ὡσ ἔγνων μιμητάσ ὄντασ θεοῦ ὅταν γάρ τῷ [ἐπισκόπῳ] ὑποτάσσησθε ὡσ ἰησοῦ χριστῷ φαίνεσθέ μοι οὐ κατά ἄνθρωπον
IgnTral,ἐπίσκοπος,2:2,ἐπισκόπου,cargo,monoepiscopado;jerarquia,s2,corpus_cristiano,"sin paralelo en asociaciones (un solo ἐπίσκοπος distinto del colegio de πρεσβύτεροι). Corpus § 2: Ignacio (Ef 1,3; Magn 2,1; 6,1; Tral 2,2-3,1; Fil 4,1; Esm 8,1-2); ausente de Hechos, 1 Clemente y Didajé (control negativo) || IG XII,3 329 (Thera, ca. 200 a. C.; AGRW ID 12910); IRhodPC 2 (Rodas, s. II a. C.; AGRW ID 14975); IDelos 1522 (Delos, 98-117; AGRW ID 21076) || PMich V 244 (AGRW 301, 43)","εἷς ἐπίσκοπος ἅμα τῷ πρεσβυτερίῳ καὶ διακόνοις (IgnFil 4,1): primera atestación, Ignacio (ca. 110)",no,ἄνευ τοῦ ἐπισκόπου μηδὲν πράσσειν,ἀποθανεῖν ἐκφύγητε ἀναγκαῖον οὖν ἐστίν ὥσπερ ποιεῖτε ἄνευ τοῦ [ἐπισκόπου] μηδέν πράσσειν ὑμᾶσ ἀλλ’ ὑποτάσσεσθαι καί τῷ πρεσβυτερίῳ ὡσ
IgnTral,πρεσβύτερος,2:2,πρεσβυτερίῳ,cargo,colegio;jerarquia,s1,asociaciones,"OGIS II 729 = SB V 8924 (Alejandría, 221-205 a. C.; GRA III 155); SEG 42.1312 (Kition, ca. 250-200 a. C.); PSI VIII 901 (Tebtynis, 46; GRA III 218); IFayum II 122 (Theadelphia, 109; GRA III 229) || IG XII,3 329 (Thera, ca. 200 a. C.); OGIS II 729 (Alejandría, 221-205 a. C.) || PMich V 244 (AGRW 301, 43)","οἱ πρεσβύτεροι τῶν ὀλυροκόπων (Alejandría); τὸν θίασον τῶν πρεσβυτέρων (Kition); οἱ δεκατρεῖς πρεσβύτεροι ἁλιέων (Tebtynis, 46 d. C.); πρεσβύτεροι de los tejedores (Theadelphia, 109)",no,ὑποτάσσεσθαι καὶ τῷ πρεσβυτερίῳ ὡς τοῖς ἀποστόλοις,τοῦ ἐπισκόπου μηδέν πράσσειν ὑμᾶσ ἀλλ’ ὑποτάσσεσθαι καί τῷ [πρεσβυτερίῳ] ὡσ τοῖσ ἀποστόλοισ ἰησοῦ χριστοῦ τῆσ ἐλπίδοσ ἡμῶν ἐν
IgnTral,διάκονος,2:3,διακόνουσ,cargo,requisitos,s1,asociaciones,"RICIS 111/0102 = CIG II 1800 (Ambracia, s. I a. C.; AGRW ID 23778); IBeroia 26 (Berea, ca. 100-150; AGRW 36) || PLond VII 2193 (AGRW 295, 69-58 a. C.); IG XII,3 330 (Thera, 210-195 a. C.; AGRW 243)","τὸ κοινὸν τῶν διακόνων Σαράπει, Ἴσει, Ἀνούβει, Ἁρποκράτει, con sacerdote y lista de miembros (Ambracia); Π. Κορνήλιος Ῥοῦφος καὶ οἱ ὑπ’ αὐτὸν διάκονοι (Berea)",sí,δεῖ δὲ καὶ τοὺς διακόνους ὄντας μυστηρίων Ἰησοῦ Χριστοῦ κατὰ πάντα τρόπον πᾶσιν ἀρέσκειν: exigencia general (juicio: requisitos),ἡμῶν ἐν ᾧ διάγοντεσ εὑρεθησόμεθα δεῖ δέ καί τούσ [διακόνουσ] ὄντασ μυστηρίων ἰησοῦ χριστοῦ κατά πάντα τρόπον πᾶσιν ἀρέσκειν
IgnTral,διάκονος,2:3,διάκονοι,cargo,requisitos,s1,asociaciones,"RICIS 111/0102 = CIG II 1800 (Ambracia, s. I a. C.; AGRW ID 23778); IBeroia 26 (Berea, ca. 100-150; AGRW 36) || PLond VII 2193 (AGRW 295, 69-58 a. C.); IG XII,3 330 (Thera, 210-195 a. C.; AGRW 243)","τὸ κοινὸν τῶν διακόνων Σαράπει, Ἴσει, Ἀνούβει, Ἁρποκράτει, con sacerdote y lista de miembros (Ambracia); Π. Κορνήλιος Ῥοῦφος καὶ οἱ ὑπ’ αὐτὸν διάκονοι (Berea)",sí,δεῖ δὲ καὶ τοὺς διακόνους ὄντας μυστηρίων Ἰησοῦ Χριστοῦ κατὰ πάντα τρόπον πᾶσιν ἀρέσκειν: exigencia general (juicio: requisitos),τρόπον πᾶσιν ἀρέσκειν οὐ γάρ βρωμάτων καί ποτῶν εἰσιν [διάκονοι] ἀλλ’ ἐκκλησίασ θεοῦ ὑπηρέται δέον οὖν αὐτούσ φυλάσσεσθαι τά
IgnTral,ἐκκλησία,2:3,ἐκκλησίασ,local,,no_aplica,,,,no,ἐκκλησίας θεοῦ ὑπηρέται,ἀρέσκειν οὐ γάρ βρωμάτων καί ποτῶν εἰσιν διάκονοι ἀλλ’ [ἐκκλησίασ] θεοῦ ὑπηρέται δέον οὖν αὐτούσ φυλάσσεσθαι τά ἐγκλήματα ὡσ
IgnTral,διάκονος,3:1,διακόνουσ,cargo,jerarquia,s1,asociaciones,"RICIS 111/0102 = CIG II 1800 (Ambracia, s. I a. C.; AGRW ID 23778); IBeroia 26 (Berea, ca. 100-150; AGRW 36) || PMich V 244 (AGRW 301, 43)","τὸ κοινὸν τῶν διακόνων Σαράπει, Ἴσει, Ἀνούβει, Ἁρποκράτει, con sacerdote y lista de miembros (Ambracia); Π. Κορνήλιος Ῥοῦφος καὶ οἱ ὑπ’ αὐτὸν διάκονοι (Berea)",no,"πάντες ἐντρεπέσθωσαν τοὺς διακόνους ὡς Ἰησοῦν Χριστόν, ὡς καὶ τὸν ἐπίσκοπον … τοὺς δὲ πρεσβυτέρους ὡς συνέδριον θεοῦ",φυλάσσεσθαι τά ἐγκλήματα ὡσ πῦρ ὁμοίωσ πάντεσ ἐντρεπέσθωσαν τούσ [διακόνουσ] ὡσ ἰησοῦν χριστόν ὡσ καί τόν ἐπίσκοπον ὄντα τύπον
IgnTral,ἐπίσκοπος,3:1,ἐπίσκοπον,cargo,monoepiscopado;jerarquia,s2,corpus_cristiano,"sin paralelo en asociaciones (un solo ἐπίσκοπος distinto del colegio de πρεσβύτεροι). Corpus § 2: Ignacio (Ef 1,3; Magn 2,1; 6,1; Tral 2,2-3,1; Fil 4,1; Esm 8,1-2); ausente de Hechos, 1 Clemente y Didajé (control negativo) || IG XII,3 329 (Thera, ca. 200 a. C.; AGRW ID 12910); IRhodPC 2 (Rodas, s. II a. C.; AGRW ID 14975); IDelos 1522 (Delos, 98-117; AGRW ID 21076) || PMich V 244 (AGRW 301, 43)","εἷς ἐπίσκοπος ἅμα τῷ πρεσβυτερίῳ καὶ διακόνοις (IgnFil 4,1): primera atestación, Ignacio (ca. 110)",no,,ἐντρεπέσθωσαν τούσ διακόνουσ ὡσ ἰησοῦν χριστόν ὡσ καί τόν [ἐπίσκοπον] ὄντα τύπον τοῦ πατρόσ τούσ δέ πρεσβυτέρουσ ὡσ συνέδριον
IgnTral,πρεσβύτερος,3:1,πρεσβυτέρουσ,cargo,colegio;jerarquia,s1,asociaciones,"OGIS II 729 = SB V 8924 (Alejandría, 221-205 a. C.; GRA III 155); SEG 42.1312 (Kition, ca. 250-200 a. C.); PSI VIII 901 (Tebtynis, 46; GRA III 218); IFayum II 122 (Theadelphia, 109; GRA III 229) || IG XII,3 329 (Thera, ca. 200 a. C.); OGIS II 729 (Alejandría, 221-205 a. C.) || PMich V 244 (AGRW 301, 43)","οἱ πρεσβύτεροι τῶν ὀλυροκόπων (Alejandría); τὸν θίασον τῶν πρεσβυτέρων (Kition); οἱ δεκατρεῖς πρεσβύτεροι ἁλιέων (Tebtynis, 46 d. C.); πρεσβύτεροι de los tejedores (Theadelphia, 109)",no,,καί τόν ἐπίσκοπον ὄντα τύπον τοῦ πατρόσ τούσ δέ [πρεσβυτέρουσ] ὡσ συνέδριον θεοῦ καί ὡσ σύνδεσμον ἀποστόλων χωρίσ τούτων
IgnTral,ἐκκλησία,3:1,ἐκκλησία,universal,,no_aplica,,,,sí,χωρὶς τούτων ἐκκλησία οὐ καλεῖται: sin los tres cargos no hay iglesia,ὡσ συνέδριον θεοῦ καί ὡσ σύνδεσμον ἀποστόλων χωρίσ τούτων [ἐκκλησία] οὐ καλεῖται περί ὧν πέπεισμαι ὑμᾶσ οὕτωσ ἔχειν τό
IgnTral,ἐπίσκοπος,3:2,ἐπισκόπῳ,cargo,monoepiscopado,s2,corpus_cristiano,"sin paralelo en asociaciones (un solo ἐπίσκοπος distinto del colegio de πρεσβύτεροι). Corpus § 2: Ignacio (Ef 1,3; Magn 2,1; 6,1; Tral 2,2-3,1; Fil 4,1; Esm 8,1-2); ausente de Hechos, 1 Clemente y Didajé (control negativo) || IG XII,3 329 (Thera, ca. 200 a. C.; AGRW ID 12910); IRhodPC 2 (Rodas, s. II a. C.; AGRW ID 14975); IDelos 1522 (Delos, 98-117; AGRW ID 21076)","εἷς ἐπίσκοπος ἅμα τῷ πρεσβυτερίῳ καὶ διακόνοις (IgnFil 4,1): primera atestación, Ignacio (ca. 110)",no,,ἀγάπησ ὑμῶν ἔλαβον καί ἔχω μεθ’ ἑαυτοῦ ἐν τῷ [ἐπισκόπῳ] ὑμῶν οὗ αὐτό τό κατάστημα μεγάλη μαθητεία ἡ δέ
IgnTral,ἐπίσκοπος,7:1,ἐπισκόπου,cargo,monoepiscopado,s2,corpus_cristiano,"sin paralelo en asociaciones (un solo ἐπίσκοπος distinto del colegio de πρεσβύτεροι). Corpus § 2: Ignacio (Ef 1,3; Magn 2,1; 6,1; Tral 2,2-3,1; Fil 4,1; Esm 8,1-2); ausente de Hechos, 1 Clemente y Didajé (control negativo) || IG XII,3 329 (Thera, ca. 200 a. C.; AGRW ID 12910); IRhodPC 2 (Rodas, s. II a. C.; AGRW ID 14975); IDelos 1522 (Delos, 98-117; AGRW ID 21076)","εἷς ἐπίσκοπος ἅμα τῷ πρεσβυτερίῳ καὶ διακόνοις (IgnFil 4,1): primera atestación, Ignacio (ca. 110)",no,ἀχωρίστοις θεοῦ Ἰησοῦ Χριστοῦ καὶ τοῦ ἐπισκόπου,φυσιουμένοισ καί οὖσιν ἀχωρίστοισ θεοῦ ἰησοῦ χριστοῦ καί τοῦ [ἐπισκόπου] καί τῶν διαταγμάτων τῶν ἀποστόλων ὁ ἐντόσ θυσιαστηρίου ὤν
IgnTral,ἐπίσκοπος,7:2,ἐπισκόπου,cargo,monoepiscopado;jerarquia,s2,corpus_cristiano,"sin paralelo en asociaciones (un solo ἐπίσκοπος distinto del colegio de πρεσβύτεροι). Corpus § 2: Ignacio (Ef 1,3; Magn 2,1; 6,1; Tral 2,2-3,1; Fil 4,1; Esm 8,1-2); ausente de Hechos, 1 Clemente y Didajé (control negativo) || IG XII,3 329 (Thera, ca. 200 a. C.; AGRW ID 12910); IRhodPC 2 (Rodas, s. II a. C.; AGRW ID 14975); IDelos 1522 (Delos, 98-117; AGRW ID 21076) || PMich V 244 (AGRW 301, 43)","εἷς ἐπίσκοπος ἅμα τῷ πρεσβυτερίῳ καὶ διακόνοις (IgnFil 4,1): primera atestación, Ignacio (ca. 110)",no,"ὁ χωρὶς ἐπισκόπου καὶ πρεσβυτερίου καὶ διακόνων πράσσων τι, οὗτος οὐ καθαρός ἐστιν",θυσιαστηρίου ὤν οὐ καθαρόσ ἐστιν τοῦτ’ ἔστιν ὁ χωρίσ [ἐπισκόπου] καί πρεσβυτερίου καί διακόνων πράσσων τι οὗτοσ οὐ καθαρόσ
IgnTral,πρεσβύτερος,7:2,πρεσβυτερίου,cargo,colegio;jerarquia,s1,asociaciones,"OGIS II 729 = SB V 8924 (Alejandría, 221-205 a. C.; GRA III 155); SEG 42.1312 (Kition, ca. 250-200 a. C.); PSI VIII 901 (Tebtynis, 46; GRA III 218); IFayum II 122 (Theadelphia, 109; GRA III 229) || IG XII,3 329 (Thera, ca. 200 a. C.); OGIS II 729 (Alejandría, 221-205 a. C.) || PMich V 244 (AGRW 301, 43)","οἱ πρεσβύτεροι τῶν ὀλυροκόπων (Alejandría); τὸν θίασον τῶν πρεσβυτέρων (Kition); οἱ δεκατρεῖς πρεσβύτεροι ἁλιέων (Tebtynis, 46 d. C.); πρεσβύτεροι de los tejedores (Theadelphia, 109)",no,,οὐ καθαρόσ ἐστιν τοῦτ’ ἔστιν ὁ χωρίσ ἐπισκόπου καί [πρεσβυτερίου] καί διακόνων πράσσων τι οὗτοσ οὐ καθαρόσ ἐστιν τῇ
IgnTral,διάκονος,7:2,διακόνων,cargo,jerarquia,s1,asociaciones,"RICIS 111/0102 = CIG II 1800 (Ambracia, s. I a. C.; AGRW ID 23778); IBeroia 26 (Berea, ca. 100-150; AGRW 36) || PMich V 244 (AGRW 301, 43)","τὸ κοινὸν τῶν διακόνων Σαράπει, Ἴσει, Ἀνούβει, Ἁρποκράτει, con sacerdote y lista de miembros (Ambracia); Π. Κορνήλιος Ῥοῦφος καὶ οἱ ὑπ’ αὐτὸν διάκονοι (Berea)",no,,ἐστιν τοῦτ’ ἔστιν ὁ χωρίσ ἐπισκόπου καί πρεσβυτερίου καί [διακόνων] πράσσων τι οὗτοσ οὐ καθαρόσ ἐστιν τῇ συνειδήσει οὐκ
IgnTral,ἐκκλησία,12:1,ἐκκλησίαισ,local,,no_aplica,,,,no,,αὐτόσ ἀσπάζομαι ὑμᾶσ ἀπό σμύρνησ ἅμα ταῖσ συμπαρούσαισ μοι [ἐκκλησίαισ] τοῦ θεοῦ οἵ κατά πάντα με ἀνέπαυσαν σαρκί τε
IgnTral,πρεσβύτερος,12:2,πρεσβυτέροισ,cargo,colegio,s1,asociaciones,"OGIS II 729 = SB V 8924 (Alejandría, 221-205 a. C.; GRA III 155); SEG 42.1312 (Kition, ca. 250-200 a. C.); PSI VIII 901 (Tebtynis, 46; GRA III 218); IFayum II 122 (Theadelphia, 109; GRA III 229) || IG XII,3 329 (Thera, ca. 200 a. C.); OGIS II 729 (Alejandría, 221-205 a. C.)","οἱ πρεσβύτεροι τῶν ὀλυροκόπων (Alejandría); τὸν θίασον τῶν πρεσβυτέρων (Kition); οἱ δεκατρεῖς πρεσβύτεροι ἁλιέων (Tebtynis, 46 d. C.); πρεσβύτεροι de los tejedores (Theadelphia, 109)",no,,πρέπει γάρ ὑμῖν τοῖσ καθ’ ἕνα ἐξαιρέτωσ καί τοῖσ [πρεσβυτέροισ] ἀναψύχειν τόν ἐπίσκοπον εἰσ τιμήν πατρόσ ἰησοῦ χριστοῦ καί
IgnTral,ἐπίσκοπος,12:2,ἐπίσκοπον,cargo,monoepiscopado,s2,corpus_cristiano,"sin paralelo en asociaciones (un solo ἐπίσκοπος distinto del colegio de πρεσβύτεροι). Corpus § 2: Ignacio (Ef 1,3; Magn 2,1; 6,1; Tral 2,2-3,1; Fil 4,1; Esm 8,1-2); ausente de Hechos, 1 Clemente y Didajé (control negativo) || IG XII,3 329 (Thera, ca. 200 a. C.; AGRW ID 12910); IRhodPC 2 (Rodas, s. II a. C.; AGRW ID 14975); IDelos 1522 (Delos, 98-117; AGRW ID 21076)","εἷς ἐπίσκοπος ἅμα τῷ πρεσβυτερίῳ καὶ διακόνοις (IgnFil 4,1): primera atestación, Ignacio (ca. 110)",no,,τοῖσ καθ’ ἕνα ἐξαιρέτωσ καί τοῖσ πρεσβυτέροισ ἀναψύχειν τόν [ἐπίσκοπον] εἰσ τιμήν πατρόσ ἰησοῦ χριστοῦ καί τῶν ἀποστόλων εὔχομαι
IgnTral,ἐκκλησία,13:1,ἐκκλησίασ,local,,no_aplica,,,,no,,ἐφεσίων μνημονεύετε ἐν ταῖσ προσευχαῖσ ὑμῶν τῆσ ἐν συρίᾳ [ἐκκλησίασ] ὅθεν καί οὐκ ἄξιόσ εἰμι λέγεσθαι ὤν ἔσχατοσ ἐκείνων
IgnTral,ἐπίσκοπος,13:2,ἐπισκόπῳ,cargo,monoepiscopado;jerarquia,s2,corpus_cristiano,"sin paralelo en asociaciones (un solo ἐπίσκοπος distinto del colegio de πρεσβύτεροι). Corpus § 2: Ignacio (Ef 1,3; Magn 2,1; 6,1; Tral 2,2-3,1; Fil 4,1; Esm 8,1-2); ausente de Hechos, 1 Clemente y Didajé (control negativo) || IG XII,3 329 (Thera, ca. 200 a. C.; AGRW ID 12910); IRhodPC 2 (Rodas, s. II a. C.; AGRW ID 14975); IDelos 1522 (Delos, 98-117; AGRW ID 21076) || PMich V 244 (AGRW 301, 43)","εἷς ἐπίσκοπος ἅμα τῷ πρεσβυτερίῳ καὶ διακόνοις (IgnFil 4,1): primera atestación, Ignacio (ca. 110)",no,"ὑποτασσόμενοι τῷ ἐπισκόπῳ ὡς τῇ ἐντολῇ, ὁμοίως καὶ τῷ πρεσβυτερίῳ",ὤν ἔσχατοσ ἐκείνων ἔρρωσθε ἐν ἰησοῦ χριστῷ ὑποτασσόμενοι τῷ [ἐπισκόπῳ] ὡσ τῇ ἐντολῇ ὁμοίωσ καί τῷ πρεσβυτερίῳ καί οἱ
IgnTral,πρεσβύτερος,13:2,πρεσβυτερίῳ,cargo,colegio;jerarquia,s1,asociaciones,"OGIS II 729 = SB V 8924 (Alejandría, 221-205 a. C.; GRA III 155); SEG 42.1312 (Kition, ca. 250-200 a. C.); PSI VIII 901 (Tebtynis, 46; GRA III 218); IFayum II 122 (Theadelphia, 109; GRA III 229) || IG XII,3 329 (Thera, ca. 200 a. C.); OGIS II 729 (Alejandría, 221-205 a. C.) || PMich V 244 (AGRW 301, 43)","οἱ πρεσβύτεροι τῶν ὀλυροκόπων (Alejandría); τὸν θίασον τῶν πρεσβυτέρων (Kition); οἱ δεκατρεῖς πρεσβύτεροι ἁλιέων (Tebtynis, 46 d. C.); πρεσβύτεροι de los tejedores (Theadelphia, 109)",no,,ὑποτασσόμενοι τῷ ἐπισκόπῳ ὡσ τῇ ἐντολῇ ὁμοίωσ καί τῷ [πρεσβυτερίῳ] καί οἱ κατ’ ἄνδρα ἀλλήλουσ ἀγαπᾶτε ἐν ἀμερίστῳ καρδίᾳ
IgnRom,ἐκκλησία,0:1,ἐκκλησίᾳ,local,,no_aplica,,,,no,prescripto,πατρόσ ὑψίστου καί ἰησοῦ χριστοῦ τοῦ μόνου υἱοῦ αὐτοῦ [ἐκκλησίᾳ] ἠγαπημένῃ καί πεφωτισμένῃ ἐν θελήματι τοῦ θελήσαντοσ τά πάντα
IgnRom,ἐπίσκοπος,2:2,ἐπίσκοπον,cargo,monoepiscopado,s2,corpus_cristiano,"sin paralelo en asociaciones (un solo ἐπίσκοπος distinto del colegio de πρεσβύτεροι). Corpus § 2: Ignacio (Ef 1,3; Magn 2,1; 6,1; Tral 2,2-3,1; Fil 4,1; Esm 8,1-2); ausente de Hechos, 1 Clemente y Didajé (control negativo) || IG XII,3 329 (Thera, ca. 200 a. C.; AGRW ID 12910); IRhodPC 2 (Rodas, s. II a. C.; AGRW ID 14975); IDelos 1522 (Delos, 98-117; AGRW ID 21076)","εἷς ἐπίσκοπος ἅμα τῷ πρεσβυτερίῳ καὶ διακόνοις (IgnFil 4,1): primera atestación, Ignacio (ca. 110)",no,τὸν ἐπίσκοπον Συρίας (Ignacio),γενόμενοι ᾄσητε τῷ πατρί ἐν χριστῷ ἰησοῦ ὅτι τόν [ἐπίσκοπον] συρίασ ὁ θεόσ κατηξίωσεν εὑρεθῆναι εἰσ δύσιν ἀπό ἀνατολῆσ
IgnRom,ἐκκλησία,4:1,ἐκκλησίαισ,local,,no_aplica,,,,no,πάσαις ταῖς ἐκκλησίαις,χριστιανισμόσ ὅταν μισῆται ὑπό κόσμου ἐγώ γράφω πάσαισ ταῖσ [ἐκκλησίαισ] καί ἐντέλλομαι πᾶσιν ὅτι ἐγώ ἑκών ὑπέρ θεοῦ ἀποθνήσκω
IgnRom,ἐκκλησία,9:1,ἐκκλησίασ,local,,no_aplica,,,,no,la iglesia de Siria,ἐμισήσατε μνημονεύετε ἐν τῇ προσευχῇ ὑμῶν τῆσ ἐν συρίᾳ [ἐκκλησίασ] ἥτισ ἀντί ἐμοῦ ποιμένι τῷ θεῷ χρῆται μόνοσ αὐτήν
IgnRom,ἐπίσκοπος,9:1,ἐπισκοπήσει,no_institucional,,no_aplica,,,,no,"Ἰησοῦς Χριστὸς ἐπισκοπήσει (verbo, Cristo)",ἐμοῦ ποιμένι τῷ θεῷ χρῆται μόνοσ αὐτήν ἰησοῦσ χριστόσ [ἐπισκοπήσει] καί ἡ ὑμῶν ἀγάπη ἐγώ δέ αἰσχύνομαι ἐξ αὐτῶν
IgnFil,ἐκκλησία,0:1,ἐκκλησίᾳ,local,,no_aplica,,,,no,prescripto,ἰγνάτιοσ ὁ καί θεοφόροσ [ἐκκλησίᾳ] θεοῦ πατρόσ καί κυρίου ἰησοῦ χριστοῦ τῇ οὔσῃ ἐν
IgnFil,ἐπίσκοπος,0:1,ἐπισκόπῳ,cargo,monoepiscopado;jerarquia,s2,corpus_cristiano,"sin paralelo en asociaciones (un solo ἐπίσκοπος distinto del colegio de πρεσβύτεροι). Corpus § 2: Ignacio (Ef 1,3; Magn 2,1; 6,1; Tral 2,2-3,1; Fil 4,1; Esm 8,1-2); ausente de Hechos, 1 Clemente y Didajé (control negativo) || IG XII,3 329 (Thera, ca. 200 a. C.; AGRW ID 12910); IRhodPC 2 (Rodas, s. II a. C.; AGRW ID 14975); IDelos 1522 (Delos, 98-117; AGRW ID 21076) || PMich V 244 (AGRW 301, 43)","εἷς ἐπίσκοπος ἅμα τῷ πρεσβυτερίῳ καὶ διακόνοις (IgnFil 4,1): primera atestación, Ignacio (ca. 110)",no,σὺν τῷ ἐπισκόπῳ καὶ τοῖς σὺν αὐτῷ πρεσβυτέροις καὶ διακόνοις ἀποδεδειγμένοις ἐν γνώμῃ Ἰησοῦ Χριστοῦ,καί παράμονοσ μάλιστα ἐάν ἐν ἑνί ὦσιν σύν τῷ [ἐπισκόπῳ] καί τοῖσ σύν αὐτῷ πρεσβυτέροισ καί διακόνοισ ἀποδεδειγμένοισ ἐν
IgnFil,πρεσβύτερος,0:1,πρεσβυτέροισ,cargo,colegio;jerarquia,s1,asociaciones,"OGIS II 729 = SB V 8924 (Alejandría, 221-205 a. C.; GRA III 155); SEG 42.1312 (Kition, ca. 250-200 a. C.); PSI VIII 901 (Tebtynis, 46; GRA III 218); IFayum II 122 (Theadelphia, 109; GRA III 229) || IG XII,3 329 (Thera, ca. 200 a. C.); OGIS II 729 (Alejandría, 221-205 a. C.) || PMich V 244 (AGRW 301, 43)","οἱ πρεσβύτεροι τῶν ὀλυροκόπων (Alejandría); τὸν θίασον τῶν πρεσβυτέρων (Kition); οἱ δεκατρεῖς πρεσβύτεροι ἁλιέων (Tebtynis, 46 d. C.); πρεσβύτεροι de los tejedores (Theadelphia, 109)",no,,ἑνί ὦσιν σύν τῷ ἐπισκόπῳ καί τοῖσ σύν αὐτῷ [πρεσβυτέροισ] καί διακόνοισ ἀποδεδειγμένοισ ἐν γνώμῃ ἰησοῦ χριστοῦ οὕσ κατά
IgnFil,διάκονος,0:1,διακόνοισ,cargo,eleccion,s1,asociaciones,"RICIS 111/0102 = CIG II 1800 (Ambracia, s. I a. C.; AGRW ID 23778); IBeroia 26 (Berea, ca. 100-150; AGRW 36) || IDelos 1520 (AGRW 224); PLond VII 2193 (AGRW 295)","τὸ κοινὸν τῶν διακόνων Σαράπει, Ἴσει, Ἀνούβει, Ἁρποκράτει, con sacerdote y lista de miembros (Ambracia); Π. Κορνήλιος Ῥοῦφος καὶ οἱ ὑπ’ αὐτὸν διάκονοι (Berea)",sí,ἀποδεδειγμένοις: designados (juicio: elección o institución),σύν τῷ ἐπισκόπῳ καί τοῖσ σύν αὐτῷ πρεσβυτέροισ καί [διακόνοισ] ἀποδεδειγμένοισ ἐν γνώμῃ ἰησοῦ χριστοῦ οὕσ κατά τό ἴδιον
IgnFil,ἐπίσκοπος,1:1,ἐπίσκοπον,cargo,monoepiscopado,s2,corpus_cristiano,"sin paralelo en asociaciones (un solo ἐπίσκοπος distinto del colegio de πρεσβύτεροι). Corpus § 2: Ignacio (Ef 1,3; Magn 2,1; 6,1; Tral 2,2-3,1; Fil 4,1; Esm 8,1-2); ausente de Hechos, 1 Clemente y Didajé (control negativo) || IG XII,3 329 (Thera, ca. 200 a. C.; AGRW ID 12910); IRhodPC 2 (Rodas, s. II a. C.; AGRW ID 14975); IDelos 1522 (Delos, 98-117; AGRW ID 21076)","εἷς ἐπίσκοπος ἅμα τῷ πρεσβυτερίῳ καὶ διακόνοις (IgnFil 4,1): primera atestación, Ignacio (ca. 110)",no,ὃν ἐπίσκοπον ἔγνων … κεκτῆσθαι τὴν διακονίαν τὴν εἰς τὸ κοινὸν ἀνήκουσαν,θέλημα ἐστήριξεν ἐν βεβαιωσύνῃ τῷ ἁγίῳ αὐτοῦ πνεύματι ὅν [ἐπίσκοπον] ἔγνων οὐκ ἀφ’ ἑαυτοῦ οὐδέ δι’ ἀνθρώπων κεκτῆσθαι τήν
IgnFil,διάκονος,1:1,διακονίαν,funcion,,no_aplica,,,,no,la διακονία del obispo,ἔγνων οὐκ ἀφ’ ἑαυτοῦ οὐδέ δι’ ἀνθρώπων κεκτῆσθαι τήν [διακονίαν] τήν εἰσ τό κοινόν ἀνήκουσαν οὐδέ κατά κενοδοξίαν ἀλλ’
IgnFil,ἐπίσκοπος,3:2,ἐπισκόπου,cargo,monoepiscopado,s2,corpus_cristiano,"sin paralelo en asociaciones (un solo ἐπίσκοπος distinto del colegio de πρεσβύτεροι). Corpus § 2: Ignacio (Ef 1,3; Magn 2,1; 6,1; Tral 2,2-3,1; Fil 4,1; Esm 8,1-2); ausente de Hechos, 1 Clemente y Didajé (control negativo) || IG XII,3 329 (Thera, ca. 200 a. C.; AGRW ID 12910); IRhodPC 2 (Rodas, s. II a. C.; AGRW ID 14975); IDelos 1522 (Delos, 98-117; AGRW ID 21076)","εἷς ἐπίσκοπος ἅμα τῷ πρεσβυτερίῳ καὶ διακόνοις (IgnFil 4,1): primera atestación, Ignacio (ca. 110)",no,"ὅσοι … θεοῦ εἰσιν καὶ Ἰησοῦ Χριστοῦ, οὗτοι μετὰ τοῦ ἐπισκόπου εἰσίν",γάρ θεοῦ εἰσιν καί ἰησοῦ χριστοῦ οὗτοι μετά τοῦ [ἐπισκόπου] εἰσίν καί ὅσοι ἄν μετανοήσαντεσ ἔλθωσιν ἐπί τήν ἑνότητα
IgnFil,ἐκκλησία,3:2,ἐκκλησίασ,universal,,no_aplica,,,,sí,ἡ ἑνότης τῆς ἐκκλησίας,καί ὅσοι ἄν μετανοήσαντεσ ἔλθωσιν ἐπί τήν ἑνότητα τῆσ [ἐκκλησίασ] καί οὗτοι θεοῦ ἔσονται ἵνα ὦσιν κατά ἰησοῦν χριστόν
IgnFil,ἐπίσκοπος,4:1,ἐπίσκοποσ,cargo,monoepiscopado;jerarquia,s2,corpus_cristiano,"sin paralelo en asociaciones (un solo ἐπίσκοπος distinto del colegio de πρεσβύτεροι). Corpus § 2: Ignacio (Ef 1,3; Magn 2,1; 6,1; Tral 2,2-3,1; Fil 4,1; Esm 8,1-2); ausente de Hechos, 1 Clemente y Didajé (control negativo) || IG XII,3 329 (Thera, ca. 200 a. C.; AGRW ID 12910); IRhodPC 2 (Rodas, s. II a. C.; AGRW ID 14975); IDelos 1522 (Delos, 98-117; AGRW ID 21076) || PMich V 244 (AGRW 301, 43)","εἷς ἐπίσκοπος ἅμα τῷ πρεσβυτερίῳ καὶ διακόνοις (IgnFil 4,1): primera atestación, Ignacio (ca. 110)",no,"ἓν θυσιαστήριον, ὡς εἷς ἐπίσκοπος ἅμα τῷ πρεσβυτερίῳ καὶ διακόνοις",εἰσ ἕνωσιν τοῦ αἵματοσ αὐτοῦ ἕν θυσιαστήριον ὡσ εἷσ [ἐπίσκοποσ] ἅμα τῷ πρεσβυτερίῳ καί διακόνοισ τοῖσ συνδούλοισ μου ἵνα
IgnFil,πρεσβύτερος,4:1,πρεσβυτερίῳ,cargo,colegio;jerarquia,s1,asociaciones,"OGIS II 729 = SB V 8924 (Alejandría, 221-205 a. C.; GRA III 155); SEG 42.1312 (Kition, ca. 250-200 a. C.); PSI VIII 901 (Tebtynis, 46; GRA III 218); IFayum II 122 (Theadelphia, 109; GRA III 229) || IG XII,3 329 (Thera, ca. 200 a. C.); OGIS II 729 (Alejandría, 221-205 a. C.) || PMich V 244 (AGRW 301, 43)","οἱ πρεσβύτεροι τῶν ὀλυροκόπων (Alejandría); τὸν θίασον τῶν πρεσβυτέρων (Kition); οἱ δεκατρεῖς πρεσβύτεροι ἁλιέων (Tebtynis, 46 d. C.); πρεσβύτεροι de los tejedores (Theadelphia, 109)",no,,αἵματοσ αὐτοῦ ἕν θυσιαστήριον ὡσ εἷσ ἐπίσκοποσ ἅμα τῷ [πρεσβυτερίῳ] καί διακόνοισ τοῖσ συνδούλοισ μου ἵνα ὅ ἐάν πράσσητε
IgnFil,διάκονος,4:1,διακόνοισ,cargo,jerarquia,s1,asociaciones,"RICIS 111/0102 = CIG II 1800 (Ambracia, s. I a. C.; AGRW ID 23778); IBeroia 26 (Berea, ca. 100-150; AGRW 36) || PMich V 244 (AGRW 301, 43)","τὸ κοινὸν τῶν διακόνων Σαράπει, Ἴσει, Ἀνούβει, Ἁρποκράτει, con sacerdote y lista de miembros (Ambracia); Π. Κορνήλιος Ῥοῦφος καὶ οἱ ὑπ’ αὐτὸν διάκονοι (Berea)",no,,ἕν θυσιαστήριον ὡσ εἷσ ἐπίσκοποσ ἅμα τῷ πρεσβυτερίῳ καί [διακόνοισ] τοῖσ συνδούλοισ μου ἵνα ὅ ἐάν πράσσητε κατά θεόν
IgnFil,πρεσβύτερος,5:1,πρεσβυτερίῳ,cargo,colegio,s1,asociaciones,"OGIS II 729 = SB V 8924 (Alejandría, 221-205 a. C.; GRA III 155); SEG 42.1312 (Kition, ca. 250-200 a. C.); PSI VIII 901 (Tebtynis, 46; GRA III 218); IFayum II 122 (Theadelphia, 109; GRA III 229) || IG XII,3 329 (Thera, ca. 200 a. C.); OGIS II 729 (Alejandría, 221-205 a. C.)","οἱ πρεσβύτεροι τῶν ὀλυροκόπων (Alejandría); τὸν θίασον τῶν πρεσβυτέρων (Kition); οἱ δεκατρεῖς πρεσβύτεροι ἁλιέων (Tebtynis, 46 d. C.); πρεσβύτεροι de los tejedores (Theadelphia, 109)",sí,τοῖς ἀποστόλοις ὡς πρεσβυτερίῳ ἐκκλησίας: comparación (juicio),τῷ εὐαγγελίῳ ὡσ σαρκί ἰησοῦ καί τοῖσ ἀποστόλοισ ὡσ [πρεσβυτερίῳ] ἐκκλησίασ καί τούσ προφήτασ δέ ἀγαπῶμεν διά τό καί
IgnFil,ἐκκλησία,5:1,ἐκκλησίασ,universal,,no_aplica,,,,sí,,εὐαγγελίῳ ὡσ σαρκί ἰησοῦ καί τοῖσ ἀποστόλοισ ὡσ πρεσβυτερίῳ [ἐκκλησίασ] καί τούσ προφήτασ δέ ἀγαπῶμεν διά τό καί αὐτούσ
IgnFil,ἐπίσκοπος,7:1,ἐπισκόπῳ,cargo,monoepiscopado;jerarquia,s2,corpus_cristiano,"sin paralelo en asociaciones (un solo ἐπίσκοπος distinto del colegio de πρεσβύτεροι). Corpus § 2: Ignacio (Ef 1,3; Magn 2,1; 6,1; Tral 2,2-3,1; Fil 4,1; Esm 8,1-2); ausente de Hechos, 1 Clemente y Didajé (control negativo) || IG XII,3 329 (Thera, ca. 200 a. C.; AGRW ID 12910); IRhodPC 2 (Rodas, s. II a. C.; AGRW ID 14975); IDelos 1522 (Delos, 98-117; AGRW ID 21076) || PMich V 244 (AGRW 301, 43)","εἷς ἐπίσκοπος ἅμα τῷ πρεσβυτερίῳ καὶ διακόνοις (IgnFil 4,1): primera atestación, Ignacio (ca. 110)",no,τῷ ἐπισκόπῳ προσέχετε καὶ τῷ πρεσβυτερίῳ καὶ διακόνοις,ἐκραύγασα μεταξύ ὤν ἐλάλουν μεγάλῃ φωνῇ θεοῦ φωνῇ τῷ [ἐπισκόπῳ] προσέχετε καί τῷ πρεσβυτερίῳ καί διακόνοισ οἱ δέ ὑποπτεύσαντέσ
IgnFil,πρεσβύτερος,7:1,πρεσβυτερίῳ,cargo,colegio;jerarquia,s1,asociaciones,"OGIS II 729 = SB V 8924 (Alejandría, 221-205 a. C.; GRA III 155); SEG 42.1312 (Kition, ca. 250-200 a. C.); PSI VIII 901 (Tebtynis, 46; GRA III 218); IFayum II 122 (Theadelphia, 109; GRA III 229) || IG XII,3 329 (Thera, ca. 200 a. C.); OGIS II 729 (Alejandría, 221-205 a. C.) || PMich V 244 (AGRW 301, 43)","οἱ πρεσβύτεροι τῶν ὀλυροκόπων (Alejandría); τὸν θίασον τῶν πρεσβυτέρων (Kition); οἱ δεκατρεῖς πρεσβύτεροι ἁλιέων (Tebtynis, 46 d. C.); πρεσβύτεροι de los tejedores (Theadelphia, 109)",no,,μεγάλῃ φωνῇ θεοῦ φωνῇ τῷ ἐπισκόπῳ προσέχετε καί τῷ [πρεσβυτερίῳ] καί διακόνοισ οἱ δέ ὑποπτεύσαντέσ με ὡσ προειδότα τόν
IgnFil,διάκονος,7:1,διακόνοισ,cargo,jerarquia,s1,asociaciones,"RICIS 111/0102 = CIG II 1800 (Ambracia, s. I a. C.; AGRW ID 23778); IBeroia 26 (Berea, ca. 100-150; AGRW 36) || PMich V 244 (AGRW 301, 43)","τὸ κοινὸν τῶν διακόνων Σαράπει, Ἴσει, Ἀνούβει, Ἁρποκράτει, con sacerdote y lista de miembros (Ambracia); Π. Κορνήλιος Ῥοῦφος καὶ οἱ ὑπ’ αὐτὸν διάκονοι (Berea)",no,,θεοῦ φωνῇ τῷ ἐπισκόπῳ προσέχετε καί τῷ πρεσβυτερίῳ καί [διακόνοισ] οἱ δέ ὑποπτεύσαντέσ με ὡσ προειδότα τόν μερισμόν τινων
IgnFil,ἐπίσκοπος,7:2,ἐπισκόπου,cargo,monoepiscopado;jerarquia,s2,corpus_cristiano,"sin paralelo en asociaciones (un solo ἐπίσκοπος distinto del colegio de πρεσβύτεροι). Corpus § 2: Ignacio (Ef 1,3; Magn 2,1; 6,1; Tral 2,2-3,1; Fil 4,1; Esm 8,1-2); ausente de Hechos, 1 Clemente y Didajé (control negativo) || IG XII,3 329 (Thera, ca. 200 a. C.; AGRW ID 12910); IRhodPC 2 (Rodas, s. II a. C.; AGRW ID 14975); IDelos 1522 (Delos, 98-117; AGRW ID 21076) || PMich V 244 (AGRW 301, 43)","εἷς ἐπίσκοπος ἅμα τῷ πρεσβυτερίῳ καὶ διακόνοις (IgnFil 4,1): primera atestación, Ignacio (ca. 110)",no,χωρὶς τοῦ ἐπισκόπου μηδὲν ποιεῖτε,ἔγνων τό δέ πνεῦμα ἐκήρυσσεν λέγον τάδε χωρίσ τοῦ [ἐπισκόπου] μηδέν ποιεῖτε τήν σάρκα ὑμῶν ὡσ ναόν θεοῦ τηρεῖτε
IgnFil,ἐπίσκοπος,8:1,ἐπισκόπου,cargo,monoepiscopado,s2,corpus_cristiano,"sin paralelo en asociaciones (un solo ἐπίσκοπος distinto del colegio de πρεσβύτεροι). Corpus § 2: Ignacio (Ef 1,3; Magn 2,1; 6,1; Tral 2,2-3,1; Fil 4,1; Esm 8,1-2); ausente de Hechos, 1 Clemente y Didajé (control negativo) || IG XII,3 329 (Thera, ca. 200 a. C.; AGRW ID 12910); IRhodPC 2 (Rodas, s. II a. C.; AGRW ID 14975); IDelos 1522 (Delos, 98-117; AGRW ID 21076)","εἷς ἐπίσκοπος ἅμα τῷ πρεσβυτερίῳ καὶ διακόνοις (IgnFil 4,1): primera atestación, Ignacio (ca. 110)",no,συνέδριον τοῦ ἐπισκόπου,κύριοσ ἐάν μετανοήσωσιν εἰσ ἑνότητα θεοῦ καί συνέδριον τοῦ [ἐπισκόπου] πιστεύω τῇ χάριτι ἰησοῦ χριστοῦ ὅσ λύσει ἀφ’ ὑμῶν
IgnFil,ἐκκλησία,9:1,ἐκκλησία,universal,,no_aplica,,,,no,,καί ἰακώβ καί οἱ προφῆται καί ἀπόστολοι καί ἡ [ἐκκλησία] πάντα ταῦτα εἰσ ἑνότητα θεοῦ ἐξαίρετον δέ τι ἔχει
IgnFil,ἐκκλησία,10:1,ἐκκλησίαν,local,,no_aplica,,,,no,la iglesia de Antioquía,ἅ ἔχετε ἐν χριστῷ ἰησοῦ ἀπηγγέλη μοι εἰρηνεύειν τήν [ἐκκλησίαν] τήν ἐν ἀντιοχείᾳ τῆσ συρίασ πρέπον ἐστίν ὑμῖν ὡσ
IgnFil,ἐκκλησία,10:1,ἐκκλησίᾳ,local,,no_aplica,,,,no,,τήν ἐν ἀντιοχείᾳ τῆσ συρίασ πρέπον ἐστίν ὑμῖν ὡσ [ἐκκλησίᾳ] θεοῦ χειροτονῆσαι διάκονον εἰσ τό πρεσβεῦσαι ἐκεῖ θεοῦ πρεσβείαν
IgnFil,χειροτονία,10:1,χειροτονῆσαι,funcion,eleccion,no_aplica,,,,no,"χειροτονῆσαι διάκονον εἰς τὸ πρεσβεῦσαι ἐκεῖ θεοῦ πρεσβείαν: elección de un enviado, no rito",ἀντιοχείᾳ τῆσ συρίασ πρέπον ἐστίν ὑμῖν ὡσ ἐκκλησίᾳ θεοῦ [χειροτονῆσαι] διάκονον εἰσ τό πρεσβεῦσαι ἐκεῖ θεοῦ πρεσβείαν εἰσ τό
IgnFil,διάκονος,10:1,διάκονον,funcion,eleccion,no_aplica,,,,sí,διάκονον = enviado (juicio: cargo o función),τῆσ συρίασ πρέπον ἐστίν ὑμῖν ὡσ ἐκκλησίᾳ θεοῦ χειροτονῆσαι [διάκονον] εἰσ τό πρεσβεῦσαι ἐκεῖ θεοῦ πρεσβείαν εἰσ τό συγχαρῆναι
IgnFil,διάκονος,10:2,διακονίασ,funcion,,no_aplica,,,,no,τῆς τοιαύτης διακονίας (embajada),ὄνομα μακάριοσ ἐν ἰησοῦ χριστῷ ὅσ καταξιωθήσεται τῆσ τοιαύτησ [διακονίασ] καί ὑμεῖσ δοξασθήσεσθε θέλουσιν δέ ὑμῖν οὐκ ἔστιν ἀδύνατον
IgnFil,ἐκκλησία,10:2,ἐκκλησίαι,local,,no_aplica,,,,no,,ἔστιν ἀδύνατον ὑπέρ ὀνόματοσ θεοῦ ὡσ καί αἱ ἔγγιστα [ἐκκλησίαι] ἔπεμψαν ἐπισκόπουσ αἱ δέ πρεσβυτέρουσ καί διακόνουσ περί δέ
IgnFil,ἐπίσκοπος,10:2,ἐπισκόπουσ,cargo,monoepiscopado,s2,corpus_cristiano,"sin paralelo en asociaciones (un solo ἐπίσκοπος distinto del colegio de πρεσβύτεροι). Corpus § 2: Ignacio (Ef 1,3; Magn 2,1; 6,1; Tral 2,2-3,1; Fil 4,1; Esm 8,1-2); ausente de Hechos, 1 Clemente y Didajé (control negativo) || IG XII,3 329 (Thera, ca. 200 a. C.; AGRW ID 12910); IRhodPC 2 (Rodas, s. II a. C.; AGRW ID 14975); IDelos 1522 (Delos, 98-117; AGRW ID 21076)","εἷς ἐπίσκοπος ἅμα τῷ πρεσβυτερίῳ καὶ διακόνοις (IgnFil 4,1): primera atestación, Ignacio (ca. 110)",no,"αἱ ἔγγιστα ἐκκλησίαι ἔπεμψαν ἐπισκόπους, αἱ δὲ πρεσβυτέρους καὶ διακόνους",ὑπέρ ὀνόματοσ θεοῦ ὡσ καί αἱ ἔγγιστα ἐκκλησίαι ἔπεμψαν [ἐπισκόπουσ] αἱ δέ πρεσβυτέρουσ καί διακόνουσ περί δέ φίλωνοσ τοῦ
IgnFil,πρεσβύτερος,10:2,πρεσβυτέρουσ,cargo,colegio,s1,asociaciones,"OGIS II 729 = SB V 8924 (Alejandría, 221-205 a. C.; GRA III 155); SEG 42.1312 (Kition, ca. 250-200 a. C.); PSI VIII 901 (Tebtynis, 46; GRA III 218); IFayum II 122 (Theadelphia, 109; GRA III 229) || IG XII,3 329 (Thera, ca. 200 a. C.); OGIS II 729 (Alejandría, 221-205 a. C.)","οἱ πρεσβύτεροι τῶν ὀλυροκόπων (Alejandría); τὸν θίασον τῶν πρεσβυτέρων (Kition); οἱ δεκατρεῖς πρεσβύτεροι ἁλιέων (Tebtynis, 46 d. C.); πρεσβύτεροι de los tejedores (Theadelphia, 109)",no,,ὡσ καί αἱ ἔγγιστα ἐκκλησίαι ἔπεμψαν ἐπισκόπουσ αἱ δέ [πρεσβυτέρουσ] καί διακόνουσ περί δέ φίλωνοσ τοῦ διακόνου ἀπό κιλικίασ
IgnFil,διάκονος,10:2,διακόνουσ,cargo,,s1,asociaciones,"RICIS 111/0102 = CIG II 1800 (Ambracia, s. I a. C.; AGRW ID 23778); IBeroia 26 (Berea, ca. 100-150; AGRW 36)","τὸ κοινὸν τῶν διακόνων Σαράπει, Ἴσει, Ἀνούβει, Ἁρποκράτει, con sacerdote y lista de miembros (Ambracia); Π. Κορνήλιος Ῥοῦφος καὶ οἱ ὑπ’ αὐτὸν διάκονοι (Berea)",no,,αἱ ἔγγιστα ἐκκλησίαι ἔπεμψαν ἐπισκόπουσ αἱ δέ πρεσβυτέρουσ καί [διακόνουσ] περί δέ φίλωνοσ τοῦ διακόνου ἀπό κιλικίασ ἀνδρόσ μεμαρτυρημένου
IgnFil,διάκονος,11:1,διακόνου,cargo,,s1,asociaciones,"RICIS 111/0102 = CIG II 1800 (Ambracia, s. I a. C.; AGRW ID 23778); IBeroia 26 (Berea, ca. 100-150; AGRW 36)","τὸ κοινὸν τῶν διακόνων Σαράπει, Ἴσει, Ἀνούβει, Ἁρποκράτει, con sacerdote y lista de miembros (Ambracia); Π. Κορνήλιος Ῥοῦφος καὶ οἱ ὑπ’ αὐτὸν διάκονοι (Berea)",no,"Filón, διάκονος de Cilicia",αἱ δέ πρεσβυτέρουσ καί διακόνουσ περί δέ φίλωνοσ τοῦ [διακόνου] ἀπό κιλικίασ ἀνδρόσ μεμαρτυρημένου ὅσ καί νῦν ἐν λόγῳ
IgnEsm,ἐκκλησία,0:1,ἐκκλησίᾳ,local,,no_aplica,,,,no,prescripto,ἰγνάτιοσ ὁ καί θεοφόροσ [ἐκκλησίᾳ] θεοῦ πατρόσ καί τοῦ ἠγαπημένου ἰησοῦ χριστοῦ ἠλεημένῃ ἐν
IgnEsm,ἐκκλησία,1:2,ἐκκλησίασ,universal,,no_aplica,,,,no,ἐν ἑνὶ σώματι τῆς ἐκκλησίας αὐτοῦ,ἐν ἰουδαίοισ εἴτε ἐν ἔθνεσιν ἐν ἑνί σώματι τῆσ [ἐκκλησίασ] αὐτοῦ ταῦτα γάρ πάντα ἔπαθεν δι’ ἡμᾶσ ἵνα σωθῶμεν
IgnEsm,χήρα,6:2,χήρασ,no_institucional,,no_aplica,,,,no,cuidado genérico de viudas y huérfanos,τοῦ θεοῦ περί ἀγάπησ οὐ μέλει αὐτοῖσ οὐ περί [χήρασ] οὐ περί ὀρφανοῦ οὐ περί θλιβομένου οὐ περί δεδεμένου
IgnEsm,ἐπίσκοπος,8:1,ἐπισκόπῳ,cargo,monoepiscopado;jerarquia,s2,corpus_cristiano,"sin paralelo en asociaciones (un solo ἐπίσκοπος distinto del colegio de πρεσβύτεροι). Corpus § 2: Ignacio (Ef 1,3; Magn 2,1; 6,1; Tral 2,2-3,1; Fil 4,1; Esm 8,1-2); ausente de Hechos, 1 Clemente y Didajé (control negativo) || IG XII,3 329 (Thera, ca. 200 a. C.; AGRW ID 12910); IRhodPC 2 (Rodas, s. II a. C.; AGRW ID 14975); IDelos 1522 (Delos, 98-117; AGRW ID 21076) || PMich V 244 (AGRW 301, 43)","εἷς ἐπίσκοπος ἅμα τῷ πρεσβυτερίῳ καὶ διακόνοις (IgnFil 4,1): primera atestación, Ignacio (ca. 110)",no,πάντες τῷ ἐπισκόπῳ ἀκολουθεῖτε … μηδεὶς χωρὶς τοῦ ἐπισκόπου τι πρασσέτω; εὐχαριστία ἡ ὑπὸ ἐπίσκοπον οὖσα,τούσ δέ μερισμούσ φεύγετε ὡσ ἀρχήν κακῶν πάντεσ τῷ [ἐπισκόπῳ] ἀκολουθεῖτε ὡσ ἰησοῦσ χριστόσ τῷ πατρί καί τῷ πρεσβυτερίῳ
IgnEsm,πρεσβύτερος,8:1,πρεσβυτερίῳ,cargo,colegio;jerarquia,s1,asociaciones,"OGIS II 729 = SB V 8924 (Alejandría, 221-205 a. C.; GRA III 155); SEG 42.1312 (Kition, ca. 250-200 a. C.); PSI VIII 901 (Tebtynis, 46; GRA III 218); IFayum II 122 (Theadelphia, 109; GRA III 229) || IG XII,3 329 (Thera, ca. 200 a. C.); OGIS II 729 (Alejandría, 221-205 a. C.) || PMich V 244 (AGRW 301, 43)","οἱ πρεσβύτεροι τῶν ὀλυροκόπων (Alejandría); τὸν θίασον τῶν πρεσβυτέρων (Kition); οἱ δεκατρεῖς πρεσβύτεροι ἁλιέων (Tebtynis, 46 d. C.); πρεσβύτεροι de los tejedores (Theadelphia, 109)",no,,ἐπισκόπῳ ἀκολουθεῖτε ὡσ ἰησοῦσ χριστόσ τῷ πατρί καί τῷ [πρεσβυτερίῳ] ὡσ τοῖσ ἀποστόλοισ τούσ δέ διακόνουσ ἐντρέπεσθε ὡσ θεοῦ
IgnEsm,διάκονος,8:1,διακόνουσ,cargo,jerarquia,s1,asociaciones,"RICIS 111/0102 = CIG II 1800 (Ambracia, s. I a. C.; AGRW ID 23778); IBeroia 26 (Berea, ca. 100-150; AGRW 36) || PMich V 244 (AGRW 301, 43)","τὸ κοινὸν τῶν διακόνων Σαράπει, Ἴσει, Ἀνούβει, Ἁρποκράτει, con sacerdote y lista de miembros (Ambracia); Π. Κορνήλιος Ῥοῦφος καὶ οἱ ὑπ’ αὐτὸν διάκονοι (Berea)",no,τοὺς δὲ διακόνους ἐντρέπεσθε ὡς θεοῦ ἐντολήν,πατρί καί τῷ πρεσβυτερίῳ ὡσ τοῖσ ἀποστόλοισ τούσ δέ [διακόνουσ] ἐντρέπεσθε ὡσ θεοῦ ἐντολήν μηδείσ χωρίσ τοῦ ἐπισκόπου τι
IgnEsm,ἐπίσκοπος,8:1,ἐπισκόπου,cargo,monoepiscopado;jerarquia,s2,corpus_cristiano,"sin paralelo en asociaciones (un solo ἐπίσκοπος distinto del colegio de πρεσβύτεροι). Corpus § 2: Ignacio (Ef 1,3; Magn 2,1; 6,1; Tral 2,2-3,1; Fil 4,1; Esm 8,1-2); ausente de Hechos, 1 Clemente y Didajé (control negativo) || IG XII,3 329 (Thera, ca. 200 a. C.; AGRW ID 12910); IRhodPC 2 (Rodas, s. II a. C.; AGRW ID 14975); IDelos 1522 (Delos, 98-117; AGRW ID 21076) || PMich V 244 (AGRW 301, 43)","εἷς ἐπίσκοπος ἅμα τῷ πρεσβυτερίῳ καὶ διακόνοις (IgnFil 4,1): primera atestación, Ignacio (ca. 110)",no,πάντες τῷ ἐπισκόπῳ ἀκολουθεῖτε … μηδεὶς χωρὶς τοῦ ἐπισκόπου τι πρασσέτω; εὐχαριστία ἡ ὑπὸ ἐπίσκοπον οὖσα,δέ διακόνουσ ἐντρέπεσθε ὡσ θεοῦ ἐντολήν μηδείσ χωρίσ τοῦ [ἐπισκόπου] τι πρασσέτω τῶν ἀνηκόντων εἰσ τήν ἐκκλησίαν ἐκείνη βεβαία
IgnEsm,ἐκκλησία,8:1,ἐκκλησίαν,local,,no_aplica,,,,no,,χωρίσ τοῦ ἐπισκόπου τι πρασσέτω τῶν ἀνηκόντων εἰσ τήν [ἐκκλησίαν] ἐκείνη βεβαία εὐχαριστία ἡγείσθω ἡ ὑπό ἐπίσκοπον οὖσα ἤ
IgnEsm,ἐπίσκοπος,8:1,ἐπίσκοπον,cargo,monoepiscopado;jerarquia,s2,corpus_cristiano,"sin paralelo en asociaciones (un solo ἐπίσκοπος distinto del colegio de πρεσβύτεροι). Corpus § 2: Ignacio (Ef 1,3; Magn 2,1; 6,1; Tral 2,2-3,1; Fil 4,1; Esm 8,1-2); ausente de Hechos, 1 Clemente y Didajé (control negativo) || IG XII,3 329 (Thera, ca. 200 a. C.; AGRW ID 12910); IRhodPC 2 (Rodas, s. II a. C.; AGRW ID 14975); IDelos 1522 (Delos, 98-117; AGRW ID 21076) || PMich V 244 (AGRW 301, 43)","εἷς ἐπίσκοπος ἅμα τῷ πρεσβυτερίῳ καὶ διακόνοις (IgnFil 4,1): primera atestación, Ignacio (ca. 110)",no,πάντες τῷ ἐπισκόπῳ ἀκολουθεῖτε … μηδεὶς χωρὶς τοῦ ἐπισκόπου τι πρασσέτω; εὐχαριστία ἡ ὑπὸ ἐπίσκοπον οὖσα,εἰσ τήν ἐκκλησίαν ἐκείνη βεβαία εὐχαριστία ἡγείσθω ἡ ὑπό [ἐπίσκοπον] οὖσα ἤ ᾧ ἄν αὐτόσ ἐπιτρέψῃ ὅπου ἄν φανῇ
IgnEsm,ἐπίσκοπος,8:2,ἐπίσκοποσ,cargo,monoepiscopado;jerarquia,s2,corpus_cristiano,"sin paralelo en asociaciones (un solo ἐπίσκοπος distinto del colegio de πρεσβύτεροι). Corpus § 2: Ignacio (Ef 1,3; Magn 2,1; 6,1; Tral 2,2-3,1; Fil 4,1; Esm 8,1-2); ausente de Hechos, 1 Clemente y Didajé (control negativo) || IG XII,3 329 (Thera, ca. 200 a. C.; AGRW ID 12910); IRhodPC 2 (Rodas, s. II a. C.; AGRW ID 14975); IDelos 1522 (Delos, 98-117; AGRW ID 21076) || PMich V 244 (AGRW 301, 43)","εἷς ἐπίσκοπος ἅμα τῷ πρεσβυτερίῳ καὶ διακόνοις (IgnFil 4,1): primera atestación, Ignacio (ca. 110)",no,"ὅπου ἂν φανῇ ὁ ἐπίσκοπος, ἐκεῖ τὸ πλῆθος ἔστω … οὐκ ἐξόν ἐστιν χωρὶς τοῦ ἐπισκόπου οὔτε βαπτίζειν οὔτε ἀγάπην ποιεῖν",ἤ ᾧ ἄν αὐτόσ ἐπιτρέψῃ ὅπου ἄν φανῇ ὁ [ἐπίσκοποσ] ἐκεῖ τό πλῆθοσ ἤτω ὥσπερ ὅπου ἄν ᾖ ἰησοῦσ
IgnEsm,ἐκκλησία,8:2,ἐκκλησία,universal,,no_aplica,,,,no,ἡ καθολικὴ ἐκκλησία,ὥσπερ ὅπου ἄν ᾖ ἰησοῦσ χριστόσ ἐκεῖ ἡ καθολική [ἐκκλησία] οὐκ ἐξόν ἐστιν χωρίσ τοῦ ἐπισκόπου οὔτε βαπτίζειν οὔτε
IgnEsm,ἐπίσκοπος,8:2,ἐπισκόπου,cargo,monoepiscopado;jerarquia,s2,corpus_cristiano,"sin paralelo en asociaciones (un solo ἐπίσκοπος distinto del colegio de πρεσβύτεροι). Corpus § 2: Ignacio (Ef 1,3; Magn 2,1; 6,1; Tral 2,2-3,1; Fil 4,1; Esm 8,1-2); ausente de Hechos, 1 Clemente y Didajé (control negativo) || IG XII,3 329 (Thera, ca. 200 a. C.; AGRW ID 12910); IRhodPC 2 (Rodas, s. II a. C.; AGRW ID 14975); IDelos 1522 (Delos, 98-117; AGRW ID 21076) || PMich V 244 (AGRW 301, 43)","εἷς ἐπίσκοπος ἅμα τῷ πρεσβυτερίῳ καὶ διακόνοις (IgnFil 4,1): primera atestación, Ignacio (ca. 110)",no,"ὅπου ἂν φανῇ ὁ ἐπίσκοπος, ἐκεῖ τὸ πλῆθος ἔστω … οὐκ ἐξόν ἐστιν χωρὶς τοῦ ἐπισκόπου οὔτε βαπτίζειν οὔτε ἀγάπην ποιεῖν",ἐκεῖ ἡ καθολική ἐκκλησία οὐκ ἐξόν ἐστιν χωρίσ τοῦ [ἐπισκόπου] οὔτε βαπτίζειν οὔτε ἀγάπην ποιεῖν ἀλλ’ ὅ ἄν ἐκεῖνοσ
IgnEsm,ἐπίσκοπος,9:1,ἐπίσκοπον,cargo,monoepiscopado;jerarquia,s2,corpus_cristiano,"sin paralelo en asociaciones (un solo ἐπίσκοπος distinto del colegio de πρεσβύτεροι). Corpus § 2: Ignacio (Ef 1,3; Magn 2,1; 6,1; Tral 2,2-3,1; Fil 4,1; Esm 8,1-2); ausente de Hechos, 1 Clemente y Didajé (control negativo) || IG XII,3 329 (Thera, ca. 200 a. C.; AGRW ID 12910); IRhodPC 2 (Rodas, s. II a. C.; AGRW ID 14975); IDelos 1522 (Delos, 98-117; AGRW ID 21076) || PMich V 244 (AGRW 301, 43)","εἷς ἐπίσκοπος ἅμα τῷ πρεσβυτερίῳ καὶ διακόνοις (IgnFil 4,1): primera atestación, Ignacio (ca. 110)",no,ὁ τιμῶν ἐπίσκοπον ὑπὸ θεοῦ τετίμηται· ὁ λάθρα ἐπισκόπου τι πράσσων τῷ διαβόλῳ λατρεύει,καιρόν ἔχομεν εἰσ θεόν μετανοεῖν καλῶσ ἔχει θεόν καί [ἐπίσκοπον] εἰδέναι ὁ τιμῶν ἐπίσκοπον ὑπό θεοῦ τετίμηται ὁ λάθρα
IgnEsm,ἐπίσκοπος,9:1,ἐπίσκοπον,cargo,monoepiscopado;jerarquia,s2,corpus_cristiano,"sin paralelo en asociaciones (un solo ἐπίσκοπος distinto del colegio de πρεσβύτεροι). Corpus § 2: Ignacio (Ef 1,3; Magn 2,1; 6,1; Tral 2,2-3,1; Fil 4,1; Esm 8,1-2); ausente de Hechos, 1 Clemente y Didajé (control negativo) || IG XII,3 329 (Thera, ca. 200 a. C.; AGRW ID 12910); IRhodPC 2 (Rodas, s. II a. C.; AGRW ID 14975); IDelos 1522 (Delos, 98-117; AGRW ID 21076) || PMich V 244 (AGRW 301, 43)","εἷς ἐπίσκοπος ἅμα τῷ πρεσβυτερίῳ καὶ διακόνοις (IgnFil 4,1): primera atestación, Ignacio (ca. 110)",no,ὁ τιμῶν ἐπίσκοπον ὑπὸ θεοῦ τετίμηται· ὁ λάθρα ἐπισκόπου τι πράσσων τῷ διαβόλῳ λατρεύει,μετανοεῖν καλῶσ ἔχει θεόν καί ἐπίσκοπον εἰδέναι ὁ τιμῶν [ἐπίσκοπον] ὑπό θεοῦ τετίμηται ὁ λάθρα ἐπισκόπου τι πράσσων τῷ
IgnEsm,ἐπίσκοπος,9:1,ἐπισκόπου,cargo,monoepiscopado;jerarquia,s2,corpus_cristiano,"sin paralelo en asociaciones (un solo ἐπίσκοπος distinto del colegio de πρεσβύτεροι). Corpus § 2: Ignacio (Ef 1,3; Magn 2,1; 6,1; Tral 2,2-3,1; Fil 4,1; Esm 8,1-2); ausente de Hechos, 1 Clemente y Didajé (control negativo) || IG XII,3 329 (Thera, ca. 200 a. C.; AGRW ID 12910); IRhodPC 2 (Rodas, s. II a. C.; AGRW ID 14975); IDelos 1522 (Delos, 98-117; AGRW ID 21076) || PMich V 244 (AGRW 301, 43)","εἷς ἐπίσκοπος ἅμα τῷ πρεσβυτερίῳ καὶ διακόνοις (IgnFil 4,1): primera atestación, Ignacio (ca. 110)",no,ὁ τιμῶν ἐπίσκοπον ὑπὸ θεοῦ τετίμηται· ὁ λάθρα ἐπισκόπου τι πράσσων τῷ διαβόλῳ λατρεύει,εἰδέναι ὁ τιμῶν ἐπίσκοπον ὑπό θεοῦ τετίμηται ὁ λάθρα [ἐπισκόπου] τι πράσσων τῷ διαβόλῳ λατρεύει πάντα οὖν ὑμῖν ἐν
IgnEsm,διάκονος,10:1,διακόνουσ,cargo,,s1,asociaciones,"RICIS 111/0102 = CIG II 1800 (Ambracia, s. I a. C.; AGRW ID 23778); IBeroia 26 (Berea, ca. 100-150; AGRW 36)","τὸ κοινὸν τῶν διακόνων Σαράπει, Ἴσει, Ἀνούβει, Ἁρποκράτει, con sacerdote y lista de miembros (Ambracia); Π. Κορνήλιος Ῥοῦφος καὶ οἱ ὑπ’ αὐτὸν διάκονοι (Berea)",sí,"Filón y Reo Agatópode ὡς διακόνους θεοῦ (juicio: Filón es diácono, IgnFil 11,1)",ἐπηκολούθησάν μοι εἰσ λόγον θεοῦ καλῶσ ἐποιήσατε ὑποδεξάμενοι ὡσ [διακόνουσ] θεοῦ οἵ καί εὐχαριστοῦσιν τῷ κυρίῳ ὑπέρ ὑμῶν ὅτι
IgnEsm,ἐκκλησία,11:1,ἐκκλησίαν,local,,no_aplica,,,,no,,ἐλπίσ ἰησοῦσ χριστόσ ἡ προσευχή ὑμῶν ἀπῆλθεν ἐπί τήν [ἐκκλησίαν] τήν ἐν ἀντιοχείᾳ τῆσ συρίασ ὅθεν δεδεμένοσ θεοπρεπεστάτοισ δεσμοῖσ
IgnEsm,χειροτονία,11:2,χειροτονῆσαι,funcion,eleccion,no_aplica,,,,no,χειροτονῆσαι τὴν ἐκκλησίαν ὑμῶν θεοπρεσβευτήν: elección de un enviado,ἐπί γῆσ καί ἐν οὐρανῷ πρέπει εἰσ τιμήν θεοῦ [χειροτονῆσαι] τήν ἐκκλησίαν ὑμῶν θεοπρεσβεύτην εἰσ τό γενόμενον ἐν συρίᾳ
IgnEsm,ἐκκλησία,11:2,ἐκκλησίαν,reunion,,no_aplica,,,,no,la comunidad elige,καί ἐν οὐρανῷ πρέπει εἰσ τιμήν θεοῦ χειροτονῆσαι τήν [ἐκκλησίαν] ὑμῶν θεοπρεσβεύτην εἰσ τό γενόμενον ἐν συρίᾳ συγχαρῆναι αὐτοῖσ
IgnEsm,διάκονος,12:1,διακονίασ,funcion,,no_aplica,,,,no,Burro ἐξεμπλάριον θεοῦ διακονίας,ἀνέπαυσεν καί ὄφελον πάντεσ αὐτόν ἐμιμοῦντο ὄντα ἐξεμπλάριον θεοῦ [διακονίασ] ἀμείψεται αὐτόν ἡ χάρισ κατά πάντα ἀσπάζομαι τόν ἀξιόθεον
IgnEsm,ἐπίσκοπος,12:2,ἐπίσκοπον,cargo,monoepiscopado,s2,corpus_cristiano,"sin paralelo en asociaciones (un solo ἐπίσκοπος distinto del colegio de πρεσβύτεροι). Corpus § 2: Ignacio (Ef 1,3; Magn 2,1; 6,1; Tral 2,2-3,1; Fil 4,1; Esm 8,1-2); ausente de Hechos, 1 Clemente y Didajé (control negativo) || IG XII,3 329 (Thera, ca. 200 a. C.; AGRW ID 12910); IRhodPC 2 (Rodas, s. II a. C.; AGRW ID 14975); IDelos 1522 (Delos, 98-117; AGRW ID 21076)","εἷς ἐπίσκοπος ἅμα τῷ πρεσβυτερίῳ καὶ διακόνοις (IgnFil 4,1): primera atestación, Ignacio (ca. 110)",no,,ἀμείψεται αὐτόν ἡ χάρισ κατά πάντα ἀσπάζομαι τόν ἀξιόθεον [ἐπίσκοπον] καί θεοπρεπέσ πρεσβυτέριον καί τούσ συνδούλουσ μου διακόνουσ καί
IgnEsm,πρεσβύτερος,12:2,πρεσβυτέριον,cargo,colegio,s1,asociaciones,"OGIS II 729 = SB V 8924 (Alejandría, 221-205 a. C.; GRA III 155); SEG 42.1312 (Kition, ca. 250-200 a. C.); PSI VIII 901 (Tebtynis, 46; GRA III 218); IFayum II 122 (Theadelphia, 109; GRA III 229) || IG XII,3 329 (Thera, ca. 200 a. C.); OGIS II 729 (Alejandría, 221-205 a. C.)","οἱ πρεσβύτεροι τῶν ὀλυροκόπων (Alejandría); τὸν θίασον τῶν πρεσβυτέρων (Kition); οἱ δεκατρεῖς πρεσβύτεροι ἁλιέων (Tebtynis, 46 d. C.); πρεσβύτεροι de los tejedores (Theadelphia, 109)",no,,χάρισ κατά πάντα ἀσπάζομαι τόν ἀξιόθεον ἐπίσκοπον καί θεοπρεπέσ [πρεσβυτέριον] καί τούσ συνδούλουσ μου διακόνουσ καί τούσ κατ’ ἄνδρα
IgnEsm,διάκονος,12:2,διακόνουσ,cargo,,s1,asociaciones,"RICIS 111/0102 = CIG II 1800 (Ambracia, s. I a. C.; AGRW ID 23778); IBeroia 26 (Berea, ca. 100-150; AGRW 36)","τὸ κοινὸν τῶν διακόνων Σαράπει, Ἴσει, Ἀνούβει, Ἁρποκράτει, con sacerdote y lista de miembros (Ambracia); Π. Κορνήλιος Ῥοῦφος καὶ οἱ ὑπ’ αὐτὸν διάκονοι (Berea)",no,τοὺς συνδούλους μου διακόνους,ἀξιόθεον ἐπίσκοπον καί θεοπρεπέσ πρεσβυτέριον καί τούσ συνδούλουσ μου [διακόνουσ] καί τούσ κατ’ ἄνδρα καί κοινῇ πάντασ ἐν ὀνόματι
IgnEsm,οἶκος,13:1,οἴκουσ,celula,,no_aplica,,,,sí,ἀσπάζομαι τοὺς οἴκους τῶν ἀδελφῶν μου: las casas como unidades de saludo,χάρισ ὑμῖν ἔλεοσ εἰρήνη ὑπομονή διά παντόσ ἀσπάζομαι τούσ [οἴκουσ] τῶν ἀδελφῶν μου σύν γυναιξί καί τέκνοισ καί τάσ
IgnEsm,χήρα,13:1,χήρασ,categoria,,fin_s1,corpus_cristiano,"AGRW: χήρα solo como estado civil (Termessos, s. II: honores a Atalante); ningún grupo de viudas en asociaciones. Corpus § 2: Hch 6,1 (αἱ χῆραι en la διακονία καθημερινή); Hch 9,39-41",las viudas como grupo reconocido de la comunidad aparecen por primera vez en Hechos (fecha convencional 80-90),no,τὰς παρθένους τὰς λεγομένας χήρας: categoría reconocida con nombre técnico,σύν γυναιξί καί τέκνοισ καί τάσ παρθένουσ τάσ λεγομένασ [χήρασ] ἔρρωσθέ μοι ἐν δυνάμει πατρόσ ἀσπάζεται ὑμᾶσ φίλων σύν
IgnEsm,οἶκος,13:2,οἶκον,celula,,no_aplica,,,,sí,τὸν οἶκον Ταουΐας,πατρόσ ἀσπάζεται ὑμᾶσ φίλων σύν ἐμοί ὤν ἀσπάζομαι τόν [οἶκον] ταουΐασ ἥν εὔχομαι ἑδρᾶσθαι πίστει καί ἀγάπῃ σαρκικῇ τε
IgnPol,ἐπίσκοπος,0:1,ἐπισκόπῳ,cargo,monoepiscopado,s2,corpus_cristiano,"sin paralelo en asociaciones (un solo ἐπίσκοπος distinto del colegio de πρεσβύτεροι). Corpus § 2: Ignacio (Ef 1,3; Magn 2,1; 6,1; Tral 2,2-3,1; Fil 4,1; Esm 8,1-2); ausente de Hechos, 1 Clemente y Didajé (control negativo) || IG XII,3 329 (Thera, ca. 200 a. C.; AGRW ID 12910); IRhodPC 2 (Rodas, s. II a. C.; AGRW ID 14975); IDelos 1522 (Delos, 98-117; AGRW ID 21076)","εἷς ἐπίσκοπος ἅμα τῷ πρεσβυτερίῳ καὶ διακόνοις (IgnFil 4,1): primera atestación, Ignacio (ca. 110)",no,Πολυκάρπῳ ἐπισκόπῳ ἐκκλησίας Σμυρναίων,ἰγνάτιοσ ὁ καί θεοφόροσ πολυκάρπῳ [ἐπισκόπῳ] ἐκκλησίασ σμυρναίων μᾶλλον ἐπισκοπημένῳ ὑπό θεοῦ πατρόσ καί κυρίου
IgnPol,ἐκκλησία,0:1,ἐκκλησίασ,local,,no_aplica,,,,no,,ἰγνάτιοσ ὁ καί θεοφόροσ πολυκάρπῳ ἐπισκόπῳ [ἐκκλησίασ] σμυρναίων μᾶλλον ἐπισκοπημένῳ ὑπό θεοῦ πατρόσ καί κυρίου ἰησοῦ
IgnPol,ἐπίσκοπος,0:1,ἐπισκοπημένῳ,no_institucional,,no_aplica,,,,no,ἐπισκοπημένῳ ὑπὸ θεοῦ (verbo),ἰγνάτιοσ ὁ καί θεοφόροσ πολυκάρπῳ ἐπισκόπῳ ἐκκλησίασ σμυρναίων μᾶλλον [ἐπισκοπημένῳ] ὑπό θεοῦ πατρόσ καί κυρίου ἰησοῦ χριστοῦ πλεῖστα χαίρειν
IgnPol,χήρα,4:1,χῆραι,categoria,,fin_s1,corpus_cristiano,"AGRW: χήρα solo como estado civil (Termessos, s. II: honores a Atalante); ningún grupo de viudas en asociaciones. Corpus § 2: Hch 6,1 (αἱ χῆραι en la διακονία καθημερινή); Hch 9,39-41",las viudas como grupo reconocido de la comunidad aparecen por primera vez en Hechos (fecha convencional 80-90),no,"χῆραι μὴ ἀμελείσθωσαν· μετὰ τὸν κύριον σὺ αὐτῶν φροντιστὴς ἔσο: el obispo, responsable de las viudas",ἡμᾶσ παθητόν τόν κατά πάντα τρόπον δι’ ἡμᾶσ ὑπομείναντα [χῆραι] μή ἀμελείσθωσαν μετά τόν κύριον σύ αὐτῶν φροντιστήσ ἔσο
IgnPol,ἐκκλησία,5:1,ἐκκλησίαν,universal,,no_aplica,,,,no,,ἰησοῦ χριστοῦ ἀγαπᾶν τάσ συμβίουσ ὡσ ὁ κύριοσ τήν [ἐκκλησίαν] εἴ τισ δύναται ἐν ἁγνείᾳ μένειν εἰσ τιμήν τῆσ
IgnPol,ἐπίσκοπος,5:2,ἐπισκόπου,cargo,monoepiscopado;jerarquia,s2,corpus_cristiano,"sin paralelo en asociaciones (un solo ἐπίσκοπος distinto del colegio de πρεσβύτεροι). Corpus § 2: Ignacio (Ef 1,3; Magn 2,1; 6,1; Tral 2,2-3,1; Fil 4,1; Esm 8,1-2); ausente de Hechos, 1 Clemente y Didajé (control negativo) || IG XII,3 329 (Thera, ca. 200 a. C.; AGRW ID 12910); IRhodPC 2 (Rodas, s. II a. C.; AGRW ID 14975); IDelos 1522 (Delos, 98-117; AGRW ID 21076) || PMich V 244 (AGRW 301, 43)","εἷς ἐπίσκοπος ἅμα τῷ πρεσβυτερίῳ καὶ διακόνοις (IgnFil 4,1): primera atestación, Ignacio (ca. 110)",no,"ἐὰν γνωσθῇ πλέον τοῦ ἐπισκόπου, ἔφθαρται; τοῖς γαμοῦσι … μετὰ γνώμης τοῦ ἐπισκόπου τὴν ἕνωσιν ποιεῖσθαι",μενέτω ἐάν καυχήσηται ἀπώλετο καί ἐάν γνωσθῇ πλέον τοῦ [ἐπισκόπου] ἔφθαρται πρέπει δέ τοῖσ γαμοῦσι καί ταῖσ γαμουμέναισ μετά
IgnPol,ἐπίσκοπος,5:2,ἐπισκόπου,cargo,monoepiscopado;jerarquia,s2,corpus_cristiano,"sin paralelo en asociaciones (un solo ἐπίσκοπος distinto del colegio de πρεσβύτεροι). Corpus § 2: Ignacio (Ef 1,3; Magn 2,1; 6,1; Tral 2,2-3,1; Fil 4,1; Esm 8,1-2); ausente de Hechos, 1 Clemente y Didajé (control negativo) || IG XII,3 329 (Thera, ca. 200 a. C.; AGRW ID 12910); IRhodPC 2 (Rodas, s. II a. C.; AGRW ID 14975); IDelos 1522 (Delos, 98-117; AGRW ID 21076) || PMich V 244 (AGRW 301, 43)","εἷς ἐπίσκοπος ἅμα τῷ πρεσβυτερίῳ καὶ διακόνοις (IgnFil 4,1): primera atestación, Ignacio (ca. 110)",no,"ἐὰν γνωσθῇ πλέον τοῦ ἐπισκόπου, ἔφθαρται; τοῖς γαμοῦσι … μετὰ γνώμης τοῦ ἐπισκόπου τὴν ἕνωσιν ποιεῖσθαι",δέ τοῖσ γαμοῦσι καί ταῖσ γαμουμέναισ μετά γνώμησ τοῦ [ἐπισκόπου] τήν ἕνωσιν ποιεῖσθαι ἵνα ὁ γάμοσ ᾖ κατά κύριον
IgnPol,ἐπίσκοπος,6:1,ἐπισκόπῳ,cargo,monoepiscopado;jerarquia,s2,corpus_cristiano,"sin paralelo en asociaciones (un solo ἐπίσκοπος distinto del colegio de πρεσβύτεροι). Corpus § 2: Ignacio (Ef 1,3; Magn 2,1; 6,1; Tral 2,2-3,1; Fil 4,1; Esm 8,1-2); ausente de Hechos, 1 Clemente y Didajé (control negativo) || IG XII,3 329 (Thera, ca. 200 a. C.; AGRW ID 12910); IRhodPC 2 (Rodas, s. II a. C.; AGRW ID 14975); IDelos 1522 (Delos, 98-117; AGRW ID 21076) || PMich V 244 (AGRW 301, 43)","εἷς ἐπίσκοπος ἅμα τῷ πρεσβυτερίῳ καὶ διακόνοις (IgnFil 4,1): primera atestación, Ignacio (ca. 110)",no,"τῷ ἐπισκόπῳ προσέχετε; τῶν ὑποτασσομένων τῷ ἐπισκόπῳ, πρεσβυτέροις, διακόνοις",μή κατ’ ἐπιθυμίαν πάντα εἰσ τιμήν θεοῦ γινέσθω τῷ [ἐπισκόπῳ] προσέχετε ἵνα καί ὁ θεόσ ὑμῖν ἀντίψυχον ἐγώ τῶν
IgnPol,ἐπίσκοπος,6:1,ἐπισκόπῳ,cargo,monoepiscopado;jerarquia,s2,corpus_cristiano,"sin paralelo en asociaciones (un solo ἐπίσκοπος distinto del colegio de πρεσβύτεροι). Corpus § 2: Ignacio (Ef 1,3; Magn 2,1; 6,1; Tral 2,2-3,1; Fil 4,1; Esm 8,1-2); ausente de Hechos, 1 Clemente y Didajé (control negativo) || IG XII,3 329 (Thera, ca. 200 a. C.; AGRW ID 12910); IRhodPC 2 (Rodas, s. II a. C.; AGRW ID 14975); IDelos 1522 (Delos, 98-117; AGRW ID 21076) || PMich V 244 (AGRW 301, 43)","εἷς ἐπίσκοπος ἅμα τῷ πρεσβυτερίῳ καὶ διακόνοις (IgnFil 4,1): primera atestación, Ignacio (ca. 110)",no,"τῷ ἐπισκόπῳ προσέχετε; τῶν ὑποτασσομένων τῷ ἐπισκόπῳ, πρεσβυτέροις, διακόνοις",καί ὁ θεόσ ὑμῖν ἀντίψυχον ἐγώ τῶν ὑποτασσομένων τῷ [ἐπισκόπῳ] πρεσβυτέροισ διακόνοισ καί μετ’ αὐτῶν μοι τό μέροσ γένοιτο
IgnPol,πρεσβύτερος,6:1,πρεσβυτέροισ,cargo,colegio;jerarquia,s1,asociaciones,"OGIS II 729 = SB V 8924 (Alejandría, 221-205 a. C.; GRA III 155); SEG 42.1312 (Kition, ca. 250-200 a. C.); PSI VIII 901 (Tebtynis, 46; GRA III 218); IFayum II 122 (Theadelphia, 109; GRA III 229) || IG XII,3 329 (Thera, ca. 200 a. C.); OGIS II 729 (Alejandría, 221-205 a. C.) || PMich V 244 (AGRW 301, 43)","οἱ πρεσβύτεροι τῶν ὀλυροκόπων (Alejandría); τὸν θίασον τῶν πρεσβυτέρων (Kition); οἱ δεκατρεῖς πρεσβύτεροι ἁλιέων (Tebtynis, 46 d. C.); πρεσβύτεροι de los tejedores (Theadelphia, 109)",no,,ὁ θεόσ ὑμῖν ἀντίψυχον ἐγώ τῶν ὑποτασσομένων τῷ ἐπισκόπῳ [πρεσβυτέροισ] διακόνοισ καί μετ’ αὐτῶν μοι τό μέροσ γένοιτο σχεῖν
IgnPol,διάκονος,6:1,διακόνοισ,cargo,jerarquia,s1,asociaciones,"RICIS 111/0102 = CIG II 1800 (Ambracia, s. I a. C.; AGRW ID 23778); IBeroia 26 (Berea, ca. 100-150; AGRW 36) || PMich V 244 (AGRW 301, 43)","τὸ κοινὸν τῶν διακόνων Σαράπει, Ἴσει, Ἀνούβει, Ἁρποκράτει, con sacerdote y lista de miembros (Ambracia); Π. Κορνήλιος Ῥοῦφος καὶ οἱ ὑπ’ αὐτὸν διάκονοι (Berea)",no,,θεόσ ὑμῖν ἀντίψυχον ἐγώ τῶν ὑποτασσομένων τῷ ἐπισκόπῳ πρεσβυτέροισ [διακόνοισ] καί μετ’ αὐτῶν μοι τό μέροσ γένοιτο σχεῖν ἐν
IgnPol,ἐκκλησία,7:1,ἐκκλησία,local,,no_aplica,,,,no,la iglesia de Antioquía,θεόσ μεθ’ ὑμῶν ὀναίμην ὑμῶν διά παντόσ ἐπειδή ἡ [ἐκκλησία] ἡ ἐν ἀντιοχείᾳ τῆσ συρίασ εἰρηνεύει ὡσ ἐδηλώθη μοι
IgnPol,χειροτονία,7:2,χειροτονῆσαί,funcion,eleccion,no_aplica,,,,no,συμβούλιον ἀγαγεῖν θεοπρεπέστατον καὶ χειροτονῆσαί τινα: elección de un enviado,ὑμῶν μαθητήν πρέπει πολύκαρπε θεομακαριστότατε συμβούλιον ἀγαγεῖν θεοπρεπέστατον καί [χειροτονῆσαί] τινα ὅν ἀγαπητόν λίαν ἔχετε καί ἄοκνον ὅσ δυνήσεται
IgnPol,ἐκκλησία,8:1,ἐκκλησίαισ,local,,no_aplica,,,,no,,ἀληθείασ δι’ ὀλίγων ὑμᾶσ γραμμάτων παρεκάλεσα ἐπεί πάσαισ ταῖσ [ἐκκλησίαισ] οὐκ ἠδυνήθην γράψαι διά τό ἐξαίφνησ πλεῖν με ἀπό
IgnPol,προϊστάμενος,8:1,προστάσσει,no_institucional,,no_aplica,,,,no,"προστάσσω, falso positivo",πλεῖν με ἀπό τρωάδοσ εἰσ νεάπολιν ὡσ τό θέλημα [προστάσσει] γράψεισ ταῖσ ἔμπροσθεν ἐκκλησίαισ ὡσ θεοῦ γνώμην κεκτημένοσ εἰσ
IgnPol,ἐκκλησία,8:1,ἐκκλησίαισ,local,,no_aplica,,,,no,,εἰσ νεάπολιν ὡσ τό θέλημα προστάσσει γράψεισ ταῖσ ἔμπροσθεν [ἐκκλησίαισ] ὡσ θεοῦ γνώμην κεκτημένοσ εἰσ τό καί αὐτούσ τό
IgnPol,οἶκος,8:2,οἴκῳ,celula,,no_aplica,,,,sí,σὺν ὅλῳ τῷ οἴκῳ αὐτῆς καὶ τῶν τέκνων,ἐξ ὀνόματοσ καί τήν τοῦ ἐπιτρόπου σύν ὅλῳ τῷ [οἴκῳ] αὐτῆσ καί τῶν τέκνων ἀσπάζομαι ἄτταλον τόν ἀγαπητόν μου
IgnPol,ἐπίσκοπος,8:3,ἐπισκοπῇ,funcion,,no_aplica,,,,sí,ἐν ἑνότητι θεοῦ καὶ ἐπισκοπῇ: supervisión (de Dios o del obispo; juicio),χριστῷ εὔχομαι ἐν ᾧ διαμείνητε ἐν ἑνότητι θεοῦ καί [ἐπισκοπῇ] ἀσπάζομαι ἄλκην τό ποθητόν μοι ὄνομα ἔρρωσθε ἐν κυρίῳ
PolFil,πρεσβύτερος,0:1,πρεσβύτεροι,cargo,colegio,s1,asociaciones,"OGIS II 729 = SB V 8924 (Alejandría, 221-205 a. C.; GRA III 155); SEG 42.1312 (Kition, ca. 250-200 a. C.); PSI VIII 901 (Tebtynis, 46; GRA III 218); IFayum II 122 (Theadelphia, 109; GRA III 229) || IG XII,3 329 (Thera, ca. 200 a. C.); OGIS II 729 (Alejandría, 221-205 a. C.)","οἱ πρεσβύτεροι τῶν ὀλυροκόπων (Alejandría); τὸν θίασον τῶν πρεσβυτέρων (Kition); οἱ δεκατρεῖς πρεσβύτεροι ἁλιέων (Tebtynis, 46 d. C.); πρεσβύτεροι de los tejedores (Theadelphia, 109)",no,"Πολύκαρπος καὶ οἱ σὺν αὐτῷ πρεσβύτεροι: Policarpo escribe con su colegio, sin el título de ἐπίσκοπος",πολύκαρποσ καί οἱ σύν αὐτῷ [πρεσβύτεροι] τῇ ἐκκλησίᾳ τοῦ θεοῦ τῇ παροικούσῃ φιλίππουσ ἔλεοσ ὑμῖν
PolFil,ἐκκλησία,0:1,ἐκκλησίᾳ,local,,no_aplica,,,,no,prescripto,πολύκαρποσ καί οἱ σύν αὐτῷ πρεσβύτεροι τῇ [ἐκκλησίᾳ] τοῦ θεοῦ τῇ παροικούσῃ φιλίππουσ ἔλεοσ ὑμῖν καί εἰρήνη
PolFil,χήρα,4:3,χήρασ,categoria,requisitos,fin_s1,corpus_cristiano,"AGRW: χήρα solo como estado civil (Termessos, s. II: honores a Atalante); ningún grupo de viudas en asociaciones. Corpus § 2: Hch 6,1 (αἱ χῆραι en la διακονία καθημερινή); Hch 9,39-41 || PLond VII 2193 (AGRW 295, 69-58 a. C.); IG XII,3 330 (Thera, 210-195 a. C.; AGRW 243)",las viudas como grupo reconocido de la comunidad aparecen por primera vez en Hechos (fecha convencional 80-90),sí,τὰς χήρας σωφρονούσας … θυσιαστήριον θεοῦ: las viudas como grupo con conducta exigida (juicio),τέκνα παιδεύειν τήν παιδείαν τοῦ φόβου τοῦ θεοῦ τάσ [χήρασ] σωφρονούσασ περί τήν τοῦ κυρίου πίστιν ἐντυγχανούσασ ἀδιαλείπτωσ περί
PolFil,διάκονος,5:2,διάκονοι,cargo,requisitos,s1,asociaciones,"RICIS 111/0102 = CIG II 1800 (Ambracia, s. I a. C.; AGRW ID 23778); IBeroia 26 (Berea, ca. 100-150; AGRW 36) || PLond VII 2193 (AGRW 295, 69-58 a. C.); IG XII,3 330 (Thera, 210-195 a. C.; AGRW 243)","τὸ κοινὸν τῶν διακόνων Σαράπει, Ἴσει, Ἀνούβει, Ἁρποκράτει, con sacerdote y lista de miembros (Ambracia); Π. Κορνήλιος Ῥοῦφος καὶ οἱ ὑπ’ αὐτὸν διάκονοι (Berea)",no,"ὁμοίως διάκονοι ἄμεμπτοι … μὴ διάβολοι, μὴ δίλογοι, ἀφιλάργυροι: lista de requisitos",ὀφείλομεν ἀξίωσ τῆσ ἐντολῆσ αὐτοῦ καί δόξησ περιπατεῖν ὁμοίωσ [διάκονοι] ἄμεμπτοι κατενώπιον αὐτοῦ τῆσ δικαιοσύνησ ὡσ θεοῦ καί χριστοῦ
PolFil,διάκονος,5:2,διάκονοι,cargo,requisitos,s1,asociaciones,"RICIS 111/0102 = CIG II 1800 (Ambracia, s. I a. C.; AGRW ID 23778); IBeroia 26 (Berea, ca. 100-150; AGRW 36) || PLond VII 2193 (AGRW 295, 69-58 a. C.); IG XII,3 330 (Thera, 210-195 a. C.; AGRW 243)","τὸ κοινὸν τῶν διακόνων Σαράπει, Ἴσει, Ἀνούβει, Ἁρποκράτει, con sacerdote y lista de miembros (Ambracia); Π. Κορνήλιος Ῥοῦφος καὶ οἱ ὑπ’ αὐτὸν διάκονοι (Berea)",no,"ὁμοίως διάκονοι ἄμεμπτοι … μὴ διάβολοι, μὴ δίλογοι, ἀφιλάργυροι: lista de requisitos",ἄμεμπτοι κατενώπιον αὐτοῦ τῆσ δικαιοσύνησ ὡσ θεοῦ καί χριστοῦ [διάκονοι] καί οὐκ ἀνθρώπων μή διάβολοι μή δίλογοι ἀφιλάργυροι ἐγκρατεῖσ
PolFil,διάκονος,5:2,διάκονοσ,no_institucional,,no_aplica,,,,no,Cristo διάκονος πάντων,ἐπιμελεῖσ πορευόμενοι κατά τήν ἀλήθειαν τοῦ κυρίου ὅσ ἐγένετο [διάκονοσ] πάντων ᾧ ἐάν εὐαρεστήσωμεν ἐν τῷ νῦν αἰῶνι ἀποληψόμεθα
PolFil,νεώτερος,5:3,νεώτεροι,categoria,requisitos,fin_s1,corpus_cristiano,"AGRW: νεώτερος solo como sobrenombre («el joven») en listas de miembros; los νέοι son grupo cívico del gimnasio, no de asociación. Corpus § 2: Hch 5,6 (οἱ νεώτεροι); Policarpo 5,3 || PLond VII 2193 (AGRW 295, 69-58 a. C.); IG XII,3 330 (Thera, 210-195 a. C.; AGRW 243)",los jóvenes como grupo de la comunidad aparecen por primera vez en Hechos (fecha convencional 80-90),no,ὁμοίως καὶ νεώτεροι ἄμεμπτοι ἐν πᾶσιν: los jóvenes como grupo,ἀξίωσ αὐτοῦ καί συμβασιλεύσομεν αὐτῷ εἴγε πιστεύομεν ὁμοίωσ καί [νεώτεροι] ἄμεμπτοι ἐν πᾶσιν πρό παντόσ προνοοῦντεσ ἁγνείασ καί χαλιναγωγοῦντεσ
PolFil,πρεσβύτερος,5:3,πρεσβυτέροισ,cargo,colegio;jerarquia,s1,asociaciones,"OGIS II 729 = SB V 8924 (Alejandría, 221-205 a. C.; GRA III 155); SEG 42.1312 (Kition, ca. 250-200 a. C.); PSI VIII 901 (Tebtynis, 46; GRA III 218); IFayum II 122 (Theadelphia, 109; GRA III 229) || IG XII,3 329 (Thera, ca. 200 a. C.); OGIS II 729 (Alejandría, 221-205 a. C.) || PMich V 244 (AGRW 301, 43)","οἱ πρεσβύτεροι τῶν ὀλυροκόπων (Alejandría); τὸν θίασον τῶν πρεσβυτέρων (Kition); οἱ δεκατρεῖς πρεσβύτεροι ἁλιέων (Tebtynis, 46 d. C.); πρεσβύτεροι de los tejedores (Theadelphia, 109)",sí,ὑποτασσομένους τοῖς πρεσβυτέροις καὶ διακόνοις ὡς θεῷ καὶ Χριστῷ: sumisión de los jóvenes a presbíteros y diáconos (juicio: jerarquía entre cargos o entre fieles y cargos),ἄτοπα διό δέον ἀπέχεσθαι ἀπό πάντων τούτων ὑποτασσομένουσ τοῖσ [πρεσβυτέροισ] καί διακόνοισ ὡσ θεῷ καί χριστῷ τάσ παρθένουσ ἐν
PolFil,διάκονος,5:3,διακόνοισ,cargo,colegio,s1,asociaciones,"RICIS 111/0102 = CIG II 1800 (Ambracia, s. I a. C.; AGRW ID 23778); IBeroia 26 (Berea, ca. 100-150; AGRW 36) || IG XII,3 329 (Thera, ca. 200 a. C.); OGIS II 729 (Alejandría, 221-205 a. C.)","τὸ κοινὸν τῶν διακόνων Σαράπει, Ἴσει, Ἀνούβει, Ἁρποκράτει, con sacerdote y lista de miembros (Ambracia); Π. Κορνήλιος Ῥοῦφος καὶ οἱ ὑπ’ αὐτὸν διάκονοι (Berea)",no,,δέον ἀπέχεσθαι ἀπό πάντων τούτων ὑποτασσομένουσ τοῖσ πρεσβυτέροισ καί [διακόνοισ] ὡσ θεῷ καί χριστῷ τάσ παρθένουσ ἐν ἀμώμῳ καί
PolFil,πρεσβύτερος,6:1,πρεσβύτεροι,cargo,requisitos;colegio,s1,asociaciones,"OGIS II 729 = SB V 8924 (Alejandría, 221-205 a. C.; GRA III 155); SEG 42.1312 (Kition, ca. 250-200 a. C.); PSI VIII 901 (Tebtynis, 46; GRA III 218); IFayum II 122 (Theadelphia, 109; GRA III 229) || PLond VII 2193 (AGRW 295, 69-58 a. C.); IG XII,3 330 (Thera, 210-195 a. C.; AGRW 243) || IG XII,3 329 (Thera, ca. 200 a. C.); OGIS II 729 (Alejandría, 221-205 a. C.)","οἱ πρεσβύτεροι τῶν ὀλυροκόπων (Alejandría); τὸν θίασον τῶν πρεσβυτέρων (Kition); οἱ δεκατρεῖς πρεσβύτεροι ἁλιέων (Tebtynis, 46 d. C.); πρεσβύτεροι de los tejedores (Theadelphia, 109)",no,"καὶ οἱ πρεσβύτεροι δὲ εὔσπλαγχνοι, εἰς πάντας ἐλεήμονες…: requisitos de los presbíteros",παρθένουσ ἐν ἀμώμῳ καί ἁγνῇ συνειδήσει περιπατεῖν καί οἱ [πρεσβύτεροι] δέ εὔσπλαγχνοι εἰσ πάντασ ἐλεήμονεσ ἐπιστρέφοντεσ τά ἀποπεπλανημένα ἐπισκεπτόμενοι
PolFil,χήρα,6:1,χήρασ,no_institucional,,no_aplica,,,,no,μὴ ἀμελοῦντες χήρας ἢ ὀρφανοῦ ἢ πένητος: cuidado genérico,ἐλεήμονεσ ἐπιστρέφοντεσ τά ἀποπεπλανημένα ἐπισκεπτόμενοι πάντασ ἀσθενεῖσ μή ἀμελοῦντεσ [χήρασ] ἤ ὀρφανοῦ ἤ πένητοσ ἀλλά προνοοῦντεσ ἀεί τοῦ καλοῦ
Herm,ἐκκλησία,1.1:6,ἐκκλησίασ,universal,,no_aplica,,,,no,ἡ ἁγία ἐκκλησία,τά ὄντα καί πληθύνασ καί αὐξήσασ ἕνεκεν τῆσ ἁγίασ [ἐκκλησίασ] αὐτοῦ ὀργίζεταί σοι ὅτι ἥμαρτεσ εἰσ ἐμέ ἀποκριθείσ αὐτῇ
Herm,οἶκος,1.1:9,οἴκου,no_institucional,,no_aplica,,,,no,la familia de Hermas,θεόν καί ἰάσεται τά ἁμαρτήματά σου καί ὅλου τοῦ [οἴκου] σου καί πάντων τῶν ἁγίων μετά τό λαλῆσαι αὐτήν
Herm,οἶκος,1.3:1,οἶκον,no_institucional,,no_aplica,,,,no,la familia de Hermas,αὐτῶν ἐπιστρέψῃσ ἀλλά φιλότεκνοσ ὤν οὐκ ἐνουθέτεισ σου τόν [οἶκον] ἀλλά ἀφῆκεσ αὐτόν καταφθαρῆναι διά τοῦτό σοι ὀργίζεται ὁ
Herm,οἶκος,1.3:1,οἴκῳ,no_institucional,,no_aplica,,,,no,la familia de Hermas,ἀλλά ἰάσεταί σου πάντα τά προγεγονότα πονηρά ἐν τῷ [οἴκῳ] σου διά γάρ τάσ ἐκείνων ἁμαρτίασ καί ἀνομήματα σύ
Herm,οἶκος,1.3:2,οἶκον,no_institucional,,no_aplica,,,,no,,μόνον μή ῥᾳθυμήσῃσ ἀλλά εὐψύχει καί ἰσχυροποίει σου τόν [οἶκον] ὡσ γάρ ὁ χαλκεύσ σφυροκοπῶν τό ἔργον αὐτοῦ περιγίνεται
Herm,ἐκκλησία,1.3:4,ἐκκλησίαν,universal,,no_aplica,,,,no,,καί τῇ ἰδίᾳ σοφίᾳ καί προνοίᾳ κτίσασ τήν ἁγίαν [ἐκκλησίαν] αὐτοῦ ἥν καί ηὐλόγησεν ἰδού μεθιστάνει τούσ οὐρανούσ καί
Herm,πρεσβύτερος,2.1:3,πρεσβυτέραν,no_institucional,,no_aplica,,,,no,ἡ πρεσβυτέρα: la anciana (la Iglesia personificada),ἐγερθῆναί με ἀπό τῆσ προσευχῆσ βλέπω ἀπέναντί μου τήν [πρεσβυτέραν] ἥν καί πέρυσιν ἑωράκειν περιπατοῦσαν καί ἀναγινώσκουσαν βιβλαρίδιον καί
Herm,ἐκκλησία,2.2:6,ἐκκλησίασ,local,,no_aplica,,,,no,τοῖς προηγουμένοις τῆς ἐκκλησίας,ἐστιν ἕωσ ἐσχάτησ ἡμέρασ ἐρεῖσ οὖν τοῖσ προηγουμένοισ τῆσ [ἐκκλησίασ] ἵνα κατορθώσωνται τάσ ὁδούσ αὐτῶν ἐν δικαιοσύνῃ ἵνα ἀπολάβωσιν
Herm,οἶκος,2.3:1,οἴκου,no_institucional,,no_aplica,,,,no,,ἑρμᾶ μεγάλασ θλίψεισ ἔσχεσ ἰδιωτικάσ διά τάσ παραβάσεισ τοῦ [οἴκου] σου ὅτι οὐκ ἐμέλησέν σοι περί αὐτῶν ἀλλά παρενεθυμήθησ
Herm,πρεσβύτερος,2.4:1,πρεσβυτέραν,no_institucional,,no_aplica,,,,no,la anciana,μοι ἀδελφοί κοιμωμένῳ ὑπό νεανίσκου εὐειδεστάτου λέγοντόσ μοι τήν [πρεσβυτέραν] παρ’ ἧσ ἔλαβεσ τό βιβλίδιον τίνα δοκεῖσ εἶναι ἐγώ
Herm,ἐκκλησία,2.4:1,ἐκκλησία,universal,,no_aplica,,,,no,la anciana es la Iglesia,πλανᾶσαι φησίν οὐκ ἔστιν τίσ οὖν ἐστιν φημί ἡ [ἐκκλησία] φησίν εἶπον αὐτῷ διατί οὖν πρεσβυτέρα ὅτι φησίν πάντων
Herm,πρεσβύτερος,2.4:1,πρεσβυτέρα,no_institucional,,no_aplica,,,,no,la anciana,ἐστιν φημί ἡ ἐκκλησία φησίν εἶπον αὐτῷ διατί οὖν [πρεσβυτέρα] ὅτι φησίν πάντων πρώτη ἐκτίσθη διά τοῦτο πρεσβυτέρα καί
Herm,πρεσβύτερος,2.4:1,πρεσβυτέρα,no_institucional,,no_aplica,,,,no,la anciana,οὖν πρεσβυτέρα ὅτι φησίν πάντων πρώτη ἐκτίσθη διά τοῦτο [πρεσβυτέρα] καί διά ταύτην ὁ κόσμοσ κατηρτίσθη μετέπειτα δέ ὅρασιν
Herm,οἶκος,2.4:2,οἴκῳ,no_institucional,,no_aplica,,,,no,,ὁ κόσμοσ κατηρτίσθη μετέπειτα δέ ὅρασιν εἶδον ἐν τῷ [οἴκῳ] μου ἦλθεν ἡ πρεσβυτέρα καί ἠρώτησέν με εἰ ἤδη
Herm,πρεσβύτερος,2.4:2,πρεσβυτέρα,no_institucional,,no_aplica,,,,no,la anciana,δέ ὅρασιν εἶδον ἐν τῷ οἴκῳ μου ἦλθεν ἡ [πρεσβυτέρα] καί ἠρώτησέν με εἰ ἤδη τό βιβλίον δέδωκα τοῖσ
Herm,πρεσβύτερος,2.4:2,πρεσβυτέροισ,cargo,colegio,s1,asociaciones,"OGIS II 729 = SB V 8924 (Alejandría, 221-205 a. C.; GRA III 155); SEG 42.1312 (Kition, ca. 250-200 a. C.); PSI VIII 901 (Tebtynis, 46; GRA III 218); IFayum II 122 (Theadelphia, 109; GRA III 229) || IG XII,3 329 (Thera, ca. 200 a. C.); OGIS II 729 (Alejandría, 221-205 a. C.)","οἱ πρεσβύτεροι τῶν ὀλυροκόπων (Alejandría); τὸν θίασον τῶν πρεσβυτέρων (Kition); οἱ δεκατρεῖς πρεσβύτεροι ἁλιέων (Tebtynis, 46 d. C.); πρεσβύτεροι de los tejedores (Theadelphia, 109)",no,εἰ ἤδη τὸ βιβλίον δέδωκα τοῖς πρεσβυτέροις: los presbíteros reciben el libro,καί ἠρώτησέν με εἰ ἤδη τό βιβλίον δέδωκα τοῖσ [πρεσβυτέροισ] ἠρνησάμην δεδωκέναι καλῶσ φησίν πεποίηκασ ἔχω γάρ ῥήματα προσθεῖναι
Herm,χήρα,2.4:3,χήρασ,categoria,,fin_s1,corpus_cristiano,"AGRW: χήρα solo como estado civil (Termessos, s. II: honores a Atalante); ningún grupo de viudas en asociaciones. Corpus § 2: Hch 6,1 (αἱ χῆραι en la διακονία καθημερινή); Hch 9,39-41",las viudas como grupo reconocido de la comunidad aparecen por primera vez en Hechos (fecha convencional 80-90),sí,Γραπτὴ δὲ νουθετήσει τὰς χήρας καὶ τοὺς ὀρφανούς: viudas y huérfanos como grupo a cargo de una mujer (juicio),ἔξω πόλεισ ἐκείνῳ γάρ ἐπιτέτραπται γραπτή δέ νουθετήσει τάσ [χήρασ] καί τούσ ὀρφανούσ σύ δέ ἀναγνώσῃ εἰσ ταύτην τήν
Herm,πρεσβύτερος,2.4:3,πρεσβυτέρων,cargo,colegio,s1,asociaciones,"OGIS II 729 = SB V 8924 (Alejandría, 221-205 a. C.; GRA III 155); SEG 42.1312 (Kition, ca. 250-200 a. C.); PSI VIII 901 (Tebtynis, 46; GRA III 218); IFayum II 122 (Theadelphia, 109; GRA III 229) || IG XII,3 329 (Thera, ca. 200 a. C.); OGIS II 729 (Alejandría, 221-205 a. C.)","οἱ πρεσβύτεροι τῶν ὀλυροκόπων (Alejandría); τὸν θίασον τῶν πρεσβυτέρων (Kition); οἱ δεκατρεῖς πρεσβύτεροι ἁλιέων (Tebtynis, 46 d. C.); πρεσβύτεροι de los tejedores (Theadelphia, 109)",no,μετὰ τῶν πρεσβυτέρων τῶν προϊσταμένων τῆς ἐκκλησίας,σύ δέ ἀναγνώσῃ εἰσ ταύτην τήν πόλιν μετά τῶν [πρεσβυτέρων] τῶν προϊσταμένων τῆσ ἐκκλησίασ ὅρασισ γ ἥν εἶδον ἀδελφοί
Herm,προϊστάμενος,2.4:3,προϊσταμένων,cargo,colegio,s1,asociaciones,"PMich V 243 (Tebtynis, 14-37; AGRW 300); IG II² 1284 (Pireo, 241/240 a. C.; AGRW 17) || IG XII,3 329 (Thera, ca. 200 a. C.); OGIS II 729 (Alejandría, 221-205 a. C.)",ἐξέστω τῷ προστάτῃ ἐνεχυράζειν: el προστάτης de la asociación ejecuta las multas; κύριος τῷ προστάτῃ ἀποδοθήτω (Tebtynis),no,presbíteros que presiden la iglesia,ἀναγνώσῃ εἰσ ταύτην τήν πόλιν μετά τῶν πρεσβυτέρων τῶν [προϊσταμένων] τῆσ ἐκκλησίασ ὅρασισ γ ἥν εἶδον ἀδελφοί τοιαύτη νηστεύσασ
Herm,ἐκκλησία,2.4:3,ἐκκλησίασ,local,,no_aplica,,,,no,la iglesia de Roma,ταύτην τήν πόλιν μετά τῶν πρεσβυτέρων τῶν προϊσταμένων τῆσ [ἐκκλησίασ] ὅρασισ γ ἥν εἶδον ἀδελφοί τοιαύτη νηστεύσασ πολλάκισ καί
Herm,πρεσβύτερος,3.1:2,πρεσβυτέρασ,no_institucional,,no_aplica,,,,no,la anciana,φανερώσῃ τήν ἀποκάλυψιν ἥν μοι ἐπηγγείλατο δεῖξαι διά τῆσ [πρεσβυτέρασ] ἐκείνησ αὐτῇ τῇ νυκτί μοι ὦπται ἡ πρεσβυτέρα καί
Herm,πρεσβύτερος,3.1:2,πρεσβυτέρα,no_institucional,,no_aplica,,,,no,la anciana,τῆσ πρεσβυτέρασ ἐκείνησ αὐτῇ τῇ νυκτί μοι ὦπται ἡ [πρεσβυτέρα] καί εἶπέν μοι ἐπεί οὕτωσ ἐνδεήσ εἶ καί σπουδαῖοσ
Herm,πρεσβύτερος,3.1:8,πρεσβυτέρουσ,cargo,colegio,s1,asociaciones,"OGIS II 729 = SB V 8924 (Alejandría, 221-205 a. C.; GRA III 155); SEG 42.1312 (Kition, ca. 250-200 a. C.); PSI VIII 901 (Tebtynis, 46; GRA III 218); IFayum II 122 (Theadelphia, 109; GRA III 229) || IG XII,3 329 (Thera, ca. 200 a. C.); OGIS II 729 (Alejandría, 221-205 a. C.)","οἱ πρεσβύτεροι τῶν ὀλυροκόπων (Alejandría); τὸν θίασον τῶν πρεσβυτέρων (Kition); οἱ δεκατρεῖς πρεσβύτεροι ἁλιέων (Tebtynis, 46 d. C.); πρεσβύτεροι de los tejedores (Theadelphia, 109)",sí,ἄφες τοὺς πρεσβυτέρους πρῶτον καθίσαι: precedencia de los presbíteros (juicio: cargo o edad),λέγει μοι κάθισον ὧδε λέγω αὐτῇ κυρία ἄφεσ τούσ [πρεσβυτέρουσ] πρῶτον καθίσαι ὅ σοι λέγω φησίν κάθισον θέλοντοσ οὖν
Herm,ἐκκλησία,3.3:3,ἐκκλησία,universal,,no_aplica,,,,no,la torre,ὁ μέν πύργοσ ὅν βλέπεισ οἰκοδομούμενον ἐγώ εἰμι ἡ [ἐκκλησία] ἡ ὀφθεῖσά σοι καί νῦν καί τό πρότερον ὅ
Herm,ἐπίσκοπος,3.5:1,ἐπίσκοποι,cargo,colegio,s1,asociaciones,"IG XII,3 329 (Thera, ca. 200 a. C.; AGRW ID 12910); IRhodPC 2 (Rodas, s. II a. C.; AGRW ID 14975); IDelos 1522 (Delos, 98-117; AGRW ID 21076) || IG XII,3 329 (Thera, ca. 200 a. C.); OGIS II 729 (Alejandría, 221-205 a. C.)","τὸς ἐπισκό[πος] Δίωνα καὶ Μελέϊππον: dos «supervisores» del koinón prestan a interés el legado (Thera); ἐπὶ … Ζή]νωνος ἐπισκόπου, epónimo (Rodas); τὸν ἐπίσκοπον, encargado de la copia del decreto y multado si no cumple (Delos)",no,οἱ ἀπόστολοι καὶ ἐπίσκοποι καὶ διδάσκαλοι καὶ διάκονοι,συμφωνοῦντεσ ταῖσ ἁρμογαῖσ αὐτῶν οὗτοί εἰσιν οἱ ἀπόστολοι καί [ἐπίσκοποι] καί διδάσκαλοι καί διάκονοι οἱ πορευθέντεσ κατά τήν σεμνότητα
Herm,διάκονος,3.5:1,διάκονοι,cargo,colegio,s1,asociaciones,"RICIS 111/0102 = CIG II 1800 (Ambracia, s. I a. C.; AGRW ID 23778); IBeroia 26 (Berea, ca. 100-150; AGRW 36) || IG XII,3 329 (Thera, ca. 200 a. C.); OGIS II 729 (Alejandría, 221-205 a. C.)","τὸ κοινὸν τῶν διακόνων Σαράπει, Ἴσει, Ἀνούβει, Ἁρποκράτει, con sacerdote y lista de miembros (Ambracia); Π. Κορνήλιος Ῥοῦφος καὶ οἱ ὑπ’ αὐτὸν διάκονοι (Berea)",no,,οὗτοί εἰσιν οἱ ἀπόστολοι καί ἐπίσκοποι καί διδάσκαλοι καί [διάκονοι] οἱ πορευθέντεσ κατά τήν σεμνότητα τοῦ θεοῦ καί ἐπισκοπήσαντεσ
Herm,ἐπίσκοπος,3.5:1,ἐπισκοπήσαντεσ,funcion,,no_aplica,,,,no,ἐπισκοπήσαντες καὶ διδάξαντες καὶ διακονήσαντες,διάκονοι οἱ πορευθέντεσ κατά τήν σεμνότητα τοῦ θεοῦ καί [ἐπισκοπήσαντεσ] καί διδάξαντεσ καί διακονήσαντεσ ἁγνῶσ καί σεμνῶσ τοῖσ ἐκλεκτοῖσ
Herm,διάκονος,3.5:1,διακονήσαντεσ,funcion,,no_aplica,,,,no,,τήν σεμνότητα τοῦ θεοῦ καί ἐπισκοπήσαντεσ καί διδάξαντεσ καί [διακονήσαντεσ] ἁγνῶσ καί σεμνῶσ τοῖσ ἐκλεκτοῖσ τοῦ θεοῦ οἱ μέν
Herm,ἐκκλησία,3.9:7,ἐκκλησίασ,local,,no_aplica,,,,no,τοῖς προηγουμένοις τῆς ἐκκλησίας καὶ τοῖς πρωτοκαθεδρίταις,τοῦ πύργου νῦν οὖν ὑμῖν λέγω τοῖσ προηγουμένοισ τῆσ [ἐκκλησίασ] καί τοῖσ πρωτοκαθεδρίταισ μή γίνεσθε ὅμοιοι τοῖσ φαρμακοῖσ οἱ
Herm,πρεσβύτερος,3.10:3,πρεσβυτέρα,no_institucional,,no_aplica,,,,no,la anciana,μοι ἀδελφοί τῇ μέν πρώτῃ ὁράσει τῇ περυσινῇ λίαν [πρεσβυτέρα] καί ἐν καθέδρᾳ καθημένη τῇ δέ ἑτέρᾳ ὁράσει τήν
Herm,νεώτερος,3.10:4,νεωτέραν,no_institucional,,no_aplica,,,,no,aspecto joven de la anciana,καθέδρᾳ καθημένη τῇ δέ ἑτέρᾳ ὁράσει τήν μέν ὄψιν [νεωτέραν] εἶχεν τήν δέ σάρκα καί τάσ τρίχασ πρεσβυτέρασ καί
Herm,πρεσβύτερος,3.10:4,πρεσβυτέρασ,no_institucional,,no_aplica,,,,no,,ὄψιν νεωτέραν εἶχεν τήν δέ σάρκα καί τάσ τρίχασ [πρεσβυτέρασ] καί ἑστηκυῖά μοι ἐλάλει ἱλαρωτέρα δέ ἦν ἤ τό
Herm,νεώτερος,3.10:5,νεωτέρα,no_institucional,,no_aplica,,,,no,,ἦν ἤ τό πρότερον τῇ δέ τρίτῃ ὁράσει ὅλη [νεωτέρα] καί κάλλει ἐκπρεπεστάτη μόνασ δέ τάσ τρίχασ πρεσβυτέρασ εἶχεν
Herm,πρεσβύτερος,3.10:5,πρεσβυτέρασ,no_institucional,,no_aplica,,,,no,,ὅλη νεωτέρα καί κάλλει ἐκπρεπεστάτη μόνασ δέ τάσ τρίχασ [πρεσβυτέρασ] εἶχεν ἱλαρά δέ εἰσ τέλοσ ἦν καί ἐπί συμψελίου
Herm,πρεσβύτερος,3.10:6,πρεσβυτέραν,no_institucional,,no_aplica,,,,no,,τοῦ γνῶναί με τήν ἀποκάλυψιν ταύτην καί βλέπω τήν [πρεσβυτέραν] ἐν ὁράματι τῆσ νυκτόσ λέγουσάν μοι πᾶσα ἐρώτησισ ταπεινοφροσύνησ
Herm,πρεσβύτερος,3.10:9,πρεσβυτέρασ,no_institucional,,no_aplica,,,,no,,κύριε τοῦτο μόνον αἰτοῦμαι περί τῶν τριῶν μορφῶν τῆσ [πρεσβυτέρασ] ἵνα ἀποκάλυψισ ὁλοτελήσ γένηται ἀποκριθείσ μοι λέγει μέχρι τίνοσ
Herm,πρεσβύτερος,3.11:2,πρεσβυτέρα,no_institucional,,no_aplica,,,,no,,τῶν μορφῶν ὧν ἐπιζητεῖσ τῇ μέν πρώτῃ ὁράσει διατί [πρεσβυτέρα] ὤφθη σοι καί ἐπί καθέδραν καθημένη ὅτι τό πνεῦμα
Herm,πρεσβύτερος,3.11:2,πρεσβύτερον,no_institucional,,no_aplica,,,,no,,σοι καί ἐπί καθέδραν καθημένη ὅτι τό πνεῦμα ὑμῶν [πρεσβύτερον] καί ἤδη μεμαραμμένον καί μή ἔχον δύναμιν ἀπό τῶν
Herm,πρεσβύτερος,3.11:3,πρεσβύτεροι,no_institucional,,no_aplica,,,,no,los ancianos de edad,ἀπό τῶν μαλακιῶν ὑμῶν καί διψυχιῶν ὥσπερ γάρ οἱ [πρεσβύτεροι] μηκέτι ἔχοντεσ ἐλπίδα τοῦ ἀνανεῶσαι οὐδέν ἄλλο προσδοκῶσιν εἰ
Herm,νεώτερος,3.12:1,νεωτέραν,no_institucional,,no_aplica,,,,no,,δέ δευτέρᾳ ὁράσει εἶδεσ αὐτήν ἑστηκυῖαν καί τήν ὄψιν [νεωτέραν] ἔχουσαν καί ἱλαρωτέραν παρά τό πρότερον τήν δέ σάρκα
Herm,πρεσβύτερος,3.12:1,πρεσβυτέρασ,no_institucional,,no_aplica,,,,no,,παρά τό πρότερον τήν δέ σάρκα καί τάσ τρίχασ [πρεσβυτέρασ] ἄκουε φησίν καί ταύτην τήν παραβολήν ὅταν πρεσβύτερόσ τισ
Herm,πρεσβύτερος,3.12:2,πρεσβύτερόσ,no_institucional,,no_aplica,,,,no,parábola del anciano,τρίχασ πρεσβυτέρασ ἄκουε φησίν καί ταύτην τήν παραβολήν ὅταν [πρεσβύτερόσ] τισ ἤδη ἀφηλπικώσ ἑαυτόν διά τήν ἀσθένειαν αὐτοῦ καί
Herm,νεώτερος,3.13:1,νεωτέραν,no_institucional,,no_aplica,,,,no,,εἰρηνεύετε ἐν ἑαυτοῖσ τῇ δέ τρίτῃ ὁράσει εἶδεσ αὐτήν [νεωτέραν] καί καλήν καί ἱλαράν καί καλήν τήν μορφήν αὐτῆσ
Herm,ἐκκλησία,4.1:3,ἐκκλησίασ,universal,,no_aplica,,,,no,,καί τά ὁράματα ἅ μοι ἔδειξεν διά τῆσ ἁγίασ [ἐκκλησίασ] αὐτοῦ τελειώσῃ ἵνα με ἰσχυροποιήσῃ καί δῷ τήν μετάνοιαν
Herm,ἐκκλησία,4.2:2,ἐκκλησία,universal,,no_aplica,,,,no,,λευκάσ ἔγνων ἐγώ ἐκ τῶν προτέρων ὁραμάτων ὅτι ἡ [ἐκκλησία] ἐστίν καί ἱλαρώτεροσ ἐγενόμην ἀσπάζεταί με λέγουσα χαῖρε σύ
Herm,οἶκος,5.1:1,οἴκῳ,no_institucional,,no_aplica,,,,no,,τό θηρίον ἔρχεται ἀποκάλυψισ ε προσευξαμένου μου ἐν τῷ [οἴκῳ] καί καθίσαντοσ εἰσ τήν κλίνην εἰσῆλθεν ἀνήρ τισ ἔνδοξοσ
Herm,διάκονος,7.1:6,διακονίαν,no_institucional,,no_aplica,,,,no,la limosna como διακονία,ἀθῷόσ ἐστιν ὡσ γάρ ἔλαβεν παρά τοῦ κυρίου τήν [διακονίαν] τελέσαι ἁπλῶσ αὐτήν ἐτέλεσεν μηθέν διακρίνων τίνι δῷ ἤ
Herm,διάκονος,7.1:6,διακονία,no_institucional,,no_aplica,,,,no,la limosna como διακονία,διακρίνων τίνι δῷ ἤ μή δῷ ἐγένετο οὖν ἡ [διακονία] αὕτη ἁπλῶσ τελεσθεῖσα ἔνδοξοσ παρά τῷ θεῷ ὁ οὖν
Herm,διάκονος,7.1:6,διακονῶν,no_institucional,,no_aplica,,,,no,la limosna como διακονία,τελεσθεῖσα ἔνδοξοσ παρά τῷ θεῷ ὁ οὖν οὕτωσ ἁπλῶσ [διακονῶν] τῷ θεῷ ζήσεται φύλασσε οὖν τήν ἐντολήν ταύτην ὥσ
Herm,οἶκος,7.1:7,οἴκου,no_institucional,,no_aplica,,,,no,,ὥσ σοι λελάληκα ἵνα ἡ μετάνοιά σου καί τοῦ [οἴκου] σου ἐν ἁπλότητι εὑρεθῇ καί ἀκακία καθαρά καί ἀμίαντοσ
Herm,χήρα,13.1:10,χήραισ,no_institucional,,no_aplica,,,,no,χήραις ὑπηρετεῖν: obra de caridad genérica,ἐν τῇ ζωῇ αὐτοῦ εἶτα τούτων τά ἀκόλουθα ἄκουσον [χήραισ] ὑπηρετεῖν ὀρφανούσ καί ὑστερουμένουσ ἐπισκέπτεσθαι ἐξ ἀναγκῶν λυτροῦσθαι τούσ
Herm,διάκονος,17.3:3,διακονίαν,no_institucional,,no_aplica,,,,no,servicio de los ricos,καθαρά γένηται τάσ λοιπάσ ἡμέρασ τῆσ ζωῆσ αὐτῶν τήν [διακονίαν] ταύτην ἥν σοι δίδωμι ἐκτέλει ἐπιμελῶσ καί πολύ ἐργάσῃ
Herm,προϊστάμενος,17.6:2,προστιθέντεσ,no_institucional,,no_aplica,,,,no,"προστίθημι, falso positivo",διά τάσ ἁμαρτίασ ὑμῶν ἀπεγνωκότεσ τήν ζωήν ὑμῶν καί [προστιθέντεσ] ἁμαρτίαισ καί καταβαρύνοντεσ τήν ζωήν ὑμῶν ὅτι ἐάν ἐπιστραφῆτε
Herm,χήρα,18.1:8,χήρασ,no_institucional,,no_aplica,,,,no,caridad genérica,οὖν ἀγοράζετε ψυχάσ θλιβομένασ καθά τισ δυνατόσ ἐστι καί [χήρασ] καί ὀρφανούσ ἐπισκέπτεσθε καί μή παραβλέπετε αὐτούσ καί τόν
Herm,διάκονος,18.1:9,διακονίασ,no_institucional,,no_aplica,,,,no,,τοῦτο γάρ ἐπλούτισεν ὑμᾶσ ὁ δεσπότησ ἵνα ταύτασ τάσ [διακονίασ] τελέσητε αὐτῷ πολύ βέλτιόν ἐστι τοιούτουσ ἀγρούσ ἀγοράζειν καί
Herm,οἶκος,18.1:9,οἴκουσ,no_institucional,,no_aplica,,,,no,casas como bienes,πολύ βέλτιόν ἐστι τοιούτουσ ἀγρούσ ἀγοράζειν καί κτήματα καί [οἴκουσ] οὕσ εὑρήσεισ ἐν τῇ πόλει σου ὅταν ἐπιδημήσῃσ εἰσ
Herm,διάκονος,19.1:7,διακονίαν,no_institucional,,no_aplica,,,,no,,πένητα ἐκ τῶν δωρημάτων τοῦ κυρίου καί ἐτέλεσε τήν [διακονίαν] ὀρθῶσ παρά τοῖσ οὖν ἀνθρώποισ ἡ πτελέα δοκεῖ καρπόν
Herm,διάκονος,19.1:10,διακονῆσαί,no_institucional,,no_aplica,,,,no,,τοῦ κυρίου πλουτίζονται ὁ γάρ συνίων τοῦτο δυνήσεται καί [διακονῆσαί] τι ἀγαθόν ἄλλη παραβολή ἔδειξέ μοι δένδρα πολλά μή
Herm,προϊστάμενος,22.1:5,προστάγμασιν,no_institucional,,no_aplica,,,,no,falso positivo,καθαρᾷ καρδίᾳ τήρησον τάσ ἐντολάσ αὐτοῦ πορευόμενοσ ἐν τοίσ [προστάγμασιν] αὐτοῦ καί μηδεμία ἐπιθυμία πονηρά ἀναβήτω ἐν τῇ καρδίᾳ
Herm,χήρα,22.3:7,χήρᾳ,no_institucional,,no_aplica,,,,no,ayuno y limosna,δαπάνησ ἐκείνησ τῆσ ἡμέρασ ἧσ ἔμελλεσ ποιεῖν δώσεισ αὐτό [χήρᾳ] ἤ ὀρφανῷ ἤ ὑστερουμένῳ καί οὕτω ταπεινοφρονήσεισ ἵν’ ἐκ
Herm,οἶκος,22.3:9,οἴκου,no_institucional,,no_aplica,,,,no,,τηρήσεισ σύ μετά τῶν τέκνων σου καί ὅλου τοῦ [οἴκου] σου τηρήσασ δέ αὐτά μακάριοσ ἔσῃ καί ὅσοι ἄν
Herm,οἶκος,23.1:1,οἴκῳ,no_institucional,,no_aplica,,,,no,,καί ζήσῃ τῷ θεῷ παραβολή ϛ καθήμενοσ ἐν τῷ [οἴκῳ] μου καί δοξάζων τόν κύριον περί πάντων ὧν ἑωράκειν
Herm,προϊστάμενος,23.1:4,προστιθέναι,no_institucional,,no_aplica,,,,no,falso positivo,ἀρετήν δικαιοσύνησ δυνήσεσθε τηρῆσαι τάσ ἐντολάσ ταύτασ καί μηκέτι [προστιθέναι] ταῖσ ἁμαρτίαισ ὑμῶν πορεύεσθε οὖν ταῖσ ἐντολαῖσ μου ταύταισ
Herm,οἶκος,24.1:1,οἴκου,no_institucional,,no_aplica,,,,no,,κύριε ἵνα τόν ποιμένα τόν τιμωρητήν κελεύσῃσ ἐκ τοῦ [οἴκου] μου ἐξελθεῖν ὅτι λίαν με θλίβει δεῖ σε φησί
Herm,οἶκος,24.1:3,οἴκου,no_institucional,,no_aplica,,,,no,Hermas cabeza de familia,δύνανται ἐκεῖνοι θλιβῆναι ἐάν μή σύ ἡ κεφαλή τοῦ [οἴκου] θλιβῇσ σοῦ γάρ θλιβομένου ἐξ ἀνάγκησ κἀκεῖνοι θλιβήσονται εὐσταθοῦντοσ
Herm,οἶκος,24.1:5,οἴκῳ,no_institucional,,no_aplica,,,,no,,παντόσ πονηροῦ πράγματοσ σοί δέ συμφέρον ἐστί καί τῷ [οἴκῳ] σου νῦν θλιβῆναι τί δέ σοι πολλά λέγω θλιβῆναί
Herm,οἶκος,24.1:7,οἴκου,no_institucional,,no_aplica,,,,no,,καί καθαρά εἶναι καί ἐάν ταύτασ φυλάξῃσ μετά τοῦ [οἴκου] σου ἀποστήσεται πᾶσα θλῖψισ ἀπό σοῦ καί ἀπό πάντων
Herm,διάκονος,25.4:1,διακόνει,no_institucional,,no_aplica,,,,no,servir la comida,κἀγώ παρεστάθην αὐτῷ καί λέγει μοι περίζωσαι ὠμόλινον καί [διακόνει] μοι περιεζωσάμην ὠμόλινον ἐκ σάκκου γεγονόσ καθαρόν ἰδών δέ
Herm,διάκονος,25.4:2,διακονεῖν,no_institucional,,no_aplica,,,,no,,καθαρόν ἰδών δέ με περιεζωσμένον καί ἕτοιμον ὄντα τοῦ [διακονεῖν] αὐτῷ κάλει φησί τούσ ἄνδρασ ὧν εἰσίν αἱ ῥάβδοι
Herm,ἐκκλησία,25.6:4,ἐκκλησίασ,universal,,no_aplica,,,,no,,σητόσ εὑρέθησαν οὗτοί εἰσιν οἱ ἀποστάται καί προδόται τῆσ [ἐκκλησίασ] καί βλασφημήσαντεσ ἐν ταῖσ ἁμαρτίαισ αὐτῶν τόν κύριον ἔτι
Herm,οἶκος,25.10:3,οἴκουσ,no_institucional,,no_aplica,,,,no,hospitalidad,ἀπέστησαν καί τό ὄνομα ἡδέωσ ἐβάστασαν καί εἰσ τούσ [οἴκουσ] αὐτῶν ἡδέωσ ὑπεδέξαντο τούσ δούλουσ τοῦ θεοῦ ἀκούσαντεσ οὖν
Herm,ἐκκλησία,26.1:1,ἐκκλησίασ,universal,,no_aplica,,,,no,,τό ἅγιον τό λαλῆσαν μετά σοῦ ἐν μορφῇ τῆσ [ἐκκλησίασ] ἐκεῖνο γάρ τό πνεῦμα ὁ υἱόσ τοῦ θεοῦ ἐστιν
Herm,ἐκκλησία,26.1:2,ἐκκλησίασ,universal,,no_aplica,,,,no,,ἄγγελον ἰδεῖν τότε μέν οὖν ἐφανερώθη σοι διά τῆσ [ἐκκλησίασ] ἡ οἰκοδομή τοῦ πύργου καλῶσ καί σεμνῶσ πάντα ὡσ
Herm,οἶκος,26.11:2,οἶκον,no_institucional,,no_aplica,,,,no,,ἕωσ ὀψέ ἐάν δέ μή ἔλθῃ ἀπελεύσομαι εἰσ τόν [οἶκον] καί πρωΐ ἐπανήξω αἱ δέ ἀκοκριθεῖσαι λέγουσί μοι ἡμῖν
Herm,νεώτερος,26.11:5,νεώτεροσ,no_institucional,,no_aplica,,,,no,,κύκλῳ τοῦ πύργου καί παίζειν μετ’ ἐμοῦ κἀγώ ὡσεί [νεώτεροσ] ἐγεγόνειν καί ἠρξάμην καί αὐτόσ παίζειν μετ’ αὐτῶν αἱ
Herm,οἶκος,26.11:6,οἶκον,no_institucional,,no_aplica,,,,no,,ἤμην μετ’ αὐτῶν ὀψίασ δέ γενομένησ ἤθελον εἰσ τόν [οἶκον] ὑπάγειν αἱ δέ οὐκ ἀφῆκαν ἀλλά κατέσχον με καί
Herm,ἐκκλησία,26.13:1,ἐκκλησία,universal,,no_aplica,,,,no,la torre es la Iglesia,πύργοσ φημί τίσ ἐστιν ὁ πύργοσ φησίν οὗτοσ ἡ [ἐκκλησία] ἐστίν αἱ δέ παρθένοι αὗται τίνεσ εἰσίν αὗται φησίν
Herm,οἶκος,26.13:9,οἴκου,no_institucional,,no_aplica,,,,sí,ὁ οἶκος τοῦ θεοῦ: metáfora de la Iglesia,ἔνδυμα καί τήν δύναμιν οὗτοι οὖν ἀπεβλήθησαν ἀπό τοῦ [οἴκου] τοῦ θεοῦ καί ἐκείναισ παρεδόθησαν οἱ δέ μή ἀπατηθέντεσ
Herm,οἶκος,26.13:9,οἴκῳ,no_institucional,,no_aplica,,,,sí,ὁ οἶκος τοῦ θεοῦ: metáfora de la Iglesia,ἀπατηθέντεσ τῷ κάλλει τῶν γυναικῶν τούτων ἔμειναν ἐν τῷ [οἴκῳ] τοῦ θεοῦ ἔχεισ φησί τήν ἐπίλυσιν τῶν ἀποβεβλημένων τί
Herm,οἶκος,26.14:1,οἶκον,no_institucional,,no_aplica,,,,sí,metáfora,ἐν τοῖσ ἔργοισ αὐτῶν πορευθῶσιν οὐκ εἰσελεύσονται εἰσ τόν [οἶκον] τοῦ θεοῦ εἰσελεύσονται φησίν ἐάν τούτων τῶν γυναικῶν ἀποβάλωσι
Herm,διάκονος,26.15:4,διάκονοι,funcion,,no_aplica,,,,sí,οἱ προφῆται τοῦ θεοῦ καὶ διάκονοι αὐτοῦ (las 35 piedras): ministros de Dios en general (juicio),ἀνδρῶν δικαίων οἱ δέ λε προφῆται τοῦ θεοῦ καί [διάκονοι] αὐτοῦ οἱ δέ μ ἀπόστολοι καί διδάσκαλοι τοῦ κηρύγματοσ
Herm,ἐκκλησία,26.18:2,ἐκκλησία,universal,,no_aplica,,,,no,,καί ἀποθανοῦνται εἰσ τόν αἰῶνα οὕτωσ οὖν καθαρισθήσεται ἡ [ἐκκλησία] τοῦ θεοῦ ὡσ δέ εἶδεσ ἐκ τοῦ πύργου τούσ
Herm,ἐκκλησία,26.18:3,ἐκκλησία,universal,,no_aplica,,,,no,,γεγονώσ μετά τό καθαρισθῆναι αὐτόν οὕτωσ ἔσται καί ἡ [ἐκκλησία] τοῦ θεοῦ μετά τό καθαρισθῆναι αὐτήν καί ἀποβληθῆναι τούσ
Herm,ἐκκλησία,26.18:4,ἐκκλησία,universal,,no_aplica,,,,no,,πονηρευομένουσ ποικίλαισ πονηρίαισ μετά τό τούτουσ ἀποβληθῆναι ἔσται ἡ [ἐκκλησία] τοῦ θεοῦ ἕν σῶμα μία φρόνησισ εἷσ νοῦσ μία
Herm,διάκονος,26.26:2,διάκονοί,cargo,disciplina,s1,asociaciones,"RICIS 111/0102 = CIG II 1800 (Ambracia, s. I a. C.; AGRW ID 23778); IBeroia 26 (Berea, ca. 100-150; AGRW 36) || PMich V 243 (AGRW 300, 14-37); PMich V 244 (AGRW 301, 43); IG XII,3 330 (AGRW 243)","τὸ κοινὸν τῶν διακόνων Σαράπει, Ἴσει, Ἀνούβει, Ἁρποκράτει, con sacerdote y lista de miembros (Ambracia); Π. Κορνήλιος Ῥοῦφος καὶ οἱ ὑπ’ αὐτὸν διάκονοι (Berea)",no,διάκονοί εἰσι κακῶς διακονήσαντες καὶ διαρπάσαντες χηρῶν καὶ ὀρφανῶν τὴν ζωήν: diáconos que administran mal los fondos; deben enmendarse,οἱ πιστεύσαντεσ τοιοῦτοί εἰσιν οἱ μέν τούσ σπίλουσ ἔχοντεσ [διάκονοί] εἰσι κακῶσ διακονήσαντεσ καί διαρπάσαντεσ χηρῶν καί ὀρφανῶν τήν
Herm,διάκονος,26.26:2,διακονήσαντεσ,cargo,,s1,asociaciones,"RICIS 111/0102 = CIG II 1800 (Ambracia, s. I a. C.; AGRW ID 23778); IBeroia 26 (Berea, ca. 100-150; AGRW 36)","τὸ κοινὸν τῶν διακόνων Σαράπει, Ἴσει, Ἀνούβει, Ἁρποκράτει, con sacerdote y lista de miembros (Ambracia); Π. Κορνήλιος Ῥοῦφος καὶ οἱ ὑπ’ αὐτὸν διάκονοι (Berea)",no,ejercicio del cargo,εἰσιν οἱ μέν τούσ σπίλουσ ἔχοντεσ διάκονοί εἰσι κακῶσ [διακονήσαντεσ] καί διαρπάσαντεσ χηρῶν καί ὀρφανῶν τήν ζωήν καί ἑαυτοῖσ
Herm,χήρα,26.26:2,χηρῶν,categoria,,fin_s1,corpus_cristiano,"AGRW: χήρα solo como estado civil (Termessos, s. II: honores a Atalante); ningún grupo de viudas en asociaciones. Corpus § 2: Hch 6,1 (αἱ χῆραι en la διακονία καθημερινή); Hch 9,39-41",las viudas como grupo reconocido de la comunidad aparecen por primera vez en Hechos (fecha convencional 80-90),sí,las viudas y huérfanos como beneficiarios de los fondos administrados por los diáconos (juicio),τούσ σπίλουσ ἔχοντεσ διάκονοί εἰσι κακῶσ διακονήσαντεσ καί διαρπάσαντεσ [χηρῶν] καί ὀρφανῶν τήν ζωήν καί ἑαυτοῖσ περιποιησάμενοι ἐκ τῆσ
Herm,διάκονος,26.26:2,διακονίασ,cargo,,s1,asociaciones,"RICIS 111/0102 = CIG II 1800 (Ambracia, s. I a. C.; AGRW ID 23778); IBeroia 26 (Berea, ca. 100-150; AGRW 36)","τὸ κοινὸν τῶν διακόνων Σαράπει, Ἴσει, Ἀνούβει, Ἁρποκράτει, con sacerdote y lista de miembros (Ambracia); Π. Κορνήλιος Ῥοῦφος καὶ οἱ ὑπ’ αὐτὸν διάκονοι (Berea)",no,ἐκ τῆς διακονίας ἧς ἔλαβον διακονῆσαι,καί ὀρφανῶν τήν ζωήν καί ἑαυτοῖσ περιποιησάμενοι ἐκ τῆσ [διακονίασ] ἧσ ἔλαβον διακονῆσαι ἐάν οὖν ἐπιμείνωσι τῇ αὐτῇ ἐπιθυμίᾳ
Herm,διάκονος,26.26:2,διακονῆσαι,cargo,,s1,asociaciones,"RICIS 111/0102 = CIG II 1800 (Ambracia, s. I a. C.; AGRW ID 23778); IBeroia 26 (Berea, ca. 100-150; AGRW 36)","τὸ κοινὸν τῶν διακόνων Σαράπει, Ἴσει, Ἀνούβει, Ἁρποκράτει, con sacerdote y lista de miembros (Ambracia); Π. Κορνήλιος Ῥοῦφος καὶ οἱ ὑπ’ αὐτὸν διάκονοι (Berea)",no,,ζωήν καί ἑαυτοῖσ περιποιησάμενοι ἐκ τῆσ διακονίασ ἧσ ἔλαβον [διακονῆσαι] ἐάν οὖν ἐπιμείνωσι τῇ αὐτῇ ἐπιθυμίᾳ ἀπέθανον καί οὐδεμία
Herm,διάκονος,26.26:2,διακονίαν,cargo,,s1,asociaciones,"RICIS 111/0102 = CIG II 1800 (Ambracia, s. I a. C.; AGRW ID 23778); IBeroia 26 (Berea, ca. 100-150; AGRW 36)","τὸ κοινὸν τῶν διακόνων Σαράπει, Ἴσει, Ἀνούβει, Ἁρποκράτει, con sacerdote y lista de miembros (Ambracia); Π. Κορνήλιος Ῥοῦφος καὶ οἱ ὑπ’ αὐτὸν διάκονοι (Berea)",no,τελειώσωσι τὴν διακονίαν αὐτῶν,ἐλπίσ ζωῆσ ἐάν δέ ἐπιστρέψωσι καί ἁγνῶσ τελειώσωσι τήν [διακονίαν] αὐτῶν δυνήσονται ζῆσαι οἱ δέ ἐψωριακότεσ οὗτοι οἱ ἀρνησάμενοί
Herm,ἐπίσκοπος,26.27:2,ἐπίσκοποι,cargo,colegio,s1,asociaciones,"IG XII,3 329 (Thera, ca. 200 a. C.; AGRW ID 12910); IRhodPC 2 (Rodas, s. II a. C.; AGRW ID 14975); IDelos 1522 (Delos, 98-117; AGRW ID 21076) || IG XII,3 329 (Thera, ca. 200 a. C.); OGIS II 729 (Alejandría, 221-205 a. C.)","τὸς ἐπισκό[πος] Δίωνα καὶ Μελέϊππον: dos «supervisores» del koinón prestan a interés el legado (Thera); ἐπὶ … Ζή]νωνος ἐπισκόπου, epónimo (Rodas); τὸν ἐπίσκοπον, encargado de la copia del decreto y multado si no cumple (Delos)",no,"ἐπίσκοποι καὶ φιλόξενοι … οἱ δὲ ἐπίσκοποι πάντοτε τοὺς ὑστερημένους καὶ τὰς χήρας τῇ διακονίᾳ ἑαυτῶν ἀδιαλείπτως ἐσκέπασαν: plural, función asistencial",ἦσαν δένδρα σκεπάζοντα πρόβατά τινα οἱ πιστεύσαντεσ τοιοῦτοί εἰσιν [ἐπίσκοποι] καί φιλόξενοι οἵτινεσ ἡδέωσ εἰσ τούσ οἴκουσ ἑαυτῶν πάντοτε
Herm,οἶκος,26.27:2,οἴκουσ,no_institucional,,no_aplica,,,,no,hospitalidad en sus casas,τοιοῦτοί εἰσιν ἐπίσκοποι καί φιλόξενοι οἵτινεσ ἡδέωσ εἰσ τούσ [οἴκουσ] ἑαυτῶν πάντοτε ὑπεδέξαντο τούσ δούλουσ τοῦ θεοῦ ἄτερ ὑποκρίσεωσ
Herm,ἐπίσκοπος,26.27:2,ἐπίσκοποι,cargo,colegio,s1,asociaciones,"IG XII,3 329 (Thera, ca. 200 a. C.; AGRW ID 12910); IRhodPC 2 (Rodas, s. II a. C.; AGRW ID 14975); IDelos 1522 (Delos, 98-117; AGRW ID 21076) || IG XII,3 329 (Thera, ca. 200 a. C.); OGIS II 729 (Alejandría, 221-205 a. C.)","τὸς ἐπισκό[πος] Δίωνα καὶ Μελέϊππον: dos «supervisores» del koinón prestan a interés el legado (Thera); ἐπὶ … Ζή]νωνος ἐπισκόπου, epónimo (Rodas); τὸν ἐπίσκοπον, encargado de la copia del decreto y multado si no cumple (Delos)",no,"ἐπίσκοποι καὶ φιλόξενοι … οἱ δὲ ἐπίσκοποι πάντοτε τοὺς ὑστερημένους καὶ τὰς χήρας τῇ διακονίᾳ ἑαυτῶν ἀδιαλείπτως ἐσκέπασαν: plural, función asistencial",ὑπεδέξαντο τούσ δούλουσ τοῦ θεοῦ ἄτερ ὑποκρίσεωσ οἱ δέ [ἐπίσκοποι] πάντοτε τούσ ὑστερημένουσ καί τάσ χήρασ τῇ διακονίᾳ ἑαυτῶν
Herm,χήρα,26.27:2,χήρασ,categoria,,fin_s1,corpus_cristiano,"AGRW: χήρα solo como estado civil (Termessos, s. II: honores a Atalante); ningún grupo de viudas en asociaciones. Corpus § 2: Hch 6,1 (αἱ χῆραι en la διακονία καθημερινή); Hch 9,39-41",las viudas como grupo reconocido de la comunidad aparecen por primera vez en Hechos (fecha convencional 80-90),sí,viudas asistidas por los obispos (juicio),ὑποκρίσεωσ οἱ δέ ἐπίσκοποι πάντοτε τούσ ὑστερημένουσ καί τάσ [χήρασ] τῇ διακονίᾳ ἑαυτῶν ἀδιαλείπτωσ ἐσκέπασαν καί ἁγνῶσ ἀνεστράφησαν πάντοτε
Herm,διάκονος,26.27:2,διακονίᾳ,funcion,,no_aplica,,,,no,τῇ διακονίᾳ ἑαυτῶν: el servicio de los obispos,δέ ἐπίσκοποι πάντοτε τούσ ὑστερημένουσ καί τάσ χήρασ τῇ [διακονίᾳ] ἑαυτῶν ἀδιαλείπτωσ ἐσκέπασαν καί ἁγνῶσ ἀνεστράφησαν πάντοτε οὗτοι οὖν
