coleccion,documento,estado,nombre,nombre_es,tipo,pasaje,n_menciones,lugar,funcion,relacion,a_otra_carta,b_hechos,c_region_periodo,d_famoso,e_coherencia,nuevo,fuente,cita,juicio,nota
1Clem,1Clem,genuine,ἀαρών,Aarón,biblico,4:11|43:5,2,—,mencionado,—,0,0,,1,no comprobable,0,,,sí,
1Clem,1Clem,genuine,ἄβελ,Abel,biblico,4:1|4:2|4:6,4,—,mencionado,—,0,0,,1,no comprobable,0,,,sí,
1Clem,1Clem,genuine,ἀβειρών,Abirón,biblico,4:12,1,—,mencionado,—,0,0,,1,no comprobable,0,,,sí,
1Clem,1Clem,genuine,ἀνανίασ,Ananías,biblico,45:7,1,—,mencionado,—,0,0,,1,no comprobable,0,,,sí,
1Clem,1Clem,genuine,ἀπολλώ,Apolo (1 Cor),historico,47:3,1,—,mencionado,—,1,1,,1,no comprobable,0,,,sí,
1Clem,1Clem,genuine,ἀζαρίασ,Azarías,biblico,45:7,1,—,mencionado,—,0,0,,1,no comprobable,0,,,sí,
1Clem,1Clem,genuine,κάϊν,Caín,biblico,4:1|4:2|4:3|4:4|4:6,6,—,mencionado,—,0,0,,1,no comprobable,0,,,sí,
1Clem,1Clem,genuine,κηφᾶ,Cefas (Pedro),historico,47:3,1,—,mencionado,—,1,1,,1,no comprobable,0,,,sí,
1Clem,1Clem,genuine,κλαύδιον,Claudio Efebo,persona,65:1|65:1,2,—,mencionado,—,0,0,3,0,no comprobable,1,"PHI Greek Inscriptions (inscriptions.packhum.org), consulta 29-IX-2026","PHI: 2030 apariciones del patrón «Κλαύδι» (todas las regiones, sin fecha)",sí,
1Clem,1Clem,genuine,δαναΐδεσ,Danaides,literario,6:2,1,—,mencionado,—,0,0,,1,no comprobable,0,,,sí,
1Clem,1Clem,genuine,δανιήλ,Daniel,biblico,45:6,1,—,mencionado,—,0,0,,1,no comprobable,0,,,sí,
1Clem,1Clem,genuine,δαθάν,Datán,biblico,4:12,1,—,mencionado,—,0,0,,1,no comprobable,0,,,sí,
1Clem,1Clem,genuine,δαυείδ,David,biblico,4:13|18:1|52:2,4,—,mencionado,—,0,0,,1,no comprobable,0,,,sí,
1Clem,1Clem,genuine,δίρκαι,Dirce,literario,6:2,1,—,mencionado,—,0,0,,1,no comprobable,0,,,sí,
1Clem,1Clem,genuine,ἑλισαιέ,Eliseo,biblico,17:1,1,—,mencionado,—,0,0,,1,no comprobable,0,,,sí,
1Clem,1Clem,genuine,ἠλίαν,Elías,biblico,17:1,1,—,mencionado,—,0,0,,1,no comprobable,0,,,sí,
1Clem,1Clem,genuine,ἐσθήρ,Ester,biblico,55:6,1,—,mencionado,—,0,0,,1,no comprobable,0,,,sí,
1Clem,1Clem,genuine,ἰεζεκιήλ,Ezequiel,biblico,17:1,1,—,mencionado,—,0,0,,1,no comprobable,0,,,sí,
1Clem,1Clem,genuine,φαραώ,Faraón,biblico,4:10|51:5,2,—,mencionado,—,0,0,,1,no comprobable,0,,,sí,
1Clem,1Clem,genuine,φορτουνάτῳ,Fortunato,persona,65:1,1,—,mencionado,—,1,0,,0,no comprobable,0,,,sí,
1Clem,1Clem,genuine,ἐνώχ,Henoc,biblico,9:3,1,—,mencionado,—,0,0,,1,no comprobable,0,,,sí,
1Clem,1Clem,genuine,ὀλοφέρνην,Holofernes,biblico,55:5,1,—,mencionado,—,0,0,,1,no comprobable,0,,,sí,
1Clem,1Clem,genuine,ἰσαάκ,Isaac,biblico,31:3,1,—,mencionado,—,0,0,,1,no comprobable,0,,,sí,
1Clem,1Clem,genuine,ἰεσσαί,Jesé,biblico,18:1,1,—,mencionado,—,0,0,,1,no comprobable,0,,,sí,
1Clem,1Clem,genuine,ἰώβ,Job,biblico,17:3|26:3,3,—,mencionado,—,0,0,,1,no comprobable,0,,,sí,
1Clem,1Clem,genuine,ἰωνᾶσ,Jonás,biblico,7:7,1,—,mencionado,—,0,0,,1,no comprobable,0,,,sí,
1Clem,1Clem,genuine,ναυή,Josué hijo de Nun,biblico,12:2,1,—,mencionado,—,0,0,,1,no comprobable,0,,,sí,
1Clem,1Clem,genuine,ἰωσήφ,José,biblico,4:9,1,—,mencionado,—,0,0,,1,no comprobable,0,,,sí,
1Clem,1Clem,genuine,ἰουδίθ,Judit,biblico,55:4,1,—,mencionado,—,0,0,,1,no comprobable,0,,,sí,
1Clem,1Clem,genuine,ἰούδαν,Judá,biblico,32:2,1,—,mencionado,—,0,0,,1,no comprobable,0,,,sí,
1Clem,1Clem,genuine,λαβάν,Labán,biblico,31:4,1,—,mencionado,—,0,0,,1,no comprobable,0,,,sí,
1Clem,1Clem,genuine,λώτ,Lot,biblico,10:4|11:1,2,—,mencionado,—,0,0,,1,no comprobable,0,,,sí,
1Clem,1Clem,genuine,μαριάμ,Miriam,biblico,4:11,1,—,mencionado,—,0,0,,1,no comprobable,0,,,sí,
1Clem,1Clem,genuine,μισαήλ,Misael,biblico,45:7,1,—,mencionado,—,0,0,,1,no comprobable,0,,,sí,
1Clem,1Clem,genuine,μωϋσέωσ,Moisés,biblico,51:5|53:2|4:10|4:12|51:3,5,—,mencionado,—,0,0,,1,no comprobable,0,,,sí,
1Clem,1Clem,genuine,παύλου,Pablo,historico,47:1|5:5,2,—,mencionado,—,1,1,,1,no comprobable,0,,,sí,
1Clem,1Clem,genuine,πέτρον,Pedro,historico,5:4,1,—,mencionado,—,1,1,,1,no comprobable,0,,,sí,
1Clem,1Clem,genuine,ῥαάβ,Rahab,biblico,12:1|12:3,2,—,mencionado,—,0,0,,1,no comprobable,0,,,sí,
1Clem,1Clem,genuine,σαούλ,Saúl,biblico,4:13,1,—,mencionado,—,0,0,,1,no comprobable,0,,,sí,
1Clem,1Clem,genuine,οὐαλέριον,Valerio Vitón,persona,65:1,1,—,mencionado,—,0,0,3,0,no comprobable,1,"PHI Greek Inscriptions (inscriptions.packhum.org), consulta 29-IX-2026","PHI: 460 apariciones del patrón «Οὐαλέρι» (todas las regiones, sin fecha)",sí,
1Clem,1Clem,genuine,βίτωνα,Vitón,persona,65:1,1,—,mencionado,—,0,0,2,0,no comprobable,1,"PHI Greek Inscriptions (inscriptions.packhum.org), consulta 29-IX-2026","PHI: 17 apariciones del patrón «Βίτων» (todas las regiones, sin fecha)",sí,
3Cor,3Cor,spurious,δαυίδ,David,biblico,1,1,—,mencionado,—,0,0,,1,no comprobable,0,,,sí,
3Cor,3Cor,spurious,ἐλισαίου,Eliseo,biblico,1,1,—,mencionado,—,0,0,,1,no comprobable,0,,,sí,
3Cor,3Cor,spurious,ἰωνᾶ,Jonás,biblico,1|1,2,—,mencionado,—,0,0,,1,no comprobable,0,,,sí,
3Cor,3Cor,spurious,μαρίαν,María (madre de Jesús),biblico,1|1,2,—,mencionado,—,0,0,,1,no comprobable,0,,,sí,
3Cor,3Cor,spurious,παῦλοσ,Pablo,historico,1,1,—,mencionado,—,1,1,,1,no comprobable,0,,,sí,
Basilio,Bas_Ep#1,genuine,ἀλεξάνδρου,Alejandro,persona,1,1,—,mencionado,—,1,1,,0,no comprobable,0,,,sí,
Basilio,Bas_Ep#1,genuine,ὀδυσσεύσ,Odiseo,literario,1,1,—,mencionado,—,0,0,,1,no comprobable,0,,,sí,
Basilio,Bas_Ep#1,genuine,ταντάλῳ,Tántalo,literario,1,1,—,mencionado,—,0,0,,1,no comprobable,0,,,sí,
Basilio,Bas_Ep#105,genuine,σωφρόνιον,Sofronio,persona,105,1,—,mencionado,—,0,0,,0,no comprobable,1,,,sí,
Basilio,Bas_Ep#116,genuine,βρεττάνιον,Britanio,persona,116,1,—,mencionado,—,0,0,,0,no comprobable,1,,,sí,
Basilio,Bas_Ep#116,genuine,φιρμίνου,Firmino,persona,116,1,—,mencionado,—,0,0,,0,no comprobable,1,,,sí,
Basilio,Bas_Ep#125,genuine,ἀρείου,Arrio,historico,125,1,—,mencionado,—,0,0,,1,no comprobable,0,,,sí,
Basilio,Bas_Ep#125,genuine,εὐστάθιοσ,Eustacio,persona,125|125,3,—,mencionado,—,0,0,2,0,no comprobable,1,"PHI Greek Inscriptions (inscriptions.packhum.org), consulta 29-IX-2026","PHI: 17 apariciones del patrón «Εὐστάθι» (todas las regiones, sin fecha)",sí,
Basilio,Bas_Ep#125,genuine,φρόντωνοσ,Frontón,persona,125,1,—,mencionado,—,0,0,3,0,no comprobable,1,"PHI Greek Inscriptions (inscriptions.packhum.org), consulta 29-IX-2026","PHI: 198 apariciones del patrón «Φρόντων» (todas las regiones, sin fecha)",sí,
Basilio,Bas_Ep#125,genuine,μάρκελλοσ,Marcelo,persona,125,1,—,mencionado,—,0,0,3,0,no comprobable,1,"PHI Greek Inscriptions (inscriptions.packhum.org), consulta 29-IX-2026","PHI: 174 apariciones del patrón «Μάρκελλ» (todas las regiones, sin fecha)",sí,
Basilio,Bas_Ep#125,genuine,σαβελλίου,Sabelio,historico,125,1,—,mencionado,—,0,0,,1,no comprobable,0,,,sí,
Basilio,Bas_Ep#125,genuine,σεβήρου,Severo,persona,125,1,—,mencionado,—,0,0,,0,no comprobable,1,,,sí,
Basilio,Bas_Ep#135,genuine,ἀριστοτέλησ,Aristóteles,literario,135,1,—,mencionado,—,0,0,,1,no comprobable,0,,,sí,
Basilio,Bas_Ep#135,genuine,ἱππίου,Hipias,literario,135,1,—,mencionado,—,0,0,,1,no comprobable,0,,,sí,
Basilio,Bas_Ep#135,genuine,πλάτων,Platón,literario,135,1,—,mencionado,—,0,0,,1,no comprobable,0,,,sí,
Basilio,Bas_Ep#135,genuine,πρωταγόρου,Protágoras,literario,135,1,—,mencionado,—,0,0,,1,no comprobable,0,,,sí,
Basilio,Bas_Ep#135,genuine,θεόφραστοσ,Teofrasto,persona,135,1,—,mencionado,—,0,0,,0,no comprobable,1,,,sí,
Basilio,Bas_Ep#135,genuine,θρασυμάχου,Trasímaco,literario,135,1,—,mencionado,—,0,0,,1,no comprobable,0,,,sí,
Basilio,Bas_Ep#136,genuine,εὐστάθιοσ,Eustacio,persona,136,1,—,mencionado,—,0,0,2,0,no comprobable,1,"PHI Greek Inscriptions (inscriptions.packhum.org), consulta 29-IX-2026","PHI: 17 apariciones del patrón «Εὐστάθι» (todas las regiones, sin fecha)",sí,
Basilio,Bas_Ep#136,genuine,ἰσαάκησ,Isaces,persona,136,2,—,mencionado,—,0,0,,0,no comprobable,1,,,sí,
Basilio,Bas_Ep#138,genuine,ἐλπίδιοσ,Elpidio,persona,138,1,—,mencionado,—,0,0,3,0,no comprobable,1,"PHI Greek Inscriptions (inscriptions.packhum.org), consulta 29-IX-2026","PHI: 96 apariciones del patrón «Ἐλπίδι» (todas las regiones, sin fecha)",sí,
Basilio,Bas_Ep#138,genuine,εὐσεβίῳ,Eusebio,persona,138,1,—,mencionado,—,0,0,3,0,no comprobable,1,"PHI Greek Inscriptions (inscriptions.packhum.org), consulta 29-IX-2026","PHI: 117 apariciones del patrón «Εὐσεβί» (todas las regiones, sin fecha)",sí,
Basilio,Bas_Ep#138,genuine,εὐσταθίου,Eustacio,persona,138,1,—,mencionado,—,0,0,,0,no comprobable,1,,,sí,
Basilio,Bas_Ep#138,genuine,εὐάγριοσ,Evagrio,persona,138|138,2,—,mencionado,—,0,0,2,0,no comprobable,1,"PHI Greek Inscriptions (inscriptions.packhum.org), consulta 29-IX-2026","PHI: 8 apariciones del patrón «Εὐάγρι» (todas las regiones, sin fecha)",sí,
Basilio,Bas_Ep#138,genuine,φαυστῖνοσ,Faustino,persona,138,1,—,mencionado,—,0,0,,0,no comprobable,1,,,sí,
Basilio,Bas_Ep#138,genuine,πομπηϊανοῦ,Pompeyano,persona,138,1,—,mencionado,—,0,0,,0,no comprobable,1,,,sí,
Basilio,Bas_Ep#14,genuine,ἀλκμαίων,Alcmeón,literario,14,1,—,mencionado,—,0,0,,1,no comprobable,0,,,sí,
Basilio,Bas_Ep#14,genuine,καλυψοῦσ,Calipso,literario,14,1,—,mencionado,—,0,0,,1,no comprobable,0,,,sí,
Basilio,Bas_Ep#14,genuine,γρηγορίου,Gregorio,persona,14,1,—,mencionado,—,0,0,,0,no comprobable,1,,,sí,
Basilio,Bas_Ep#14,genuine,ὅμηροσ,Homero,literario,14,1,—,mencionado,—,0,0,,1,no comprobable,0,,,sí,
Basilio,Bas_Ep#148,genuine,μάξιμοσ,Máximo,persona,148,1,—,mencionado,—,0,0,,0,no comprobable,1,,,sí,
Basilio,Bas_Ep#150,genuine,ἰωάννου,Juan,persona,150,1,—,mencionado,—,1,1,,0,no comprobable,0,,,sí,
Basilio,Bas_Ep#160,genuine,διοδώρου,Diodoro,persona,160,2,—,mencionado,—,0,0,,0,no comprobable,1,,,sí,
Basilio,Bas_Ep#160,genuine,παῦλόσ,Pablo,biblico,160,1,—,mencionado,—,1,1,,1,no comprobable,0,,,sí,
Basilio,Bas_Ep#162,genuine,βάραχοσ,Baraco,persona,162,1,—,mencionado,—,0,0,,0,no comprobable,1,,,sí,
Basilio,Bas_Ep#20,genuine,εὐνόμιον,Eunomio,persona,20,1,—,mencionado,—,0,0,,0,no comprobable,1,,,sí,
Basilio,Bas_Ep#212,genuine,ἰώβ,Job,biblico,212,1,—,mencionado,—,0,0,,1,no comprobable,0,,,sí,
Basilio,Bas_Ep#219,genuine,θεοδώρου,Teodoro,persona,219,1,—,mencionado,—,0,0,,0,no comprobable,1,,,sí,
Basilio,Bas_Ep#224,genuine,ἀπολλιναρίου,Apolinar,persona,224,1,—,mencionado,—,0,0,,0,no comprobable,1,,,sí,
Basilio,Bas_Ep#224,genuine,γελασίῳ,Gelasio,persona,224,1,—,mencionado,—,0,0,2,0,no comprobable,1,"PHI Greek Inscriptions (inscriptions.packhum.org), consulta 29-IX-2026","PHI: 13 apariciones del patrón «Γελασί» (todas las regiones, sin fecha)",sí,
Basilio,Bas_Ep#224,genuine,σαβελλίου,Sabelio,historico,224,1,—,mencionado,—,0,0,,1,no comprobable,0,,,sí,
Basilio,Bas_Ep#235,genuine,μαρία,María,persona,235,1,—,mencionado,—,0,0,,0,no comprobable,1,,,sí,
Basilio,Bas_Ep#235,genuine,παύλου,Pablo,biblico,235|235,2,—,mencionado,—,1,1,,1,no comprobable,0,,,sí,
Basilio,Bas_Ep#235,genuine,ῥεβέκκασ,Rebeca,biblico,235,2,—,mencionado,—,0,0,,1,no comprobable,0,,,sí,
Basilio,Bas_Ep#235,genuine,τιμόθεον,Timoteo,persona,235|235,5,—,mencionado,—,1,1,,0,no comprobable,0,,,sí,
Basilio,Bas_Ep#237,genuine,ἐκδίκιον,Ecdicio,persona,237,1,—,mencionado,—,0,0,,0,no comprobable,1,,,sí,
Basilio,Bas_Ep#237,genuine,εὐστάθιον,Eustacio,persona,237|237,3,—,mencionado,—,0,0,2,0,no comprobable,1,"PHI Greek Inscriptions (inscriptions.packhum.org), consulta 29-IX-2026","PHI: 17 apariciones del patrón «Εὐστάθι» (todas las regiones, sin fecha)",sí,
Basilio,Bas_Ep#237,genuine,θεόδοτοσ,Teódoto,persona,237,1,—,mencionado,—,0,0,,0,no comprobable,1,,,sí,
Basilio,Bas_Ep#243,genuine,βασίλειοσ,Basilio,persona,243,1,—,mencionado,—,0,0,,0,no comprobable,1,,,sí,
Basilio,Bas_Ep#243,genuine,δωρόθεον,Doroteo,persona,243,1,—,mencionado,—,0,0,,0,no comprobable,1,,,sí,
Basilio,Bas_Ep#244,genuine,ἀετίου,Aecio,persona,244,1,—,mencionado,—,0,0,,0,no comprobable,1,,,sí,
Basilio,Bas_Ep#244,genuine,ἀπολλινάριον,Apolinar,persona,244|244|244,3,—,mencionado,—,0,0,,0,no comprobable,1,,,sí,
Basilio,Bas_Ep#244,genuine,ἀρείου,Arrio,historico,244|244|244,4,—,mencionado,—,0,0,,1,no comprobable,0,,,sí,
Basilio,Bas_Ep#244,genuine,βασίλειοσ,Basilio,persona,244,1,—,mencionado,—,0,0,,0,no comprobable,1,,,sí,
Basilio,Bas_Ep#244,genuine,δαζίζαν,Daziza,persona,244,2,—,mencionado,—,0,0,,0,no comprobable,1,,,sí,
Basilio,Bas_Ep#244,genuine,διόδωρον,Diodoro,persona,244,2,—,mencionado,—,0,0,,0,no comprobable,1,,,sí,
Basilio,Bas_Ep#244,genuine,στρατηγίου,Estrategio,persona,244,2,—,mencionado,—,0,0,,0,no comprobable,1,,,sí,
Basilio,Bas_Ep#244,genuine,εὐδοξίου,Eudoxio,persona,244,1,—,mencionado,—,0,0,,0,no comprobable,1,,,sí,
Basilio,Bas_Ep#244,genuine,εὐιππίου,Euipio,persona,244,3,—,mencionado,—,0,0,,0,no comprobable,1,,,sí,
Basilio,Bas_Ep#244,genuine,εὐνομίου,Eunomio,persona,244,1,—,mencionado,—,0,0,,0,no comprobable,1,,,sí,
Basilio,Bas_Ep#244,genuine,εὐσέβιον,Eusebio,persona,244,1,—,mencionado,—,0,0,3,0,no comprobable,1,"PHI Greek Inscriptions (inscriptions.packhum.org), consulta 29-IX-2026","PHI: 111 apariciones del patrón «Εὐσέβ» (todas las regiones, sin fecha)",sí,
Basilio,Bas_Ep#244,genuine,εὐστάθιοσ,Eustacio,persona,244,1,—,mencionado,—,0,0,2,0,no comprobable,1,"PHI Greek Inscriptions (inscriptions.packhum.org), consulta 29-IX-2026","PHI: 17 apariciones del patrón «Εὐστάθι» (todas las regiones, sin fecha)",sí,
Basilio,Bas_Ep#244,genuine,ἑρμογένην,Hermógenes,persona,244|244,2,—,mencionado,—,1,0,,0,no comprobable,0,,,sí,
Basilio,Bas_Ep#244,genuine,ἱερεμίᾳ,Jeremías,biblico,244,1,—,mencionado,—,0,0,,1,no comprobable,0,,,sí,
Basilio,Bas_Ep#244,genuine,σιλουανοῦ,Silvano,persona,244,1,—,mencionado,—,0,0,,0,no comprobable,1,,,sí,
Basilio,Bas_Ep#244,genuine,θεόφιλοσ,Teófilo,persona,244,1,—,mencionado,—,0,0,,0,no comprobable,1,,,sí,
Basilio,Bas_Ep#245,genuine,στρατήγιοσ,Estrategio,persona,245,1,—,mencionado,—,0,0,,0,no comprobable,1,,,sí,
Basilio,Bas_Ep#248,genuine,ἀσκλήπιόσ,Asclepio,persona,248,1,—,mencionado,—,0,0,2,0,no comprobable,1,"PHI Greek Inscriptions (inscriptions.packhum.org), consulta 29-IX-2026","PHI: 21 apariciones del patrón «Ἀσκλήπι» (todas las regiones, sin fecha)",sí,
Basilio,Bas_Ep#248,genuine,δωήκ,Doeg,biblico,248,1,—,mencionado,—,0,0,,1,no comprobable,0,,,sí,
Basilio,Bas_Ep#250,genuine,στρατηγίου,Estrategio,persona,250,1,—,mencionado,—,0,0,,0,no comprobable,1,,,sí,
Basilio,Bas_Ep#262,genuine,μαρίασ,María,persona,262,1,—,mencionado,—,0,0,,0,no comprobable,1,,,sí,
Basilio,Bas_Ep#271,genuine,κυριακοῦ,Ciríaco,persona,271,1,—,mencionado,—,0,0,,0,no comprobable,1,,,sí,
Basilio,Bas_Ep#271,genuine,εὐσέβιον,Eusebio,persona,271,1,—,mencionado,—,0,0,3,0,no comprobable,1,"PHI Greek Inscriptions (inscriptions.packhum.org), consulta 29-IX-2026","PHI: 111 apariciones del patrón «Εὐσέβ» (todas las regiones, sin fecha)",sí,
Basilio,Bas_Ep#272,genuine,ἀκτίακοσ,Actiaco,persona,272,1,—,mencionado,—,0,0,,0,no comprobable,1,,,sí,
Basilio,Bas_Ep#272,genuine,ἀλέξανδρον,Alejandro,persona,272,1,—,mencionado,—,1,1,,0,no comprobable,0,,,sí,
Basilio,Bas_Ep#272,genuine,ὑμητίου,Himecio,persona,272,1,—,mencionado,—,0,0,,0,no comprobable,1,,,sí,
Basilio,Bas_Ep#272,genuine,μεμνόνιον,Memnonio,persona,272,1,—,mencionado,—,0,0,1,0,no comprobable,1,"PHI Greek Inscriptions (inscriptions.packhum.org), consulta 29-IX-2026","PHI: 3 apariciones del patrón «Μεμνόνι» (todas las regiones, sin fecha)",sí,
Basilio,Bas_Ep#28,genuine,γρηγορίου,Gregorio,persona,28|28,2,—,mencionado,—,0,0,,0,no comprobable,1,,,sí,
Basilio,Bas_Ep#28,genuine,μωϋσέωσ,Moisés,biblico,28,1,—,mencionado,—,0,0,,1,no comprobable,0,,,sí,
Basilio,Bas_Ep#3,genuine,δημοσθένησ,Demóstenes,persona,3|3,2,—,mencionado,—,0,0,3,0,no comprobable,1,"PHI Greek Inscriptions (inscriptions.packhum.org), consulta 29-IX-2026","PHI: 357 apariciones del patrón «Δημοσθέν» (todas las regiones, sin fecha)",sí,
Basilio,Bas_Ep#3,genuine,πλάτωνοσ,Platón,literario,3,1,—,mencionado,—,0,0,,1,no comprobable,0,,,sí,
Basilio,Bas_Ep#32,genuine,γρηγόριοσ,Gregorio,persona,32,1,—,mencionado,—,0,0,,0,no comprobable,1,,,sí,
Basilio,Bas_Ep#51,genuine,διάνιον,Dianio,persona,51,1,—,mencionado,—,0,0,0,0,no comprobable,1,"PHI Greek Inscriptions (inscriptions.packhum.org), consulta 29-IX-2026","PHI: 0 apariciones del patrón «Διάνι» (todas las regiones, sin fecha)",sí,
Basilio,Bas_Ep#51,genuine,σολομῶντα,Salomón,biblico,51,1,—,mencionado,—,0,0,,1,no comprobable,0,,,sí,
Basilio,Bas_Ep#53,genuine,ἰούδαν,Judas,biblico,53,1,—,mencionado,—,0,0,,1,no comprobable,0,,,sí,
Basilio,Bas_Ep#55,genuine,παρηγόριε,Paregorio,persona,55,1,—,mencionado,—,0,0,,0,no comprobable,1,,,sí,
Basilio,Bas_Ep#68,genuine,δωρόθεον,Doroteo,persona,68,2,—,mencionado,—,0,0,,0,no comprobable,1,,,sí,
Basilio,Bas_Ep#68,genuine,εὐϊππίου,Euipio,persona,68,1,—,mencionado,—,0,0,,0,no comprobable,1,,,sí,
Basilio,Bas_Ep#70,genuine,ἀρείου,Arrio,historico,70,1,—,mencionado,—,0,0,,1,no comprobable,0,,,sí,
Basilio,Bas_Ep#70,genuine,διονύσιον,Dionisio,persona,70,1,—,mencionado,—,0,0,3,0,no comprobable,1,"PHI Greek Inscriptions (inscriptions.packhum.org), consulta 29-IX-2026","PHI: 3423 apariciones del patrón «Διονύσι» (todas las regiones, sin fecha)",sí,
Basilio,Bas_Ep#89,genuine,ἀθανασίου,Atanasio,persona,89,1,—,mencionado,—,0,0,,0,no comprobable,1,,,sí,
Basilio,Bas_Ep#89,genuine,δωροθέου,Doroteo,persona,89,1,—,mencionado,—,0,0,,0,no comprobable,1,,,sí,
Basilio,Bas_Ep#89,genuine,σαβίνου,Sabino,persona,89,1,—,mencionado,—,0,0,,0,no comprobable,1,,,sí,
Basilio,Bas_Ep#90,genuine,ἀρείου,Arrio,historico,90,1,—,mencionado,—,0,0,,1,no comprobable,0,,,sí,
Basilio,Bas_Ep#90,genuine,ἀθανάσιοσ,Atanasio,persona,90,1,—,mencionado,—,0,0,2,0,no comprobable,1,"PHI Greek Inscriptions (inscriptions.packhum.org), consulta 29-IX-2026","PHI: 22 apariciones del patrón «Ἀθανάσι» (todas las regiones, sin fecha)",sí,
Basilio,Bas_Ep#90,genuine,σαβίνου,Sabino,persona,90,1,—,mencionado,—,0,0,,0,no comprobable,1,,,sí,
Basilio,Bas_Ep#91,genuine,ἀρείου,Arrio,historico,91,1,—,mencionado,—,0,0,,1,no comprobable,0,,,sí,
Basilio,Bas_Ep#91,genuine,σαβίνου,Sabino,persona,91,1,—,mencionado,—,0,0,,0,no comprobable,1,,,sí,
Basilio,Bas_Ep#92,genuine,ἀβραάμιοσ,Abraamio,persona,92,2,—,mencionado,—,0,0,2,0,no comprobable,1,"PHI Greek Inscriptions (inscriptions.packhum.org), consulta 29-IX-2026","PHI: 7 apariciones del patrón «Ἀβραάμι» (todas las regiones, sin fecha)",sí,
Basilio,Bas_Ep#92,genuine,ἄνθιμοσ,Antimo,persona,92,1,—,mencionado,—,0,0,,0,no comprobable,1,,,sí,
Basilio,Bas_Ep#92,genuine,ἄρειοσ,Arrio,historico,92,1,—,mencionado,—,0,0,,1,no comprobable,0,,,sí,
Basilio,Bas_Ep#92,genuine,βάραχοσ,Baraco,persona,92,1,—,mencionado,—,0,0,,0,no comprobable,1,,,sí,
Basilio,Bas_Ep#92,genuine,βαρσούμασ,Barsumas,persona,92,1,—,mencionado,—,0,0,,0,no comprobable,1,,,sí,
Basilio,Bas_Ep#92,genuine,βασίλειοσ,Basilio,persona,92,1,—,mencionado,—,0,0,,0,no comprobable,1,,,sí,
Basilio,Bas_Ep#92,genuine,βάσσοσ,Baso,persona,92,1,—,mencionado,—,0,0,3,0,no comprobable,1,"PHI Greek Inscriptions (inscriptions.packhum.org), consulta 29-IX-2026","PHI: 605 apariciones del patrón «Βάσσ» (todas las regiones, sin fecha)",sí,
Basilio,Bas_Ep#92,genuine,χοσρόησ,Cosroes,persona,92,1,—,mencionado,—,0,0,1,0,no comprobable,1,"PHI Greek Inscriptions (inscriptions.packhum.org), consulta 29-IX-2026","PHI: 3 apariciones del patrón «Χοσρό» (todas las regiones, sin fecha)",sí,
Basilio,Bas_Ep#92,genuine,δαφνόσ,Dafno,persona,92,1,—,mencionado,—,0,0,,0,no comprobable,1,,,sí,
Basilio,Bas_Ep#92,genuine,εὐσέβειοσ,Eusebio,persona,92,1,—,mencionado,—,0,0,3,0,no comprobable,1,"PHI Greek Inscriptions (inscriptions.packhum.org), consulta 29-IX-2026","PHI: 111 apariciones del patrón «Εὐσέβ» (todas las regiones, sin fecha)",sí,
Basilio,Bas_Ep#92,genuine,εὐστάθιοσ,Eustacio,persona,92,1,—,mencionado,—,0,0,2,0,no comprobable,1,"PHI Greek Inscriptions (inscriptions.packhum.org), consulta 29-IX-2026","PHI: 17 apariciones del patrón «Εὐστάθι» (todas las regiones, sin fecha)",sí,
Basilio,Bas_Ep#92,genuine,γρηγόριοσ,Gregorio,persona,92,2,—,mencionado,—,0,0,,0,no comprobable,1,,,sí,
Basilio,Bas_Ep#92,genuine,ἰάτριοσ,Iatrio,persona,92,1,—,mencionado,—,0,0,,0,no comprobable,1,,,sí,
Basilio,Bas_Ep#92,genuine,ἰωσάκησ,Josaces,persona,92,1,—,mencionado,—,0,0,,0,no comprobable,1,,,sí,
Basilio,Bas_Ep#92,genuine,ἰωσήφ,José,biblico,92,1,—,mencionado,—,0,0,,1,no comprobable,0,,,sí,
Basilio,Bas_Ep#92,genuine,ἰοβῖνοσ,Jovino,persona,92,1,—,mencionado,—,0,0,,0,no comprobable,1,,,sí,
Basilio,Bas_Ep#92,genuine,ἰωάννησ,Juan,persona,92,1,—,mencionado,—,1,1,,0,no comprobable,0,,,sí,
Basilio,Bas_Ep#92,genuine,λιβάνιοσ,Libanio,persona,92,1,—,mencionado,—,0,0,,0,no comprobable,1,,,sí,
Basilio,Bas_Ep#92,genuine,μαρκιανόσ,Marciano,persona,92,1,—,mencionado,—,0,0,3,0,no comprobable,1,"PHI Greek Inscriptions (inscriptions.packhum.org), consulta 29-IX-2026","PHI: 467 apariciones del patrón «Μαρκιαν» (todas las regiones, sin fecha)",sí,
Basilio,Bas_Ep#92,genuine,μάρισ,Maris,persona,92,1,—,mencionado,—,0,0,,0,no comprobable,1,,,sí,
Basilio,Bas_Ep#92,genuine,μελέτιοσ,Melecio,persona,92,1,—,mencionado,—,0,0,,0,no comprobable,1,,,sí,
Basilio,Bas_Ep#92,genuine,νάρσησ,Narsés,persona,92,1,—,mencionado,—,0,0,,0,no comprobable,1,,,sí,
Basilio,Bas_Ep#92,genuine,παῦλοσ,Pablo,biblico,92,1,—,mencionado,—,1,1,,1,no comprobable,0,,,sí,
Basilio,Bas_Ep#92,genuine,πελάγιοσ,Pelagio,persona,92,1,—,mencionado,—,0,0,,0,no comprobable,1,,,sí,
Basilio,Bas_Ep#92,genuine,σαβίνου,Sabino,persona,92,1,—,mencionado,—,0,0,,0,no comprobable,1,,,sí,
Basilio,Bas_Ep#92,genuine,θαλάσσιοσ,Talasio,persona,92,1,—,mencionado,—,0,0,,0,no comprobable,1,,,sí,
Basilio,Bas_Ep#92,genuine,θεοδώρητοσ,Teodoreto,persona,92,1,—,mencionado,—,0,0,1,0,no comprobable,1,"PHI Greek Inscriptions (inscriptions.packhum.org), consulta 29-IX-2026","PHI: 2 apariciones del patrón «Θεοδώρητ» (todas las regiones, sin fecha)",sí,
Basilio,Bas_Ep#92,genuine,θεόδοτοσ,Teódoto,persona,92,2,—,mencionado,—,0,0,,0,no comprobable,1,,,sí,
Basilio,Bas_Ep#92,genuine,οὐεσπασιανοῦ,Vespasiano,historico,92,1,—,mencionado,—,0,0,,1,no comprobable,0,,,sí,
Basilio,Bas_Ep#92,genuine,βῖθοσ,Vito,persona,92,1,—,mencionado,—,0,0,,0,no comprobable,1,,,sí,
Basilio,Bas_Ep#92,genuine,ζήνων,Zenón,persona,92,1,—,mencionado,—,0,0,3,0,no comprobable,1,"PHI Greek Inscriptions (inscriptions.packhum.org), consulta 29-IX-2026","PHI: 1184 apariciones del patrón «Ζήνων» (todas las regiones, sin fecha)",sí,
Basilio,Bas_Ep#93,genuine,κυριακῇ,Ciríaco,persona,93,1,—,mencionado,—,0,0,,0,no comprobable,1,,,sí,
Hercher,PsAnach#1-3,spurious,ἀνάχαρσισ,Anacarsis,persona,1|2|3,3,—,mencionado,—,0,0,,0,no comprobable,1,,,sí,
Hercher,PsAnach#4-10,spurious,κῦρον,Ciro,historico,9,1,—,mencionado,—,1,0,,1,no comprobable,0,,,sí,
Hercher,PsAntioch#1-2,spurious,ἀντίοχοσ,Antíoco,persona,1|2,2,—,mencionado,—,0,0,,0,no comprobable,1,,,sí,
Hercher,PsAntioch#1-2,spurious,διβάνου,Dibano,persona,1,1,—,mencionado,—,0,0,,0,no comprobable,1,,,sí,
Hercher,PsAntioch#1-2,spurious,πτολεμαίῳ,Ptolomeo,historico,1,1,—,mencionado,—,0,0,,1,no comprobable,0,,,sí,
Hercher,PsAntioch#1-2,spurious,ζεύξιδι,Zeuxis,persona,2,1,—,mencionado,—,0,0,,0,no comprobable,1,,,sí,
Hercher,PsArtax#1-2,spurious,ἀμάνησ,Amán,biblico,2|1|2,4,—,mencionado,—,0,0,,1,no comprobable,0,,,sí,
Hercher,PsArtax#1-2,spurious,ἀρταξέρξησ,Artajerjes,persona,1|2,2,—,mencionado,—,1,0,,0,no comprobable,0,,,sí,
Hercher,PsArtax#1-2,spurious,ἐσθῆρα,Ester,biblico,2,1,—,mencionado,—,0,0,,1,no comprobable,0,,,sí,
Hercher,PsArtax#1-2,spurious,ἀμαδάθου,Hamedata,biblico,2,1,—,mencionado,—,0,0,,1,no comprobable,0,,,sí,
Hercher,PsArtax#1-2,spurious,μαρδοχαῖον,Mardoqueo,biblico,2,1,—,mencionado,—,0,0,,1,no comprobable,0,,,sí,
Hercher,PsBrut#1-10,spurious,δολοβέλλαν,Dolabela,persona,8|7|1|2|9|10,6,—,mencionado,—,1,0,,0,no comprobable,0,,,sí,
Hercher,PsBrut#11-19,spurious,κασσίῳ,Casio,persona,13,1,—,mencionado,—,1,0,,0,no comprobable,0,,,sí,
Hercher,PsBrut#11-19,spurious,δαμάσιππον,Damasipo,persona,17|18,2,—,mencionado,—,0,0,,0,no comprobable,1,,,sí,
Hercher,PsBrut#11-19,spurious,ἑρμοδώρου,Hermodoro,persona,17|18,2,—,mencionado,—,0,0,,0,no comprobable,1,,,sí,
Hercher,PsBrut#20-30,spurious,βροῦτε,Bruto,persona,28,1,—,mencionado,—,1,0,,0,no comprobable,0,,,sí,
Hercher,PsBrut#20-30,spurious,κάσσιοσ,Casio,persona,23|24|21,3,—,mencionado,—,1,0,,0,no comprobable,0,,,sí,
Hercher,PsBrut#49-55,spurious,δολοβέλλα,Dolabela,persona,55|51|55|52|54|52|53|55,10,—,mencionado,—,1,0,,0,no comprobable,0,,,sí,
Hercher,PsBrut#49-55,spurious,μηνοδώρου,Menodoro,persona,55|55|55,6,—,mencionado,—,1,0,,0,no comprobable,0,,,sí,
Hercher,PsBrut#56-60,spurious,δολοβέλλα,Dolabela,persona,56|56|58|57|56,5,—,mencionado,—,1,0,,0,no comprobable,0,,,sí,
Hercher,PsBrut#56-60,spurious,μηνοδώρῳ,Menodoro,persona,56|57|58|56,5,—,mencionado,—,1,0,,0,no comprobable,0,,,sí,
Hercher,PsBrut#61-70,spurious,ἀκύλαν,Aquila,persona,61|63|64|61,5,—,mencionado,—,0,0,,0,no comprobable,1,,,sí,
Hercher,PsBrut#61-70,spurious,δολοβέλλασ,Dolabela,persona,62|61,4,—,mencionado,—,1,0,,0,no comprobable,0,,,sí,
Hercher,PsChion#1-3,spurious,ἀρταξέρξην,Artajerjes,persona,3.1,1,—,mencionado,—,1,0,,0,no comprobable,0,,,sí,
Hercher,PsChion#1-3,spurious,κύρῳ,Ciro,historico,3.1|3.1,3,—,mencionado,—,1,0,,1,no comprobable,0,,,sí,
Hercher,PsChion#1-3,spurious,ξενοφῶν,Jenofonte,persona,3.1|3.3|3.4|3.6,6,—,mencionado,—,1,0,,0,no comprobable,0,,,sí,
Hercher,PsChion#1-3,spurious,λῦσισ,Lisis,persona,1.1,1,—,mencionado,—,1,0,,0,no comprobable,0,,,sí,
Hercher,PsChion#1-3,spurious,σεύθησ,Seutes,historico,3.4,1,—,mencionado,—,0,0,,1,no comprobable,0,,,sí,
Hercher,PsChion#1-3,spurious,σωκράτη,Sócrates,persona,3.4|3.1|3.6,3,—,mencionado,—,1,0,,0,no comprobable,0,,,sí,
Hercher,PsChion#1-3,spurious,θράσων,Trasón,persona,2.1,1,—,mencionado,—,0,0,,0,no comprobable,1,,,sí,
Hercher,PsChion#12-14,spurious,κλέαρχον,Clearco,persona,13.3|13.1|13.3|14.4|14.1|14.5,7,—,mencionado,—,1,0,,0,no comprobable,0,,,sí,
Hercher,PsChion#12-14,spurious,κότυσ,Cotis,historico,13.1,1,—,mencionado,—,0,0,,1,no comprobable,0,,,sí,
Hercher,PsChion#12-14,spurious,κρωβύλον,Cróbilo,persona,14.1,1,—,mencionado,—,0,0,,0,no comprobable,1,,,sí,
Hercher,PsChion#12-14,spurious,λῦσισ,Lisis,persona,12.1,1,—,mencionado,—,1,0,,0,no comprobable,0,,,sí,
Hercher,PsChion#12-14,spurious,σειληνόν,Sileno,literario,13.1,1,—,mencionado,—,0,0,,1,no comprobable,0,,,sí,
Hercher,PsChion#15-17,spurious,ἀγάθωνι,Agatón,persona,16.3,1,—,mencionado,—,1,0,,0,no comprobable,0,,,sí,
Hercher,PsChion#15-17,spurious,κλέαρχον,Clearco,persona,15.3|15.3,2,—,mencionado,—,1,0,,0,no comprobable,0,,,sí,
Hercher,PsChion#15-17,spurious,διονυσίοισ,Dionisio,historico,17.1|17.1,2,—,mencionado,—,1,0,,1,no comprobable,0,,,sí,
Hercher,PsChion#15-17,spurious,ἡρακλείδῃ,Heraclides,persona,16.3,1,—,mencionado,—,1,0,,0,no comprobable,0,,,sí,
Hercher,PsChion#15-17,spurious,πλάτων,Platón,persona,17.3|16.4,2,—,mencionado,—,1,0,,0,no comprobable,0,,,sí,
Hercher,PsChion#15-17,spurious,πυλάδην,Pílades,literario,17.1,1,—,mencionado,—,0,0,,1,no comprobable,0,,,sí,
Hercher,PsChion#4,spurious,ἀγάθων,Agatón,persona,4.3,2,—,mencionado,—,1,0,,0,no comprobable,0,,,sí,
Hercher,PsChion#4,spurious,ἀρχεδήμου,Arquedemo,persona,4.1|4.4,2,—,mencionado,—,0,0,,0,no comprobable,1,,,sí,
Hercher,PsChion#4,spurious,βαιτύλοσ,Bétilo,persona,4.3,1,—,mencionado,—,0,0,,0,no comprobable,1,,,sí,
Hercher,PsChion#4,spurious,ἡρακλείδησ,Heraclides,persona,4.3,2,—,mencionado,—,1,0,,0,no comprobable,0,,,sí,
Hercher,PsChion#4,spurious,ποδάρκησ,Podarces,literario,4.3,1,—,mencionado,—,0,0,,1,no comprobable,0,,,sí,
Hercher,PsChion#4,spurious,σῖμον,Simón,persona,4.1,1,—,mencionado,—,1,0,,0,no comprobable,0,,,sí,
Hercher,PsChion#5-7,spurious,ἀρχέπολισ,Arquépolis,persona,7.1,1,—,mencionado,—,1,0,,0,no comprobable,0,,,sí,
Hercher,PsChion#5-7,spurious,βελλεροφόντου,Belerofonte,literario,7.2,1,—,mencionado,—,1,0,,1,no comprobable,0,,,sí,
Hercher,PsChion#5-7,spurious,φαίδιμοσ,Fedimo,persona,6.1,1,—,mencionado,—,0,0,,0,no comprobable,1,,,sí,
Hercher,PsChion#5-7,spurious,λύσιδι,Lisis,persona,7.2,1,—,mencionado,—,1,0,,0,no comprobable,0,,,sí,
Hercher,PsChion#5-7,spurious,πλάτωνα,Platón,persona,6.1|5.1|6.1|7.1|5.1,5,—,mencionado,—,1,0,,0,no comprobable,0,,,sí,
Hercher,PsChion#5-7,spurious,σωκράτει,Sócrates,persona,5.1|5.1|5.1,3,—,mencionado,—,1,0,,0,no comprobable,0,,,sí,
Hercher,PsChion#8-11,spurious,ἀρχέπολισ,Arquépolis,persona,8.1,1,—,mencionado,—,1,0,,0,no comprobable,0,,,sí,
Hercher,PsChion#8-11,spurious,βιάνοροσ,Bianor,persona,11.1,1,—,mencionado,—,0,0,,0,no comprobable,1,,,sí,
Hercher,PsChion#8-11,spurious,καλλισθένει,Calístenes,persona,9.1,1,—,mencionado,—,1,0,,0,no comprobable,0,,,sí,
Hercher,PsChion#8-11,spurious,διονύσιοσ,Dionisio,historico,10.1,1,—,mencionado,—,1,0,,1,no comprobable,0,,,sí,
Hercher,PsChion#8-11,spurious,σπευσίππῳ,Espeusipo,persona,10.1|10.1,2,—,mencionado,—,1,0,,0,no comprobable,0,,,sí,
Hercher,PsChion#8-11,spurious,πλάτωνι,Platón,persona,10.1,1,—,mencionado,—,1,0,,0,no comprobable,0,,,sí,
Hercher,PsCrat#1-9,spurious,ἄλκηστισ,Alcestis,literario,9.1,1,—,mencionado,—,0,0,,1,no comprobable,0,,,sí,
Hercher,PsCrat#1-9,spurious,ἀντισθένησ,Antístenes,persona,6.1,1,—,mencionado,—,1,0,,0,no comprobable,0,,,sí,
Hercher,PsCrat#1-9,spurious,διογένην,Diógenes,persona,1.1|6.1|7.1|6.1,4,—,mencionado,—,1,0,,0,no comprobable,0,,,sí,
Hercher,PsCrat#1-9,spurious,ἡρακλέα,Heracles,literario,8.1,1,—,mencionado,—,1,0,,1,no comprobable,0,,,sí,
Hercher,PsCrat#1-9,spurious,πηνελόπη,Penélope,literario,9.1,1,—,mencionado,—,1,0,,1,no comprobable,0,,,sí,
Hercher,PsCrat#10-14,spurious,κίρκησ,Circe,literario,14.1,1,—,mencionado,—,0,0,,1,no comprobable,0,,,sí,
Hercher,PsCrat#10-14,spurious,διογένειοσ,Diógenes,persona,13.1|13.1,2,—,mencionado,—,1,0,,0,no comprobable,0,,,sí,
Hercher,PsCrat#10-14,spurious,εὐρυτίωνα,Euritión,literario,10.1,1,—,mencionado,—,0,0,,1,no comprobable,0,,,sí,
Hercher,PsCrat#10-14,spurious,ὅμηροσ,Homero,literario,10.1,1,—,mencionado,—,1,0,,1,no comprobable,0,,,sí,
Hercher,PsCrat#10-14,spurious,λῦσι,Lisis,persona,10.1,1,—,mencionado,—,1,0,,0,no comprobable,0,,,sí,
Hercher,PsCrat#10-14,spurious,σαρδαναπάλλου,Sardanápalo,literario,13.1,1,—,mencionado,—,0,0,,1,no comprobable,0,,,sí,
Hercher,PsCrat#15-19,spurious,διογένειοσ,Diógenes,persona,16.1|19.1|17.1,4,—,mencionado,—,1,0,,0,no comprobable,0,,,sí,
Hercher,PsCrat#15-19,spurious,ὀδυσσέα,Odiseo,literario,19.1|19.1,3,—,mencionado,—,1,0,,1,no comprobable,0,,,sí,
Hercher,PsCrat#20-25,spurious,κράτησ,Crates,persona,20.1,1,—,mencionado,—,0,0,3,0,no comprobable,1,"PHI Greek Inscriptions (inscriptions.packhum.org), consulta 29-IX-2026","PHI: 113 apariciones del patrón «Κράτητ» (todas las regiones, sin fecha)",sí,
Hercher,PsCrat#20-25,spurious,διογένεια,Diógenes,persona,23.1|20.1,2,—,mencionado,—,1,0,,0,no comprobable,0,,,sí,
Hercher,PsCrat#20-25,spurious,πηνελόπη,Penélope,literario,23.1,1,—,mencionado,—,1,0,,1,no comprobable,0,,,sí,
Hercher,PsCrat#26-32,spurious,διογένει,Diógenes,persona,30.1|26.1|27.1,3,—,mencionado,—,1,0,,0,no comprobable,0,,,sí,
Hercher,PsCrat#33-36,spurious,διογένη,Diógenes,persona,34.1|34.5|36.1|35.2,4,—,mencionado,—,1,0,,0,no comprobable,0,,,sí,
Hercher,PsCrat#33-36,spurious,αἴθρα,Etra,literario,33.2,1,—,mencionado,—,0,0,,1,no comprobable,0,,,sí,
Hercher,PsCrat#33-36,spurious,νιόβη,Níobe,literario,34.3,1,—,mencionado,—,0,0,,1,no comprobable,0,,,sí,
Hercher,PsCrat#33-36,spurious,σωκράτουσ,Sócrates,persona,35.2,1,—,mencionado,—,1,0,,0,no comprobable,0,,,sí,
Hercher,PsCrat#33-36,spurious,θησέα,Teseo,literario,33.2,1,—,mencionado,—,0,0,,1,no comprobable,0,,,sí,
Hercher,PsDiog#28,spurious,ἀντισθένει,Antístenes,persona,28.8,1,—,mencionado,—,1,0,,0,no comprobable,0,,,sí,
Hercher,PsDiog#28,spurious,διογένησ,Diógenes,persona,28.1,1,—,mencionado,—,1,0,,0,no comprobable,0,,,sí,
Hercher,PsDiog#28,spurious,σωκράτει,Sócrates,persona,28.6,1,—,mencionado,—,1,0,,0,no comprobable,0,,,sí,
Hercher,PsDiog#29,spurious,ἀριστίππῳ,Aristipo,persona,29.1,1,—,mencionado,—,1,0,,0,no comprobable,0,,,sí,
Hercher,PsDiog#29,spurious,πλάτωνι,Platón,persona,29.1,1,—,mencionado,—,1,0,,0,no comprobable,0,,,sí,
Hercher,PsDiog#30,spurious,σωκράτουσ,Sócrates,persona,30.1,1,—,mencionado,—,1,0,,0,no comprobable,0,,,sí,
Hercher,PsDiog#31,spurious,κίκερμε,Cicermo,persona,31.4|31.2|31.1|31.2,4,—,mencionado,—,0,0,0,0,no comprobable,1,"PHI Greek Inscriptions (inscriptions.packhum.org), consulta 29-IX-2026","PHI: 0 apariciones del patrón «Κίκερμ» (todas las regiones, sin fecha)",sí,
Hercher,PsDiog#32,spurious,διονυσίου,Dionisio,historico,32.2|32.3,2,—,mencionado,—,1,0,,1,no comprobable,0,,,sí,
Hercher,PsDiog#32,spurious,σωκράτουσ,Sócrates,persona,32.1,1,—,mencionado,—,1,0,,0,no comprobable,0,,,sí,
Hercher,PsDiog#33,spurious,ἀλέξανδρον,Alejandro Magno,historico,33.4|33.1|33.2|33.4|33.2,5,—,mencionado,—,1,0,,1,no comprobable,0,,,sí,
Hercher,PsDiog#33,spurious,διογένησ,Diógenes,persona,33.4|33.2,2,—,mencionado,—,1,0,,0,no comprobable,0,,,sí,
Hercher,PsDiog#33,spurious,φιλίππου,Filipo II,historico,33.1,1,—,mencionado,—,0,0,,1,no comprobable,0,,,sí,
Hercher,PsDiog#34,spurious,ἀντισθένουσ,Antístenes,persona,34.1,1,—,mencionado,—,1,0,,0,no comprobable,0,,,sí,
Hercher,PsDiog#34,spurious,ἡρακλέουσ,Heracles,literario,34.2,1,—,mencionado,—,1,0,,1,no comprobable,0,,,sí,
Hercher,PsDiog#34,spurious,δαέρτου,Laertes,literario,34.2,1,—,mencionado,—,0,0,,1,no comprobable,0,,,sí,
Hercher,PsDiog#34,spurious,τήλεφοσ,Télefo,literario,34.3|34.2,2,—,mencionado,—,0,0,,1,no comprobable,0,,,sí,
Hercher,PsDiog#36,spurious,ἀριστείδου,Arístides,persona,36.5,1,—,mencionado,—,1,0,,0,no comprobable,0,,,sí,
Hercher,PsDiog#36,spurious,διομήδει,Diomedes,literario,36.6,1,—,mencionado,—,0,0,,1,no comprobable,0,,,sí,
Hercher,PsDiog#36,spurious,διόγενεσ,Diógenes,persona,36.1|36.2|36.4|36.6,5,—,mencionado,—,1,0,,0,no comprobable,0,,,sí,
Hercher,PsDiog#36,spurious,ἡρακλέα,Heracles,literario,36.6|36.4|36.6,8,—,mencionado,—,1,0,,1,no comprobable,0,,,sí,
Hercher,PsDiog#36,spurious,ὀδυσσεύσ,Odiseo,literario,36.6,1,—,mencionado,—,1,0,,1,no comprobable,0,,,sí,
Hercher,PsDiog#36,spurious,σωφρονίσκου,Sofronisco,persona,36.5,1,—,mencionado,—,0,0,,0,no comprobable,1,,,sí,
Hercher,PsDiog#36,spurious,τιμόμαχε,Timómaco,persona,36.6,1,—,mencionado,—,0,0,,0,no comprobable,1,,,sí,
Hercher,PsDiog#37,spurious,ἀντισθένει,Antístenes,persona,37.4|37.6,2,—,mencionado,—,1,0,,0,no comprobable,0,,,sí,
Hercher,PsDiog#37,spurious,διόγενεσ,Diógenes,persona,37.2,1,—,mencionado,—,1,0,,0,no comprobable,0,,,sí,
Hercher,PsDiog#37,spurious,ὅμηροσ,Homero,literario,37.4,1,—,mencionado,—,1,0,,1,no comprobable,0,,,sí,
Hercher,PsDiog#37,spurious,λακύδη,Lácides,persona,37.3|37.1|37.7|37.3,4,—,mencionado,—,0,0,,0,no comprobable,1,,,sí,
Hercher,PsDiog#39,spurious,σωκράτη,Sócrates,persona,39.1,1,—,mencionado,—,1,0,,0,no comprobable,0,,,sí,
Hercher,PsDiog#40,spurious,διονυσίῳ,Dionisio,historico,40.1,1,—,mencionado,—,1,0,,1,no comprobable,0,,,sí,
Hercher,PsDiog#40,spurious,περδίκκα,Perdicas,historico,40.1,1,—,mencionado,—,1,0,,1,no comprobable,0,,,sí,
Hercher,PsEur#1,spurious,ἀμφίασ,Anfias,persona,1.1,1,—,mencionado,—,0,0,,0,no comprobable,1,,,sí,
Hercher,PsEur#1,spurious,κλίτων,Clitón,persona,1.1,1,—,mencionado,—,1,0,,0,no comprobable,0,,,sí,
Hercher,PsEur#2,spurious,ἀντιγένη,Antígenes,persona,2.1,1,—,mencionado,—,0,0,,0,no comprobable,1,,,sí,
Hercher,PsEur#2,spurious,κρατίνου,Cratino,persona,2.1,1,—,mencionado,—,0,0,,0,no comprobable,1,,,sí,
Hercher,PsEur#2,spurious,λαπρέπην,Laprepes,persona,2.1,1,—,mencionado,—,0,0,,0,no comprobable,1,,,sí,
Hercher,PsEur#2,spurious,χιονίδην,Quiónides,persona,2.1,1,—,mencionado,—,0,0,,0,no comprobable,1,,,sí,
Hercher,PsEur#2,spurious,σοφόκλεισ,Sófocles,persona,2.1,1,—,mencionado,—,1,0,,0,no comprobable,0,,,sí,
Hercher,PsEur#4,spurious,ἀρχέλαε,Arquelao,historico,4.1|4.2,2,—,mencionado,—,1,0,,1,no comprobable,0,,,sí,
Hercher,PsEur#5,spurious,ἀγάθων,Agatón,persona,5.2,1,—,mencionado,—,1,0,,0,no comprobable,0,,,sí,
Hercher,PsEur#5,spurious,ἀριστοφάνουσ,Aristófanes,persona,5.2,1,—,mencionado,—,0,0,,0,no comprobable,1,,,sí,
Hercher,PsEur#5,spurious,ἀρχέλαον,Arquelao,historico,5.2|5.3|5.1|5.4|5.4|5.5|5.1|5.3,10,—,mencionado,—,1,0,,1,no comprobable,0,,,sí,
Hercher,PsEur#5,spurious,κηφισοφῶν,Cefisofonte,persona,5.1|5.2|5.6,3,—,mencionado,—,0,0,,0,no comprobable,1,,,sí,
Hercher,PsEur#5,spurious,κλίτων,Clitón,persona,5.1|5.4|5.5|5.1,4,—,mencionado,—,1,0,,0,no comprobable,0,,,sí,
Hercher,PsEur#5,spurious,εὐριπίδου,Eurípides,persona,5.2,1,—,mencionado,—,0,0,,0,no comprobable,1,,,sí,
Hercher,PsEur#5,spurious,μέσατοσ,Mésato,persona,5.2,1,—,mencionado,—,0,0,,0,no comprobable,1,,,sí,
Hercher,PsEur#5,spurious,σοφοκλέουσ,Sófocles,persona,5.5,1,—,mencionado,—,1,0,,0,no comprobable,0,,,sí,
Hercher,PsMithr#1-4,spurious,βρούτου,Bruto,persona,1|2,2,—,mencionado,—,1,0,,0,no comprobable,0,,,sí,
Hercher,PsNic#1,spurious,γύλιπποσ,Gilipo,historico,1,2,—,mencionado,—,0,0,,1,no comprobable,0,,,sí,
Hercher,PsPhal#1-8,spurious,δυκῖνον,Ducino,persona,4.1,1,—,mencionado,—,0,0,,0,no comprobable,1,,,sí,
Hercher,PsPhal#1-8,spurious,φάλαριν,Fálaris,persona,4.1,1,—,mencionado,—,1,0,,0,no comprobable,0,,,sí,
Hercher,PsPhal#1-8,spurious,λεωδάμαντοσ,Leodamante,persona,4.1,1,—,mencionado,—,0,0,,0,no comprobable,1,,,sí,
Hercher,PsPhal#1-8,spurious,λυκῖνον,Licino,persona,5.1,1,—,mencionado,—,0,0,,0,no comprobable,1,,,sí,
Hercher,PsPhal#1-8,spurious,πολύκλειτοσ,Policleto,persona,1.1,1,—,mencionado,—,1,0,,0,no comprobable,0,,,sí,
Hercher,PsPhal#102-103,spurious,αὐτάνδρου,Autandro,persona,102.1,1,—,mencionado,—,0,0,,0,no comprobable,1,,,sí,
Hercher,PsPhal#102-103,spurious,κλεόδικε,Cleódico,persona,102.1,1,—,mencionado,—,0,0,2,0,no comprobable,1,"PHI Greek Inscriptions (inscriptions.packhum.org), consulta 29-IX-2026","PHI: 12 apariciones del patrón «Κλεόδικ» (todas las regiones, sin fecha)",sí,
Hercher,PsPhal#102-103,spurious,στησιχόρου,Estesícoro,persona,103.1|103.1,2,—,mencionado,—,1,0,,0,no comprobable,0,,,sí,
Hercher,PsPhal#102-103,spurious,φάλαριν,Fálaris,persona,102.1,1,—,mencionado,—,1,0,,0,no comprobable,0,,,sí,
Hercher,PsPhal#104-109,spurious,κόνωνα,Conón,historico,108.1,2,—,mencionado,—,1,0,,1,no comprobable,0,,,sí,
Hercher,PsPhal#104-109,spurious,δρωπίδαν,Drópidas,persona,108.1,2,—,mencionado,—,1,0,,0,no comprobable,0,,,sí,
Hercher,PsPhal#104-109,spurious,στησίχορον,Estesícoro,persona,108.1|108.1,2,—,mencionado,—,1,0,,0,no comprobable,0,,,sí,
Hercher,PsPhal#104-109,spurious,φάλαριν,Fálaris,persona,104.1,1,—,mencionado,—,1,0,,0,no comprobable,0,,,sí,
Hercher,PsPhal#104-109,spurious,πασίωνι,Pasión,persona,107.1,1,—,mencionado,—,0,0,,0,no comprobable,1,,,sí,
Hercher,PsPhal#104-109,spurious,πολύδευκεσ,Pólux,literario,106.1,1,—,mencionado,—,1,0,,1,no comprobable,0,,,sí,
Hercher,PsPhal#104-109,spurious,τίμανδρον,Timandro,persona,105.1,1,—,mencionado,—,1,0,,0,no comprobable,0,,,sí,
Hercher,PsPhal#110-113,spurious,ἐπιθέρσην,Epiterses,persona,113.1,1,—,mencionado,—,0,0,,0,no comprobable,1,,,sí,
Hercher,PsPhal#114-119,spurious,κλεόμεδον,Cleomedonte,persona,116.1,1,—,mencionado,—,0,0,,0,no comprobable,1,,,sí,
Hercher,PsPhal#114-119,spurious,κλεόμβροτον,Cleómbroto,persona,116.1,1,—,mencionado,—,1,0,,0,no comprobable,0,,,sí,
Hercher,PsPhal#114-119,spurious,εὔβουλοσ,Eubulo,persona,119.3,1,—,mencionado,—,1,0,,0,no comprobable,0,,,sí,
Hercher,PsPhal#120-121,spurious,κόνων,Conón,historico,121.1|121.3|121.1|121.1,5,—,mencionado,—,1,0,,1,no comprobable,0,,,sí,
Hercher,PsPhal#120-121,spurious,στησίχοροσ,Estesícoro,persona,121.1|121.1|121.1,3,—,mencionado,—,1,0,,0,no comprobable,0,,,sí,
Hercher,PsPhal#120-121,spurious,ἑρμοκράτην,Hermócrates,persona,121.1|121.1|121.1,3,—,mencionado,—,1,0,,0,no comprobable,0,,,sí,
Hercher,PsPhal#120-121,spurious,νίκαρχον,Nicarco,persona,121.1|121.1,2,—,mencionado,—,0,0,,0,no comprobable,1,,,sí,
Hercher,PsPhal#120-121,spurious,σαμέα,Sameas,persona,121.1|121.1,2,—,mencionado,—,0,0,0,0,no comprobable,1,"PHI Greek Inscriptions (inscriptions.packhum.org), consulta 29-IX-2026","PHI: 0 apariciones del patrón «Σαμέα» (todas las regiones, sin fecha)",sí,
Hercher,PsPhal#122,spurious,φάλαρισ,Fálaris,persona,122.6,1,—,mencionado,—,1,0,,0,no comprobable,0,,,sí,
Hercher,PsPhal#122,spurious,περίλαον,Perilao,persona,122.5|122.1|122.6|122.3|122.6,5,—,mencionado,—,1,0,,0,no comprobable,0,,,sí,
Hercher,PsPhal#123-127,spurious,φαλάριδοσ,Fálaris,persona,126.1|127.1,2,—,mencionado,—,1,0,,0,no comprobable,0,,,sí,
Hercher,PsPhal#123-127,spurious,λυσίκλεισ,Lisicles,persona,123.1,1,—,mencionado,—,1,0,,0,no comprobable,0,,,sí,
Hercher,PsPhal#123-127,spurious,λυσικράτουσ,Lisícrates,persona,123.1,1,—,mencionado,—,0,0,,0,no comprobable,1,,,sí,
Hercher,PsPhal#123-127,spurious,λάκριτε,Lácrito,persona,126.1|125.1,2,—,mencionado,—,1,0,,0,no comprobable,0,,,sí,
Hercher,PsPhal#123-127,spurious,νεοπτολέμου,Neoptólemo,literario,123.1,1,—,mencionado,—,0,0,,1,no comprobable,0,,,sí,
Hercher,PsPhal#123-127,spurious,πολύδευκεσ,Pólux,literario,124.1,2,—,mencionado,—,1,0,,1,no comprobable,0,,,sí,
Hercher,PsPhal#128-131,spurious,φιλοδήμου,Filodemo,persona,131.1|131.1,2,—,mencionado,—,1,0,,0,no comprobable,0,,,sí,
Hercher,PsPhal#128-131,spurious,φάλαρισ,Fálaris,persona,128.1|131.1,2,—,mencionado,—,1,0,,0,no comprobable,0,,,sí,
Hercher,PsPhal#128-131,spurious,θεανώ,Teano,persona,131.1,1,—,mencionado,—,1,0,,0,no comprobable,0,,,sí,
Hercher,PsPhal#132-135,spurious,φιλοδήμου,Filodemo,persona,135.1|135.2,2,—,mencionado,—,1,0,,0,no comprobable,0,,,sí,
Hercher,PsPhal#132-135,spurious,φάλαριν,Fálaris,persona,132.1|135.2,2,—,mencionado,—,1,0,,0,no comprobable,0,,,sí,
Hercher,PsPhal#132-135,spurious,λάκριτοσ,Lácrito,persona,133.1|133.1,2,—,mencionado,—,1,0,,0,no comprobable,0,,,sí,
Hercher,PsPhal#132-135,spurious,θεανοῖ,Teano,persona,135.2,1,—,mencionado,—,1,0,,0,no comprobable,0,,,sí,
Hercher,PsPhal#132-135,spurious,τελεσίππη,Telesipa,persona,132.1|132.1,2,—,mencionado,—,0,0,,0,no comprobable,1,,,sí,
Hercher,PsPhal#136-137,spurious,κλεόμβροτον,Cleómbroto,persona,136.1,1,—,mencionado,—,1,0,,0,no comprobable,0,,,sí,
Hercher,PsPhal#136-137,spurious,φάλαριν,Fálaris,persona,136.1|136.1,2,—,mencionado,—,1,0,,0,no comprobable,0,,,sí,
Hercher,PsPhal#136-137,spurious,τίμανδρε,Timandro,persona,136.1,1,—,mencionado,—,1,0,,0,no comprobable,0,,,sí,
Hercher,PsPhal#138-141,spurious,ἀγέμορτε,Agemorto,persona,141.1|141.3,2,—,mencionado,—,0,0,,0,no comprobable,1,,,sí,
Hercher,PsPhal#138-141,spurious,καλλισθένουσ,Calístenes,persona,141.1,1,—,mencionado,—,1,0,,0,no comprobable,0,,,sí,
Hercher,PsPhal#138-141,spurious,εὐκλείδου,Euclides,persona,138.1,1,—,mencionado,—,1,0,,0,no comprobable,0,,,sí,
Hercher,PsPhal#142-143,spurious,κλεαινέτη,Cleéneta,persona,143.2|142.1,3,—,mencionado,—,0,0,,0,no comprobable,1,,,sí,
Hercher,PsPhal#142-143,spurious,φιλοδήμου,Filodemo,persona,142.1|142.2|143.1|143.2|143.4|142.1|142.3|143.4|143.2|143.3,12,—,mencionado,—,1,0,,0,no comprobable,0,,,sí,
Hercher,PsPhal#142-143,spurious,φάλαριν,Fálaris,persona,142.3|142.3|143.2,3,—,mencionado,—,1,0,,0,no comprobable,0,,,sí,
Hercher,PsPhal#142-143,spurious,τεῦκρε,Teucro,persona,142.1|142.3|143.4,3,—,mencionado,—,1,0,,0,no comprobable,0,,,sí,
Hercher,PsPhal#144,spurious,στησιχόρῳ,Estesícoro,persona,144.1,1,—,mencionado,—,1,0,,0,no comprobable,0,,,sí,
Hercher,PsPhal#144,spurious,νικόκλεισ,Nicocles,persona,144.2,2,—,mencionado,—,1,0,,0,no comprobable,0,,,sí,
Hercher,PsPhal#145-148,spurious,ἀγησιλάου,Agesilao,historico,145.1,1,—,mencionado,—,1,0,,1,no comprobable,0,,,sí,
Hercher,PsPhal#145-148,spurious,ἀντιμήδησ,Antimedes,persona,147.2,1,—,mencionado,—,0,0,,0,no comprobable,1,,,sí,
Hercher,PsPhal#145-148,spurious,ἀριστοφῶντοσ,Aristofonte,persona,147.1|147.2,2,—,mencionado,—,1,0,,0,no comprobable,0,,,sí,
Hercher,PsPhal#145-148,spurious,κόνων,Conón,historico,147.2,1,—,mencionado,—,1,0,,1,no comprobable,0,,,sí,
Hercher,PsPhal#145-148,spurious,δρωπίδασ,Drópidas,persona,147.2,1,—,mencionado,—,1,0,,0,no comprobable,0,,,sí,
Hercher,PsPhal#145-148,spurious,στησίχορε,Estesícoro,persona,145.1|146.1|147.1|147.4|147.1,6,—,mencionado,—,1,0,,0,no comprobable,0,,,sí,
Hercher,PsPhal#145-148,spurious,εὐβούλου,Eubulo,persona,147.1|147.2|147.4,3,—,mencionado,—,1,0,,0,no comprobable,0,,,sí,
Hercher,PsPhal#145-148,spurious,φάλαριν,Fálaris,persona,147.1|147.2|147.4,4,—,mencionado,—,1,0,,0,no comprobable,0,,,sí,
Hercher,PsPhal#145-148,spurious,περικλῆσ,Pericles,historico,147.2,1,—,mencionado,—,1,0,,1,no comprobable,0,,,sí,
Hercher,PsPhal#145-148,spurious,θεαγόρασ,Teágoras,persona,147.2,1,—,mencionado,—,0,0,1,0,no comprobable,1,"PHI Greek Inscriptions (inscriptions.packhum.org), consulta 29-IX-2026","PHI: 3 apariciones del patrón «Θεαγόρ» (todas las regiones, sin fecha)",sí,
Hercher,PsPhal#15-19,spurious,στησιχόρου,Estesícoro,persona,15.1,1,—,mencionado,—,1,0,,0,no comprobable,0,,,sí,
Hercher,PsPhal#15-19,spurious,φαλάριδοσ,Fálaris,persona,18.1,1,—,mencionado,—,1,0,,0,no comprobable,0,,,sí,
Hercher,PsPhal#15-19,spurious,παυρόλα,Paurolas,persona,18.1,1,—,mencionado,—,1,0,,0,no comprobable,0,,,sí,
Hercher,PsPhal#20-24,spurious,στησιχόρῳ,Estesícoro,persona,22.1,1,—,mencionado,—,1,0,,0,no comprobable,0,,,sí,
Hercher,PsPhal#20-24,spurious,εὔβουλον,Eubulo,persona,22.1,1,—,mencionado,—,1,0,,0,no comprobable,0,,,sí,
Hercher,PsPhal#20-24,spurious,φαλάριδοσ,Fálaris,persona,21.1|23.1,2,—,mencionado,—,1,0,,0,no comprobable,0,,,sí,
Hercher,PsPhal#20-24,spurious,παυρόλα,Paurolas,persona,20.1,1,—,mencionado,—,1,0,,0,no comprobable,0,,,sí,
Hercher,PsPhal#20-24,spurious,πυθαγόρου,Pitágoras,literario,23.1|23.2,2,—,mencionado,—,1,0,,1,no comprobable,0,,,sí,
Hercher,PsPhal#20-24,spurious,πολύκλειτον,Policleto,persona,21.1,1,—,mencionado,—,1,0,,0,no comprobable,0,,,sí,
Hercher,PsPhal#31-34,spurious,στησίχορον,Estesícoro,persona,31.1|31.1|33.1|33.1,5,—,mencionado,—,1,0,,0,no comprobable,0,,,sí,
Hercher,PsPhal#31-34,spurious,φάλαρισ,Fálaris,persona,31.1,1,—,mencionado,—,1,0,,0,no comprobable,0,,,sí,
Hercher,PsPhal#35-38,spurious,δημότελεσ,Demóteles,persona,38.2,1,—,mencionado,—,1,0,,0,no comprobable,0,,,sí,
Hercher,PsPhal#35-38,spurious,στησιχόρου,Estesícoro,persona,36.1,1,—,mencionado,—,1,0,,0,no comprobable,0,,,sí,
Hercher,PsPhal#35-38,spurious,μίνω,Minos,literario,37.2,1,—,mencionado,—,0,0,,1,no comprobable,0,,,sí,
Hercher,PsPhal#35-38,spurious,πολύγνωτε,Polignoto,persona,35.1,1,—,mencionado,—,1,0,,0,no comprobable,0,,,sí,
Hercher,PsPhal#35-38,spurious,ῥαδάμανθυν,Radamantis,literario,37.2,1,—,mencionado,—,0,0,,1,no comprobable,0,,,sí,
Hercher,PsPhal#39-45,spurious,ἀριστομένει,Aristómenes,persona,43.1,1,—,mencionado,—,0,0,,0,no comprobable,1,,,sí,
Hercher,PsPhal#39-45,spurious,φάλαριν,Fálaris,persona,39.1|42.1,2,—,mencionado,—,1,0,,0,no comprobable,0,,,sí,
Hercher,PsPhal#46-54,spurious,ἀντισθένησ,Antístenes,persona,47.1,1,—,mencionado,—,1,0,,0,no comprobable,0,,,sí,
Hercher,PsPhal#46-54,spurious,στησίχορον,Estesícoro,persona,54.1|54.1|54.3|54.1|54.2|54.3,6,—,mencionado,—,1,0,,0,no comprobable,0,,,sí,
Hercher,PsPhal#46-54,spurious,φάλαριν,Fálaris,persona,46.1,1,—,mencionado,—,1,0,,0,no comprobable,0,,,sí,
Hercher,PsPhal#46-54,spurious,λεωνίδαν,Leónidas,historico,53.1,1,—,mencionado,—,0,0,,1,no comprobable,0,,,sí,
Hercher,PsPhal#46-54,spurious,πύθωνοσ,Pitón,persona,51.1,1,—,mencionado,—,0,0,,0,no comprobable,1,,,sí,
Hercher,PsPhal#46-54,spurious,θεότιμοσ,Teótimo,persona,47.1,1,—,mencionado,—,0,0,,0,no comprobable,1,,,sí,
Hercher,PsPhal#55-61,spurious,δημοτέλησ,Demóteles,persona,61.1,1,—,mencionado,—,1,0,,0,no comprobable,0,,,sí,
Hercher,PsPhal#55-61,spurious,στησιχόρῳ,Estesícoro,persona,56.1,1,—,mencionado,—,1,0,,0,no comprobable,0,,,sí,
Hercher,PsPhal#55-61,spurious,φιλοδήμου,Filodemo,persona,59.1,1,—,mencionado,—,1,0,,0,no comprobable,0,,,sí,
Hercher,PsPhal#55-61,spurious,φάλαριν,Fálaris,persona,56.1,1,—,mencionado,—,1,0,,0,no comprobable,0,,,sí,
Hercher,PsPhal#55-61,spurious,ἑρμοκράτησ,Hermócrates,persona,59.1,1,—,mencionado,—,1,0,,0,no comprobable,0,,,sí,
Hercher,PsPhal#55-61,spurious,πυθαγόρᾳ,Pitágoras,literario,56.1,1,—,mencionado,—,1,0,,1,no comprobable,0,,,sí,
Hercher,PsPhal#55-61,spurious,τεῦκρον,Teucro,persona,55.1,1,—,mencionado,—,1,0,,0,no comprobable,0,,,sí,
Hercher,PsPhal#55-61,spurious,ἄβαριν,Ábaris,literario,57.1|57.1,2,—,mencionado,—,0,0,,1,no comprobable,0,,,sí,
Hercher,PsPhal#62-66,spurious,στησίχορον,Estesícoro,persona,63.1|65.1|63.1,4,—,mencionado,—,1,0,,0,no comprobable,0,,,sí,
Hercher,PsPhal#62-66,spurious,ἡρακλέα,Heracles,literario,64.1,1,—,mencionado,—,1,0,,1,no comprobable,0,,,sí,
Hercher,PsPhal#62-66,spurious,νικοκλέουσ,Nicocles,persona,65.1,1,—,mencionado,—,1,0,,0,no comprobable,0,,,sí,
Hercher,PsPhal#62-66,spurious,περίλαον,Perilao,persona,66.1|66.1|66.3,3,—,mencionado,—,1,0,,0,no comprobable,0,,,sí,
Hercher,PsPhal#62-66,spurious,τεύκρῳ,Teucro,persona,64.1,1,—,mencionado,—,1,0,,0,no comprobable,0,,,sí,
Hercher,PsPhal#67-68,spurious,στησιχόρου,Estesícoro,persona,67.1,3,—,mencionado,—,1,0,,0,no comprobable,0,,,sí,
Hercher,PsPhal#67-68,spurious,παυρόλα,Paurolas,persona,67.1|68.1,2,—,mencionado,—,1,0,,0,no comprobable,0,,,sí,
Hercher,PsPhal#69-70,spurious,φαλάριδοσ,Fálaris,persona,69.1,1,—,mencionado,—,1,0,,0,no comprobable,0,,,sí,
Hercher,PsPhal#69-70,spurious,παυρόλαν,Paurolas,persona,69.1,1,—,mencionado,—,1,0,,0,no comprobable,0,,,sí,
Hercher,PsPhal#69-70,spurious,τεύκρῳ,Teucro,persona,70.2,1,—,mencionado,—,1,0,,0,no comprobable,0,,,sí,
Hercher,PsPhal#71-74,spurious,ἀριστοφῶντοσ,Aristofonte,persona,72.1,1,—,mencionado,—,1,0,,0,no comprobable,0,,,sí,
Hercher,PsPhal#71-74,spurious,κάλλαισχρον,Calescro,persona,71.1|71.1,2,—,mencionado,—,1,0,,0,no comprobable,0,,,sí,
Hercher,PsPhal#71-74,spurious,στησίχορον,Estesícoro,persona,73.1,1,—,mencionado,—,1,0,,0,no comprobable,0,,,sí,
Hercher,PsPhal#71-74,spurious,εὐβούλου,Eubulo,persona,72.1|73.1,2,—,mencionado,—,1,0,,0,no comprobable,0,,,sí,
Hercher,PsPhal#71-74,spurious,περίσθενεσ,Perístenes,persona,72.1,2,—,mencionado,—,0,0,,0,no comprobable,1,,,sí,
Hercher,PsPhal#71-74,spurious,πυθαγόραν,Pitágoras,literario,74.1,1,—,mencionado,—,1,0,,1,no comprobable,0,,,sí,
Hercher,PsPhal#75-77,spurious,κλεισθένη,Clístenes,persona,77.3|77.1,2,—,mencionado,—,1,0,,0,no comprobable,0,,,sí,
Hercher,PsPhal#75-77,spurious,δορυμένουσ,Doríménes,persona,76.1,1,—,mencionado,—,0,0,,0,no comprobable,1,,,sí,
Hercher,PsPhal#75-77,spurious,φάλαριν,Fálaris,persona,77.1|75.1,2,—,mencionado,—,1,0,,0,no comprobable,0,,,sí,
Hercher,PsPhal#75-77,spurious,ἡγήσιππε,Hegesipo,persona,77.2,1,—,mencionado,—,0,0,,0,no comprobable,1,,,sí,
Hercher,PsPhal#78-79,spurious,κλεαρίστη,Clearista,persona,78.2|78.3|79.1,4,—,mencionado,—,0,0,,0,no comprobable,1,,,sí,
Hercher,PsPhal#78-79,spurious,ἐχεκρατίδου,Equecrátidas,persona,78.3,1,—,mencionado,—,0,0,,0,no comprobable,1,,,sí,
Hercher,PsPhal#78-79,spurious,στησιχόρου,Estesícoro,persona,78.1|78.2|79.1|79.1,4,—,mencionado,—,1,0,,0,no comprobable,0,,,sí,
Hercher,PsPhal#78-79,spurious,φάλαριν,Fálaris,persona,78.2|79.1,2,—,mencionado,—,1,0,,0,no comprobable,0,,,sí,
Hercher,PsPhal#78-79,spurious,νικοκλῆσ,Nicocles,persona,78.1,2,—,mencionado,—,1,0,,0,no comprobable,0,,,sí,
Hercher,PsPhal#80-83,spurious,φάλαριν,Fálaris,persona,80.1|81.2,3,—,mencionado,—,1,0,,0,no comprobable,0,,,sí,
Hercher,PsPhal#80-83,spurious,περίανδρον,Periandro,historico,81.1|81.2,2,—,mencionado,—,0,0,,1,no comprobable,0,,,sí,
Hercher,PsPhal#84-87,spurious,ἀρισταίνετοσ,Aristéneto,persona,87.1,1,—,mencionado,—,0,0,,0,no comprobable,1,,,sí,
Hercher,PsPhal#84-87,spurious,φάλαρισ,Fálaris,persona,87.1,1,—,mencionado,—,1,0,,0,no comprobable,0,,,sí,
Hercher,PsPhal#88-92,spurious,χάρυβδισ,Caribdis,literario,92.1,1,—,mencionado,—,0,0,,1,no comprobable,0,,,sí,
Hercher,PsPhal#88-92,spurious,κόνωνα,Conón,historico,88.1,1,—,mencionado,—,1,0,,1,no comprobable,0,,,sí,
Hercher,PsPhal#88-92,spurious,δρωπίδαν,Drópidas,persona,88.1,1,—,mencionado,—,1,0,,0,no comprobable,0,,,sí,
Hercher,PsPhal#88-92,spurious,στησίχορε,Estesícoro,persona,92.1|88.1,2,—,mencionado,—,1,0,,0,no comprobable,0,,,sí,
Hercher,PsPhal#88-92,spurious,φάλαριν,Fálaris,persona,88.1,1,—,mencionado,—,1,0,,0,no comprobable,0,,,sí,
Hercher,PsPhal#9-14,spurious,τεύκρῳ,Teucro,persona,11.1,1,—,mencionado,—,1,0,,0,no comprobable,0,,,sí,
Hercher,PsPhal#93-95,spurious,κλεισθένει,Clístenes,persona,95.1,1,—,mencionado,—,1,0,,0,no comprobable,0,,,sí,
Hercher,PsPhal#93-95,spurious,κόνωνι,Conón,historico,93.1,1,—,mencionado,—,1,0,,1,no comprobable,0,,,sí,
Hercher,PsPhal#93-95,spurious,στησίχορε,Estesícoro,persona,94.1|93.1|93.2,3,—,mencionado,—,1,0,,0,no comprobable,0,,,sí,
Hercher,PsPhal#96-101,spurious,φάλαριν,Fálaris,persona,99.1|101.1,2,—,mencionado,—,1,0,,0,no comprobable,0,,,sí,
Hercher,PsPhal#96-101,spurious,λυσῖνε,Lisino,persona,97.1,1,—,mencionado,—,0,0,,0,no comprobable,1,,,sí,
Hercher,PsSocr#1,spurious,βελλεροφόντην,Belerofonte,literario,1.11,1,—,mencionado,—,1,0,,1,no comprobable,0,,,sí,
Hercher,PsSocr#1,spurious,πυθαγόρασ,Pitágoras,literario,1.2,1,—,mencionado,—,1,0,,1,no comprobable,0,,,sí,
Hercher,PsSocr#1,spurious,πίνδαρον,Píndaro,literario,1.7,1,—,mencionado,—,0,0,,1,no comprobable,0,,,sí,
Hercher,PsSocr#1,spurious,σωκράτην,Sócrates,persona,1.1|1.5,2,—,mencionado,—,1,0,,0,no comprobable,0,,,sí,
Hercher,PsSocr#2-6,spurious,κύρῳ,Ciro,historico,5.1|5.1,2,—,mencionado,—,1,0,,1,no comprobable,0,,,sí,
Hercher,PsSocr#2-6,spurious,κριτοβούλῳ,Critobulo,persona,4.1,1,—,mencionado,—,0,0,,0,no comprobable,1,,,sí,
Hercher,PsSocr#2-6,spurious,ξανθίππη,Jantipa,persona,4.1,1,—,mencionado,—,1,0,,0,no comprobable,0,,,sí,
Hercher,PsSocr#2-6,spurious,μνήσων,Mnesón,persona,3.1,1,—,mencionado,—,0,0,,0,no comprobable,1,,,sí,
Hercher,PsSocr#2-6,spurious,χαιρεφῶν,Querefonte,persona,2.1,1,—,mencionado,—,0,0,3,0,no comprobable,1,"PHI Greek Inscriptions (inscriptions.packhum.org), consulta 29-IX-2026","PHI: 65 apariciones del patrón «Χαιρεφῶν» (todas las regiones, sin fecha)",sí,
Hercher,PsSocr#7,spurious,χαρίκλεισ,Caricles,persona,7.2|7.2,2,—,mencionado,—,0,0,,0,no comprobable,1,,,sí,
Hercher,PsSocr#7,spurious,σωκράτουσ,Sócrates,persona,7.1|7.2,2,—,mencionado,—,1,0,,0,no comprobable,0,,,sí,
Hercher,PsSocrat#10-13,spurious,ἀλκιβιάδαν,Alcibíades,historico,13.1,1,—,mencionado,—,1,0,,1,no comprobable,0,,,sí,
Hercher,PsSocrat#10-13,spurious,ἀντισθένασ,Antístenes,persona,13.1|13.2|11.1|12.1,4,—,mencionado,—,1,0,,0,no comprobable,0,,,sí,
Hercher,PsSocrat#10-13,spurious,κλεινίου,Clinias,persona,13.1,1,—,mencionado,—,1,0,,0,no comprobable,0,,,sí,
Hercher,PsSocrat#10-13,spurious,διονύσιοσ,Dionisio,historico,10.1,1,—,mencionado,—,1,0,,1,no comprobable,0,,,sí,
Hercher,PsSocrat#10-13,spurious,ἐπικράτεα,Epícrates,persona,13.1,1,—,mencionado,—,0,0,,0,no comprobable,1,,,sí,
Hercher,PsSocrat#10-13,spurious,εὐρυπτόλεμον,Euriptólemo,persona,13.1,1,—,mencionado,—,0,0,,0,no comprobable,1,,,sí,
Hercher,PsSocrat#10-13,spurious,εὐθύδαμον,Eutidamo,persona,13.1,1,—,mencionado,—,0,0,,0,no comprobable,1,,,sí,
Hercher,PsSocrat#10-13,spurious,φαῖδρον,Fedro,persona,13.1,1,—,mencionado,—,0,0,,0,no comprobable,1,,,sí,
Hercher,PsSocrat#10-13,spurious,φαίδων,Fedón,persona,13.1,1,—,mencionado,—,1,0,,0,no comprobable,0,,,sí,
Hercher,PsSocrat#10-13,spurious,γλαύκωνοσ,Glaucón,persona,13.1,1,—,mencionado,—,1,0,,0,no comprobable,0,,,sí,
Hercher,PsSocrat#10-13,spurious,ἡρακλέα,Heracles,literario,13.1,1,—,mencionado,—,1,0,,1,no comprobable,0,,,sí,
Hercher,PsSocrat#10-13,spurious,ξανθίππω,Jantipa,persona,13.1,1,—,mencionado,—,1,0,,0,no comprobable,0,,,sí,
Hercher,PsSocrat#10-13,spurious,περικλεῖ,Pericles,historico,13.1,1,—,mencionado,—,1,0,,1,no comprobable,0,,,sí,
Hercher,PsSocrat#10-13,spurious,πλάτωνι,Platón,persona,10.1,1,—,mencionado,—,1,0,,0,no comprobable,0,,,sí,
Hercher,PsSocrat#10-13,spurious,προδίκω,Pródico,persona,13.1|13.2,2,—,mencionado,—,1,0,,0,no comprobable,0,,,sí,
Hercher,PsSocrat#10-13,spurious,σακεσφόρον,Sacesforo,persona,13.1,1,—,mencionado,—,0,0,,0,no comprobable,1,,,sí,
Hercher,PsSocrat#10-13,spurious,σίμωνα,Simón,persona,11.1,1,—,mencionado,—,1,0,,0,no comprobable,0,,,sí,
Hercher,PsSocrat#10-13,spurious,σωκράταν,Sócrates,persona,13.1|12.1,2,—,mencionado,—,1,0,,0,no comprobable,0,,,sí,
Hercher,PsSocrat#14,spurious,ἀντισθένησ,Antístenes,persona,14.9,1,—,mencionado,—,1,0,,0,no comprobable,0,,,sí,
Hercher,PsSocrat#14,spurious,ἀπολλόδωροσ,Apolodoro,persona,14.9,1,—,mencionado,—,1,0,,0,no comprobable,0,,,sí,
Hercher,PsSocrat#14,spurious,ἀρίστιπποσ,Aristipo,persona,14.9,1,—,mencionado,—,1,0,,0,no comprobable,0,,,sí,
Hercher,PsSocrat#14,spurious,καλλιππίδῃ,Calípides,persona,14.3,1,—,mencionado,—,0,0,,0,no comprobable,1,,,sí,
Hercher,PsSocrat#14,spurious,κέβητα,Cebes,persona,14.7,1,—,mencionado,—,1,0,,0,no comprobable,0,,,sí,
Hercher,PsSocrat#14,spurious,κλέλομβροτοσ,Cleómbroto,persona,14.9,1,—,mencionado,—,1,0,,0,no comprobable,0,,,sí,
Hercher,PsSocrat#14,spurious,κόννον,Conno,persona,14.2,1,—,mencionado,—,0,0,2,0,no comprobable,1,"PHI Greek Inscriptions (inscriptions.packhum.org), consulta 29-IX-2026","PHI: 12 apariciones del patrón «Κόνν» (todas las regiones, sin fecha)",sí,
Hercher,PsSocrat#14,spurious,κρίτωνοσ,Critón,persona,14.6,1,—,mencionado,—,0,0,3,0,no comprobable,1,"PHI Greek Inscriptions (inscriptions.packhum.org), consulta 29-IX-2026","PHI: 344 apariciones del patrón «Κρίτων» (todas las regiones, sin fecha)",sí,
Hercher,PsSocrat#14,spurious,κτήσιπποσ,Ctesipo,persona,14.9,1,—,mencionado,—,0,0,,0,no comprobable,1,,,sí,
Hercher,PsSocrat#14,spurious,δάμωνά,Damón,persona,14.2,1,—,mencionado,—,0,0,,0,no comprobable,1,,,sí,
Hercher,PsSocrat#14,spurious,εὐηνόν,Eveno,persona,14.7,1,—,mencionado,—,0,0,,0,no comprobable,1,,,sí,
Hercher,PsSocrat#14,spurious,φαίδων,Fedón,persona,14.9,1,—,mencionado,—,1,0,,0,no comprobable,0,,,sí,
Hercher,PsSocrat#14,spurious,γέταν,Getas,persona,14.1,1,—,mencionado,—,0,0,3,0,no comprobable,1,"PHI Greek Inscriptions (inscriptions.packhum.org), consulta 29-IX-2026","PHI: 166 apariciones del patrón «Γέτα» (todas las regiones, sin fecha)",sí,
Hercher,PsSocrat#14,spurious,γύγου,Giges,historico,14.2,1,—,mencionado,—,0,0,,1,no comprobable,0,,,sí,
Hercher,PsSocrat#14,spurious,γρύλλον,Grilo,persona,14.1,1,—,mencionado,—,1,0,,0,no comprobable,0,,,sí,
Hercher,PsSocrat#14,spurious,ἑρμογένησ,Hermógenes,persona,14.9,1,—,mencionado,—,0,0,3,0,no comprobable,1,"PHI Greek Inscriptions (inscriptions.packhum.org), consulta 29-IX-2026","PHI: 967 apariciones del patrón «Ἑρμογέν» (todas las regiones, sin fecha)",sí,
Hercher,PsSocrat#14,spurious,ξενοφῶν,Jenofonte,persona,14.1|14.10,2,—,mencionado,—,1,0,,0,no comprobable,0,,,sí,
Hercher,PsSocrat#14,spurious,μέλητοσ,Meleto,persona,14.2|14.5|14.1|14.3,4,—,mencionado,—,1,0,,0,no comprobable,0,,,sí,
Hercher,PsSocrat#14,spurious,μενοικέα,Meneceo,persona,14.3,1,—,mencionado,—,0,0,1,0,no comprobable,1,"PHI Greek Inscriptions (inscriptions.packhum.org), consulta 29-IX-2026","PHI: 1 apariciones del patrón «Μενοικ» (todas las regiones, sin fecha)",sí,
Hercher,PsSocrat#14,spurious,μητροβίου,Metrobio,persona,14.2,1,—,mencionado,—,0,0,,0,no comprobable,1,,,sí,
Hercher,PsSocrat#14,spurious,πλάτων,Platón,persona,14.9,2,—,mencionado,—,1,0,,0,no comprobable,0,,,sí,
Hercher,PsSocrat#14,spurious,πολυκράτουσ,Polícrates,historico,14.3,1,—,mencionado,—,0,0,,1,no comprobable,0,,,sí,
Hercher,PsSocrat#14,spurious,σιμμίαν,Simias,persona,14.7,1,—,mencionado,—,1,0,,0,no comprobable,0,,,sí,
Hercher,PsSocrat#14,spurious,σωκράτην,Sócrates,persona,14.1|14.7|14.10|14.2|14.4|14.2,8,—,mencionado,—,1,0,,0,no comprobable,0,,,sí,
Hercher,PsSocrat#14,spurious,τερψίων,Terpsión,persona,14.9,1,—,mencionado,—,1,0,,0,no comprobable,0,,,sí,
Hercher,PsSocrat#14,spurious,ἀνύτου,Ánito,persona,14.1|14.2,2,—,mencionado,—,1,0,,0,no comprobable,0,,,sí,
Hercher,PsSocrat#15-17,spurious,κλεόμβροτοσ,Cleómbroto,persona,16.1,1,—,mencionado,—,1,0,,0,no comprobable,0,,,sí,
Hercher,PsSocrat#15-17,spurious,αἰσχίνην,Esquines,historico,15.2,1,—,mencionado,—,1,0,,1,no comprobable,0,,,sí,
Hercher,PsSocrat#15-17,spurious,γρύλλον,Grilo,persona,15.1,1,—,mencionado,—,1,0,,0,no comprobable,0,,,sí,
Hercher,PsSocrat#15-17,spurious,μέλητον,Meleto,persona,17.2,1,—,mencionado,—,1,0,,0,no comprobable,0,,,sí,
Hercher,PsSocrat#15-17,spurious,πλάτωνοσ,Platón,persona,15.3,1,—,mencionado,—,1,0,,0,no comprobable,0,,,sí,
Hercher,PsSocrat#15-17,spurious,πρωταγόραν,Protágoras,persona,17.1,1,—,mencionado,—,0,0,3,0,no comprobable,1,"PHI Greek Inscriptions (inscriptions.packhum.org), consulta 29-IX-2026","PHI: 124 apariciones del patrón «Πρωταγόρ» (todas las regiones, sin fecha)",sí,
Hercher,PsSocrat#15-17,spurious,πρόδικον,Pródico,persona,17.1,1,—,mencionado,—,1,0,,0,no comprobable,0,,,sí,
Hercher,PsSocrat#15-17,spurious,σωκράτην,Sócrates,persona,17.3|17.4|17.3|15.1|15.2|15.3|16.1|17.3|17.1,11,—,mencionado,—,1,0,,0,no comprobable,0,,,sí,
Hercher,PsSocrat#15-17,spurious,ἄνυτόν,Ánito,persona,17.2,1,—,mencionado,—,1,0,,0,no comprobable,0,,,sí,
Hercher,PsSocrat#18-21,spurious,ἀπολλόδωροσ,Apolodoro,persona,21.3,1,—,mencionado,—,1,0,,0,no comprobable,0,,,sí,
Hercher,PsSocrat#18-21,spurious,ἀρίστιπποσ,Aristipo,persona,18.1|18.2,2,—,mencionado,—,1,0,,0,no comprobable,0,,,sí,
Hercher,PsSocrat#18-21,spurious,εὐκλείδην,Euclides,persona,21.1,1,—,mencionado,—,1,0,,0,no comprobable,0,,,sí,
Hercher,PsSocrat#18-21,spurious,εὔφρονι,Eufrón,persona,21.1,1,—,mencionado,—,0,0,,0,no comprobable,1,,,sí,
Hercher,PsSocrat#18-21,spurious,φαίδων,Fedón,persona,18.1|18.2,2,—,mencionado,—,1,0,,0,no comprobable,0,,,sí,
Hercher,PsSocrat#18-21,spurious,γρύλλῳ,Grilo,persona,19.1,2,—,mencionado,—,1,0,,0,no comprobable,0,,,sí,
Hercher,PsSocrat#18-21,spurious,ξανθίππη,Jantipa,persona,21.3,1,—,mencionado,—,1,0,,0,no comprobable,0,,,sí,
Hercher,PsSocrat#18-21,spurious,σίμωνα,Simón,persona,18.2,1,—,mencionado,—,1,0,,0,no comprobable,0,,,sí,
Hercher,PsSocrat#18-21,spurious,σωκράτει,Sócrates,persona,21.1|19.1|21.1|18.2|20.1|21.2|21.3,10,—,mencionado,—,1,0,,0,no comprobable,0,,,sí,
Hercher,PsSocrat#18-21,spurious,τερψίωνα,Terpsión,persona,21.1,1,—,mencionado,—,1,0,,0,no comprobable,0,,,sí,
Hercher,PsSocrat#22-23,spurious,ἀλκιβιάδου,Alcibíades,historico,23.2,1,—,mencionado,—,1,0,,1,no comprobable,0,,,sí,
Hercher,PsSocrat#22-23,spurious,ἀρίστιππον,Aristipo,persona,23.2|23.3|23.1|23.2|23.1,8,—,mencionado,—,1,0,,0,no comprobable,0,,,sí,
Hercher,PsSocrat#22-23,spurious,κέβησ,Cebes,persona,22.2,1,—,mencionado,—,1,0,,0,no comprobable,0,,,sí,
Hercher,PsSocrat#22-23,spurious,διονυσίου,Dionisio,historico,23.1|23.3|23.1|23.2|23.1|23.1|23.2|23.3,9,—,mencionado,—,1,0,,1,no comprobable,0,,,sí,
Hercher,PsSocrat#22-23,spurious,αἰσχίνη,Esquines,historico,23.3|23.1|23.1,3,—,mencionado,—,1,0,,1,no comprobable,0,,,sí,
Hercher,PsSocrat#22-23,spurious,εὐκλείδησ,Euclides,persona,22.1,1,—,mencionado,—,1,0,,0,no comprobable,0,,,sí,
Hercher,PsSocrat#22-23,spurious,πλάτων,Platón,persona,22.2|23.2|23.3|23.3,4,—,mencionado,—,1,0,,0,no comprobable,0,,,sí,
Hercher,PsSocrat#22-23,spurious,σιμμία,Simias,persona,22.2,1,—,mencionado,—,1,0,,0,no comprobable,0,,,sí,
Hercher,PsSocrat#22-23,spurious,σωκράτουσ,Sócrates,persona,22.2|23.1,2,—,mencionado,—,1,0,,0,no comprobable,0,,,sí,
Hercher,PsSocrat#24-27,spurious,ἀλκιβιάδῃ,Alcibíades,historico,27.2,1,—,mencionado,—,1,0,,1,no comprobable,0,,,sí,
Hercher,PsSocrat#24-27,spurious,ἀρχύταν,Arquitas,persona,24.1,1,—,mencionado,—,0,0,,0,no comprobable,1,,,sí,
Hercher,PsSocrat#24-27,spurious,ἀθηνοδώρου,Atenodoro,persona,26.1,1,—,mencionado,—,0,0,,0,no comprobable,1,,,sí,
Hercher,PsSocrat#24-27,spurious,κλεινίου,Clinias,persona,27.2,1,—,mencionado,—,1,0,,0,no comprobable,0,,,sí,
Hercher,PsSocrat#24-27,spurious,κρῖνιν,Crinis,persona,25.1|25.1,2,—,mencionado,—,0,0,,0,no comprobable,1,,,sí,
Hercher,PsSocrat#24-27,spurious,διονύσιον,Dionisio,historico,26.1,1,—,mencionado,—,1,0,,1,no comprobable,0,,,sí,
Hercher,PsSocrat#24-27,spurious,λυσίασ,Lisias,persona,27.2,1,—,mencionado,—,0,0,,0,no comprobable,1,,,sí,
Hercher,PsSocrat#24-27,spurious,πλάτων,Platón,persona,27.1,1,—,mencionado,—,1,0,,0,no comprobable,0,,,sí,
Hercher,PsSocrat#24-27,spurious,σωκράτουσ,Sócrates,persona,27.1,1,—,mencionado,—,1,0,,0,no comprobable,0,,,sí,
Hercher,PsSocrat#24-27,spurious,τίμων,Timón,persona,24.2,1,—,mencionado,—,0,0,,0,no comprobable,1,,,sí,
Hercher,PsSocrat#28-29,spurious,ἀρίστιππον,Aristipo,persona,29.3|29.2|29.4,3,—,mencionado,—,1,0,,0,no comprobable,0,,,sí,
Hercher,PsSocrat#28-29,spurious,βερενίκῃ,Berenice,historico,29.2,1,—,mencionado,—,0,0,,1,no comprobable,0,,,sí,
Hercher,PsSocrat#28-29,spurious,διονυσίου,Dionisio,historico,29.1,1,—,mencionado,—,1,0,,1,no comprobable,0,,,sí,
Hercher,PsSocrat#28-29,spurious,ξανθίππην,Jantipa,persona,29.3|29.3,2,—,mencionado,—,1,0,,0,no comprobable,0,,,sí,
Hercher,PsSocrat#28-29,spurious,λαμπροκλῆσ,Lamprocles,persona,29.4,1,—,mencionado,—,0,0,,0,no comprobable,1,,,sí,
Hercher,PsSocrat#28-29,spurious,μίκαν,Mica,persona,29.4,1,—,mencionado,—,0,0,,0,no comprobable,1,,,sí,
Hercher,PsSocrat#28-29,spurious,μυρτοῦσ,Mirto,persona,29.3|29.3,2,—,mencionado,—,0,0,,0,no comprobable,1,,,sí,
Hercher,PsSocrat#28-29,spurious,πυθαγόραν,Pitágoras,literario,28.1|28.1,2,—,mencionado,—,1,0,,1,no comprobable,0,,,sí,
Hercher,PsSocrat#28-29,spurious,πλάτων,Platón,persona,28.2,1,—,mencionado,—,1,0,,0,no comprobable,0,,,sí,
Hercher,PsSocrat#28-29,spurious,σωκράτουσ,Sócrates,persona,28.2|29.3|29.4,3,—,mencionado,—,1,0,,0,no comprobable,0,,,sí,
Hercher,PsSocrat#28-29,spurious,σώνικον,Sónico,persona,29.1,1,—,mencionado,—,0,0,,0,no comprobable,1,,,sí,
Hercher,PsSocrat#28-29,spurious,θεόδωροσ,Teodoro,persona,28.1,1,—,mencionado,—,0,0,3,0,no comprobable,1,"PHI Greek Inscriptions (inscriptions.packhum.org), consulta 29-IX-2026","PHI: 909 apariciones del patrón «Θεόδωρ» (todas las regiones, sin fecha)",sí,
Hercher,PsSocrat#28-29,spurious,τίμαιόσ,Timeo,persona,28.1,1,—,mencionado,—,0,0,,0,no comprobable,1,,,sí,
Hercher,PsSocrat#30,spurious,ἀγησιλάῳ,Agesilao,historico,30.13,1,—,mencionado,—,1,0,,1,no comprobable,0,,,sí,
Hercher,PsSocrat#30,spurious,ἀλκιβιάδησ,Alcibíades,historico,30.10|30.9,2,—,mencionado,—,1,0,,1,no comprobable,0,,,sí,
Hercher,PsSocrat#30,spurious,ἀλκυονέα,Alcioneo,literario,30.6,1,—,mencionado,—,0,0,,1,no comprobable,0,,,sí,
Hercher,PsSocrat#30,spurious,ἀλέξανδρον,Alejandro Magno,historico,30.3|30.3|30.3|30.7|30.13,6,—,mencionado,—,1,0,,1,no comprobable,0,,,sí,
Hercher,PsSocrat#30,spurious,ἀμύντασ,Amintas,historico,30.10,1,—,mencionado,—,0,0,,1,no comprobable,0,,,sí,
Hercher,PsSocrat#30,spurious,ἀντίπατρον,Antípatro,historico,30.12|30.1|30.8|30.14|30.5,5,—,mencionado,—,0,0,,1,no comprobable,0,,,sí,
Hercher,PsSocrat#30,spurious,ἀριστοδήμου,Aristodemo,persona,30.6,1,—,mencionado,—,0,0,,0,no comprobable,1,,,sí,
Hercher,PsSocrat#30,spurious,ἀριστομάχῳ,Aristómaco,persona,30.7,1,—,mencionado,—,0,0,,0,no comprobable,1,,,sí,
Hercher,PsSocrat#30,spurious,βάττου,Bato,historico,30.11,1,—,mencionado,—,0,0,,1,no comprobable,0,,,sí,
Hercher,PsSocrat#30,spurious,κλείδην,Clides,persona,30.7|30.7,2,—,mencionado,—,0,0,,0,no comprobable,1,,,sí,
Hercher,PsSocrat#30,spurious,κρεσφόντην,Cresfontes,literario,30.6,1,—,mencionado,—,0,0,,1,no comprobable,0,,,sí,
Hercher,PsSocrat#30,spurious,δαμάστην,Damastes,persona,30.4,1,—,mencionado,—,0,0,,0,no comprobable,1,,,sí,
Hercher,PsSocrat#30,spurious,διονυσίου,Dionisio,historico,30.10|30.13,2,—,mencionado,—,1,0,,1,no comprobable,0,,,sí,
Hercher,PsSocrat#30,spurious,φυλλίδα,Fílide,literario,30.6,1,—,mencionado,—,0,0,,1,no comprobable,0,,,sí,
Hercher,PsSocrat#30,spurious,ἡρακλέουσ,Heracles,literario,30.3|30.6|30.8|30.14|30.5|30.6|30.2|30.7,9,—,mencionado,—,1,0,,1,no comprobable,0,,,sí,
Hercher,PsSocrat#30,spurious,ἡρόδοτον,Heródoto,literario,30.4,1,—,mencionado,—,0,0,,1,no comprobable,0,,,sí,
Hercher,PsSocrat#30,spurious,ἱπποκόωντα,Hipocoonte,literario,30.6,1,—,mencionado,—,0,0,,1,no comprobable,0,,,sí,
Hercher,PsSocrat#30,spurious,ξέρξου,Jerjes,historico,30.3,1,—,mencionado,—,1,0,,1,no comprobable,0,,,sí,
Hercher,PsSocrat#30,spurious,λαδίκῃ,Ladice,persona,30.7,1,—,mencionado,—,0,0,3,0,no comprobable,1,"PHI Greek Inscriptions (inscriptions.packhum.org), consulta 29-IX-2026","PHI: 69 apariciones del patrón «Λαδίκ» (todas las regiones, sin fecha)",sí,
Hercher,PsSocrat#30,spurious,μαρδονίου,Mardonio,historico,30.4,1,—,mencionado,—,0,0,,1,no comprobable,0,,,sí,
Hercher,PsSocrat#30,spurious,νηλέα,Neleo,literario,30.6|30.6,3,—,mencionado,—,0,0,,1,no comprobable,0,,,sí,
Hercher,PsSocrat#30,spurious,νέστορι,Néstor,literario,30.6,1,—,mencionado,—,0,0,,1,no comprobable,0,,,sí,
Hercher,PsSocrat#30,spurious,περδίκκᾳ,Perdicas,historico,30.12,1,—,mencionado,—,1,0,,1,no comprobable,0,,,sí,
Hercher,PsSocrat#30,spurious,πλάτωνοσ,Platón,persona,30.2|30.12,3,—,mencionado,—,1,0,,0,no comprobable,0,,,sí,
Hercher,PsSocrat#30,spurious,πρωτίδασ,Prótidas,persona,30.7,1,—,mencionado,—,0,0,,0,no comprobable,1,,,sí,
Hercher,PsSocrat#30,spurious,συλέα,Sileo,persona,30.6,1,—,mencionado,—,0,0,,0,no comprobable,1,,,sí,
Hercher,PsSocrat#30,spurious,τηλέγονον,Telégono,literario,30.7,1,—,mencionado,—,0,0,,1,no comprobable,0,,,sí,
Hercher,PsSocrat#30,spurious,θεόπομπον,Teopompo,persona,30.12|30.12,3,—,mencionado,—,0,0,,0,no comprobable,1,,,sí,
Hercher,PsSocrat#30,spurious,τιμοθέου,Timoteo,persona,30.13,1,—,mencionado,—,0,0,,0,no comprobable,1,,,sí,
Hercher,PsSocrat#30,spurious,τυνδάρεῳ,Tindáreo,literario,30.6,1,—,mencionado,—,0,0,,1,no comprobable,0,,,sí,
Hercher,PsSocrat#31-33,spurious,ἡσίοδον,Hesíodo,literario,31.1,1,—,mencionado,—,0,0,,1,no comprobable,0,,,sí,
Hercher,PsSocrat#31-33,spurious,περδίκκασ,Perdicas,historico,31.1,1,—,mencionado,—,1,0,,1,no comprobable,0,,,sí,
Hercher,PsSocrat#31-33,spurious,πλάτων,Platón,persona,32.1|32.2|32.3|32.1|32.2,5,—,mencionado,—,1,0,,0,no comprobable,0,,,sí,
Hercher,PsSocrat#34-35,spurious,διονυσίῳ,Dionisio,historico,35.1,1,—,mencionado,—,1,0,,1,no comprobable,0,,,sí,
Hercher,PsSocrat#34-35,spurious,ἐχεκράτουσ,Equécrates,persona,35.1,1,—,mencionado,—,0,0,,0,no comprobable,1,,,sí,
Hercher,PsSocrat#34-35,spurious,φιλιστίωνα,Filistión,persona,35.1,1,—,mencionado,—,1,0,,0,no comprobable,0,,,sí,
Hercher,PsSocrat#34-35,spurious,γηρυόνῃ,Gerión,literario,35.1,1,—,mencionado,—,1,0,,1,no comprobable,0,,,sí,
Hercher,PsSocrat#34-35,spurious,μοίριδοσ,Meris,persona,35.1,1,—,mencionado,—,0,0,,0,no comprobable,1,,,sí,
Hercher,PsSocrat#34-35,spurious,πλάτωνα,Platón,persona,34.2,1,—,mencionado,—,1,0,,0,no comprobable,0,,,sí,
Hercher,PsSocrat#34-35,spurious,πολύξενοσ,Polixeno,persona,35.1,1,—,mencionado,—,1,0,,0,no comprobable,0,,,sí,
Hercher,PsSocrat#36-37,spurious,ἄδραστοσ,Adrasto,literario,37.1,1,—,mencionado,—,0,0,,1,no comprobable,0,,,sí,
Hercher,PsSocrat#36-37,spurious,βριάρεω,Briareo,literario,36.1,1,—,mencionado,—,0,0,,1,no comprobable,0,,,sí,
Hercher,PsSocrat#36-37,spurious,κλεινία,Clinias,persona,37.1,1,—,mencionado,—,1,0,,0,no comprobable,0,,,sí,
Hercher,PsSocrat#36-37,spurious,κέκροποσ,Cécrope,literario,36.1,1,—,mencionado,—,0,0,,1,no comprobable,0,,,sí,
Hercher,PsSocrat#36-37,spurious,σπεύσιπποσ,Espeusipo,persona,36.1,1,—,mencionado,—,1,0,,0,no comprobable,0,,,sí,
Hercher,PsSocrat#36-37,spurious,φιλιστίων,Filistión,persona,36.1,1,—,mencionado,—,1,0,,0,no comprobable,0,,,sí,
Hercher,PsSocrat#36-37,spurious,γαρότᾳ,Garotas,persona,36.1,1,—,mencionado,—,0,0,,0,no comprobable,1,,,sí,
Hercher,PsSocrat#36-37,spurious,γηρυόνου,Gerión,literario,36.1,1,—,mencionado,—,1,0,,1,no comprobable,0,,,sí,
Hercher,PsSocrat#36-37,spurious,ἑρμείαν,Hermias,persona,36.1,1,—,mencionado,—,0,0,,0,no comprobable,1,,,sí,
Hercher,PsSocrat#36-37,spurious,λασθένεια,Lastenia,persona,36.1,1,—,mencionado,—,0,0,,0,no comprobable,1,,,sí,
Hercher,PsSocrat#36-37,spurious,πολύξενόν,Polixeno,persona,36.1,1,—,mencionado,—,1,0,,0,no comprobable,0,,,sí,
Hercher,PsSocrat#8-9,spurious,ἀντίσθενεσ,Antístenes,persona,9.1,1,—,mencionado,—,1,0,,0,no comprobable,0,,,sí,
Hercher,PsSocrat#8-9,spurious,διονυσίου,Dionisio,historico,8.1|9.1|9.4,3,—,mencionado,—,1,0,,1,no comprobable,0,,,sí,
Hercher,PsSocrat#8-9,spurious,ἡρακλέα,Heracles,literario,9.4,1,—,mencionado,—,1,0,,1,no comprobable,0,,,sí,
Hercher,PsSocrat#8-9,spurious,σίμωνα,Simón,persona,9.4,1,—,mencionado,—,1,0,,0,no comprobable,0,,,sí,
Hercher,PsSolon,spurious,πεισίστρατον,Pisístrato,historico,urn:cts:greekLit:tlg1681.tlg001.1st1K-grc1.2|urn:cts:greekLit:tlg1681.tlg001.1st1K-grc1.2|urn:cts:greekLit:tlg1681.tlg00,5,—,mencionado,—,0,0,,1,no comprobable,0,,,sí,
Hercher,PsThem#1-2,spurious,αἰσχύλε,Esquilo,literario,1,1,—,mencionado,—,1,0,,1,no comprobable,0,,,sí,
Hercher,PsThem#1-2,spurious,εὐκράτησ,Eucrates,persona,1,1,—,mencionado,—,0,0,3,0,no comprobable,1,"PHI Greek Inscriptions (inscriptions.packhum.org), consulta 29-IX-2026","PHI: 609 apariciones del patrón «Εὐκράτ» (todas las regiones, sin fecha)",sí,
Hercher,PsThem#1-2,spurious,μελέαγροσ,Meleagro,literario,1,1,—,mencionado,—,1,0,,1,no comprobable,0,,,sí,
Hercher,PsThem#1-2,spurious,νεοκλέα,Neocles,persona,1,2,—,mencionado,—,1,0,,0,no comprobable,0,,,sí,
Hercher,PsThem#1-2,spurious,νικίασ,Nicias,persona,1,1,—,mencionado,—,1,0,,0,no comprobable,0,,,sí,
Hercher,PsThem#1-2,spurious,παυσανία,Pausanias,persona,2,5,—,mencionado,—,1,0,,0,no comprobable,0,,,sí,
Hercher,PsThem#12-13,spurious,ἀριστείδη,Arístides,persona,12|12,2,—,mencionado,—,1,0,,0,no comprobable,0,,,sí,
Hercher,PsThem#12-13,spurious,λυσιμάχου,Lisímaco,persona,12,1,—,mencionado,—,0,0,,0,no comprobable,1,,,sí,
Hercher,PsThem#12-13,spurious,μεγακλέα,Megacles,persona,13,1,—,mencionado,—,0,0,,0,no comprobable,1,,,sí,
Hercher,PsThem#12-13,spurious,πολύγνωτε,Polignoto,persona,13,5,—,mencionado,—,1,0,,0,no comprobable,0,,,sí,
Hercher,PsThem#14-15,spurious,ἀρτάβαζοσ,Artabazo,historico,14|14,2,—,mencionado,—,1,0,,1,no comprobable,0,,,sí,
Hercher,PsThem#14-15,spurious,αὐτόλυκε,Autólico,persona,15,2,—,mencionado,—,1,0,,0,no comprobable,0,,,sí,
Hercher,PsThem#14-15,spurious,γογγύλοσ,Gongilo,historico,14,1,—,mencionado,—,0,0,,1,no comprobable,0,,,sí,
Hercher,PsThem#14-15,spurious,μναστορίδασ,Mnastóridas,persona,14,1,—,mencionado,—,0,0,,0,no comprobable,1,,,sí,
Hercher,PsThem#14-15,spurious,παυσανία,Pausanias,persona,14,2,—,mencionado,—,1,0,,0,no comprobable,0,,,sí,
Hercher,PsThem#16,spurious,ἀλκέτα,Alcetas,persona,16,4,—,mencionado,—,0,0,,0,no comprobable,1,,,sí,
Hercher,PsThem#16,spurious,ἀρταβάζῳ,Artabazo,historico,16,2,—,mencionado,—,1,0,,1,no comprobable,0,,,sí,
Hercher,PsThem#16,spurious,παυσανίαν,Pausanias,persona,16|16|16|16,16,—,mencionado,—,1,0,,0,no comprobable,0,,,sí,
Hercher,PsThem#17-19,spurious,ἀνταγόρα,Antágoras,persona,19|19,3,—,mencionado,—,0,0,,0,no comprobable,1,,,sí,
Hercher,PsThem#17-19,spurious,ἀριστείδη,Arístides,persona,18|19|19|19,5,—,mencionado,—,1,0,,0,no comprobable,0,,,sí,
Hercher,PsThem#17-19,spurious,αὐτόλυκοσ,Autólico,persona,19,2,—,mencionado,—,1,0,,0,no comprobable,0,,,sí,
Hercher,PsThem#17-19,spurious,πολύγνωτοσ,Polignoto,persona,18,1,—,mencionado,—,1,0,,0,no comprobable,0,,,sí,
Hercher,PsThem#20-21,spurious,ἀδμήτου,Admeto,historico,20|21|20|20|20,8,—,mencionado,—,1,0,,1,no comprobable,0,,,sí,
Hercher,PsThem#20-21,spurious,ἀλέξανδρον,Alejandro Magno,historico,20|20,2,—,mencionado,—,1,0,,1,no comprobable,0,,,sí,
Hercher,PsThem#20-21,spurious,ἀρτάβαζον,Artabazo,historico,20|20|20,4,—,mencionado,—,1,0,,1,no comprobable,0,,,sí,
Hercher,PsThem#20-21,spurious,δαρεῖοσ,Darío,historico,21,1,—,mencionado,—,0,0,,1,no comprobable,0,,,sí,
Hercher,PsThem#20-21,spurious,διοπείθησ,Diopites,historico,20,1,—,mencionado,—,0,0,,1,no comprobable,0,,,sí,
Hercher,PsThem#20-21,spurious,γέλων,Gelón,historico,20|20,2,—,mencionado,—,1,0,,1,no comprobable,0,,,sí,
Hercher,PsThem#20-21,spurious,ἱέρωνα,Hierón,historico,20,1,—,mencionado,—,0,0,,1,no comprobable,0,,,sí,
Hercher,PsThem#20-21,spurious,ξέρξου,Jerjes,historico,21|20,2,—,mencionado,—,1,0,,1,no comprobable,0,,,sí,
Hercher,PsThem#20-21,spurious,μάξον,Maxón,persona,20,1,—,mencionado,—,0,0,0,0,no comprobable,1,"PHI Greek Inscriptions (inscriptions.packhum.org), consulta 29-IX-2026","PHI: 0 apariciones del patrón «Μάξον» (todas las regiones, sin fecha)",sí,
Hercher,PsThem#20-21,spurious,μελέαγροσ,Meleagro,literario,20,1,—,mencionado,—,1,0,,1,no comprobable,0,,,sí,
Hercher,PsThem#20-21,spurious,νικίασ,Nicias,persona,20,1,—,mencionado,—,1,0,,0,no comprobable,0,,,sí,
Hercher,PsThem#20-21,spurious,παυσανίαν,Pausanias,persona,20|20|20,4,—,mencionado,—,1,0,,0,no comprobable,0,,,sí,
Hercher,PsThem#20-21,spurious,πολύγνωτε,Polignoto,persona,20,2,—,mencionado,—,1,0,,0,no comprobable,0,,,sí,
Hercher,PsThem#20-21,spurious,θεμιστοκλέα,Temístocles,persona,20|20|20|20|20,10,—,mencionado,—,1,0,,0,no comprobable,0,,,sí,
Hercher,PsThem#3-4,spurious,ἀριστείδου,Arístides,persona,3,1,—,mencionado,—,1,0,,0,no comprobable,0,,,sí,
Hercher,PsThem#3-4,spurious,κάλλαισχροσ,Calescro,persona,4,1,—,mencionado,—,1,0,,0,no comprobable,0,,,sí,
Hercher,PsThem#3-4,spurious,κλεοφάντου,Cleofanto,persona,4|4,2,—,mencionado,—,0,0,,0,no comprobable,1,,,sí,
Hercher,PsThem#3-4,spurious,ἁβρώνιχε,Habrónico,persona,4,3,—,mencionado,—,1,0,,0,no comprobable,0,,,sí,
Hercher,PsThem#3-4,spurious,λυσικλέα,Lisicles,persona,4,1,—,mencionado,—,1,0,,0,no comprobable,0,,,sí,
Hercher,PsThem#3-4,spurious,παυσανίαν,Pausanias,persona,4|3|4|4,5,—,mencionado,—,1,0,,0,no comprobable,0,,,sí,
Hercher,PsThem#3-4,spurious,πολύγνωτε,Polignoto,persona,3,3,—,mencionado,—,1,0,,0,no comprobable,0,,,sí,
Hercher,PsThem#3-4,spurious,σίκιννοσ,Sicino,historico,4,1,—,mencionado,—,0,0,,1,no comprobable,0,,,sí,
Hercher,PsThem#5-6,spurious,ἀδμήτου,Admeto,historico,5|5|5|5,4,—,mencionado,—,1,0,,1,no comprobable,0,,,sí,
Hercher,PsThem#5-6,spurious,ἀλεξάνδρου,Alejandro Magno,historico,5,1,—,mencionado,—,1,0,,1,no comprobable,0,,,sí,
Hercher,PsThem#5-6,spurious,ἀρύββασ,Aribas,historico,5,1,—,mencionado,—,0,0,,1,no comprobable,0,,,sí,
Hercher,PsThem#5-6,spurious,κρατησίπολισ,Cratesípolis,persona,5|5,3,—,mencionado,—,0,0,,0,no comprobable,1,,,sí,
Hercher,PsThem#5-6,spurious,στρατολάῳ,Estratolao,persona,5,1,—,mencionado,—,0,0,,0,no comprobable,1,,,sí,
Hercher,PsThem#5-6,spurious,φιλοστέφανε,Filostéfano,persona,6|6,3,—,mencionado,—,1,0,,0,no comprobable,0,,,sí,
Hercher,PsThem#5-6,spurious,μείδωνα,Midón,persona,6,1,—,mencionado,—,1,0,,0,no comprobable,0,,,sí,
Hercher,PsThem#5-6,spurious,τίβιοσ,Tibio,persona,6,2,—,mencionado,—,1,0,,0,no comprobable,0,,,sí,
Hercher,PsThem#7-8,spurious,ἀλκμεωνίδησ,Alcmeónidas,persona,8,1,—,mencionado,—,0,0,,0,no comprobable,1,,,sí,
Hercher,PsThem#7-8,spurious,ἀριστείδησ,Arístides,persona,8,1,—,mencionado,—,1,0,,0,no comprobable,0,,,sí,
Hercher,PsThem#7-8,spurious,φαιδρίασ,Fedrias,persona,8,1,—,mencionado,—,0,0,,0,no comprobable,1,,,sí,
Hercher,PsThem#7-8,spurious,φιλοστέφανε,Filostéfano,persona,7,2,—,mencionado,—,1,0,,0,no comprobable,0,,,sí,
Hercher,PsThem#7-8,spurious,γέλωνόσ,Gelón,historico,7,1,—,mencionado,—,1,0,,1,no comprobable,0,,,sí,
Hercher,PsThem#7-8,spurious,γλαύκωνοσ,Glaucón,persona,8,1,—,mencionado,—,1,0,,0,no comprobable,0,,,sí,
Hercher,PsThem#7-8,spurious,λέαγρε,Leagro,persona,8|8,7,—,mencionado,—,0,0,,0,no comprobable,1,,,sí,
Hercher,PsThem#7-8,spurious,λεωβώτησ,Leobotes,persona,8,1,—,mencionado,—,0,0,,0,no comprobable,1,,,sí,
Hercher,PsThem#7-8,spurious,λύσανδροσ,Lisandro,historico,8,1,—,mencionado,—,0,0,,1,no comprobable,0,,,sí,
Hercher,PsThem#7-8,spurious,μένυλλοσ,Menilo,persona,7,1,—,mencionado,—,0,0,,0,no comprobable,1,,,sí,
Hercher,PsThem#7-8,spurious,μείδωνοσ,Midón,persona,7,1,—,mencionado,—,1,0,,0,no comprobable,0,,,sí,
Hercher,PsThem#7-8,spurious,νεοκλῆσ,Neocles,persona,8,1,—,mencionado,—,1,0,,0,no comprobable,0,,,sí,
Hercher,PsThem#7-8,spurious,προνάπησ,Pronapes,persona,8,1,—,mencionado,—,0,0,,0,no comprobable,1,,,sí,
Hercher,PsThem#7-8,spurious,παμφίλου,Pánfilo,persona,7,1,—,mencionado,—,0,0,,0,no comprobable,1,,,sí,
Hercher,PsThem#7-8,spurious,θεμιστοκλέα,Temístocles,persona,8|8|8,3,—,mencionado,—,1,0,,0,no comprobable,0,,,sí,
Hercher,PsThem#7-8,spurious,τίβιοσ,Tibio,persona,7|7,2,—,mencionado,—,1,0,,0,no comprobable,0,,,sí,
Hercher,PsThem#7-8,spurious,τισίνικοσ,Tisínico,persona,8,1,—,mencionado,—,0,0,,0,no comprobable,1,,,sí,
Hercher,PsThem#9-11,spurious,ἀλκιβιάδην,Alcibíades,historico,11,1,—,mencionado,—,1,0,,1,no comprobable,0,,,sí,
Hercher,PsThem#9-11,spurious,ἀμεινίου,Aminias,persona,11,1,—,mencionado,—,0,0,,0,no comprobable,1,,,sí,
Hercher,PsThem#9-11,spurious,ἀριστείδην,Arístides,persona,9|11,2,—,mencionado,—,1,0,,0,no comprobable,0,,,sí,
Hercher,PsThem#9-11,spurious,καλλία,Calias,persona,9,2,—,mencionado,—,0,0,,0,no comprobable,1,,,sí,
Hercher,PsThem#9-11,spurious,κυνεγείρου,Cinegiro,historico,11,1,—,mencionado,—,0,0,,1,no comprobable,0,,,sí,
Hercher,PsThem#9-11,spurious,δόρκωνα,Dorcón,persona,11,1,—,mencionado,—,0,0,,0,no comprobable,1,,,sí,
Hercher,PsThem#9-11,spurious,αἰσχύλου,Esquilo,literario,11,1,—,mencionado,—,1,0,,1,no comprobable,0,,,sí,
Hercher,PsThem#9-11,spurious,στράτιππον,Estratipo,persona,11,1,—,mencionado,—,0,0,,0,no comprobable,1,,,sí,
Hercher,PsThem#9-11,spurious,εὐφορίωνοσ,Euforión,persona,11,1,—,mencionado,—,0,0,,0,no comprobable,1,,,sí,
Hercher,PsThem#9-11,spurious,εὐξίθεοσ,Euxíteo,persona,10,1,—,mencionado,—,0,0,,0,no comprobable,1,,,sí,
Hercher,PsThem#9-11,spurious,ἁβρώνιχε,Habrónico,persona,10,1,—,mencionado,—,1,0,,0,no comprobable,0,,,sí,
Hercher,PsThem#9-11,spurious,ἑρμοκλέα,Hermocles,persona,11,1,—,mencionado,—,0,0,,0,no comprobable,1,,,sí,
Hercher,PsThem#9-11,spurious,λακρατίδην,Lacrátidas,persona,11,1,—,mencionado,—,0,0,,0,no comprobable,1,,,sí,
Hercher,PsThem#9-11,spurious,μόλωνα,Molón,persona,11,1,—,mencionado,—,0,0,,0,no comprobable,1,,,sí,
Hercher,PsThem#9-11,spurious,θεμιστοκλέασ,Temístocles,persona,9,1,—,mencionado,—,1,0,,0,no comprobable,0,,,sí,
Hercher,PsThem#9-11,spurious,τιθωνοῦ,Titono,literario,11,1,—,mencionado,—,0,0,,1,no comprobable,0,,,sí,
Ignacio,IgnEf,genuine,βούρρου,Burro,persona,2:1|2:1,2,—,mencionado,—,0,0,1,0,no comprobable,1,"PHI Greek Inscriptions (inscriptions.packhum.org), consulta 29-IX-2026","PHI: 4 apariciones del patrón «Βούρρ» (todas las regiones, sin fecha)",sí,
Ignacio,IgnEf,genuine,κρόκοσ,Croco,persona,2:1,1,—,mencionado,—,0,0,2,0,no comprobable,1,"PHI Greek Inscriptions (inscriptions.packhum.org), consulta 29-IX-2026","PHI: 21 apariciones del patrón «Κρόκ» (todas las regiones, sin fecha)",sí,
Ignacio,IgnEf,genuine,δαυείδ,David,biblico,18:2|20:2,2,—,mencionado,—,0,0,,1,no comprobable,0,,,sí,
Ignacio,IgnEf,genuine,εὔπλῳ,Euplo,persona,2:1,1,—,mencionado,—,0,0,3,0,no comprobable,1,"PHI Greek Inscriptions (inscriptions.packhum.org), consulta 29-IX-2026","PHI: 89 apariciones del patrón «Εὔπλ» (todas las regiones, sin fecha)",sí,
Ignacio,IgnEf,genuine,φρόντωνι,Frontón,persona,2:1,1,—,mencionado,—,0,0,3,0,no comprobable,1,"PHI Greek Inscriptions (inscriptions.packhum.org), consulta 29-IX-2026","PHI: 198 apariciones del patrón «Φρόντων» (todas las regiones, sin fecha)",sí,
Ignacio,IgnEf,genuine,ἰγνάτιοσ,Ignacio,persona,0:1,1,—,mencionado,—,0,0,2,0,no comprobable,1,"PHI Greek Inscriptions (inscriptions.packhum.org), consulta 29-IX-2026","PHI: 25 apariciones del patrón «Ἰγνάτι» (todas las regiones, sin fecha)",sí,
Ignacio,IgnEf,genuine,μαρίασ,María (madre de Jesús),biblico,7:2|18:2|19:1,3,—,mencionado,—,0,0,,1,no comprobable,0,,,sí,
Ignacio,IgnEf,genuine,ὀνήσιμοσ,Onésimo (obispo),persona,6:2|1:3|2:1,3,—,mencionado,—,1,0,,0,no comprobable,0,,,sí,
Ignacio,IgnEf,genuine,παύλου,Pablo,historico,12:2,1,—,mencionado,—,1,1,,1,no comprobable,0,,,sí,
Ignacio,IgnEf,genuine,πολύκαρπον,Policarpo,persona,21:1,1,—,mencionado,—,0,0,2,0,no comprobable,1,"PHI Greek Inscriptions (inscriptions.packhum.org), consulta 29-IX-2026","PHI: 34 apariciones del patrón «Πολύκαρπ» (todas las regiones, sin fecha)",sí,
Ignacio,IgnEsm,genuine,ἀγαθόπουν,Agatopo,persona,10:1,1,—,mencionado,—,0,0,3,0,no comprobable,1,"PHI Greek Inscriptions (inscriptions.packhum.org), consulta 29-IX-2026","PHI: 371 apariciones del patrón «Ἀγαθόπο» (todas las regiones, sin fecha)",sí,
Ignacio,IgnEsm,genuine,ἄλκην,Alce,persona,13:2,1,—,mencionado,—,0,0,2,0,no comprobable,1,"PHI Greek Inscriptions (inscriptions.packhum.org), consulta 29-IX-2026","PHI: 22 apariciones del patrón «Ἄλκη» (todas las regiones, sin fecha)",sí,
Ignacio,IgnEsm,genuine,βούρρου,Burro,persona,12:1,1,—,mencionado,—,0,0,1,0,no comprobable,1,"PHI Greek Inscriptions (inscriptions.packhum.org), consulta 29-IX-2026","PHI: 4 apariciones del patrón «Βούρρ» (todas las regiones, sin fecha)",sí,
Ignacio,IgnEsm,genuine,δάφνον,Dafno,persona,13:2,1,—,mencionado,—,0,0,3,0,no comprobable,1,"PHI Greek Inscriptions (inscriptions.packhum.org), consulta 29-IX-2026","PHI: 238 apariciones del patrón «Δάφν» (todas las regiones, sin fecha)",sí,
Ignacio,IgnEsm,genuine,δαυείδ,David,biblico,1:1,1,—,mencionado,—,0,0,,1,no comprobable,0,,,sí,
Ignacio,IgnEsm,genuine,εὔτεκνον,Eutecno,persona,13:2,1,—,mencionado,—,0,0,0,0,no comprobable,1,"PHI Greek Inscriptions (inscriptions.packhum.org), consulta 29-IX-2026","PHI: 0 apariciones del patrón «Εὔτεκν» (todas las regiones, sin fecha)",sí,
Ignacio,IgnEsm,genuine,φίλωνα,Filón (diácono),persona,10:1,1,—,mencionado,—,0,0,,0,no comprobable,1,,,sí,
Ignacio,IgnEsm,genuine,ἡρώδου,Herodes,historico,1:2,1,—,mencionado,—,0,1,,1,no comprobable,0,,,sí,
Ignacio,IgnEsm,genuine,ἰγνάτιοσ,Ignacio,persona,0:1,1,—,mencionado,—,0,0,2,0,no comprobable,1,"PHI Greek Inscriptions (inscriptions.packhum.org), consulta 29-IX-2026","PHI: 25 apariciones del patrón «Ἰγνάτι» (todas las regiones, sin fecha)",sí,
Ignacio,IgnEsm,genuine,ἰωάννου,Juan (apóstol),historico,1:1,1,—,mencionado,—,1,1,,1,no comprobable,0,,,sí,
Ignacio,IgnEsm,genuine,μωύσεωσ,Moisés,biblico,5:1,1,—,mencionado,—,0,0,,1,no comprobable,0,,,sí,
Ignacio,IgnEsm,genuine,πέτρον,Pedro,historico,3:2,1,—,mencionado,—,1,1,,1,no comprobable,0,,,sí,
Ignacio,IgnEsm,genuine,πιλάτου,Pilato,historico,1:2|1:2,2,—,mencionado,—,0,1,,1,no comprobable,0,,,sí,
Ignacio,IgnEsm,genuine,ταουΐασ,Tavía,persona,13:2,1,—,mencionado,—,0,0,0,0,no comprobable,1,"PHI Greek Inscriptions (inscriptions.packhum.org), consulta 29-IX-2026","PHI: 0 apariciones del patrón «Ταουΐ» (todas las regiones, sin fecha)",sí,
Ignacio,IgnFil,genuine,ἀγαθόποδι,Agatopo,persona,11:1,1,—,mencionado,—,0,0,3,0,no comprobable,1,"PHI Greek Inscriptions (inscriptions.packhum.org), consulta 29-IX-2026","PHI: 371 apariciones del patrón «Ἀγαθόπο» (todas las regiones, sin fecha)",sí,
Ignacio,IgnFil,genuine,βούρρου,Burro,persona,11:2,1,—,mencionado,—,0,0,1,0,no comprobable,1,"PHI Greek Inscriptions (inscriptions.packhum.org), consulta 29-IX-2026","PHI: 4 apariciones del patrón «Βούρρ» (todas las regiones, sin fecha)",sí,
Ignacio,IgnFil,genuine,φίλωνοσ,Filón (diácono),persona,11:1,1,—,mencionado,—,0,0,,0,no comprobable,1,,,sí,
Ignacio,IgnFil,genuine,ἰγνάτιοσ,Ignacio,persona,0:1,1,—,mencionado,—,0,0,2,0,no comprobable,1,"PHI Greek Inscriptions (inscriptions.packhum.org), consulta 29-IX-2026","PHI: 25 apariciones del patrón «Ἰγνάτι» (todas las regiones, sin fecha)",sí,
Ignacio,IgnFil,genuine,ἰσαάκ,Isaac,biblico,9:1,1,—,mencionado,—,0,0,,1,no comprobable,0,,,sí,
Ignacio,IgnFil,genuine,ῥέῳ,Reo,persona,11:1,1,—,mencionado,—,0,0,,0,no comprobable,1,,,sí,
Ignacio,IgnMagn,genuine,ἀπολλωνίου,Apolonio,persona,2:1,1,—,mencionado,—,0,0,3,0,no comprobable,1,"PHI Greek Inscriptions (inscriptions.packhum.org), consulta 29-IX-2026","PHI: 5187 apariciones del patrón «Ἀπολλωνί» (todas las regiones, sin fecha)",sí,
Ignacio,IgnMagn,genuine,βάσσου,Baso,persona,2:1,1,—,mencionado,—,0,0,3,0,no comprobable,1,"PHI Greek Inscriptions (inscriptions.packhum.org), consulta 29-IX-2026","PHI: 605 apariciones del patrón «Βάσσ» (todas las regiones, sin fecha)",sí,
Ignacio,IgnMagn,genuine,δαμᾶ,Damas,persona,2:1,1,—,mencionado,—,0,0,3,0,no comprobable,1,"PHI Greek Inscriptions (inscriptions.packhum.org), consulta 29-IX-2026","PHI: 119 apariciones del patrón «Δαμᾶς» (todas las regiones, sin fecha)",sí,
Ignacio,IgnMagn,genuine,ἰγνάτιοσ,Ignacio,persona,0:1,1,—,mencionado,—,0,0,2,0,no comprobable,1,"PHI Greek Inscriptions (inscriptions.packhum.org), consulta 29-IX-2026","PHI: 25 apariciones del patrón «Ἰγνάτι» (todas las regiones, sin fecha)",sí,
Ignacio,IgnMagn,genuine,πιλάτου,Pilato,historico,11:1|11:1,2,—,mencionado,—,0,1,,1,no comprobable,0,,,sí,
Ignacio,IgnMagn,genuine,πολυκάρπῳ,Policarpo,persona,15:1,1,—,mencionado,—,0,0,2,0,no comprobable,1,"PHI Greek Inscriptions (inscriptions.packhum.org), consulta 29-IX-2026","PHI: 30 apariciones del patrón «Πολυκάρπ» (todas las regiones, sin fecha)",sí,
Ignacio,IgnMagn,genuine,ζωτίωνοσ,Zotión,persona,2:1,1,—,mencionado,—,0,0,2,0,no comprobable,1,"PHI Greek Inscriptions (inscriptions.packhum.org), consulta 29-IX-2026","PHI: 39 apariciones del patrón «Ζωτίων» (todas las regiones, sin fecha)",sí,
Ignacio,IgnPol,genuine,ἄλκην,Alce,persona,8:3,1,—,mencionado,—,0,0,2,0,no comprobable,1,"PHI Greek Inscriptions (inscriptions.packhum.org), consulta 29-IX-2026","PHI: 22 apariciones del patrón «Ἄλκη» (todas las regiones, sin fecha)",sí,
Ignacio,IgnPol,genuine,ἰγνάτιοσ,Ignacio,persona,0:1,1,—,mencionado,—,0,0,2,0,no comprobable,1,"PHI Greek Inscriptions (inscriptions.packhum.org), consulta 29-IX-2026","PHI: 25 apariciones del patrón «Ἰγνάτι» (todas las regiones, sin fecha)",sí,
Ignacio,IgnPol,genuine,πολυκάρπου,Policarpo,persona,8:2|0:1|7:2,3,—,mencionado,—,0,0,2,0,no comprobable,1,"PHI Greek Inscriptions (inscriptions.packhum.org), consulta 29-IX-2026","PHI: 30 apariciones del patrón «Πολυκάρπ» (todas las regiones, sin fecha)",sí,
Ignacio,IgnPol,genuine,ἄτταλον,Átalo,persona,8:2,1,—,mencionado,—,0,0,,0,no comprobable,1,,,sí,
Ignacio,IgnRom,genuine,κρόκοσ,Croco,persona,10:1,1,—,mencionado,—,0,0,2,0,no comprobable,1,"PHI Greek Inscriptions (inscriptions.packhum.org), consulta 29-IX-2026","PHI: 21 apariciones del patrón «Κρόκ» (todas las regiones, sin fecha)",sí,
Ignacio,IgnRom,genuine,δαυείδ,David,biblico,7:3,1,—,mencionado,—,0,0,,1,no comprobable,0,,,sí,
Ignacio,IgnRom,genuine,ἰγνάτιοσ,Ignacio,persona,0:1,1,—,mencionado,—,0,0,2,0,no comprobable,1,"PHI Greek Inscriptions (inscriptions.packhum.org), consulta 29-IX-2026","PHI: 25 apariciones del patrón «Ἰγνάτι» (todas las regiones, sin fecha)",sí,
Ignacio,IgnRom,genuine,παῦλοσ,Pablo,historico,4:3,1,—,mencionado,—,1,1,,1,no comprobable,0,,,sí,
Ignacio,IgnRom,genuine,πέτροσ,Pedro,historico,4:3,1,—,mencionado,—,1,1,,1,no comprobable,0,,,sí,
Ignacio,IgnTral,genuine,δαυείδ,David,biblico,9:1,1,—,mencionado,—,0,0,,1,no comprobable,0,,,sí,
Ignacio,IgnTral,genuine,ἰγνάτιοσ,Ignacio,persona,0:1,1,—,mencionado,—,0,0,2,0,no comprobable,1,"PHI Greek Inscriptions (inscriptions.packhum.org), consulta 29-IX-2026","PHI: 25 apariciones del patrón «Ἰγνάτι» (todas las regiones, sin fecha)",sí,
Ignacio,IgnTral,genuine,μαρίασ,María (madre de Jesús),biblico,9:1,1,—,mencionado,—,0,0,,1,no comprobable,0,,,sí,
Ignacio,IgnTral,genuine,πιλάτου,Pilato,historico,9:1|9:1,2,—,mencionado,—,0,1,,1,no comprobable,0,,,sí,
Ignacio,IgnTral,genuine,πολύβιοσ,Polibio,persona,1:1,1,—,mencionado,—,0,0,2,0,no comprobable,1,"PHI Greek Inscriptions (inscriptions.packhum.org), consulta 29-IX-2026","PHI: 34 apariciones del patrón «Πολύβι» (todas las regiones, sin fecha)",sí,
Juliano,Jul_Ep#16,genuine,ἀμφίονα,Anfión,literario,16.1,1,—,mencionado,—,0,0,,1,no comprobable,0,,,sí,
Juliano,Jul_Ep#16,genuine,μουσωνίῳ,Musonio,persona,16.1,1,—,mencionado,—,1,0,,0,no comprobable,0,,,sí,
Juliano,Jul_Ep#16,genuine,νέρων,Nerón,historico,16.1,1,—,mencionado,—,0,0,,1,no comprobable,0,,,sí,
Juliano,Jul_Ep#16,genuine,σωκράτει,Sócrates,literario,16.1,1,—,mencionado,—,1,0,,1,no comprobable,0,,,sí,
Juliano,Jul_Ep#18,genuine,ὁμήρῳ,Homero,literario,18.1,1,—,mencionado,—,1,0,,1,no comprobable,0,,,sí,
Juliano,Jul_Ep#19,genuine,ἀφόβιοσ,Afobio,persona,19.3,1,—,mencionado,—,0,0,0,0,no comprobable,1,"PHI Greek Inscriptions (inscriptions.packhum.org), consulta 29-IX-2026","PHI: 0 apariciones del patrón «Ἀφόβι» (todas las regiones, sin fecha)",sí,
Juliano,Jul_Ep#19,genuine,ἀχιλλέα,Aquiles,literario,19.2|19.2,2,—,mencionado,—,0,0,,1,no comprobable,0,,,sí,
Juliano,Jul_Ep#19,genuine,κωνσταντίου,Constancio II,persona,19.1,1,—,mencionado,—,1,0,,0,no comprobable,0,,,sí,
Juliano,Jul_Ep#19,genuine,ἕκτοροσ,Héctor,literario,19.2,2,—,mencionado,—,1,0,,1,no comprobable,0,,,sí,
Juliano,Jul_Ep#19,genuine,πηγάσιον,Pegasio,persona,19.1|19.2|19.3,3,—,mencionado,—,0,0,2,0,no comprobable,1,"PHI Greek Inscriptions (inscriptions.packhum.org), consulta 29-IX-2026","PHI: 10 apariciones del patrón «Πηγάσι» (todas las regiones, sin fecha)",sí,
Juliano,Jul_Ep#21,genuine,ἀλέξανδρον,Alejandro Magno,historico,21.1,1,—,mencionado,—,1,0,,1,no comprobable,0,,,sí,
Juliano,Jul_Ep#21,genuine,κωνστάντιον,Constancio II,persona,21.1,2,—,mencionado,—,1,0,,0,no comprobable,0,,,sí,
Juliano,Jul_Ep#21,genuine,γεωργίῳ,Jorge de Capadocia,persona,21.1|21.2,3,—,mencionado,—,0,0,,0,no comprobable,1,,,sí,
Juliano,Jul_Ep#22,genuine,εὔμαιον,Eumeo,literario,22.1,1,—,mencionado,—,0,0,,1,no comprobable,0,,,sí,
Juliano,Jul_Ep#22,genuine,ὅμηροσ,Homero,literario,22.1,1,—,mencionado,—,1,0,,1,no comprobable,0,,,sí,
Juliano,Jul_Ep#25,genuine,ὁμήρῳ,Homero,literario,25.1,1,—,mencionado,—,1,0,,1,no comprobable,0,,,sí,
Juliano,Jul_Ep#25,genuine,πίνδαρον,Píndaro,literario,25.1,1,—,mencionado,—,1,0,,1,no comprobable,0,,,sí,
Juliano,Jul_Ep#26,genuine,ἀστυδάμασ,Astidamante,literario,26.2,1,—,mencionado,—,1,0,,1,no comprobable,0,,,sí,
Juliano,Jul_Ep#28,genuine,ἀλεξάνδρου,Alejandro Magno,historico,28.1,1,—,mencionado,—,1,0,,1,no comprobable,0,,,sí,
Juliano,Jul_Ep#28,genuine,διογένησ,Diógenes,literario,28.4,1,—,mencionado,—,1,0,,1,no comprobable,0,,,sí,
Juliano,Jul_Ep#28,genuine,φιλίππου,Filipo II,historico,28.1,1,—,mencionado,—,0,0,,1,no comprobable,0,,,sí,
Juliano,Jul_Ep#28,genuine,ἡρακλειδῶν,Heracles,literario,28.1,1,—,mencionado,—,1,0,,1,no comprobable,0,,,sí,
Juliano,Jul_Ep#28,genuine,λαμπρίασ,Lamprias,persona,28.4,1,—,mencionado,—,0,0,3,0,no comprobable,1,"PHI Greek Inscriptions (inscriptions.packhum.org), consulta 29-IX-2026","PHI: 117 apariciones del patrón «Λαμπρί» (todas las regiones, sin fecha)",sí,
Juliano,Jul_Ep#29,genuine,ἀρχίλοχοσ,Arquíloco,literario,29.4,1,—,mencionado,—,0,0,,1,no comprobable,0,,,sí,
Juliano,Jul_Ep#29,genuine,ὁμηρου,Homero,literario,29.1,1,—,mencionado,—,1,0,,1,no comprobable,0,,,sí,
Juliano,Jul_Ep#29,genuine,λαυρίκιον,Lauricio,persona,29.4|29.4,2,—,mencionado,—,0,0,,0,no comprobable,1,,,sí,
Juliano,Jul_Ep#29,genuine,λυκάμβου,Licambes,literario,29.4,1,—,mencionado,—,0,0,,1,no comprobable,0,,,sí,
Juliano,Jul_Ep#29,genuine,πλάτωνοσ,Platón,literario,29.1,1,—,mencionado,—,1,0,,1,no comprobable,0,,,sí,
Juliano,Jul_Ep#30,genuine,κωνσταντίῳ,Constancio II,persona,30.1,1,—,mencionado,—,1,0,,0,no comprobable,0,,,sí,
Juliano,Jul_Ep#30,genuine,πυθαγόρειον,Pitágoras,literario,30.1,1,—,mencionado,—,1,0,,1,no comprobable,0,,,sí,
Juliano,Jul_Ep#32,genuine,μυγδονίου,Migdonio,persona,32.1,1,—,mencionado,—,0,0,,0,no comprobable,1,,,sí,
Juliano,Jul_Ep#32,genuine,μάξιμον,Máximo,persona,32.1,1,—,mencionado,—,0,0,,0,no comprobable,1,,,sí,
Juliano,Jul_Ep#32,genuine,σελεύκου,Seleuco,persona,32.1,1,—,mencionado,—,0,0,,0,no comprobable,1,,,sí,
Juliano,Jul_Ep#36,genuine,δημοσθένει,Demóstenes,literario,36.1,1,—,mencionado,—,0,0,,1,no comprobable,0,,,sí,
Juliano,Jul_Ep#36,genuine,ἡροδότῳ,Heródoto,literario,36.1,1,—,mencionado,—,0,0,,1,no comprobable,0,,,sí,
Juliano,Jul_Ep#36,genuine,ἡσίοδοσ,Hesíodo,literario,36.1|36.1,2,—,mencionado,—,0,0,,1,no comprobable,0,,,sí,
Juliano,Jul_Ep#36,genuine,ὁμήρῳ,Homero,literario,36.1|36.1,2,—,mencionado,—,1,0,,1,no comprobable,0,,,sí,
Juliano,Jul_Ep#36,genuine,ἰσοκράτει,Isócrates,literario,36.1,1,—,mencionado,—,0,0,,1,no comprobable,0,,,sí,
Juliano,Jul_Ep#36,genuine,λυσίᾳ,Lisias,literario,36.1,1,—,mencionado,—,0,0,,1,no comprobable,0,,,sí,
Juliano,Jul_Ep#36,genuine,λουκᾶν,Lucas,biblico,36.1,1,—,mencionado,—,0,0,,1,no comprobable,0,,,sí,
Juliano,Jul_Ep#36,genuine,ματθαῖον,Mateo,biblico,36.1,1,—,mencionado,—,0,0,,1,no comprobable,0,,,sí,
Juliano,Jul_Ep#36,genuine,θουκυδίδῃ,Tucídides,literario,36.1,1,—,mencionado,—,0,0,,1,no comprobable,0,,,sí,
Juliano,Jul_Ep#4,genuine,ἀριστοτέλουσ,Aristóteles,literario,4.3,1,—,mencionado,—,1,0,,1,no comprobable,0,,,sí,
Juliano,Jul_Ep#4,genuine,ὅμηροσ,Homero,literario,4.1,1,—,mencionado,—,1,0,,1,no comprobable,0,,,sí,
Juliano,Jul_Ep#4,genuine,πλάτωνοσ,Platón,literario,4.3,1,—,mencionado,—,1,0,,1,no comprobable,0,,,sí,
Juliano,Jul_Ep#4,genuine,σαλούστιον,Salustio,persona,4.3,1,—,mencionado,—,1,0,,0,no comprobable,0,,,sí,
Juliano,Jul_Ep#41,genuine,τίτον,Tito,biblico,41.3,1,—,mencionado,—,0,0,,1,no comprobable,0,,,sí,
Juliano,Jul_Ep#47,genuine,ἀλέξανδροσ,Alejandro Magno,historico,47.2|47.1,3,—,mencionado,—,1,0,,1,no comprobable,0,,,sí,
Juliano,Jul_Ep#47,genuine,ἀθανάσιον,Atanasio,persona,47.1|47.4|47.4|47.4,4,—,mencionado,—,0,0,2,0,no comprobable,1,"PHI Greek Inscriptions (inscriptions.packhum.org), consulta 29-IX-2026","PHI: 22 apariciones del patrón «Ἀθανάσι» (todas las regiones, sin fecha)",sí,
Juliano,Jul_Ep#47,genuine,λάγου,Lago,historico,47.2,1,—,mencionado,—,0,0,,1,no comprobable,0,,,sí,
Juliano,Jul_Ep#47,genuine,πτολεμαίουσ,Ptolomeo,historico,47.2|47.2|47.2,3,—,mencionado,—,0,0,,1,no comprobable,0,,,sí,
Juliano,Jul_Ep#48,genuine,κωνστάντιοσ,Constancio II,persona,48.1,1,—,mencionado,—,1,0,,0,no comprobable,0,,,sí,
Juliano,Jul_Ep#48,genuine,κωνσταντίνου,Constantino,historico,48.1,1,—,mencionado,—,1,0,,1,no comprobable,0,,,sí,
Juliano,Jul_Ep#50,genuine,ἀγαμέμνονι,Agamenón,literario,50.3,1,—,mencionado,—,0,0,,1,no comprobable,0,,,sí,
Juliano,Jul_Ep#50,genuine,ἀλέξανδρον,Alejandro Magno,historico,50.5|50.5,3,—,mencionado,—,1,0,,1,no comprobable,0,,,sí,
Juliano,Jul_Ep#50,genuine,ἀστυδάμασ,Astidamante,literario,50.1,1,—,mencionado,—,1,0,,1,no comprobable,0,,,sí,
Juliano,Jul_Ep#50,genuine,βαβρίου,Babrio,persona,50.1,1,—,mencionado,—,0,0,0,0,no comprobable,1,"PHI Greek Inscriptions (inscriptions.packhum.org), consulta 29-IX-2026","PHI: 0 apariciones del patrón «Βαβρί» (todas las regiones, sin fecha)",sí,
Juliano,Jul_Ep#50,genuine,κάλλιποσ,Calipo,historico,50.2,1,—,mencionado,—,0,0,,1,no comprobable,0,,,sí,
Juliano,Jul_Ep#50,genuine,καλλισθένη,Calístenes,historico,50.5,1,—,mencionado,—,0,0,,1,no comprobable,0,,,sí,
Juliano,Jul_Ep#50,genuine,κλεῖτοσ,Clito,historico,50.5,1,—,mencionado,—,0,0,,1,no comprobable,0,,,sí,
Juliano,Jul_Ep#50,genuine,κώνσταντι,Constante,historico,50.1|50.6,2,—,mencionado,—,0,0,,1,no comprobable,0,,,sí,
Juliano,Jul_Ep#50,genuine,κινύρου,Cíniras,literario,50.4,1,—,mencionado,—,0,0,,1,no comprobable,0,,,sí,
Juliano,Jul_Ep#50,genuine,διονύσιε,Dionisio,persona,50.2|50.3|50.2,3,—,mencionado,—,0,0,3,0,no comprobable,1,"PHI Greek Inscriptions (inscriptions.packhum.org), consulta 29-IX-2026","PHI: 3423 apariciones del patrón «Διονύσι» (todas las regiones, sin fecha)",sí,
Juliano,Jul_Ep#50,genuine,ἤλεκτραν,Electra,literario,50.3,1,—,mencionado,—,0,0,,1,no comprobable,0,,,sí,
Juliano,Jul_Ep#50,genuine,φαίδωνα,Fedón,literario,50.2,1,—,mencionado,—,1,0,,1,no comprobable,0,,,sí,
Juliano,Jul_Ep#50,genuine,φιλώτασ,Filotas,historico,50.5,1,—,mencionado,—,0,0,,1,no comprobable,0,,,sí,
Juliano,Jul_Ep#50,genuine,ἑρμόλαοσ,Hermolao,historico,50.5,2,—,mencionado,—,0,0,,1,no comprobable,0,,,sí,
Juliano,Jul_Ep#50,genuine,ἱπποκράτησ,Hipócrates,literario,50.2,1,—,mencionado,—,0,0,,1,no comprobable,0,,,sí,
Juliano,Jul_Ep#50,genuine,ἕκτορα,Héctor,literario,50.5,1,—,mencionado,—,1,0,,1,no comprobable,0,,,sí,
Juliano,Jul_Ep#50,genuine,ἰουλιανόσ,Juliano,persona,50.2,1,—,mencionado,—,1,0,,0,no comprobable,0,,,sí,
Juliano,Jul_Ep#50,genuine,μαγνεντίου,Magnencio,persona,50.6|50.1,2,—,mencionado,—,0,0,,0,no comprobable,1,,,sí,
Juliano,Jul_Ep#50,genuine,ὀδυσσεύσ,Odiseo,literario,50.3,1,—,mencionado,—,1,0,,1,no comprobable,0,,,sí,
Juliano,Jul_Ep#50,genuine,παρμενίων,Parmenión,historico,50.5|50.5,2,—,mencionado,—,0,0,,1,no comprobable,0,,,sí,
Juliano,Jul_Ep#50,genuine,πλάτων,Platón,literario,50.1|50.1|50.2,3,—,mencionado,—,1,0,,1,no comprobable,0,,,sí,
Juliano,Jul_Ep#50,genuine,σαρδαναπάλου,Sardanápalo,literario,50.4,1,—,mencionado,—,0,0,,1,no comprobable,0,,,sí,
Juliano,Jul_Ep#50,genuine,θερσίτησ,Tersites,literario,50.3|50.3,2,—,mencionado,—,0,0,,1,no comprobable,0,,,sí,
Juliano,Jul_Ep#50,genuine,τιθωνοῦ,Titono,literario,50.4,1,—,mencionado,—,0,0,,1,no comprobable,0,,,sí,
Juliano,Jul_Ep#51,genuine,κωνστάντιοσ,Constancio II,persona,51.1,1,—,mencionado,—,1,0,,0,no comprobable,0,,,sí,
Juliano,Jul_Ep#51,genuine,ἴουλον,Julo,literario,51.1,1,—,mencionado,—,0,0,,1,no comprobable,0,,,sí,
Juliano,Jul_Ep#53,genuine,ἀριστοφάνει,Aristófanes,literario,53.1|53.1,2,—,mencionado,—,0,0,,1,no comprobable,0,,,sí,
Juliano,Jul_Ep#53,genuine,παύλου,Pablo,biblico,53.1,1,—,mencionado,—,1,0,,1,no comprobable,0,,,sí,
Juliano,Jul_Ep#57,genuine,ἀρσάκιε,Arsacio,persona,57.1,1,—,mencionado,—,0,0,,0,no comprobable,1,,,sí,
Juliano,Jul_Ep#57,genuine,κωνσταντίου,Constancio II,persona,57.1,1,—,mencionado,—,1,0,,0,no comprobable,0,,,sí,
Juliano,Jul_Ep#57,genuine,κωνσταντῖνον,Constantino,historico,57.1,1,—,mencionado,—,1,0,,1,no comprobable,0,,,sí,
Juliano,Jul_Ep#57,genuine,ἰουλιανόν,Juliano,persona,57.1,1,—,mencionado,—,1,0,,0,no comprobable,0,,,sí,
Juliano,Jul_Ep#58,genuine,ἰαμβλίχου,Jámblico,historico,58.4,1,—,mencionado,—,0,0,,1,no comprobable,0,,,sí,
Juliano,Jul_Ep#58,genuine,λαέρτου,Laertes,literario,58.4,1,—,mencionado,—,0,0,,1,no comprobable,0,,,sí,
Juliano,Jul_Ep#58,genuine,σώπατροσ,Sópatro,persona,58.4,1,—,mencionado,—,0,0,3,0,no comprobable,1,"PHI Greek Inscriptions (inscriptions.packhum.org), consulta 29-IX-2026","PHI: 181 apariciones del patrón «Σώπατρ» (todas las regiones, sin fecha)",sí,
Juliano,Jul_Ep#63,genuine,διομήδησ,Diomedes,literario,63.1,1,—,mencionado,—,0,0,,1,no comprobable,0,,,sí,
Juliano,Jul_Ep#63,genuine,γλαύκῳ,Glauco,literario,63.1,1,—,mencionado,—,0,0,,1,no comprobable,0,,,sí,
Juliano,Jul_Ep#63,genuine,ὅμηροσ,Homero,literario,63.1,1,—,mencionado,—,1,0,,1,no comprobable,0,,,sí,
Juliano,Jul_Ep#63,genuine,πινδάρῳ,Píndaro,literario,63.1,1,—,mencionado,—,1,0,,1,no comprobable,0,,,sí,
Juliano,Jul_Ep#63,genuine,σαπφώ,Safo,literario,63.1,1,—,mencionado,—,0,0,,1,no comprobable,0,,,sí,
Juliano,Jul_Ep#67,genuine,ἀλέξανδρον,Alejandro Magno,historico,67.1|67.1,2,—,mencionado,—,1,0,,1,no comprobable,0,,,sí,
Juliano,Jul_Ep#67,genuine,φειδίασ,Fidias,literario,67.1,1,—,mencionado,—,0,0,,1,no comprobable,0,,,sí,
Juliano,Jul_Ep#67,genuine,ὁμήρου,Homero,literario,67.1,1,—,mencionado,—,1,0,,1,no comprobable,0,,,sí,
Juliano,Jul_Ep#67,genuine,ὀδυσσέα,Odiseo,literario,67.1,1,—,mencionado,—,1,0,,1,no comprobable,0,,,sí,
Juliano,Jul_Ep#67,genuine,τηλέμαχε,Telémaco,literario,67.1,1,—,mencionado,—,1,0,,1,no comprobable,0,,,sí,
Juliano,Jul_Ep#69,genuine,δαρείου,Darío,historico,69.1|69.1|69.1,4,—,mencionado,—,1,0,,1,no comprobable,0,,,sí,
Juliano,Jul_Ep#69,genuine,δημόκριτον,Demócrito,literario,69.1,3,—,mencionado,—,1,0,,1,no comprobable,0,,,sí,
Juliano,Jul_Ep#69,genuine,ἱμέριοσ,Himerio,persona,69.1,1,—,mencionado,—,0,0,1,0,no comprobable,1,"PHI Greek Inscriptions (inscriptions.packhum.org), consulta 29-IX-2026","PHI: 5 apariciones del patrón «Ἱμέρι» (todas las regiones, sin fecha)",sí,
Juliano,Jul_Ep#69,genuine,τηλεμάχῳ,Telémaco,literario,69.1,1,—,mencionado,—,1,0,,1,no comprobable,0,,,sí,
Juliano,Jul_Ep#8,genuine,εὐάγριοσ,Evagrio,persona,8.2,1,—,mencionado,—,0,0,2,0,no comprobable,1,"PHI Greek Inscriptions (inscriptions.packhum.org), consulta 29-IX-2026","PHI: 8 apariciones del patrón «Εὐάγρι» (todas las regiones, sin fecha)",sí,
Juliano,Jul_EpAth,genuine,ἀφρικανόν,Africano,persona,urn:cts:greekLit:tlg2003.tlg005.perseus-grc2.5,1,—,mencionado,—,0,0,2,0,no comprobable,1,"PHI Greek Inscriptions (inscriptions.packhum.org), consulta 29-IX-2026","PHI: 22 apariciones del patrón «Ἀφρικαν» (todas las regiones, sin fecha)",sí,
Juliano,Jul_EpAth,genuine,ἀγριππίναν,Agripina,historico,urn:cts:greekLit:tlg2003.tlg005.perseus-grc2.8,1,—,mencionado,—,0,0,,1,no comprobable,0,,,sí,
Juliano,Jul_EpAth,genuine,ἀνάχαρσισ,Anacarsis,literario,urn:cts:greekLit:tlg2003.tlg005.perseus-grc2.1,1,—,mencionado,—,0,0,,1,no comprobable,0,,,sí,
Juliano,Jul_EpAth,genuine,ἀριστείδην,Arístides,historico,urn:cts:greekLit:tlg2003.tlg005.perseus-grc2.1,2,—,mencionado,—,0,0,,1,no comprobable,0,,,sí,
Juliano,Jul_EpAth,genuine,χνοδομαρίου,Cnodomario,persona,urn:cts:greekLit:tlg2003.tlg005.perseus-grc2.8,1,—,mencionado,—,0,0,,0,no comprobable,1,,,sí,
Juliano,Jul_EpAth,genuine,κωνστάντιον,Constancio II,persona,urn:cts:greekLit:tlg2003.tlg005.perseus-grc2.8|urn:cts:greekLit:tlg2003.tlg005.perseus-grc2.10|urn:cts:greekLit:tlg2003.,17,—,mencionado,—,1,0,,0,no comprobable,0,,,sí,
Juliano,Jul_EpAth,genuine,δεκέντιοσ,Decencio,persona,urn:cts:greekLit:tlg2003.tlg005.perseus-grc2.10,1,—,mencionado,—,0,0,,0,no comprobable,1,,,sí,
Juliano,Jul_EpAth,genuine,δηιόκησ,Deyoces,historico,urn:cts:greekLit:tlg2003.tlg005.perseus-grc2.1,1,—,mencionado,—,0,0,,1,no comprobable,0,,,sí,
Juliano,Jul_EpAth,genuine,δυνάμιοσ,Dinamio,persona,urn:cts:greekLit:tlg2003.tlg005.perseus-grc2.5,1,—,mencionado,—,0,0,,0,no comprobable,1,,,sí,
Juliano,Jul_EpAth,genuine,ἐπίκτητόν,Epicteto,literario,urn:cts:greekLit:tlg2003.tlg005.perseus-grc2.12,1,—,mencionado,—,0,0,,1,no comprobable,0,,,sí,
Juliano,Jul_EpAth,genuine,εὐσεβία,Eusebia,persona,urn:cts:greekLit:tlg2003.tlg005.perseus-grc2.5|urn:cts:greekLit:tlg2003.tlg005.perseus-grc2.6|urn:cts:greekLit:tlg2003.t,4,—,mencionado,—,0,0,3,0,no comprobable,1,"PHI Greek Inscriptions (inscriptions.packhum.org), consulta 29-IX-2026","PHI: 117 apariciones del patrón «Εὐσεβί» (todas las regiones, sin fecha)",sí,
Juliano,Jul_EpAth,genuine,φλωρέντιον,Florencio,persona,urn:cts:greekLit:tlg2003.tlg005.perseus-grc2.10|urn:cts:greekLit:tlg2003.tlg005.perseus-grc2.8|urn:cts:greekLit:tlg2003.,4,—,mencionado,—,0,0,,0,no comprobable,1,,,sí,
Juliano,Jul_EpAth,genuine,φῆλιξ,Félix,persona,urn:cts:greekLit:tlg2003.tlg005.perseus-grc2.5,1,—,mencionado,—,0,0,,0,no comprobable,1,,,sí,
Juliano,Jul_EpAth,genuine,γαυδέντιον,Gaudencio,persona,urn:cts:greekLit:tlg2003.tlg005.perseus-grc2.10,1,—,mencionado,—,0,0,,0,no comprobable,1,,,sí,
Juliano,Jul_EpAth,genuine,γιντωνίῳ,Gintonio,persona,urn:cts:greekLit:tlg2003.tlg005.perseus-grc2.10,1,—,mencionado,—,0,0,,0,no comprobable,1,,,sí,
Juliano,Jul_EpAth,genuine,λουκιλιανόν,Luciliano,persona,urn:cts:greekLit:tlg2003.tlg005.perseus-grc2.10,1,—,mencionado,—,0,0,1,0,no comprobable,1,"PHI Greek Inscriptions (inscriptions.packhum.org), consulta 29-IX-2026","PHI: 3 apariciones del patrón «Λουκιλιαν» (todas las regiones, sin fecha)",sí,
Juliano,Jul_EpAth,genuine,λουππικίνῳ,Lupicino,persona,urn:cts:greekLit:tlg2003.tlg005.perseus-grc2.10|urn:cts:greekLit:tlg2003.tlg005.perseus-grc2.8|urn:cts:greekLit:tlg2003.,4,—,mencionado,—,0,0,0,0,no comprobable,1,"PHI Greek Inscriptions (inscriptions.packhum.org), consulta 29-IX-2026","PHI: 0 apariciones del patrón «Λουππικ» (todas las regiones, sin fecha)",sí,
Juliano,Jul_EpAth,genuine,μαρῖνον,Marino,persona,urn:cts:greekLit:tlg2003.tlg005.perseus-grc2.5,1,—,mencionado,—,0,0,2,0,no comprobable,1,"PHI Greek Inscriptions (inscriptions.packhum.org), consulta 29-IX-2026","PHI: 25 apariciones del patrón «Μαρῖν» (todas las regiones, sin fecha)",sí,
Juliano,Jul_EpAth,genuine,νεβρίδιοσ,Nebridio,persona,urn:cts:greekLit:tlg2003.tlg005.perseus-grc2.10,1,—,mencionado,—,0,0,,0,no comprobable,1,,,sí,
Juliano,Jul_EpAth,genuine,παῦλον,Pablo,biblico,urn:cts:greekLit:tlg2003.tlg005.perseus-grc2.10,1,—,mencionado,—,1,0,,1,no comprobable,0,,,sí,
Juliano,Jul_EpAth,genuine,πεντάδιοσ,Pentadio,persona,urn:cts:greekLit:tlg2003.tlg005.perseus-grc2.10,2,—,mencionado,—,0,0,,0,no comprobable,1,,,sí,
Juliano,Jul_EpAth,genuine,σαλούστιον,Salustio,persona,urn:cts:greekLit:tlg2003.tlg005.perseus-grc2.9|urn:cts:greekLit:tlg2003.tlg005.perseus-grc2.10,2,—,mencionado,—,1,0,,0,no comprobable,0,,,sí,
Juliano,Jul_EpAth,genuine,σιλουανόν,Silvano (usurpador),persona,urn:cts:greekLit:tlg2003.tlg005.perseus-grc2.5,2,—,mencionado,—,0,0,,0,no comprobable,1,,,sí,
Juliano,Jul_EpAth,genuine,σωκράτησ,Sócrates,literario,urn:cts:greekLit:tlg2003.tlg005.perseus-grc2.6,1,—,mencionado,—,1,0,,1,no comprobable,0,,,sí,
Juliano,Jul_EpAth,genuine,θεμιστοκλέουσ,Temístocles,historico,urn:cts:greekLit:tlg2003.tlg005.perseus-grc2.1,1,—,mencionado,—,0,0,,1,no comprobable,0,,,sí,
Juliano,Jul_EpAth,genuine,ἄβαρίσ,Ábaris,literario,urn:cts:greekLit:tlg2003.tlg005.perseus-grc2.1,1,—,mencionado,—,0,0,,1,no comprobable,0,,,sí,
Juliano,Jul_EpThem,genuine,ἀλέξανδρον,Alejandro Magno,historico,urn:cts:greekLit:tlg2003.tlg006.perseus-grc2.1|urn:cts:greekLit:tlg2003.tlg006.perseus-grc2.10,3,—,mencionado,—,1,0,,1,no comprobable,0,,,sí,
Juliano,Jul_EpThem,genuine,ἀναξαγόραν,Anaxágoras,literario,urn:cts:greekLit:tlg2003.tlg006.perseus-grc2.10,1,—,mencionado,—,0,0,,1,no comprobable,0,,,sí,
Juliano,Jul_EpThem,genuine,ἀντισθένουσ,Antístenes,literario,urn:cts:greekLit:tlg2003.tlg006.perseus-grc2.10,1,—,mencionado,—,0,0,,1,no comprobable,0,,,sí,
Juliano,Jul_EpThem,genuine,ἀράξιον,Araxio,persona,urn:cts:greekLit:tlg2003.tlg006.perseus-grc2.6,1,—,mencionado,—,0,0,,0,no comprobable,1,,,sí,
Juliano,Jul_EpThem,genuine,ἀριστοτέλη,Aristóteles,literario,urn:cts:greekLit:tlg2003.tlg006.perseus-grc2.10|urn:cts:greekLit:tlg2003.tlg006.perseus-grc2.10|urn:cts:greekLit:tlg2003,4,—,mencionado,—,1,0,,1,no comprobable,0,,,sí,
Juliano,Jul_EpThem,genuine,ἀρείου,Arrio,historico,urn:cts:greekLit:tlg2003.tlg006.perseus-grc2.11,1,—,mencionado,—,0,0,,1,no comprobable,0,,,sí,
Juliano,Jul_EpThem,genuine,καρτερίῳ,Carterio,persona,urn:cts:greekLit:tlg2003.tlg006.perseus-grc2.6,1,—,mencionado,—,0,0,2,0,no comprobable,1,"PHI Greek Inscriptions (inscriptions.packhum.org), consulta 29-IX-2026","PHI: 8 apariciones del patrón «Καρτερί» (todas las regiones, sin fecha)",sí,
Juliano,Jul_EpThem,genuine,κάτωνα,Catón,historico,urn:cts:greekLit:tlg2003.tlg006.perseus-grc2.3,1,—,mencionado,—,0,0,,1,no comprobable,0,,,sí,
Juliano,Jul_EpThem,genuine,κέβητα,Cebes,literario,urn:cts:greekLit:tlg2003.tlg006.perseus-grc2.10,1,—,mencionado,—,0,0,,1,no comprobable,0,,,sí,
Juliano,Jul_EpThem,genuine,κλεινίου,Clinias,literario,urn:cts:greekLit:tlg2003.tlg006.perseus-grc2.2,1,—,mencionado,—,0,0,,1,no comprobable,0,,,sí,
Juliano,Jul_EpThem,genuine,χρύσιπποσ,Crisipo,literario,urn:cts:greekLit:tlg2003.tlg006.perseus-grc2.3,1,—,mencionado,—,0,0,,1,no comprobable,0,,,sí,
Juliano,Jul_EpThem,genuine,δαρείου,Darío,historico,urn:cts:greekLit:tlg2003.tlg006.perseus-grc2.4,1,—,mencionado,—,1,0,,1,no comprobable,0,,,sí,
Juliano,Jul_EpThem,genuine,δημόκριτον,Demócrito,literario,urn:cts:greekLit:tlg2003.tlg006.perseus-grc2.10,1,—,mencionado,—,1,0,,1,no comprobable,0,,,sí,
Juliano,Jul_EpThem,genuine,διογένουσ,Diógenes,literario,urn:cts:greekLit:tlg2003.tlg006.perseus-grc2.4,1,—,mencionado,—,1,0,,1,no comprobable,0,,,sí,
Juliano,Jul_EpThem,genuine,δίωνα,Dión,historico,urn:cts:greekLit:tlg2003.tlg006.perseus-grc2.3,1,—,mencionado,—,0,0,,1,no comprobable,0,,,sí,
Juliano,Jul_EpThem,genuine,ἐπικούρειον,Epicuro,literario,urn:cts:greekLit:tlg2003.tlg006.perseus-grc2.5|urn:cts:greekLit:tlg2003.tlg006.perseus-grc2.2,2,—,mencionado,—,0,0,,1,no comprobable,0,,,sí,
Juliano,Jul_EpThem,genuine,φαίδωνα,Fedón,literario,urn:cts:greekLit:tlg2003.tlg006.perseus-grc2.10,1,—,mencionado,—,1,0,,1,no comprobable,0,,,sí,
Juliano,Jul_EpThem,genuine,γλαύκωνα,Glaucón,literario,urn:cts:greekLit:tlg2003.tlg006.perseus-grc2.2,1,—,mencionado,—,0,0,,1,no comprobable,0,,,sí,
Juliano,Jul_EpThem,genuine,ἡρακλέα,Heracles,literario,urn:cts:greekLit:tlg2003.tlg006.perseus-grc2.10|urn:cts:greekLit:tlg2003.tlg006.perseus-grc2.1,2,—,mencionado,—,1,0,,1,no comprobable,0,,,sí,
Juliano,Jul_EpThem,genuine,ὅμηροσ,Homero,literario,urn:cts:greekLit:tlg2003.tlg006.perseus-grc2.4|urn:cts:greekLit:tlg2003.tlg006.perseus-grc2.10,2,—,mencionado,—,1,0,,1,no comprobable,0,,,sí,
Juliano,Jul_EpThem,genuine,ξενοφῶν,Jenofonte,literario,urn:cts:greekLit:tlg2003.tlg006.perseus-grc2.2|urn:cts:greekLit:tlg2003.tlg006.perseus-grc2.10,2,—,mencionado,—,0,0,,1,no comprobable,0,,,sí,
Juliano,Jul_EpThem,genuine,ξέρξου,Jerjes,historico,urn:cts:greekLit:tlg2003.tlg006.perseus-grc2.4,1,—,mencionado,—,0,0,,1,no comprobable,0,,,sí,
Juliano,Jul_EpThem,genuine,λυκούργου,Licurgo,historico,urn:cts:greekLit:tlg2003.tlg006.perseus-grc2.1|urn:cts:greekLit:tlg2003.tlg006.perseus-grc2.9,2,—,mencionado,—,0,0,,1,no comprobable,0,,,sí,
Juliano,Jul_EpThem,genuine,μάρκον,Marcos,biblico,urn:cts:greekLit:tlg2003.tlg006.perseus-grc2.1,1,—,mencionado,—,0,0,,1,no comprobable,0,,,sí,
Juliano,Jul_EpThem,genuine,μουσωνίου,Musonio,persona,urn:cts:greekLit:tlg2003.tlg006.perseus-grc2.11|urn:cts:greekLit:tlg2003.tlg006.perseus-grc2.11,2,—,mencionado,—,1,0,,0,no comprobable,0,,,sí,
Juliano,Jul_EpThem,genuine,νεοκλέουσ,Neocles,historico,urn:cts:greekLit:tlg2003.tlg006.perseus-grc2.2,1,—,mencionado,—,0,0,,1,no comprobable,0,,,sí,
Juliano,Jul_EpThem,genuine,νικολάου,Nicolás,persona,urn:cts:greekLit:tlg2003.tlg006.perseus-grc2.11|urn:cts:greekLit:tlg2003.tlg006.perseus-grc2.11,2,—,mencionado,—,0,0,,0,no comprobable,1,,,sí,
Juliano,Jul_EpThem,genuine,πυθαγόραν,Pitágoras,literario,urn:cts:greekLit:tlg2003.tlg006.perseus-grc2.10,1,—,mencionado,—,1,0,,1,no comprobable,0,,,sí,
Juliano,Jul_EpThem,genuine,πλάτων,Platón,literario,urn:cts:greekLit:tlg2003.tlg006.perseus-grc2.7|urn:cts:greekLit:tlg2003.tlg006.perseus-grc2.5|urn:cts:greekLit:tlg2003.t,4,—,mencionado,—,1,0,,1,no comprobable,0,,,sí,
Juliano,Jul_EpThem,genuine,πιττακοῦ,Pítaco,literario,urn:cts:greekLit:tlg2003.tlg006.perseus-grc2.1|urn:cts:greekLit:tlg2003.tlg006.perseus-grc2.9,2,—,mencionado,—,0,0,,1,no comprobable,0,,,sí,
Juliano,Jul_EpThem,genuine,σιμμίαν,Simias,literario,urn:cts:greekLit:tlg2003.tlg006.perseus-grc2.10,1,—,mencionado,—,0,0,,1,no comprobable,0,,,sí,
Juliano,Jul_EpThem,genuine,σωφρονίσκου,Sofronisco,literario,urn:cts:greekLit:tlg2003.tlg006.perseus-grc2.10,1,—,mencionado,—,0,0,,1,no comprobable,0,,,sí,
Juliano,Jul_EpThem,genuine,σόλωνα,Solón,literario,urn:cts:greekLit:tlg2003.tlg006.perseus-grc2.8|urn:cts:greekLit:tlg2003.tlg006.perseus-grc2.9|urn:cts:greekLit:tlg2003.t,3,—,mencionado,—,0,0,,1,no comprobable,0,,,sí,
Juliano,Jul_EpThem,genuine,σωκράτη,Sócrates,literario,urn:cts:greekLit:tlg2003.tlg006.perseus-grc2.2|urn:cts:greekLit:tlg2003.tlg006.perseus-grc2.10|urn:cts:greekLit:tlg2003.,5,—,mencionado,—,1,0,,1,no comprobable,0,,,sí,
Juliano,Jul_EpThem,genuine,τιβερίῳ,Tiberio,historico,urn:cts:greekLit:tlg2003.tlg006.perseus-grc2.11,1,—,mencionado,—,0,0,,1,no comprobable,0,,,sí,
Juliano,Jul_EpThem,genuine,θράσυλλοσ,Trasilo,historico,urn:cts:greekLit:tlg2003.tlg006.perseus-grc2.11|urn:cts:greekLit:tlg2003.tlg006.perseus-grc2.11,2,—,mencionado,—,0,0,,1,no comprobable,0,,,sí,
Libanio,Liban_Ep10#101,genuine,ζηνόβιοσ,Zenobio,persona,101.4|101.7,2,—,mencionado,—,1,0,,0,no comprobable,0,,,sí,
Libanio,Liban_Ep10#113,genuine,φλωρέντιοσ,Florencio,persona,113.3|113,2,—,mencionado,—,1,0,,0,no comprobable,0,,,sí,
Libanio,Liban_Ep10#113,genuine,ὀβοδιανοῦ,Obodiano,persona,113.2,1,—,mencionado,—,1,0,,0,no comprobable,0,,,sí,
Libanio,Liban_Ep10#114,genuine,δατιανῷ,Daciano,persona,114,1,—,mencionado,—,0,0,,0,no comprobable,1,,,sí,
Libanio,Liban_Ep10#114,genuine,νέστορα,Néstor,literario,114.7,1,—,mencionado,—,1,0,,1,no comprobable,0,,,sí,
Libanio,Liban_Ep10#114,genuine,ὀβοδιανοῦ,Obodiano,persona,114.7,1,—,mencionado,—,1,0,,0,no comprobable,0,,,sí,
Libanio,Liban_Ep10#119,genuine,δημοσθένουσ,Demóstenes,literario,119.9,1,—,mencionado,—,1,0,,1,no comprobable,0,,,sí,
Libanio,Liban_Ep10#119,genuine,γαϊανῷ,Gayano,persona,119,1,—,mencionado,—,0,0,,0,no comprobable,1,,,sí,
Libanio,Liban_Ep10#119,genuine,ζηνοβίου,Zenobio,persona,119.10,1,—,mencionado,—,1,0,,0,no comprobable,0,,,sí,
Libanio,Liban_Ep10#150,genuine,ἄνδρονίκῳ,Andrónico,persona,150,1,—,mencionado,—,1,0,,0,no comprobable,0,,,sí,
Libanio,Liban_Ep10#150,genuine,ἀπρίγγιοσ,Apringio,persona,150.3|150.2,2,—,mencionado,—,0,0,,0,no comprobable,1,,,sí,
Libanio,Liban_Ep10#150,genuine,φρατέρνῳ,Fraterno,persona,150.3|150.2,2,—,mencionado,—,0,0,,0,no comprobable,1,,,sí,
Libanio,Liban_Ep10#163,genuine,μοδέστῳ,Modesto,persona,163,1,—,mencionado,—,1,0,,0,no comprobable,0,,,sí,
Libanio,Liban_Ep10#163,genuine,τρυφωνιανόν,Trifoniano,persona,163.2,1,—,mencionado,—,0,0,,0,no comprobable,1,,,sí,
Libanio,Liban_Ep10#163,genuine,οὐρσουάλου,Ursulo,persona,163.2,1,—,mencionado,—,0,0,0,0,no comprobable,1,"PHI Greek Inscriptions (inscriptions.packhum.org), consulta 29-IX-2026","PHI: 0 apariciones del patrón «Οὐρσουάλ» (todas las regiones, sin fecha)",sí,
Libanio,Liban_Ep10#173,genuine,στρατηγίου,Estrategio,persona,173.6,1,—,mencionado,—,1,0,,0,no comprobable,0,,,sí,
Libanio,Liban_Ep10#173,genuine,ἡρακλεῖ,Heracles,literario,173.2,1,—,mencionado,—,1,0,,1,no comprobable,0,,,sí,
Libanio,Liban_Ep10#173,genuine,ἑρμογένην,Hermógenes,persona,173.3,1,—,mencionado,—,0,0,3,0,no comprobable,1,"PHI Greek Inscriptions (inscriptions.packhum.org), consulta 29-IX-2026","PHI: 967 apariciones del patrón «Ἑρμογέν» (todas las regiones, sin fecha)",sí,
Libanio,Liban_Ep10#173,genuine,πρισκιανῷ,Prisciano,persona,173,1,—,mencionado,—,1,0,,0,no comprobable,0,,,sí,
Libanio,Liban_Ep10#173,genuine,αἴαντοσ,Áyax,literario,173.2,1,—,mencionado,—,0,0,,1,no comprobable,0,,,sí,
Libanio,Liban_Ep10#175,genuine,ἀνδρονίκῳ,Andrónico,persona,175|175.1,2,—,mencionado,—,1,0,,0,no comprobable,0,,,sí,
Libanio,Liban_Ep10#175,genuine,βάσσον,Baso,persona,175.5|175.1,2,—,mencionado,—,1,0,,0,no comprobable,0,,,sí,
Libanio,Liban_Ep10#175,genuine,δημοσθένουσ,Demóstenes,literario,175.1,1,—,mencionado,—,1,0,,1,no comprobable,0,,,sí,
Libanio,Liban_Ep10#192,genuine,ἀνδρονίκῳ,Andrónico,persona,192|192.5,2,—,mencionado,—,1,0,,0,no comprobable,0,,,sí,
Libanio,Liban_Ep10#192,genuine,ἐλπίδιόσ,Elpidio,persona,192.5,1,—,mencionado,—,1,0,,0,no comprobable,0,,,sí,
Libanio,Liban_Ep10#192,genuine,εὐσεβίου,Eusebio,persona,192.3,1,—,mencionado,—,0,0,3,0,no comprobable,1,"PHI Greek Inscriptions (inscriptions.packhum.org), consulta 29-IX-2026","PHI: 117 apariciones del patrón «Εὐσεβί» (todas las regiones, sin fecha)",sí,
Libanio,Liban_Ep10#192,genuine,φωκίων,Foción,historico,192.5,1,—,mencionado,—,0,0,,1,no comprobable,0,,,sí,
Libanio,Liban_Ep10#192,genuine,σέβωνα,Sebón,persona,192.6,1,—,mencionado,—,0,0,,0,no comprobable,1,,,sí,
Libanio,Liban_Ep10#195,genuine,ἀνδρονίκῳ,Andrónico,persona,195,1,—,mencionado,—,1,0,,0,no comprobable,0,,,sí,
Libanio,Liban_Ep10#195,genuine,ἱερίῳ,Hierio,persona,195.6,1,—,mencionado,—,1,0,,0,no comprobable,0,,,sí,
Libanio,Liban_Ep10#208,genuine,ἀμπελίῳ,Ampelio,persona,208,1,—,mencionado,—,1,0,,0,no comprobable,0,,,sí,
Libanio,Liban_Ep10#208,genuine,δελγόσ,Delgo,persona,208.2,1,—,mencionado,—,0,0,,0,no comprobable,1,,,sí,
Libanio,Liban_Ep10#208,genuine,ἐλπίδιον,Elpidio,persona,208.4,1,—,mencionado,—,1,0,,0,no comprobable,0,,,sí,
Libanio,Liban_Ep10#208,genuine,ἁρμοδίου,Harmodio,historico,208.2,1,—,mencionado,—,0,0,,1,no comprobable,0,,,sí,
Libanio,Liban_Ep10#208,genuine,ἱλαρίου,Hilario,persona,208.2,1,—,mencionado,—,0,0,3,0,no comprobable,1,"PHI Greek Inscriptions (inscriptions.packhum.org), consulta 29-IX-2026","PHI: 52 apariciones del patrón «Ἱλαρί» (todas las regiones, sin fecha)",sí,
Libanio,Liban_Ep10#219,genuine,κροίσου,Creso,historico,219.1,1,—,mencionado,—,0,0,,1,no comprobable,0,,,sí,
Libanio,Liban_Ep10#219,genuine,φλωρεντίῳ,Florencio,persona,219,1,—,mencionado,—,1,0,,0,no comprobable,0,,,sí,
Libanio,Liban_Ep10#224,genuine,ἀρτέμωνα,Artemón,persona,224.2,1,—,mencionado,—,0,0,,0,no comprobable,1,,,sí,
Libanio,Liban_Ep10#224,genuine,γαυδέντιοσ,Gaudencio,persona,224.1|224.3|224.6|224.7,4,—,mencionado,—,0,0,,0,no comprobable,1,,,sí,
Libanio,Liban_Ep10#224,genuine,ἑορτίου,Heortio,persona,224.8,1,—,mencionado,—,0,0,,0,no comprobable,1,,,sí,
Libanio,Liban_Ep10#224,genuine,ὑπερεχίῳ,Hiperequio,persona,224,1,—,mencionado,—,1,0,,0,no comprobable,0,,,sí,
Libanio,Liban_Ep10#224,genuine,ῥωμανόν,Romano,persona,224.6,1,—,mencionado,—,0,0,,0,no comprobable,1,,,sí,
Libanio,Liban_Ep10#238,genuine,ἰταλικιανῷ,Italiciano,persona,238,1,—,mencionado,—,0,0,,0,no comprobable,1,,,sí,
Libanio,Liban_Ep10#238,genuine,ὀλύμπιοσ,Olimpio,persona,238.1,1,—,mencionado,—,1,0,,0,no comprobable,0,,,sí,
Libanio,Liban_Ep10#238,genuine,πλατῶν,Platón,literario,238.1,1,—,mencionado,—,1,0,,1,no comprobable,0,,,sí,
Libanio,Liban_Ep10#238,genuine,πομπηιανοῦ,Pompeyano,persona,238.1,1,—,mencionado,—,0,0,,0,no comprobable,1,,,sí,
Libanio,Liban_Ep10#245,genuine,ἀνδρόνικοσ,Andrónico,persona,245.2,1,—,mencionado,—,1,0,,0,no comprobable,0,,,sí,
Libanio,Liban_Ep10#245,genuine,ἄρκαν,Arces,persona,245.5|245.4,2,—,mencionado,—,0,0,,0,no comprobable,1,,,sí,
Libanio,Liban_Ep10#245,genuine,καρτέριον,Carterio,persona,245.4|245.7,2,—,mencionado,—,0,0,1,0,no comprobable,1,"PHI Greek Inscriptions (inscriptions.packhum.org), consulta 29-IX-2026","PHI: 1 apariciones del patrón «Καρτέρι» (todas las regiones, sin fecha)",sí,
Libanio,Liban_Ep10#245,genuine,εὐθηρίῳ,Euterio,persona,245,1,—,mencionado,—,0,0,1,0,no comprobable,1,"PHI Greek Inscriptions (inscriptions.packhum.org), consulta 29-IX-2026","PHI: 5 apariciones del patrón «Εὐθηρί» (todas las regiones, sin fecha)",sí,
Libanio,Liban_Ep10#245,genuine,θουκυδίδην,Tucídides,literario,245.3,1,—,mencionado,—,0,0,,1,no comprobable,0,,,sí,
Libanio,Liban_Ep10#25,genuine,δουλκίτιοσ,Dulcicio,persona,25.6,1,—,mencionado,—,0,0,,0,no comprobable,1,,,sí,
Libanio,Liban_Ep10#256,genuine,ἄδμητον,Admeto,literario,256.3,1,—,mencionado,—,0,0,,1,no comprobable,0,,,sí,
Libanio,Liban_Ep10#256,genuine,λουκιανόσ,Luciano,persona,256.1|256.2|256.5,3,—,mencionado,—,0,0,,0,no comprobable,1,,,sí,
Libanio,Liban_Ep10#256,genuine,παγκράτιοσ,Pancracio,persona,256.1,1,—,mencionado,—,0,0,,0,no comprobable,1,,,sí,
Libanio,Liban_Ep10#256,genuine,πρισκιανῷ,Prisciano,persona,256,1,—,mencionado,—,1,0,,0,no comprobable,0,,,sí,
Libanio,Liban_Ep10#256,genuine,θεμιστοκλέα,Temístocles,historico,256.3,1,—,mencionado,—,1,0,,1,no comprobable,0,,,sí,
Libanio,Liban_Ep10#267,genuine,ἐκδικίῳ,Ecdicio,persona,267,1,—,mencionado,—,0,0,,0,no comprobable,1,,,sí,
Libanio,Liban_Ep10#267,genuine,ὑπερέχιον,Hiperequio,persona,267.2,1,—,mencionado,—,1,0,,0,no comprobable,0,,,sí,
Libanio,Liban_Ep10#267,genuine,μαξίμῳ,Máximo,persona,267.1,1,—,mencionado,—,1,0,,0,no comprobable,0,,,sí,
Libanio,Liban_Ep10#281,genuine,ἀλεξάνδρου,Alejandro,persona,281.4,1,—,mencionado,—,1,0,,0,no comprobable,0,,,sí,
Libanio,Liban_Ep10#281,genuine,διανίῳ,Dianio,persona,281,1,—,mencionado,—,1,0,,0,no comprobable,0,,,sí,
Libanio,Liban_Ep10#282,genuine,ἀλεξάνδρῳ,Alejandro,persona,282,1,—,mencionado,—,1,0,,0,no comprobable,0,,,sí,
Libanio,Liban_Ep10#282,genuine,ἀρισταινέτου,Aristéneto,persona,282.4,1,—,mencionado,—,1,0,,0,no comprobable,0,,,sí,
Libanio,Liban_Ep10#282,genuine,διάνιον,Dianio,persona,282.4,1,—,mencionado,—,1,0,,0,no comprobable,0,,,sí,
Libanio,Liban_Ep10#298,genuine,ἀκακίῳ,Acacio,persona,298,2,—,mencionado,—,1,0,,0,no comprobable,0,,,sí,
Libanio,Liban_Ep10#298,genuine,κόδρου,Codro,literario,298.3,1,—,mencionado,—,0,0,,1,no comprobable,0,,,sí,
Libanio,Liban_Ep10#298,genuine,μάξιμοσ,Máximo,persona,298.3|298.4,2,—,mencionado,—,1,0,,0,no comprobable,0,,,sí,
Libanio,Liban_Ep10#309,genuine,λυκίᾳ,Licio,persona,309.4|309.3,2,—,mencionado,—,0,0,,0,no comprobable,1,,,sí,
Libanio,Liban_Ep10#309,genuine,μαξίμου,Máximo,persona,309.3,1,—,mencionado,—,1,0,,0,no comprobable,0,,,sí,
Libanio,Liban_Ep10#309,genuine,σέλευκον,Seleuco,persona,309.4,1,—,mencionado,—,0,0,,0,no comprobable,1,,,sí,
Libanio,Liban_Ep10#309,genuine,σευήρῳ,Severo,persona,309.3|309.3,2,—,mencionado,—,0,0,,0,no comprobable,1,,,sí,
Libanio,Liban_Ep10#309,genuine,θεμιστίῳ,Temistio,persona,309,1,—,mencionado,—,1,0,,0,no comprobable,0,,,sí,
Libanio,Liban_Ep10#315,genuine,ἀμπέλιον,Ampelio,persona,315.2,1,—,mencionado,—,1,0,,0,no comprobable,0,,,sí,
Libanio,Liban_Ep10#315,genuine,ἀσκληπιάδην,Asclepíades,persona,315.2,1,—,mencionado,—,0,0,,0,no comprobable,1,,,sí,
Libanio,Liban_Ep10#315,genuine,κληματίῳ,Clemacio,persona,315,1,—,mencionado,—,1,0,,0,no comprobable,0,,,sí,
Libanio,Liban_Ep10#315,genuine,εὔνομόν,Eunomo,persona,315.5,1,—,mencionado,—,0,0,,0,no comprobable,1,,,sí,
Libanio,Liban_Ep10#315,genuine,εὐάγριόν,Evagrio,persona,315.2,1,—,mencionado,—,0,0,2,0,no comprobable,1,"PHI Greek Inscriptions (inscriptions.packhum.org), consulta 29-IX-2026","PHI: 8 apariciones del patrón «Εὐάγρι» (todas las regiones, sin fecha)",sí,
Libanio,Liban_Ep10#316,genuine,ἀκακίῳ,Acacio,persona,316,1,—,mencionado,—,1,0,,0,no comprobable,0,,,sí,
Libanio,Liban_Ep10#316,genuine,ἀκεσίασ,Acesio,persona,316.2,1,—,mencionado,—,0,0,,0,no comprobable,1,,,sí,
Libanio,Liban_Ep10#316,genuine,ἱπποκράτησ,Hipócrates,literario,316.2,1,—,mencionado,—,0,0,,1,no comprobable,0,,,sí,
Libanio,Liban_Ep10#316,genuine,νέστοροσ,Néstor,literario,316.6,1,—,mencionado,—,1,0,,1,no comprobable,0,,,sí,
Libanio,Liban_Ep10#316,genuine,πεισίστρατοσ,Pisístrato,historico,316.6,1,—,mencionado,—,0,0,,1,no comprobable,0,,,sí,
Libanio,Liban_Ep10#319,genuine,κυρίλλῳ,Cirilo,persona,319,1,—,mencionado,—,0,0,,0,no comprobable,1,,,sí,
Libanio,Liban_Ep10#319,genuine,διονύσιον,Dionisio,persona,319.3|319.1|319.5,3,—,mencionado,—,0,0,3,0,no comprobable,1,"PHI Greek Inscriptions (inscriptions.packhum.org), consulta 29-IX-2026","PHI: 3423 apariciones del patrón «Διονύσι» (todas las regiones, sin fecha)",sí,
Libanio,Liban_Ep10#319,genuine,προκοπίου,Procopio,persona,319.4|319.4|319.1|319.3|319.7,5,—,mencionado,—,0,0,2,0,no comprobable,1,"PHI Greek Inscriptions (inscriptions.packhum.org), consulta 29-IX-2026","PHI: 33 apariciones del patrón «Προκοπί» (todas las regiones, sin fecha)",sí,
Libanio,Liban_Ep10#326,genuine,ἀρισταινέτου,Aristéneto,persona,326.2|326|326.2,3,—,mencionado,—,1,0,,0,no comprobable,0,,,sí,
Libanio,Liban_Ep10#326,genuine,στρατηγίῳ,Estrategio,persona,326.2,1,—,mencionado,—,1,0,,0,no comprobable,0,,,sí,
Libanio,Liban_Ep10#330,genuine,ἀρισταινέτῳ,Aristéneto,persona,330,1,—,mencionado,—,1,0,,0,no comprobable,0,,,sí,
Libanio,Liban_Ep10#330,genuine,στρατήγιον,Estrategio,persona,330.3,1,—,mencionado,—,1,0,,0,no comprobable,0,,,sí,
Libanio,Liban_Ep10#330,genuine,θαλασσίῳ,Talasio,persona,330.1,1,—,mencionado,—,1,0,,0,no comprobable,0,,,sí,
Libanio,Liban_Ep10#340,genuine,ἀρεσίῳ,Aresio,persona,340,1,—,mencionado,—,0,0,,0,no comprobable,1,,,sí,
Libanio,Liban_Ep10#340,genuine,ἱερίου,Hierio,persona,340.2,1,—,mencionado,—,1,0,,0,no comprobable,0,,,sí,
Libanio,Liban_Ep10#340,genuine,λεόντιοσ,Leoncio,persona,340.5,1,—,mencionado,—,0,0,,0,no comprobable,1,,,sí,
Libanio,Liban_Ep10#359,genuine,βάσσε,Baso,persona,359.8|359,2,—,mencionado,—,1,0,,0,no comprobable,0,,,sí,
Libanio,Liban_Ep10#359,genuine,καλλιόπιοσ,Caliopio,persona,359.2,1,—,mencionado,—,0,0,,0,no comprobable,1,,,sí,
Libanio,Liban_Ep10#359,genuine,ὁνωράτον,Honorato,persona,359.8|359.3|359.5|359.6|359.4,5,—,mencionado,—,0,0,1,0,no comprobable,1,"PHI Greek Inscriptions (inscriptions.packhum.org), consulta 29-IX-2026","PHI: 5 apariciones del patrón «Ὁνωράτ» (todas las regiones, sin fecha)",sí,
Libanio,Liban_Ep10#359,genuine,μάρκελλοσ,Marcelo,persona,359.6,1,—,mencionado,—,1,0,,0,no comprobable,0,,,sí,
Libanio,Liban_Ep10#359,genuine,κυρίνῳ,Quirino,persona,359.3|359.9|359.3,3,—,mencionado,—,1,0,,0,no comprobable,0,,,sí,
Libanio,Liban_Ep10#362,genuine,ἀνατολίῳ,Anatolio,persona,362,1,—,mencionado,—,1,0,,0,no comprobable,0,,,sí,
Libanio,Liban_Ep10#362,genuine,στρατηγίου,Estrategio,persona,362.8,1,—,mencionado,—,1,0,,0,no comprobable,0,,,sí,
Libanio,Liban_Ep10#362,genuine,μάρκελλον,Marcelo,persona,362.1|362.5|362.8|362.3|362.7,5,—,mencionado,—,1,0,,0,no comprobable,0,,,sí,
Libanio,Liban_Ep10#362,genuine,μουσωνίῳ,Musonio,persona,362.7,1,—,mencionado,—,1,0,,0,no comprobable,0,,,sí,
Libanio,Liban_Ep10#369,genuine,ἀμφιάραοσ,Anfiarao,literario,369.10,1,—,mencionado,—,0,0,,1,no comprobable,0,,,sí,
Libanio,Liban_Ep10#369,genuine,κίμωνι,Cimón,historico,369.4,1,—,mencionado,—,1,0,,1,no comprobable,0,,,sí,
Libanio,Liban_Ep10#369,genuine,ἰουλιανῷ,Juliano,persona,369,1,—,mencionado,—,1,0,,0,no comprobable,0,,,sí,
Libanio,Liban_Ep10#369,genuine,μιλτιάδῃ,Milcíades,historico,369.4,1,—,mencionado,—,1,0,,1,no comprobable,0,,,sí,
Libanio,Liban_Ep10#369,genuine,περικλεῖ,Pericles,historico,369.4,1,—,mencionado,—,0,0,,1,no comprobable,0,,,sí,
Libanio,Liban_Ep10#37,genuine,ἀντιόχῳ,Antíoco,persona,37.5,1,—,mencionado,—,1,0,,0,no comprobable,0,,,sí,
Libanio,Liban_Ep10#37,genuine,ἀρσενίῳ,Arsenio,persona,37.5,1,—,mencionado,—,0,0,,0,no comprobable,1,,,sí,
Libanio,Liban_Ep10#37,genuine,ἑρμιόνοσ,Hermíone,literario,37.4,1,—,mencionado,—,0,0,,1,no comprobable,0,,,sí,
Libanio,Liban_Ep10#37,genuine,μοδέστου,Modesto,persona,37.2|37,2,—,mencionado,—,1,0,,0,no comprobable,0,,,sí,
Libanio,Liban_Ep10#374,genuine,ἀρισταινέτῳ,Aristéneto,persona,374,1,—,mencionado,—,1,0,,0,no comprobable,0,,,sí,
Libanio,Liban_Ep10#374,genuine,διάνιοσ,Dianio,persona,374.5,1,—,mencionado,—,1,0,,0,no comprobable,0,,,sí,
Libanio,Liban_Ep10#375,genuine,ἀλκίμῳ,Alcimo,persona,375,1,—,mencionado,—,1,0,,0,no comprobable,0,,,sí,
Libanio,Liban_Ep10#375,genuine,ἀρισταινέτῳ,Aristéneto,persona,375.5,1,—,mencionado,—,1,0,,0,no comprobable,0,,,sí,
Libanio,Liban_Ep10#375,genuine,διάνιον,Dianio,persona,375.1|375.4,2,—,mencionado,—,1,0,,0,no comprobable,0,,,sí,
Libanio,Liban_Ep10#379,genuine,ἀκάκιοσ,Acacio,persona,379.2,1,—,mencionado,—,1,0,,0,no comprobable,0,,,sí,
Libanio,Liban_Ep10#379,genuine,καλυκίῳ,Calicio,persona,379,1,—,mencionado,—,0,0,1,0,no comprobable,1,"PHI Greek Inscriptions (inscriptions.packhum.org), consulta 29-IX-2026","PHI: 3 apariciones del patrón «Καλυκί» (todas las regiones, sin fecha)",sí,
Libanio,Liban_Ep10#379,genuine,κίμωνα,Cimón,historico,379.4,1,—,mencionado,—,1,0,,1,no comprobable,0,,,sí,
Libanio,Liban_Ep10#379,genuine,ἱεροκλῆσ,Hierocles,persona,379.2,1,—,mencionado,—,0,0,,0,no comprobable,1,,,sí,
Libanio,Liban_Ep10#379,genuine,μίδα,Midas,literario,379.3,1,—,mencionado,—,0,0,,1,no comprobable,0,,,sí,
Libanio,Liban_Ep10#379,genuine,νιρέωσ,Nireo,literario,379.5,1,—,mencionado,—,0,0,,1,no comprobable,0,,,sí,
Libanio,Liban_Ep10#379,genuine,σωκράτησ,Sócrates,literario,379.7,1,—,mencionado,—,0,0,,1,no comprobable,0,,,sí,
Libanio,Liban_Ep10#405,genuine,ἀρισταίνετοσ,Aristéneto,persona,405.14|405,2,—,mencionado,—,1,0,,0,no comprobable,0,,,sí,
Libanio,Liban_Ep10#405,genuine,κλημάτιοσ,Clemacio,persona,405.13,1,—,mencionado,—,1,0,,0,no comprobable,0,,,sí,
Libanio,Liban_Ep10#405,genuine,δημοσθένουσ,Demóstenes,literario,405.4,1,—,mencionado,—,1,0,,1,no comprobable,0,,,sí,
Libanio,Liban_Ep10#405,genuine,στρατήγιοσ,Estrategio,persona,405.7,1,—,mencionado,—,1,0,,0,no comprobable,0,,,sí,
Libanio,Liban_Ep10#405,genuine,πλατῶν,Platón,literario,405.4,1,—,mencionado,—,1,0,,1,no comprobable,0,,,sí,
Libanio,Liban_Ep10#405,genuine,πινδάρου,Píndaro,literario,405.2,1,—,mencionado,—,0,0,,1,no comprobable,0,,,sí,
Libanio,Liban_Ep10#405,genuine,κυρίνου,Quirino,persona,405.12|405.10,2,—,mencionado,—,1,0,,0,no comprobable,0,,,sí,
Libanio,Liban_Ep10#405,genuine,σιμωνίδου,Simónides,literario,405.2,1,—,mencionado,—,0,0,,1,no comprobable,0,,,sí,
Libanio,Liban_Ep10#405,genuine,ζηνόβιοσ,Zenobio,persona,405.4|405.9,2,—,mencionado,—,1,0,,0,no comprobable,0,,,sí,
Libanio,Liban_Ep10#432,genuine,ἀνδρονίκῳ,Andrónico,persona,432,1,—,mencionado,—,1,0,,0,no comprobable,0,,,sí,
Libanio,Liban_Ep10#432,genuine,ἀχιλλέωσ,Aquiles,literario,432.4,1,—,mencionado,—,0,0,,1,no comprobable,0,,,sí,
Libanio,Liban_Ep10#432,genuine,κλημάτιοσ,Clemacio,persona,432.9,1,—,mencionado,—,1,0,,0,no comprobable,0,,,sí,
Libanio,Liban_Ep10#432,genuine,κλεομένησ,Cleómenes,persona,432.5|432.6,2,—,mencionado,—,0,0,,0,no comprobable,1,,,sí,
Libanio,Liban_Ep10#432,genuine,γύγου,Giges,historico,432.5,1,—,mencionado,—,0,0,,1,no comprobable,0,,,sí,
Libanio,Liban_Ep10#432,genuine,ὀδυσσέα,Odiseo,literario,432.4,1,—,mencionado,—,0,0,,1,no comprobable,0,,,sí,
Libanio,Liban_Ep10#438,genuine,ἀνατολίῳ,Anatolio,persona,438,1,—,mencionado,—,1,0,,0,no comprobable,0,,,sí,
Libanio,Liban_Ep10#438,genuine,μάγνου,Magno,persona,438.1,1,—,mencionado,—,0,0,,0,no comprobable,1,,,sí,
Libanio,Liban_Ep10#493,genuine,ἀβλάβιον,Ablabio,persona,493.1|493.3,2,—,mencionado,—,0,0,,0,no comprobable,1,,,sí,
Libanio,Liban_Ep10#493,genuine,ἰουλιανῷ,Juliano,persona,493,1,—,mencionado,—,1,0,,0,no comprobable,0,,,sí,
Libanio,Liban_Ep10#495,genuine,ἀντίοχοσ,Antíoco,persona,495.1|495.2,2,—,mencionado,—,1,0,,0,no comprobable,0,,,sí,
Libanio,Liban_Ep10#495,genuine,ἀπελλίων,Apelión,persona,495.1,1,—,mencionado,—,0,0,2,0,no comprobable,1,"PHI Greek Inscriptions (inscriptions.packhum.org), consulta 29-IX-2026","PHI: 18 apariciones del patrón «Ἀπελλίων» (todas las regiones, sin fecha)",sí,
Libanio,Liban_Ep10#495,genuine,ἀρισταινέτῳ,Aristéneto,persona,495,1,—,mencionado,—,1,0,,0,no comprobable,0,,,sí,
Libanio,Liban_Ep10#495,genuine,ἑλένην,Helena,literario,495.4,1,—,mencionado,—,0,0,,1,no comprobable,0,,,sí,
Libanio,Liban_Ep10#495,genuine,πηνελόπησ,Penélope,literario,495.4,1,—,mencionado,—,0,0,,1,no comprobable,0,,,sí,
Libanio,Liban_Ep10#497,genuine,στρατηγίῳ,Estrategio,persona,497|497.5,2,—,mencionado,—,1,0,,0,no comprobable,0,,,sí,
Libanio,Liban_Ep10#503,genuine,ἀράξιον,Araxio,persona,503.5|503,2,—,mencionado,—,1,0,,0,no comprobable,0,,,sí,
Libanio,Liban_Ep10#503,genuine,κινύραν,Cíniras,literario,503.3,1,—,mencionado,—,0,0,,1,no comprobable,0,,,sí,
Libanio,Liban_Ep10#503,genuine,γυμνάσιοσ,Gimnasio,persona,503.3,1,—,mencionado,—,0,0,,0,no comprobable,1,,,sí,
Libanio,Liban_Ep10#503,genuine,λουππίων,Lupión,persona,503.1,1,—,mencionado,—,0,0,0,0,no comprobable,1,"PHI Greek Inscriptions (inscriptions.packhum.org), consulta 29-IX-2026","PHI: 0 apariciones del patrón «Λουππίων» (todas las regiones, sin fecha)",sí,
Libanio,Liban_Ep10#516,genuine,ἀραξίῳ,Araxio,persona,516,1,—,mencionado,—,1,0,,0,no comprobable,0,,,sí,
Libanio,Liban_Ep10#516,genuine,θεμιστίῳ,Temistio,persona,516.1,1,—,mencionado,—,1,0,,0,no comprobable,0,,,sí,
Libanio,Liban_Ep10#557,genuine,σπεκτάτοσ,Espectato,persona,557.1,1,—,mencionado,—,1,0,,0,no comprobable,0,,,sí,
Libanio,Liban_Ep10#557,genuine,εὐριπίδου,Eurípides,literario,557.5,1,—,mencionado,—,1,0,,1,no comprobable,0,,,sí,
Libanio,Liban_Ep10#557,genuine,μυγδονίῳ,Migdonio,persona,557,1,—,mencionado,—,0,0,,0,no comprobable,1,,,sí,
Libanio,Liban_Ep10#557,genuine,μουσώνιον,Musonio,persona,557.3|557.6,2,—,mencionado,—,1,0,,0,no comprobable,0,,,sí,
Libanio,Liban_Ep10#557,genuine,νικοκλέουσ,Nicocles,persona,557.2|557.2,2,—,mencionado,—,1,0,,0,no comprobable,0,,,sí,
Libanio,Liban_Ep10#560,genuine,ἀνδρονίκῳ,Andrónico,persona,560,1,—,mencionado,—,1,0,,0,no comprobable,0,,,sí,
Libanio,Liban_Ep10#560,genuine,μαιορῖνοσ,Mayorino,persona,560.1,1,—,mencionado,—,0,0,,0,no comprobable,1,,,sí,
Libanio,Liban_Ep10#580,genuine,ἀρισταίνετοσ,Aristéneto,persona,580.4|580,2,—,mencionado,—,1,0,,0,no comprobable,0,,,sí,
Libanio,Liban_Ep10#580,genuine,φίλιπποσ,Filipo,persona,580.3|580.4,2,—,mencionado,—,0,0,,0,no comprobable,1,,,sí,
Libanio,Liban_Ep10#580,genuine,ἰόλεων,Yolao,literario,580.4,1,—,mencionado,—,0,0,,1,no comprobable,0,,,sí,
Libanio,Liban_Ep10#620,genuine,εὐφημίῳ,Eufemio,persona,620,1,—,mencionado,—,0,0,,0,no comprobable,1,,,sí,
Libanio,Liban_Ep10#620,genuine,εὐρύβατοσ,Euríbato,literario,620.6,1,—,mencionado,—,0,0,,1,no comprobable,0,,,sí,
Libanio,Liban_Ep10#620,genuine,φρυνώνδασ,Frinondas,literario,620.6,1,—,mencionado,—,0,0,,1,no comprobable,0,,,sí,
Libanio,Liban_Ep10#620,genuine,ἡρακλέα,Heracles,literario,620.5|620.5,2,—,mencionado,—,1,0,,1,no comprobable,0,,,sí,
Libanio,Liban_Ep10#620,genuine,ὅμηροσ,Homero,literario,620.5,1,—,mencionado,—,1,0,,1,no comprobable,0,,,sí,
Libanio,Liban_Ep10#620,genuine,θαλασσίου,Talasio,persona,620.6|620.8|620.10,3,—,mencionado,—,1,0,,0,no comprobable,0,,,sí,
Libanio,Liban_Ep10#620,genuine,αἰακούσ,Éaco,literario,620.6,1,—,mencionado,—,0,0,,1,no comprobable,0,,,sí,
Libanio,Liban_Ep10#673,genuine,ἰουλιανῷ,Juliano,persona,673,1,—,mencionado,—,1,0,,0,no comprobable,0,,,sí,
Libanio,Liban_Ep10#673,genuine,μακεδόνιοσ,Macedonio,persona,673.3,1,—,mencionado,—,0,0,,0,no comprobable,1,,,sí,
Libanio,Liban_Ep10#70,genuine,ὀλυμπίῳ,Olimpio,persona,70.1|70.5,2,—,mencionado,—,1,0,,0,no comprobable,0,,,sí,
Libanio,Liban_Ep10#70,genuine,θεμιστίῳ,Temistio,persona,70,1,—,mencionado,—,1,0,,0,no comprobable,0,,,sí,
Libanio,Liban_Ep10#731,genuine,ὑπερέχιον,Hiperequio,persona,731.6|731,2,—,mencionado,—,1,0,,0,no comprobable,0,,,sí,
Libanio,Liban_Ep10#731,genuine,μάξιμον,Máximo,persona,731.6|731.6,2,—,mencionado,—,1,0,,0,no comprobable,0,,,sí,
Libanio,Liban_Ep10#791,genuine,ἀτρέωσ,Atreo,literario,791.3,1,—,mencionado,—,0,0,,1,no comprobable,0,,,sí,
Libanio,Liban_Ep10#791,genuine,ὁμήρου,Homero,literario,791.3,1,—,mencionado,—,1,0,,1,no comprobable,0,,,sí,
Libanio,Liban_Ep10#791,genuine,μοδέστου,Modesto,persona,791.1|791.2,2,—,mencionado,—,1,0,,0,no comprobable,0,,,sí,
Libanio,Liban_Ep10#791,genuine,παλαμήδην,Palamedes,literario,791.3,1,—,mencionado,—,0,0,,1,no comprobable,0,,,sí,
Libanio,Liban_Ep10#793,genuine,σπεκτάτον,Espectato,persona,793.1,1,—,mencionado,—,1,0,,0,no comprobable,0,,,sí,
Libanio,Liban_Ep10#793,genuine,μελιίδου,Melides,persona,793.2,1,—,mencionado,—,0,0,0,0,no comprobable,1,"PHI Greek Inscriptions (inscriptions.packhum.org), consulta 29-IX-2026","PHI: 0 apariciones del patrón «Μελιίδ» (todas las regiones, sin fecha)",sí,
Libanio,Liban_Ep10#793,genuine,πλάτωνοσ,Platón,literario,793.3|793.4,2,—,mencionado,—,1,0,,1,no comprobable,0,,,sí,
Libanio,Liban_Ep10#793,genuine,θεμιστίῳ,Temistio,persona,793,1,—,mencionado,—,1,0,,0,no comprobable,0,,,sí,
Libanio,Liban_Ep10#796,genuine,ἀλέξανδροσ,Alejandro,persona,796.2,1,—,mencionado,—,1,0,,0,no comprobable,0,,,sí,
Libanio,Liban_Ep10#796,genuine,ἐλπίδιον,Elpidio,persona,796.2,1,—,mencionado,—,1,0,,0,no comprobable,0,,,sí,
Libanio,Liban_Ep10#796,genuine,ἱέρακι,Hierax,persona,796|796.5,2,—,mencionado,—,0,0,,0,no comprobable,1,,,sí,
Libanio,Liban_Ep10#796,genuine,μιλτιάδην,Milcíades,historico,796.5,1,—,mencionado,—,1,0,,1,no comprobable,0,,,sí,
Libanio,Liban_Ep10#796,genuine,θεμιστοκλέα,Temístocles,historico,796.5,1,—,mencionado,—,1,0,,1,no comprobable,0,,,sí,
Libanio,Liban_Ep10#802,genuine,ἄλκιμοσ,Alcimo,persona,802.3,1,—,mencionado,—,1,0,,0,no comprobable,0,,,sí,
Libanio,Liban_Ep10#802,genuine,ἰουλιανῷ,Juliano,persona,802,1,—,mencionado,—,1,0,,0,no comprobable,0,,,sí,
Libanio,Liban_Ep10#81,genuine,αἰσχύλοσ,Esquilo,literario,81.1,1,—,mencionado,—,0,0,,1,no comprobable,0,,,sí,
Libanio,Liban_Ep10#81,genuine,εὐριπίδησ,Eurípides,literario,81.1,1,—,mencionado,—,1,0,,1,no comprobable,0,,,sí,
Libanio,Liban_Ep10#81,genuine,ἰουλιανόν,Juliano,persona,81.6,1,—,mencionado,—,1,0,,0,no comprobable,0,,,sí,
Libanio,Liban_Ep10#81,genuine,ὁπτάτοσ,Optato,persona,81.6,1,—,mencionado,—,0,0,,0,no comprobable,1,,,sí,
Libanio,Liban_Ep10#810,genuine,ὑπερέχιον,Hiperequio,persona,810.7,1,—,mencionado,—,1,0,,0,no comprobable,0,,,sí,
Libanio,Liban_Ep10#810,genuine,μοδέστῳ,Modesto,persona,810.7,1,—,mencionado,—,1,0,,0,no comprobable,0,,,sí,
Libanio,Liban_Ep10#810,genuine,νικοκλεῖ,Nicocles,persona,810|810.7,2,—,mencionado,—,1,0,,0,no comprobable,0,,,sí,
Libanio,Liban_Ep10#811,genuine,ἀλεξάνδρου,Alejandro,persona,811.1|811.2,2,—,mencionado,—,1,0,,0,no comprobable,0,,,sí,
Libanio,Liban_Ep10#811,genuine,ιουλιανῷ,Juliano,persona,811,1,—,mencionado,—,1,0,,0,no comprobable,0,,,sí,
Libanio,Liban_Ep10#819,genuine,μάρκοσ,Marco,persona,819.6|819.7|819.6,3,—,mencionado,—,0,0,,0,no comprobable,1,,,sí,
Libanio,Liban_Ep10#819,genuine,μαρσύου,Marsias,literario,819.5,1,—,mencionado,—,0,0,,1,no comprobable,0,,,sí,
Libanio,Liban_Ep10#819,genuine,ὠρίων,Orión,persona,819.1|819.5|819.7,3,—,mencionado,—,0,0,,0,no comprobable,1,,,sí,
Libanio,Liban_Ep10#833,genuine,ἀλβανίῳ,Albanio,persona,833,1,—,mencionado,—,0,0,,0,no comprobable,1,,,sí,
Libanio,Liban_Ep10#833,genuine,οίνεύσ,Eneo,literario,833.1,1,—,mencionado,—,0,0,,1,no comprobable,0,,,sí,
Libanio,Liban_Ep10#833,genuine,μαξίμῳ,Máximo,persona,833.2,1,—,mencionado,—,1,0,,0,no comprobable,0,,,sí,
Libanio,Liban_Ep10#97,genuine,φλωρεντίῳ,Florencio,persona,97,1,—,mencionado,—,1,0,,0,no comprobable,0,,,sí,
Libanio,Liban_Ep10#97,genuine,μίκκαλον,Micalo,persona,97.2|97.3|97.2|97.2|97.4,5,—,mencionado,—,0,0,2,0,no comprobable,1,"PHI Greek Inscriptions (inscriptions.packhum.org), consulta 29-IX-2026","PHI: 17 apariciones del patrón «Μίκκαλ» (todas las regiones, sin fecha)",sí,
Ps-Basilio,Bas_Ep#365,spurious,ἀργέου,Argeo,persona,365,1,—,mencionado,—,0,0,2,0,no comprobable,1,"PHI Greek Inscriptions (inscriptions.packhum.org), consulta 29-IX-2026","PHI: 17 apariciones del patrón «Ἀργέ» (todas las regiones, sin fecha)",sí,
Ps-Basilio,Bas_Ep#365,spurious,μωσέα,Moisés,biblico,365,1,—,mencionado,—,0,0,,1,no comprobable,0,,,sí,
Ps-Basilio,Bas_Ep#41,spurious,λαῦσοσ,Lauso,persona,41,1,—,mencionado,—,0,0,0,0,no comprobable,1,"PHI Greek Inscriptions (inscriptions.packhum.org), consulta 29-IX-2026","PHI: 0 apariciones del patrón «Λαῦσ» (todas las regiones, sin fecha)",sí,
Ps-Clemente,2Clem,spurious,κλήμεντοσ,Clemente,persona,20:5,1,—,mencionado,—,1,0,,0,no comprobable,0,,,sí,
Ps-Clemente,2Clem,spurious,δανιήλ,Daniel,biblico,6:8,1,—,mencionado,—,0,0,,1,no comprobable,0,,,sí,
Ps-Clemente,2Clem,spurious,ἰεζεκιήλ,Ezequiel,biblico,6:8,1,—,mencionado,—,0,0,,1,no comprobable,0,,,sí,
Ps-Clemente,2Clem,spurious,ἡσαΐᾳ,Isaías,biblico,3:5,1,—,mencionado,—,0,0,,1,no comprobable,0,,,sí,
Ps-Clemente,2Clem,spurious,ἰώβ,Job,biblico,6:8,1,—,mencionado,—,0,0,,1,no comprobable,0,,,sí,
Ps-Clemente,2Clem,spurious,πέτροσ,Pedro,historico,5:3|5:4,2,—,mencionado,—,1,1,,1,no comprobable,0,,,sí,
Ps-Clemente,PsClem_EpJac,spurious,κλήμεντά,Clemente,persona,urn:cts:greekLit:tlg1271.tlg005.1st1K-grc1.13|urn:cts:greekLit:tlg1271.tlg005.1st1K-grc1.2|urn:cts:greekLit:tlg1271.tlg0,7,—,mencionado,—,1,0,,0,no comprobable,0,,,sí,
Ps-Clemente,PsClem_EpJac,spurious,πέτροσ,Pedro,historico,urn:cts:greekLit:tlg1271.tlg005.1st1K-grc1.1|urn:cts:greekLit:tlg1271.tlg005.1st1K-grc1.20,2,—,mencionado,—,1,1,,1,no comprobable,0,,,sí,
Ps-Clemente,PsClem_EpJac,spurious,ιάκωβε,Santiago,historico,urn:cts:greekLit:tlg1271.tlg005.1st1K-grc1.20|urn:cts:greekLit:tlg1271.tlg005.1st1K-grc1.19,2,—,mencionado,—,1,1,,1,no comprobable,0,,,sí,
Ps-Clemente,PsClem_EpJac,spurious,σίμων,Simón (Pedro),historico,urn:cts:greekLit:tlg1271.tlg005.1st1K-grc1.1,1,—,mencionado,—,0,1,,1,no comprobable,0,,,sí,
Ps-Clemente,PsClem_EpPet,spurious,μωϋσέωσ,Moisés,biblico,urn:cts:greekLit:tlg1271.tlg003.1st1K-grc1.2|urn:cts:greekLit:tlg1271.tlg003.1st1K-grc1.3,2,—,mencionado,—,0,0,,1,no comprobable,0,,,sí,
Ps-Clemente,PsClem_Virg#1,spurious,βαρνάβασ,Bernabé,historico,1.6.4,1,—,mencionado,—,1,1,,1,no comprobable,0,,,sí,
Ps-Clemente,PsClem_Virg#1,spurious,ἐλισσαίου,Eliseo,biblico,1.6.5,1,—,mencionado,—,0,0,,1,no comprobable,0,,,sí,
Ps-Clemente,PsClem_Virg#1,spurious,ἡλιοῦ,Elías,biblico,1.6.5,1,—,mencionado,—,0,0,,1,no comprobable,0,,,sí,
Ps-Clemente,PsClem_Virg#1,spurious,ἰωάννησ,Juan,historico,1.6.2|1.6.3,2,—,mencionado,—,1,1,,1,no comprobable,0,,,sí,
Ps-Clemente,PsClem_Virg#1,spurious,παῦλοσ,Pablo,historico,1.6.4,1,—,mencionado,—,1,1,,1,no comprobable,0,,,sí,
Ps-Clemente,PsClem_Virg#1,spurious,τιμόθεοσ,Timoteo,historico,1.6.4,1,—,mencionado,—,1,1,,1,no comprobable,0,,,sí,
Ps-Clemente,PsClem_Virg#2,spurious,ἀμνών,Amnón,biblico,2.11.1,1,—,mencionado,—,0,0,,1,no comprobable,0,,,sí,
Ps-Clemente,PsClem_Virg#2,spurious,βηρσαβεέ,Betsabé,biblico,2.10.1,1,—,mencionado,—,0,0,,1,no comprobable,0,,,sí,
Ps-Clemente,PsClem_Virg#2,spurious,δαυίδ,David,biblico,2.10.1|2.10.2,2,—,mencionado,—,0,0,,1,no comprobable,0,,,sí,
Ps-Clemente,PsClem_Virg#2,spurious,ἰωσήφ,José,biblico,2.8.1,1,—,mencionado,—,0,0,,1,no comprobable,0,,,sí,
Ps-Clemente,PsClem_Virg#2,spurious,σολομών,Salomón,biblico,2.12.1,1,—,mencionado,—,0,0,,1,no comprobable,0,,,sí,
Ps-Clemente,PsClem_Virg#2,spurious,σαμψών,Sansón,biblico,2.9.1,1,—,mencionado,—,0,0,,1,no comprobable,0,,,sí,
Ps-Clemente,PsClem_Virg#2,spurious,σωσάνναν,Susana,biblico,2.13.1|2.13.1,2,—,mencionado,—,0,0,,1,no comprobable,0,,,sí,
Ps-Clemente,PsClem_Virg#2,spurious,θήμαρ,Tamar,biblico,2.11.1,1,—,mencionado,—,0,0,,1,no comprobable,0,,,sí,
Ps-Ignacio,IgnLong#1,spurious,ἀνεγκλήτῳ,Anacleto,historico,1.4.1,1,—,mencionado,—,0,0,,1,no comprobable,0,,,sí,
Ps-Ignacio,IgnLong#1,spurious,κασσιανόσ,Casiano,persona,1.5.2,1,—,mencionado,—,0,0,3,0,no comprobable,1,"PHI Greek Inscriptions (inscriptions.packhum.org), consulta 29-IX-2026","PHI: 73 apariciones del patrón «Κασσιαν» (todas las regiones, sin fecha)",sí,
Ps-Ignacio,IgnLong#1,spurious,κλήμησ,Clemente Romano,historico,1.4.1,1,—,mencionado,—,0,0,,1,no comprobable,0,,,sí,
Ps-Ignacio,IgnLong#1,spurious,ἥρων,Herón (diácono),persona,1.5.2,1,—,mencionado,—,0,0,3,0,no comprobable,1,"PHI Greek Inscriptions (inscriptions.packhum.org), consulta 29-IX-2026","PHI: 109 apariciones del patrón «Ἥρων» (todas las regiones, sin fecha)",sí,
Ps-Ignacio,IgnLong#1,spurious,ἰγνάτιοσ,Ignacio,persona,1.0.1,1,—,mencionado,—,0,0,2,0,no comprobable,1,"PHI Greek Inscriptions (inscriptions.packhum.org), consulta 29-IX-2026","PHI: 25 apariciones del patrón «Ἰγνάτι» (todas las regiones, sin fecha)",sí,
Ps-Ignacio,IgnLong#1,spurious,μαρίᾳ,María,persona,1.0.1,1,—,mencionado,—,0,0,,0,no comprobable,1,,,sí,
Ps-Ignacio,IgnLong#1,spurious,παύλου,Pablo,historico,1.4.1,1,—,mencionado,—,1,1,,1,no comprobable,0,,,sí,
Ps-Ignacio,IgnLong#1,spurious,πέτρου,Pedro,historico,1.4.1,1,—,mencionado,—,1,1,,1,no comprobable,0,,,sí,
Ps-Ignacio,IgnLong#10,spurious,κασσιανόν,Casiano,persona,10.9.1,1,—,mencionado,—,0,0,3,0,no comprobable,1,"PHI Greek Inscriptions (inscriptions.packhum.org), consulta 29-IX-2026","PHI: 73 apariciones del patrón «Κασσιαν» (todas las regiones, sin fecha)",sí,
Ps-Ignacio,IgnLong#10,spurious,κάϊν,Caín,biblico,10.5.1,1,—,mencionado,—,0,0,,1,no comprobable,0,,,sí,
Ps-Ignacio,IgnLong#10,spurious,δαμᾶσ,Damas,persona,10.8.1,1,—,mencionado,—,0,0,3,0,no comprobable,1,"PHI Greek Inscriptions (inscriptions.packhum.org), consulta 29-IX-2026","PHI: 119 apariciones del patrón «Δαμᾶς» (todas las regiones, sin fecha)",sí,
Ps-Ignacio,IgnLong#10,spurious,εὔασ,Eva,biblico,10.4.2,1,—,mencionado,—,0,0,,1,no comprobable,0,,,sí,
Ps-Ignacio,IgnLong#10,spurious,ἥρων,Herón (diácono),persona,10.8.3|10.7.1|10.0.1|10.6.1,4,—,mencionado,—,0,0,3,0,no comprobable,1,"PHI Greek Inscriptions (inscriptions.packhum.org), consulta 29-IX-2026","PHI: 109 apariciones del patrón «Ἥρων» (todas las regiones, sin fecha)",sí,
Ps-Ignacio,IgnLong#10,spurious,ἰγνάτιοσ,Ignacio,persona,10.0.1,1,—,mencionado,—,0,0,2,0,no comprobable,1,"PHI Greek Inscriptions (inscriptions.packhum.org), consulta 29-IX-2026","PHI: 25 apariciones del patrón «Ἰγνάτι» (todas las regiones, sin fecha)",sí,
Ps-Ignacio,IgnLong#10,spurious,μάριν,Maris,persona,10.9.3,1,—,mencionado,—,0,0,,0,no comprobable,1,,,sí,
Ps-Ignacio,IgnLong#10,spurious,μαρίαν,María,persona,10.9.3,1,—,mencionado,—,0,0,,0,no comprobable,1,,,sí,
Ps-Ignacio,IgnLong#10,spurious,μωσῆσ,Moisés,biblico,10.8.2,1,—,mencionado,—,0,0,,1,no comprobable,0,,,sí,
Ps-Ignacio,IgnLong#10,spurious,ὀνήσιμοσ,Onésimo (obispo),persona,10.8.1,1,—,mencionado,—,1,0,,0,no comprobable,0,,,sí,
Ps-Ignacio,IgnLong#10,spurious,πολύβιοσ,Polibio,persona,10.8.1,1,—,mencionado,—,0,0,2,0,no comprobable,1,"PHI Greek Inscriptions (inscriptions.packhum.org), consulta 29-IX-2026","PHI: 34 apariciones del patrón «Πολύβι» (todas las regiones, sin fecha)",sí,
Ps-Ignacio,IgnLong#10,spurious,πολυκάρπῳ,Policarpo,persona,10.7.2,1,—,mencionado,—,0,0,2,0,no comprobable,1,"PHI Greek Inscriptions (inscriptions.packhum.org), consulta 29-IX-2026","PHI: 30 apariciones del patrón «Πολυκάρπ» (todas las regiones, sin fecha)",sí,
Ps-Ignacio,IgnLong#10,spurious,ἰακώβῳ,Santiago,historico,10.3.2,1,—,mencionado,—,1,1,,1,no comprobable,0,,,sí,
Ps-Ignacio,IgnLong#10,spurious,βίτοσ,Vito,persona,10.8.1,1,—,mencionado,—,0,0,2,0,no comprobable,1,"PHI Greek Inscriptions (inscriptions.packhum.org), consulta 29-IX-2026","PHI: 10 apariciones del patrón «Βίτο» (todas las regiones, sin fecha)",sí,
Ps-Ignacio,IgnLong#10,spurious,ζαρβῷ,Zarbo,persona,10.9.3,1,—,mencionado,—,0,0,0,0,no comprobable,1,"PHI Greek Inscriptions (inscriptions.packhum.org), consulta 29-IX-2026","PHI: 0 apariciones del patrón «Ζαρβ» (todas las regiones, sin fecha)",sí,
Ps-Ignacio,IgnLong#11,mixed,ἄβελ,Abel,biblico,11.12.2,1,—,mencionado,—,0,0,,1,no comprobable,0,,,sí,
Ps-Ignacio,IgnLong#11,mixed,βούρρου,Burro,persona,11.2.1|11.2.2,2,—,mencionado,—,0,0,1,0,no comprobable,1,"PHI Greek Inscriptions (inscriptions.packhum.org), consulta 29-IX-2026","PHI: 4 apariciones del patrón «Βούρρ» (todas las regiones, sin fecha)",sí,
Ps-Ignacio,IgnLong#11,mixed,κρόκοσ,Croco,persona,11.2.2,1,—,mencionado,—,0,0,2,0,no comprobable,1,"PHI Greek Inscriptions (inscriptions.packhum.org), consulta 29-IX-2026","PHI: 21 apariciones del patrón «Κρόκ» (todas las regiones, sin fecha)",sí,
Ps-Ignacio,IgnLong#11,mixed,δαυίδ,David,biblico,11.10.2|11.18.2|11.20.1,3,—,mencionado,—,0,0,,1,no comprobable,0,,,sí,
Ps-Ignacio,IgnLong#11,mixed,εὔπλοϊ,Euplo,persona,11.2.2,1,—,mencionado,—,0,0,3,0,no comprobable,1,"PHI Greek Inscriptions (inscriptions.packhum.org), consulta 29-IX-2026","PHI: 89 apariciones del patrón «Εὔπλ» (todas las regiones, sin fecha)",sí,
Ps-Ignacio,IgnLong#11,mixed,φρόντωνι,Frontón,persona,11.2.2,1,—,mencionado,—,0,0,3,0,no comprobable,1,"PHI Greek Inscriptions (inscriptions.packhum.org), consulta 29-IX-2026","PHI: 198 apariciones del patrón «Φρόντων» (todas las regiones, sin fecha)",sí,
Ps-Ignacio,IgnLong#11,mixed,ἰγνάτιοσ,Ignacio,persona,11.0.1|11.12.1|11.12.2,3,—,mencionado,—,0,0,2,0,no comprobable,1,"PHI Greek Inscriptions (inscriptions.packhum.org), consulta 29-IX-2026","PHI: 25 apariciones del patrón «Ἰγνάτι» (todas las regiones, sin fecha)",sí,
Ps-Ignacio,IgnLong#11,mixed,ἰωάννου,Juan,historico,11.18.2|11.11.2,2,—,mencionado,—,1,1,,1,no comprobable,0,,,sí,
Ps-Ignacio,IgnLong#11,mixed,λουκᾶσ,Lucas,historico,11.15.2,1,—,mencionado,—,1,1,,1,no comprobable,0,,,sí,
Ps-Ignacio,IgnLong#11,mixed,μαρίασ,María,persona,11.7.2|11.18.2|11.19.1,3,—,mencionado,—,0,0,,0,no comprobable,1,,,sí,
Ps-Ignacio,IgnLong#11,mixed,μωσῆσ,Moisés,biblico,11.10.2,1,—,mencionado,—,0,0,,1,no comprobable,0,,,sí,
Ps-Ignacio,IgnLong#11,mixed,ὀνήσιμοσ,Onésimo (obispo),persona,11.6.2|11.1.3|11.2.2,3,—,mencionado,—,1,0,,0,no comprobable,0,,,sí,
Ps-Ignacio,IgnLong#11,mixed,παύλου,Pablo,historico,11.6.3|11.12.2|11.11.2|11.15.3|11.3.3|11.6.2|11.10.2|11.14.1,8,—,mencionado,—,1,1,,1,no comprobable,0,,,sí,
Ps-Ignacio,IgnLong#11,mixed,πολύκαρπον,Policarpo,persona,11.21.1,1,—,mencionado,—,0,0,2,0,no comprobable,1,"PHI Greek Inscriptions (inscriptions.packhum.org), consulta 29-IX-2026","PHI: 34 apariciones del patrón «Πολύκαρπ» (todas las regiones, sin fecha)",sí,
Ps-Ignacio,IgnLong#11,mixed,τιμοθέου,Timoteo,historico,11.6.3|11.11.2,2,—,mencionado,—,1,1,,1,no comprobable,0,,,sí,
Ps-Ignacio,IgnLong#12,mixed,κρόκοσ,Croco,persona,12.10.1,1,—,mencionado,—,0,0,2,0,no comprobable,1,"PHI Greek Inscriptions (inscriptions.packhum.org), consulta 29-IX-2026","PHI: 21 apariciones del patrón «Κρόκ» (todas las regiones, sin fecha)",sí,
Ps-Ignacio,IgnLong#12,mixed,δαυίδ,David,biblico,12.7.3,1,—,mencionado,—,0,0,,1,no comprobable,0,,,sí,
Ps-Ignacio,IgnLong#12,mixed,ἰγνάτιοσ,Ignacio,persona,12.0.1,1,—,mencionado,—,0,0,2,0,no comprobable,1,"PHI Greek Inscriptions (inscriptions.packhum.org), consulta 29-IX-2026","PHI: 25 apariciones del patrón «Ἰγνάτι» (todas las regiones, sin fecha)",sí,
Ps-Ignacio,IgnLong#12,mixed,παῦλοσ,Pablo,historico,12.4.3,1,—,mencionado,—,1,1,,1,no comprobable,0,,,sí,
Ps-Ignacio,IgnLong#12,mixed,πέτροσ,Pedro,historico,12.4.3,1,—,mencionado,—,1,1,,1,no comprobable,0,,,sí,
Ps-Ignacio,IgnLong#13,spurious,δανιήλ,Daniel,biblico,13.3.1,1,—,mencionado,—,0,0,,1,no comprobable,0,,,sí,
Ps-Ignacio,IgnLong#13,spurious,δαυίδ,David,biblico,13.1.1|13.4.2,2,—,mencionado,—,0,0,,1,no comprobable,0,,,sí,
Ps-Ignacio,IgnLong#13,spurious,ἡλεί,Elí,biblico,13.2.2,1,—,mencionado,—,0,0,,1,no comprobable,0,,,sí,
Ps-Ignacio,IgnLong#13,spurious,εὐλόγιον,Eulogio,persona,13.1.1,1,—,mencionado,—,0,0,,0,no comprobable,1,,,sí,
Ps-Ignacio,IgnLong#13,spurious,ἰγνατίῳ,Ignacio,persona,13.0.1,1,—,mencionado,—,0,0,,0,no comprobable,1,,,sí,
Ps-Ignacio,IgnLong#13,spurious,ἱερεμίασ,Jeremías,biblico,13.3.2,1,—,mencionado,—,0,0,,1,no comprobable,0,,,sí,
Ps-Ignacio,IgnLong#13,spurious,ἰωσίασ,Josías,biblico,13.4.1,1,—,mencionado,—,0,0,,1,no comprobable,0,,,sí,
Ps-Ignacio,IgnLong#13,spurious,μάριν,Maris,persona,13.1.1,1,—,mencionado,—,0,0,,0,no comprobable,1,,,sí,
Ps-Ignacio,IgnLong#13,spurious,μαρία,María,persona,13.0.1|13.1.1,2,—,mencionado,—,0,0,,0,no comprobable,1,,,sí,
Ps-Ignacio,IgnLong#13,spurious,μωσῆσ,Moisés,biblico,13.1.2,1,—,mencionado,—,0,0,,1,no comprobable,0,,,sí,
Ps-Ignacio,IgnLong#13,spurious,σολομών,Salomón,biblico,13.3.3,1,—,mencionado,—,0,0,,1,no comprobable,0,,,sí,
Ps-Ignacio,IgnLong#13,spurious,σαμουήλ,Samuel,biblico,13.2.2|13.4.2,2,—,mencionado,—,0,0,,1,no comprobable,0,,,sí,
Ps-Ignacio,IgnLong#13,spurious,ζαρβῷ,Zarbo,persona,13.1.1,1,—,mencionado,—,0,0,0,0,no comprobable,1,"PHI Greek Inscriptions (inscriptions.packhum.org), consulta 29-IX-2026","PHI: 0 apariciones del patrón «Ζαρβ» (todas las regiones, sin fecha)",sí,
Ps-Ignacio,IgnLong#2,mixed,βασιλίδην,Basílides,historico,2.11.1,1,—,mencionado,—,0,0,,1,no comprobable,0,,,sí,
Ps-Ignacio,IgnLong#2,mixed,κλήμησ,Clemente Romano,historico,2.7.4,1,—,mencionado,—,0,0,,1,no comprobable,0,,,sí,
Ps-Ignacio,IgnLong#2,mixed,κλεόβουλον,Cleóbulo,historico,2.11.3,1,—,mencionado,—,0,0,,1,no comprobable,0,,,sí,
Ps-Ignacio,IgnLong#2,mixed,δαυίδ,David,biblico,2.9.1,1,—,mencionado,—,0,0,,1,no comprobable,0,,,sí,
Ps-Ignacio,IgnLong#2,mixed,ἰγνάτιοσ,Ignacio,persona,2.0.1,1,—,mencionado,—,0,0,2,0,no comprobable,1,"PHI Greek Inscriptions (inscriptions.packhum.org), consulta 29-IX-2026","PHI: 25 apariciones del patrón «Ἰγνάτι» (todas las regiones, sin fecha)",sí,
Ps-Ignacio,IgnLong#2,mixed,ἱερεμίασ,Jeremías,biblico,2.11.1,1,—,mencionado,—,0,0,,1,no comprobable,0,,,sí,
Ps-Ignacio,IgnLong#2,mixed,ἰωνᾶσ,Jonás,biblico,2.9.5,1,—,mencionado,—,0,0,,1,no comprobable,0,,,sí,
Ps-Ignacio,IgnLong#2,mixed,ἰωσήφ,José,biblico,2.9.5,1,—,mencionado,—,0,0,,1,no comprobable,0,,,sí,
Ps-Ignacio,IgnLong#2,mixed,ἰωάννου,Juan,historico,2.10.5,1,—,mencionado,—,1,1,,1,no comprobable,0,,,sí,
Ps-Ignacio,IgnLong#2,mixed,λῑνοσ,Lino,historico,2.7.4,1,—,mencionado,—,1,0,,1,no comprobable,0,,,sí,
Ps-Ignacio,IgnLong#2,mixed,μαρία,María,persona,2.10.4|2.9.1,2,—,mencionado,—,0,0,,0,no comprobable,1,,,sí,
Ps-Ignacio,IgnLong#2,mixed,μένανδρον,Menandro (hereje),historico,2.11.1,1,—,mencionado,—,0,0,,1,no comprobable,0,,,sí,
Ps-Ignacio,IgnLong#2,mixed,νικόλαοσ,Nicolás (nicolaítas),historico,2.11.2,1,—,mencionado,—,0,0,,1,no comprobable,0,,,sí,
Ps-Ignacio,IgnLong#2,mixed,παύλῳ,Pablo,historico,2.7.4|2.5.2,2,—,mencionado,—,1,1,,1,no comprobable,0,,,sí,
Ps-Ignacio,IgnLong#2,mixed,πέτροσ,Pedro,historico,2.5.2|2.7.4,2,—,mencionado,—,1,1,,1,no comprobable,0,,,sí,
Ps-Ignacio,IgnLong#2,mixed,πιλάτου,Pilato,historico,2.9.3|2.9.5|2.10.5|2.9.3,4,—,mencionado,—,0,1,,1,no comprobable,0,,,sí,
Ps-Ignacio,IgnLong#2,mixed,πολύβιοσ,Polibio,persona,2.1.1,1,—,mencionado,—,0,0,2,0,no comprobable,1,"PHI Greek Inscriptions (inscriptions.packhum.org), consulta 29-IX-2026","PHI: 34 apariciones del patrón «Πολύβι» (todas las regiones, sin fecha)",sí,
Ps-Ignacio,IgnLong#2,mixed,ἰακώβῳ,Santiago,historico,2.7.4,1,—,mencionado,—,1,1,,1,no comprobable,0,,,sí,
Ps-Ignacio,IgnLong#2,mixed,σίμωνα,Simón Mago,historico,2.11.1,1,—,mencionado,—,0,1,,1,no comprobable,0,,,sí,
Ps-Ignacio,IgnLong#2,mixed,θεόδοτον,Teódoto,persona,2.11.3,1,—,mencionado,—,0,0,,0,no comprobable,1,,,sí,
Ps-Ignacio,IgnLong#2,mixed,τιμόθεοσ,Timoteo,historico,2.7.4,1,—,mencionado,—,1,1,,1,no comprobable,0,,,sí,
Ps-Ignacio,IgnLong#3,mixed,ἀαρών,Aarón,biblico,3.3.9,1,—,mencionado,—,0,0,,1,no comprobable,0,,,sí,
Ps-Ignacio,IgnLong#3,mixed,ἀβεδδαδάν,Abdadán,biblico,3.3.10,1,—,mencionado,—,0,0,,1,no comprobable,0,,,sí,
Ps-Ignacio,IgnLong#3,mixed,ἀβειρών,Abirón,biblico,3.3.9,1,—,mencionado,—,0,0,,1,no comprobable,0,,,sí,
Ps-Ignacio,IgnLong#3,mixed,ἀβεσσαλώμ,Absalón,biblico,3.3.10,1,—,mencionado,—,0,0,,1,no comprobable,0,,,sí,
Ps-Ignacio,IgnLong#3,mixed,ἀπολλωνίου,Apolonio,persona,3.2.1,1,—,mencionado,—,0,0,3,0,no comprobable,1,"PHI Greek Inscriptions (inscriptions.packhum.org), consulta 29-IX-2026","PHI: 5187 apariciones del patrón «Ἀπολλωνί» (todas las regiones, sin fecha)",sí,
Ps-Ignacio,IgnLong#3,mixed,βάσσου,Baso,persona,3.2.1,1,—,mencionado,—,0,0,3,0,no comprobable,1,"PHI Greek Inscriptions (inscriptions.packhum.org), consulta 29-IX-2026","PHI: 605 apariciones del patrón «Βάσσ» (todas las regiones, sin fecha)",sí,
Ps-Ignacio,IgnLong#3,mixed,κορέ,Coré,biblico,3.3.9,1,—,mencionado,—,0,0,,1,no comprobable,0,,,sí,
Ps-Ignacio,IgnLong#3,mixed,δαμᾶ,Damas,persona,3.2.1,1,—,mencionado,—,0,0,3,0,no comprobable,1,"PHI Greek Inscriptions (inscriptions.packhum.org), consulta 29-IX-2026","PHI: 119 apariciones del patrón «Δαμᾶς» (todas las regiones, sin fecha)",sí,
Ps-Ignacio,IgnLong#3,mixed,δανιήλ,Daniel,biblico,3.3.2|3.6.1,2,—,mencionado,—,0,0,,1,no comprobable,0,,,sí,
Ps-Ignacio,IgnLong#3,mixed,δαθάν,Datán,biblico,3.3.9,1,—,mencionado,—,0,0,,1,no comprobable,0,,,sí,
Ps-Ignacio,IgnLong#3,mixed,δαυίδ,David,biblico,3.12.3,1,—,mencionado,—,0,0,,1,no comprobable,0,,,sí,
Ps-Ignacio,IgnLong#3,mixed,ἡλεί,Elí,biblico,3.3.3,1,—,mencionado,—,0,0,,1,no comprobable,0,,,sí,
Ps-Ignacio,IgnLong#3,mixed,ἡρῴδου,Herodes,historico,3.11.3,1,—,mencionado,—,0,1,,1,no comprobable,0,,,sí,
Ps-Ignacio,IgnLong#3,mixed,ἰγνάτιοσ,Ignacio,persona,3.0.1,1,—,mencionado,—,0,0,2,0,no comprobable,1,"PHI Greek Inscriptions (inscriptions.packhum.org), consulta 29-IX-2026","PHI: 25 apariciones del patrón «Ἰγνάτι» (todas las regiones, sin fecha)",sí,
Ps-Ignacio,IgnLong#3,mixed,ἱερεμίασ,Jeremías,biblico,3.3.3,1,—,mencionado,—,0,0,,1,no comprobable,0,,,sí,
Ps-Ignacio,IgnLong#3,mixed,ἰώβ,Job,biblico,3.12.3,1,—,mencionado,—,0,0,,1,no comprobable,0,,,sí,
Ps-Ignacio,IgnLong#3,mixed,ἰωσίασ,Josías,biblico,3.3.4,1,—,mencionado,—,0,0,,1,no comprobable,0,,,sí,
Ps-Ignacio,IgnLong#3,mixed,μαρίασ,María,persona,3.11.2,1,—,mencionado,—,0,0,,0,no comprobable,1,,,sí,
Ps-Ignacio,IgnLong#3,mixed,μωσεῖ,Moisés,biblico,3.3.9|3.9.1|3.3.8|3.12.3,4,—,mencionado,—,0,0,,1,no comprobable,0,,,sí,
Ps-Ignacio,IgnLong#3,mixed,ὀζίασ,Ozías,biblico,3.3.10,1,—,mencionado,—,0,0,,1,no comprobable,0,,,sí,
Ps-Ignacio,IgnLong#3,mixed,παύλου,Pablo,historico,3.10.2,1,—,mencionado,—,1,1,,1,no comprobable,0,,,sí,
Ps-Ignacio,IgnLong#3,mixed,πέτρου,Pedro,historico,3.10.2,1,—,mencionado,—,1,1,,1,no comprobable,0,,,sí,
Ps-Ignacio,IgnLong#3,mixed,πιλάτου,Pilato,historico,3.11.3|3.11.3,2,—,mencionado,—,0,1,,1,no comprobable,0,,,sí,
Ps-Ignacio,IgnLong#3,mixed,πολυκάρπῳ,Policarpo,persona,3.15.1,1,—,mencionado,—,0,0,2,0,no comprobable,1,"PHI Greek Inscriptions (inscriptions.packhum.org), consulta 29-IX-2026","PHI: 30 apariciones del patrón «Πολυκάρπ» (todas las regiones, sin fecha)",sí,
Ps-Ignacio,IgnLong#3,mixed,σολομών,Salomón,biblico,3.3.4,1,—,mencionado,—,0,0,,1,no comprobable,0,,,sí,
Ps-Ignacio,IgnLong#3,mixed,σαμουήλ,Samuel,biblico,3.3.3|3.3.8|3.3.10,3,—,mencionado,—,0,0,,1,no comprobable,0,,,sí,
Ps-Ignacio,IgnLong#3,mixed,σαούλ,Saúl,biblico,3.3.10,1,—,mencionado,—,0,0,,1,no comprobable,0,,,sí,
Ps-Ignacio,IgnLong#3,mixed,τιμόθεοσ,Timoteo,historico,3.3.6,1,—,mencionado,—,1,1,,1,no comprobable,0,,,sí,
Ps-Ignacio,IgnLong#3,mixed,ζωτίωνοσ,Zotión,persona,3.2.1,1,—,mencionado,—,0,0,2,0,no comprobable,1,"PHI Greek Inscriptions (inscriptions.packhum.org), consulta 29-IX-2026","PHI: 39 apariciones del patrón «Ζωτίων» (todas las regiones, sin fecha)",sí,
Ps-Ignacio,IgnLong#4,spurious,ἀγαθόπουσ,Agatopo,persona,4.10.2,1,—,mencionado,—,0,0,3,0,no comprobable,1,"PHI Greek Inscriptions (inscriptions.packhum.org), consulta 29-IX-2026","PHI: 371 apariciones del patrón «Ἀγαθόπο» (todas las regiones, sin fecha)",sí,
Ps-Ignacio,IgnLong#4,spurious,δανιήλ,Daniel,biblico,4.1.1,1,—,mencionado,—,0,0,,1,no comprobable,0,,,sí,
Ps-Ignacio,IgnLong#4,spurious,ἰγνάτιοσ,Ignacio,persona,4.0.1,1,—,mencionado,—,0,0,2,0,no comprobable,1,"PHI Greek Inscriptions (inscriptions.packhum.org), consulta 29-IX-2026","PHI: 25 apariciones del patrón «Ἰγνάτι» (todas las regiones, sin fecha)",sí,
Ps-Ignacio,IgnLong#4,spurious,ἰωάννησ,Juan,historico,4.3.3,1,—,mencionado,—,1,1,,1,no comprobable,0,,,sí,
Ps-Ignacio,IgnLong#4,spurious,μαρίασ,María,persona,4.3.1|4.6.4,2,—,mencionado,—,0,0,,0,no comprobable,1,,,sí,
Ps-Ignacio,IgnLong#4,spurious,παύλου,Pablo,historico,4.2.2|4.3.3,2,—,mencionado,—,1,1,,1,no comprobable,0,,,sí,
Ps-Ignacio,IgnLong#4,spurious,πέτροσ,Pedro,historico,4.3.3,1,—,mencionado,—,1,1,,1,no comprobable,0,,,sí,
Ps-Ignacio,IgnLong#4,spurious,πολύκαρποσ,Policarpo,persona,4.10.2,1,—,mencionado,—,0,0,2,0,no comprobable,1,"PHI Greek Inscriptions (inscriptions.packhum.org), consulta 29-IX-2026","PHI: 34 apariciones del patrón «Πολύκαρπ» (todas las regiones, sin fecha)",sí,
Ps-Ignacio,IgnLong#4,spurious,ἰάκωβοσ,Santiago,historico,4.3.3,1,—,mencionado,—,1,1,,1,no comprobable,0,,,sí,
Ps-Ignacio,IgnLong#5,spurious,ἄβελ,Abel,biblico,5.11.3,1,—,mencionado,—,0,0,,1,no comprobable,0,,,sí,
Ps-Ignacio,IgnLong#5,spurious,ἀγαθόπουσ,Agatopo,persona,5.15.1,1,—,mencionado,—,0,0,3,0,no comprobable,1,"PHI Greek Inscriptions (inscriptions.packhum.org), consulta 29-IX-2026","PHI: 371 apariciones del patrón «Ἀγαθόπο» (todas las regiones, sin fecha)",sí,
Ps-Ignacio,IgnLong#5,spurious,κάϊν,Caín,biblico,5.11.3,1,—,mencionado,—,0,0,,1,no comprobable,0,,,sí,
Ps-Ignacio,IgnLong#5,spurious,εὐφανίου,Eufanio,persona,5.15.2,1,—,mencionado,—,0,0,,0,no comprobable,1,,,sí,
Ps-Ignacio,IgnLong#5,spurious,ἡρῴδου,Herodes,historico,5.8.2,1,—,mencionado,—,0,1,,1,no comprobable,0,,,sí,
Ps-Ignacio,IgnLong#5,spurious,ἰγνάτιοσ,Ignacio,persona,5.0.1,1,—,mencionado,—,0,0,2,0,no comprobable,1,"PHI Greek Inscriptions (inscriptions.packhum.org), consulta 29-IX-2026","PHI: 25 apariciones del patrón «Ἰγνάτι» (todas las regiones, sin fecha)",sí,
Ps-Ignacio,IgnLong#5,spurious,ἰώβ,Job,biblico,5.11.3,1,—,mencionado,—,0,0,,1,no comprobable,0,,,sí,
Ps-Ignacio,IgnLong#5,spurious,ἰωάννου,Juan,historico,5.8.3,1,—,mencionado,—,1,1,,1,no comprobable,0,,,sí,
Ps-Ignacio,IgnLong#5,spurious,ἰούδᾳ,Judas,biblico,5.4.1,1,—,mencionado,—,0,0,,1,no comprobable,0,,,sí,
Ps-Ignacio,IgnLong#5,spurious,μαρίασ,María,persona,5.8.1,1,—,mencionado,—,0,0,,0,no comprobable,1,,,sí,
Ps-Ignacio,IgnLong#5,spurious,μωσῇ,Moisés,biblico,5.1.2,1,—,mencionado,—,0,0,,1,no comprobable,0,,,sí,
Ps-Ignacio,IgnLong#5,spurious,παῦλοσ,Pablo,historico,5.1.1,1,—,mencionado,—,1,1,,1,no comprobable,0,,,sí,
Ps-Ignacio,IgnLong#5,spurious,πολύκαρπον,Policarpo,persona,5.14.1,1,—,mencionado,—,0,0,2,0,no comprobable,1,"PHI Greek Inscriptions (inscriptions.packhum.org), consulta 29-IX-2026","PHI: 34 apariciones del patrón «Πολύκαρπ» (todas las regiones, sin fecha)",sí,
Ps-Ignacio,IgnLong#5,spurious,βιτάλιον,Vital,persona,5.14.1,1,—,mencionado,—,0,0,2,0,no comprobable,1,"PHI Greek Inscriptions (inscriptions.packhum.org), consulta 29-IX-2026","PHI: 7 apariciones del patrón «Βιτάλι» (todas las regiones, sin fecha)",sí,
Ps-Ignacio,IgnLong#6,mixed,ἀγαθόποδι,Agatopo,persona,6.11.1,1,—,mencionado,—,0,0,3,0,no comprobable,1,"PHI Greek Inscriptions (inscriptions.packhum.org), consulta 29-IX-2026","PHI: 371 apariciones del patrón «Ἀγαθόπο» (todas las regiones, sin fecha)",sí,
Ps-Ignacio,IgnLong#6,mixed,ἄννα,Ana (profetisa),biblico,6.4.8,1,—,mencionado,—,0,1,,1,no comprobable,0,,,sí,
Ps-Ignacio,IgnLong#6,mixed,βούργου,Burro,persona,6.11.2,1,—,mencionado,—,0,0,,0,no comprobable,1,,,sí,
Ps-Ignacio,IgnLong#6,mixed,κλήμεντοσ,Clemente Romano,historico,6.4.4,1,—,mencionado,—,0,0,,1,no comprobable,0,,,sí,
Ps-Ignacio,IgnLong#6,mixed,ἐβίων,Ebión,historico,6.6.3,1,—,mencionado,—,0,0,,1,no comprobable,0,,,sí,
Ps-Ignacio,IgnLong#6,mixed,ἐλισσαίου,Eliseo,biblico,6.4.4,1,—,mencionado,—,0,0,,1,no comprobable,0,,,sí,
Ps-Ignacio,IgnLong#6,mixed,ἠλία,Elías,biblico,6.4.4,1,—,mencionado,—,0,0,,1,no comprobable,0,,,sí,
Ps-Ignacio,IgnLong#6,mixed,εὐοδίου,Evodio,historico,6.4.4,1,—,mencionado,—,0,0,,1,no comprobable,0,,,sí,
Ps-Ignacio,IgnLong#6,mixed,φίλωνοσ,Filón (diácono),persona,6.11.1,1,—,mencionado,—,0,0,,0,no comprobable,1,,,sí,
Ps-Ignacio,IgnLong#6,mixed,γαΐῳ,Gayo,persona,6.11.1,1,—,mencionado,—,1,1,,0,no comprobable,0,,,sí,
Ps-Ignacio,IgnLong#6,mixed,ἰγνάτιοσ,Ignacio,persona,6.0.1,1,—,mencionado,—,0,0,2,0,no comprobable,1,"PHI Greek Inscriptions (inscriptions.packhum.org), consulta 29-IX-2026","PHI: 25 apariciones del patrón «Ἰγνάτι» (todas las regiones, sin fecha)",sí,
Ps-Ignacio,IgnLong#6,mixed,ἰσαάκ,Isaac,biblico,6.4.5|6.9.2,2,—,mencionado,—,0,0,,1,no comprobable,0,,,sí,
Ps-Ignacio,IgnLong#6,mixed,ἡσαΐου,Isaías,biblico,6.4.5,1,—,mencionado,—,0,0,,1,no comprobable,0,,,sí,
Ps-Ignacio,IgnLong#6,mixed,ἱερεμίου,Jeremías,biblico,6.4.4,1,—,mencionado,—,0,0,,1,no comprobable,0,,,sí,
Ps-Ignacio,IgnLong#6,mixed,ἰώβ,Job,biblico,6.4.6,1,—,mencionado,—,0,0,,1,no comprobable,0,,,sí,
Ps-Ignacio,IgnLong#6,mixed,ναυῆ,Josué hijo de Nun,biblico,6.4.4,1,—,mencionado,—,0,0,,1,no comprobable,0,,,sí,
Ps-Ignacio,IgnLong#6,mixed,ἰωσήφ,José,biblico,6.4.5,1,—,mencionado,—,0,0,,1,no comprobable,0,,,sí,
Ps-Ignacio,IgnLong#6,mixed,ἰωάννου,Juan,historico,6.4.4,1,—,mencionado,—,1,1,,1,no comprobable,0,,,sí,
Ps-Ignacio,IgnLong#6,mixed,ἰουδίθ,Judit,biblico,6.4.8,1,—,mencionado,—,0,0,,1,no comprobable,0,,,sí,
Ps-Ignacio,IgnLong#6,mixed,μελχισεδέκ,Melquisedec,biblico,6.4.4,1,—,mencionado,—,0,0,,1,no comprobable,0,,,sí,
Ps-Ignacio,IgnLong#6,mixed,μωσῆσ,Moisés,biblico,6.9.2|6.5.3,2,—,mencionado,—,0,0,,1,no comprobable,0,,,sí,
Ps-Ignacio,IgnLong#6,mixed,παύλου,Pablo,historico,6.4.5|6.7.2,2,—,mencionado,—,1,1,,1,no comprobable,0,,,sí,
Ps-Ignacio,IgnLong#6,mixed,πέτρου,Pedro,historico,6.4.5,1,—,mencionado,—,1,1,,1,no comprobable,0,,,sí,
Ps-Ignacio,IgnLong#6,mixed,σίμωνοσ,Simón Mago,historico,6.6.2,1,—,mencionado,—,0,1,,1,no comprobable,0,,,sí,
Ps-Ignacio,IgnLong#6,mixed,τιμοθέου,Timoteo,historico,6.4.4,1,—,mencionado,—,1,1,,1,no comprobable,0,,,sí,
Ps-Ignacio,IgnLong#6,mixed,τίτου,Tito,historico,6.4.4,1,—,mencionado,—,1,0,,1,no comprobable,0,,,sí,
Ps-Ignacio,IgnLong#6,mixed,ζαχαρίου,Zacarías,biblico,6.1.2,1,—,mencionado,—,0,0,,1,no comprobable,0,,,sí,
Ps-Ignacio,IgnLong#7,mixed,ἄβελ,Abel,biblico,7.7.1,1,—,mencionado,—,0,0,,1,no comprobable,0,,,sí,
Ps-Ignacio,IgnLong#7,mixed,ἀγαθόποδα,Agatopo,persona,7.10.1,1,—,mencionado,—,0,0,3,0,no comprobable,1,"PHI Greek Inscriptions (inscriptions.packhum.org), consulta 29-IX-2026","PHI: 371 apariciones del patrón «Ἀγαθόπο» (todas las regiones, sin fecha)",sí,
Ps-Ignacio,IgnLong#7,mixed,ἄλκην,Alce,persona,7.13.2,1,—,mencionado,—,0,0,2,0,no comprobable,1,"PHI Greek Inscriptions (inscriptions.packhum.org), consulta 29-IX-2026","PHI: 22 apariciones del patrón «Ἄλκη» (todas las regiones, sin fecha)",sí,
Ps-Ignacio,IgnLong#7,mixed,βούργου,Burro,persona,7.12.1,1,—,mencionado,—,0,0,,0,no comprobable,1,,,sí,
Ps-Ignacio,IgnLong#7,mixed,κάϊν,Caín,biblico,7.7.1,1,—,mencionado,—,0,0,,1,no comprobable,0,,,sí,
Ps-Ignacio,IgnLong#7,mixed,δάφνον,Dafno,persona,7.13.2,1,—,mencionado,—,0,0,3,0,no comprobable,1,"PHI Greek Inscriptions (inscriptions.packhum.org), consulta 29-IX-2026","PHI: 238 apariciones del patrón «Δάφν» (todas las regiones, sin fecha)",sí,
Ps-Ignacio,IgnLong#7,mixed,δαυίδ,David,biblico,7.1.1,1,—,mencionado,—,0,0,,1,no comprobable,0,,,sí,
Ps-Ignacio,IgnLong#7,mixed,εὔτεκνον,Eutecno,persona,7.13.2,1,—,mencionado,—,0,0,0,0,no comprobable,1,"PHI Greek Inscriptions (inscriptions.packhum.org), consulta 29-IX-2026","PHI: 0 apariciones del patrón «Εὔτεκν» (todas las regiones, sin fecha)",sí,
Ps-Ignacio,IgnLong#7,mixed,φίλωνα,Filón (diácono),persona,7.10.1,1,—,mencionado,—,0,0,,0,no comprobable,1,,,sí,
Ps-Ignacio,IgnLong#7,mixed,γαυΐασ,Gavia,persona,7.13.2,1,—,mencionado,—,0,0,,0,no comprobable,1,,,sí,
Ps-Ignacio,IgnLong#7,mixed,γάϊον,Gayo,persona,7.10.1,1,—,mencionado,—,1,1,,0,no comprobable,0,,,sí,
Ps-Ignacio,IgnLong#7,mixed,ἡρῴδου,Herodes,historico,7.1.2,1,—,mencionado,—,0,1,,1,no comprobable,0,,,sí,
Ps-Ignacio,IgnLong#7,mixed,ἰγνάτιοσ,Ignacio,persona,7.0.1,1,—,mencionado,—,0,0,2,0,no comprobable,1,"PHI Greek Inscriptions (inscriptions.packhum.org), consulta 29-IX-2026","PHI: 25 apariciones del patrón «Ἰγνάτι» (todas las regiones, sin fecha)",sí,
Ps-Ignacio,IgnLong#7,mixed,ἰώβ,Job,biblico,7.7.1,1,—,mencionado,—,0,0,,1,no comprobable,0,,,sí,
Ps-Ignacio,IgnLong#7,mixed,ἰωσεδέκ,Josedec,biblico,7.7.1,1,—,mencionado,—,0,0,,1,no comprobable,0,,,sí,
Ps-Ignacio,IgnLong#7,mixed,ἰωάννου,Juan,historico,7.1.1,1,—,mencionado,—,1,1,,1,no comprobable,0,,,sí,
Ps-Ignacio,IgnLong#7,mixed,μαρίασ,María,persona,7.1.1,1,—,mencionado,—,0,0,,0,no comprobable,1,,,sí,
Ps-Ignacio,IgnLong#7,mixed,μωσέωσ,Moisés,biblico,7.5.1,1,—,mencionado,—,0,0,,1,no comprobable,0,,,sí,
Ps-Ignacio,IgnLong#7,mixed,πέτρον,Pedro,historico,7.3.2,1,—,mencionado,—,1,1,,1,no comprobable,0,,,sí,
Ps-Ignacio,IgnLong#7,mixed,πιλάτου,Pilato,historico,7.1.2|7.1.2,2,—,mencionado,—,0,1,,1,no comprobable,0,,,sí,
Ps-Ignacio,IgnLong#7,mixed,πολύκαρπον,Policarpo,persona,7.12.2,1,—,mencionado,—,0,0,2,0,no comprobable,1,"PHI Greek Inscriptions (inscriptions.packhum.org), consulta 29-IX-2026","PHI: 34 apariciones del patrón «Πολύκαρπ» (todas las regiones, sin fecha)",sí,
Ps-Ignacio,IgnLong#7,mixed,θωμᾶσ,Tomás,historico,7.3.3|7.3.3,2,—,mencionado,—,0,1,,1,no comprobable,0,,,sí,
Ps-Ignacio,IgnLong#8,mixed,ἄλκην,Alce,persona,8.8.3,1,—,mencionado,—,0,0,2,0,no comprobable,1,"PHI Greek Inscriptions (inscriptions.packhum.org), consulta 29-IX-2026","PHI: 22 apariciones del patrón «Ἄλκη» (todas las regiones, sin fecha)",sí,
Ps-Ignacio,IgnLong#8,mixed,ἰγνάτιοσ,Ignacio,persona,8.0.1,1,—,mencionado,—,0,0,2,0,no comprobable,1,"PHI Greek Inscriptions (inscriptions.packhum.org), consulta 29-IX-2026","PHI: 25 apariciones del patrón «Ἰγνάτι» (todas las regiones, sin fecha)",sí,
Ps-Ignacio,IgnLong#8,mixed,πολυκάρπου,Policarpo,persona,8.8.2|8.0.1|8.7.2,3,—,mencionado,—,0,0,2,0,no comprobable,1,"PHI Greek Inscriptions (inscriptions.packhum.org), consulta 29-IX-2026","PHI: 30 apariciones del patrón «Πολυκάρπ» (todas las regiones, sin fecha)",sí,
Ps-Ignacio,IgnLong#8,mixed,ἄτταλον,Átalo,persona,8.8.2,1,—,mencionado,—,0,0,,0,no comprobable,1,,,sí,
Ps-Ignacio,IgnLong#9,spurious,ἀγαθόπουσ,Agatopo,persona,9.13.2,1,—,mencionado,—,0,0,3,0,no comprobable,1,"PHI Greek Inscriptions (inscriptions.packhum.org), consulta 29-IX-2026","PHI: 371 apariciones del patrón «Ἀγαθόπο» (todas las regiones, sin fecha)",sí,
Ps-Ignacio,IgnLong#9,spurious,κασσιανόν,Casiano,persona,9.13.1,1,—,mencionado,—,0,0,3,0,no comprobable,1,"PHI Greek Inscriptions (inscriptions.packhum.org), consulta 29-IX-2026","PHI: 73 apariciones del patrón «Κασσιαν» (todas las regiones, sin fecha)",sí,
Ps-Ignacio,IgnLong#9,spurious,δαμᾶσ,Damas,persona,9.13.2,1,—,mencionado,—,0,0,3,0,no comprobable,1,"PHI Greek Inscriptions (inscriptions.packhum.org), consulta 29-IX-2026","PHI: 119 apariciones del patrón «Δαμᾶς» (todas las regiones, sin fecha)",sí,
Ps-Ignacio,IgnLong#9,spurious,δαυίδ,David,biblico,9.4.2,1,—,mencionado,—,0,0,,1,no comprobable,0,,,sí,
Ps-Ignacio,IgnLong#9,spurious,εὐοδίου,Evodio,historico,9.7.1,1,—,mencionado,—,0,0,,1,no comprobable,0,,,sí,
Ps-Ignacio,IgnLong#9,spurious,ἰγνάτιοσ,Ignacio,persona,9.0.1,1,—,mencionado,—,0,0,2,0,no comprobable,1,"PHI Greek Inscriptions (inscriptions.packhum.org), consulta 29-IX-2026","PHI: 25 apariciones del patrón «Ἰγνάτι» (todas las regiones, sin fecha)",sí,
Ps-Ignacio,IgnLong#9,spurious,ἰώβ,Job,biblico,9.10.1,1,—,mencionado,—,0,0,,1,no comprobable,0,,,sí,
Ps-Ignacio,IgnLong#9,spurious,μωσῆσ,Moisés,biblico,9.2.1,1,—,mencionado,—,0,0,,1,no comprobable,0,,,sí,
Ps-Ignacio,IgnLong#9,spurious,ὀνήσιμοσ,Onésimo (obispo),persona,9.13.2,1,—,mencionado,—,1,0,,0,no comprobable,0,,,sí,
Ps-Ignacio,IgnLong#9,spurious,παύλου,Pablo,historico,9.7.1,1,—,mencionado,—,1,1,,1,no comprobable,0,,,sí,
Ps-Ignacio,IgnLong#9,spurious,πέτρου,Pedro,historico,9.7.1,1,—,mencionado,—,1,1,,1,no comprobable,0,,,sí,
Ps-Ignacio,IgnLong#9,spurious,πολύβιοσ,Polibio,persona,9.13.2,1,—,mencionado,—,0,0,2,0,no comprobable,1,"PHI Greek Inscriptions (inscriptions.packhum.org), consulta 29-IX-2026","PHI: 34 apariciones del patrón «Πολύβι» (todas las regiones, sin fecha)",sí,
Ps-Ignacio,IgnLong#9,spurious,πολύκαρποσ,Policarpo,persona,9.13.1,1,—,mencionado,—,0,0,2,0,no comprobable,1,"PHI Greek Inscriptions (inscriptions.packhum.org), consulta 29-IX-2026","PHI: 34 apariciones del patrón «Πολύκαρπ» (todas las regiones, sin fecha)",sí,
Ps-Juliano,Bas_Ep#39,spurious,ἀστυδάμασ,Astidamante,literario,39,1,—,mencionado,—,0,0,,1,no comprobable,0,,,sí,
Ps-Juliano,Bas_Ep#40,spurious,κωνσταντίου,Constancio II,historico,40,1,—,mencionado,—,0,0,,1,no comprobable,0,,,sí,
Ps-Juliano,Bas_Ep#40,spurious,δαρείου,Darío,historico,40,1,—,mencionado,—,1,0,,1,no comprobable,0,,,sí,
Ps-Juliano,Bas_Ep#40,spurious,σάπωριν,Sapor II,persona,40,1,—,mencionado,—,1,0,,0,no comprobable,0,,,sí,
Ps-Juliano,Jul_Ep#74,spurious,ἀρισταῖοσ,Aristeo,literario,74.1,1,—,mencionado,—,0,0,,1,no comprobable,0,,,sí,
Ps-Juliano,Jul_Ep#74,spurious,ἑκάλησ,Hécale,literario,74.1,1,—,mencionado,—,0,0,,1,no comprobable,0,,,sí,
Ps-Juliano,Jul_Ep#74,spurious,μαρσύου,Marsias,literario,74.1,1,—,mencionado,—,0,0,,1,no comprobable,0,,,sí,
Ps-Juliano,Jul_Ep#74,spurious,ὀρφέωσ,Orfeo,literario,74.1,1,—,mencionado,—,1,0,,1,no comprobable,0,,,sí,
Ps-Juliano,Jul_Ep#74,spurious,θαμύριδοσ,Tamiris,literario,74.1,1,—,mencionado,—,0,0,,1,no comprobable,0,,,sí,
Ps-Juliano,Jul_Ep#74,spurious,θησεύσ,Teseo,literario,74.1,1,—,mencionado,—,0,0,,1,no comprobable,0,,,sí,
Ps-Juliano,Jul_Ep#75,spurious,ἰάμβλιχοσ,Jámblico,persona,75.1|75.1,2,—,mencionado,—,1,0,,0,no comprobable,0,,,sí,
Ps-Juliano,Jul_Ep#75,spurious,οδυσσέα,Odiseo,literario,75.1,1,—,mencionado,—,1,0,,1,no comprobable,0,,,sí,
Ps-Juliano,Jul_Ep#75,spurious,σώπατρον,Sópatro,persona,75.1,1,—,mencionado,—,1,0,,0,no comprobable,0,,,sí,
Ps-Juliano,Jul_Ep#75,spurious,τηρέωσ,Tereo,literario,75.1,1,—,mencionado,—,0,0,,1,no comprobable,0,,,sí,
Ps-Juliano,Jul_Ep#77,spurious,σαπφώ,Safo,literario,77.1,1,—,mencionado,—,0,0,,1,no comprobable,0,,,sí,
Ps-Juliano,Jul_Ep#78,spurious,βακχύλου,Baquilo,persona,78.2,1,—,mencionado,—,0,0,2,0,no comprobable,1,"PHI Greek Inscriptions (inscriptions.packhum.org), consulta 29-IX-2026","PHI: 29 apariciones del patrón «Βακχύλ» (todas las regiones, sin fecha)",sí,
Ps-Juliano,Jul_Ep#78,spurious,ἰουλιανόσ,Juliano,persona,78.2,1,—,mencionado,—,0,0,3,0,no comprobable,1,"PHI Greek Inscriptions (inscriptions.packhum.org), consulta 29-IX-2026","PHI: 1228 apariciones del patrón «Ἰουλιαν» (todas las regiones, sin fecha)",sí,
Ps-Juliano,Jul_Ep#78,spurious,ἰάμβλιχοσ,Jámblico,persona,78.2|78.2|78.3,3,—,mencionado,—,1,0,,0,no comprobable,0,,,sí,
Ps-Juliano,Jul_Ep#78,spurious,νικομήδουσ,Nicomedes,persona,78.2,1,—,mencionado,—,0,0,3,0,no comprobable,1,"PHI Greek Inscriptions (inscriptions.packhum.org), consulta 29-IX-2026","PHI: 353 apariciones del patrón «Νικομήδ» (todas las regiones, sin fecha)",sí,
Ps-Juliano,Jul_Ep#78,spurious,πίνδαροσ,Píndaro,literario,78.3,1,—,mencionado,—,1,0,,1,no comprobable,0,,,sí,
Ps-Juliano,Jul_Ep#78,spurious,σώπατρον,Sópatro,persona,78.2|78.2,2,—,mencionado,—,1,0,,0,no comprobable,0,,,sí,
Ps-Juliano,Jul_Ep#79,spurious,δημόκριτον,Demócrito,literario,79.1,1,—,mencionado,—,0,0,,1,no comprobable,0,,,sí,
Ps-Juliano,Jul_Ep#79,spurious,ὁμήρῳ,Homero,literario,79.1|79.1,3,—,mencionado,—,1,0,,1,no comprobable,0,,,sí,
Ps-Juliano,Jul_Ep#79,spurious,ἰάμβλιχον,Jámblico,persona,79.1|79.1,2,—,mencionado,—,1,0,,0,no comprobable,0,,,sí,
Ps-Juliano,Jul_Ep#79,spurious,ὀδυσσεῖ,Odiseo,literario,79.1,1,—,mencionado,—,1,0,,1,no comprobable,0,,,sí,
Ps-Juliano,Jul_Ep#79,spurious,ὀρφέα,Orfeo,literario,79.1,2,—,mencionado,—,1,0,,1,no comprobable,0,,,sí,
Ps-Juliano,Jul_Ep#79,spurious,πλάτωνι,Platón,literario,79.1,1,—,mencionado,—,0,0,,1,no comprobable,0,,,sí,
Ps-Juliano,Jul_Ep#79,spurious,πρωτέα,Proteo,literario,79.1|79.1|79.1,3,—,mencionado,—,0,0,,1,no comprobable,0,,,sí,
Ps-Juliano,Jul_Ep#79,spurious,πίνδαρον,Píndaro,literario,79.1,1,—,mencionado,—,1,0,,1,no comprobable,0,,,sí,
Ps-Juliano,Jul_Ep#79,spurious,σωκράτει,Sócrates,literario,79.1,1,—,mencionado,—,0,0,,1,no comprobable,0,,,sí,
Ps-Juliano,Jul_Ep#79,spurious,τηλεμάχου,Telémaco,literario,79.1,1,—,mencionado,—,0,0,,1,no comprobable,0,,,sí,
Ps-Juliano,Jul_Ep#79,spurious,ἰοῦσ,Ío,literario,79.1,1,—,mencionado,—,0,0,,1,no comprobable,0,,,sí,
Ps-Juliano,Jul_Ep#80,spurious,ἀλκίνου,Alcínoo,literario,80.1,1,—,mencionado,—,0,0,,1,no comprobable,0,,,sí,
Ps-Juliano,Jul_Ep#80,spurious,ἀριστοφάνει,Aristófanes,literario,80.1,1,—,mencionado,—,0,0,,1,no comprobable,0,,,sí,
Ps-Juliano,Jul_Ep#80,spurious,ἀριστοτέλησ,Aristóteles,literario,80.1,1,—,mencionado,—,0,0,,1,no comprobable,0,,,sí,
Ps-Juliano,Jul_Ep#80,spurious,βριάρεω,Briareo,literario,80.2,1,—,mencionado,—,0,0,,1,no comprobable,0,,,sí,
Ps-Juliano,Jul_Ep#80,spurious,ἡροδότῳ,Heródoto,literario,80.1,1,—,mencionado,—,0,0,,1,no comprobable,0,,,sí,
Ps-Juliano,Jul_Ep#80,spurious,ἱπποκράτησ,Hipócrates,literario,80.1,1,—,mencionado,—,0,0,,1,no comprobable,0,,,sí,
Ps-Juliano,Jul_Ep#80,spurious,ὅμηροσ,Homero,literario,80.1|80.2,4,—,mencionado,—,1,0,,1,no comprobable,0,,,sí,
Ps-Juliano,Jul_Ep#80,spurious,πίνδαροσ,Píndaro,literario,80.2,1,—,mencionado,—,1,0,,1,no comprobable,0,,,sí,
Ps-Juliano,Jul_Ep#80,spurious,σιμωνίδῃ,Simónides,literario,80.2,1,—,mencionado,—,0,0,,1,no comprobable,0,,,sí,
Ps-Juliano,Jul_Ep#80,spurious,θεόφραστοσ,Teofrasto,literario,80.1,1,—,mencionado,—,0,0,,1,no comprobable,0,,,sí,
Ps-Juliano,Jul_Ep#80,spurious,τυφωέωσ,Tifón,literario,80.2,1,—,mencionado,—,0,0,,1,no comprobable,0,,,sí,
Ps-Juliano,Jul_Ep#81,spurious,κώνστα,Constante,historico,81.1,1,—,mencionado,—,0,0,,1,no comprobable,0,,,sí,
Ps-Juliano,Jul_Ep#81,spurious,δαρείου,Darío,historico,81.1,1,—,mencionado,—,1,0,,1,no comprobable,0,,,sí,
Ps-Juliano,Jul_Ep#81,spurious,σάπωριν,Sapor II,persona,81.1,1,—,mencionado,—,1,0,,0,no comprobable,0,,,sí,
paulinas,1Cor,core,Ἀχαϊκός,Acaico,persona,16:17,1,Corinto,mencionado,—,0,0,2,0,no comprobable,1,"PHI Greek Inscriptions (inscriptions.packhum.org), consulta 29-IX-2026","PHI: 18 apariciones del patrón «Ἀχαϊκ» (todas las regiones, sin fecha)",sí,
paulinas,1Cor,core,Ἀδάμ,Adán,biblico,15:22|15:45,3,—,personaje literario,—,1,1,,1,coherente,0,,,sí,
paulinas,1Cor,core,Ἀπολλῶς,Apolo,persona,1:12|3:4|3:5|3:6|3:22|4:6|16:12,7,Corinto/Éfeso,mencionado,colaborador,1,1,,0,coherente,0,,,sí,"Hch 18,24-19,1; Hch 18,24-19,1"
paulinas,1Cor,core,Ἀκύλας,Aquila,persona,16:19,1,Éfeso,saludado,colaborador,1,1,,0,coherente,0,,,sí,"Hch 18,18-19.26; Hch 18,2-3.18-26"
paulinas,1Cor,core,Βαρναβᾶς,Bernabé,persona,9:6,1,—,mencionado,colaborador,1,1,,0,coherente,0,,,sí,"Hch 13-15; Hch 4,36; 9,27; 11-15"
paulinas,1Cor,core,Κηφᾶς,Cefas (Pedro),persona,1:12|3:22|9:5|15:5,4,—,mencionado,apóstol,1,1,,0,coherente,0,,,sí,Hch 1-15 (Πέτρος)
paulinas,1Cor,core,Χλόη,Cloe,persona,1:11,1,Corinto,mencionado,(los de Cloe),0,0,2,0,no comprobable,1,"PHI Greek Inscriptions (inscriptions.packhum.org), consulta 29-IX-2026","PHI: 28 apariciones del patrón «Χλόη» (todas las regiones, sin fecha)",sí,
paulinas,1Cor,core,Κρίσπος,Crispo,persona,1:14,1,Corinto,mencionado,bautizado por Pablo,0,1,,0,coherente,0,,,sí,"Hch 18,8; Hch 18,8"
paulinas,1Cor,core,Στεφανᾶς,Estéfanas,persona,1:16|16:15|16:17,3,Corinto,mencionado,primicia de Acaya,0,0,2,0,no comprobable,1,"PHI Greek Inscriptions (inscriptions.packhum.org), consulta 29-IX-2026","PHI: 15 apariciones del patrón «Στεφανᾶ» (todas las regiones, sin fecha)",sí,
paulinas,1Cor,core,Φορτουνᾶτος,Fortunato,persona,16:17,1,Corinto,mencionado,—,0,0,2,0,no comprobable,1,"PHI Greek Inscriptions (inscriptions.packhum.org), consulta 29-IX-2026","PHI: 37 apariciones del patrón «Φορτουνᾶτ» (todas las regiones, sin fecha)",sí,
paulinas,1Cor,core,Γάϊος,Gayo,persona,1:14,1,Corinto,mencionado,bautizado por Pablo,1,1,,0,coherente,0,,,sí,"Rom 16,23; Hch 19,29 (Gayo de Macedonia); 20,4 (Gayo de Derbe): identidades distintas; el de Rom/1 Cor es de Corinto (juicio)"
paulinas,1Cor,core,Μωϋσῆς,Moisés,biblico,9:9|10:2,2,—,personaje literario,—,1,1,,1,coherente,0,,,sí,
paulinas,1Cor,core,Παῦλος,Pablo,persona,1:1|1:12|1:13|3:4|3:5|3:22|16:21,8,Éfeso (redacción),remitente,—,1,1,,0,coherente,0,,,sí,"1 Cor 16,8: en Éfeso hasta Pentecostés; Hch 19; Hch 13-28"
paulinas,1Cor,core,Πρίσκα,Prisca (Priscila),persona,16:19,1,Éfeso,saludado,colaboradora,1,1,,0,coherente,0,,,sí,"Hch 18,18-19.26; Hch 18,2.18.26 (Πρίσκιλλα)"
paulinas,1Cor,core,Ἰάκωβος,Santiago (hermano del Señor),persona,15:7,1,—,mencionado,apóstol,1,1,,0,coherente,0,,,sí,"Hch 12,17; 15,13; 21,18"
paulinas,1Cor,core,Σωσθένης,Sóstenes,persona,1:1,1,Éfeso,remitente,hermano,0,1,,0,coherente,0,,,sí,"Hch 18,17 (Corinto); Hch 18,17 (jefe de sinagoga en Corinto): identidad posible (juicio)"
paulinas,1Cor,core,Τιμόθεος,Timoteo,persona,4:17|16:10,2,—,colaborador,enviado,1,1,,0,coherente,0,,,sí,"Hch 19,22; Hch 16,1-3; 17,14-15; 18,5; 19,22; 20,4"
paulinas,1Tes,core,Παῦλος,Pablo,persona,1:1|2:18,2,Corinto (redacción),remitente,—,1,1,,0,coherente,0,,,sí,"Hch 18,5; Hch 13-28"
paulinas,1Tes,core,Σιλουανός,Silvano (Silas),persona,1:1,1,Corinto,remitente,—,1,1,,0,coherente,0,,,sí,"Hch 17,1-18,5; Hch 15,22-18,5 (Σιλᾶς)"
paulinas,1Tes,core,Τιμόθεος,Timoteo,persona,1:1|3:2|3:6,3,Corinto,remitente,enviado a Tesalónica,1,1,,0,coherente,0,,,sí,"Hch 17,14-15; 18,5; Hch 16,1-3; 17,14-15; 18,5; 19,22; 20,4"
paulinas,1Tim,target,Ἀδάμ,Adán,biblico,2:13|2:14,2,—,personaje literario,—,1,1,,1,coherente,0,,,sí,
paulinas,1Tim,target,Ἀλέξανδρος,Alejandro,persona,1:20,1,Éfeso,adversario,—,1,1,,0,coherente,0,,,sí,"2 Tim 4,14; Hch 19,33 (juicio); Hch 19,33 (Alejandro, judío de Éfeso): identidad posible (juicio)"
paulinas,1Tim,target,Εὕα,Eva,biblico,2:13,1,—,personaje literario,—,1,1,,1,coherente,0,,,sí,
paulinas,1Tim,target,Ὑμέναιος,Himeneo,persona,1:20,1,Éfeso,adversario,—,1,0,,0,coherente,0,,,sí,"2 Tim 2,17"
paulinas,1Tim,target,Παῦλος,Pablo,persona,1:1,1,"Macedonia (1,3)",remitente,—,1,1,,0,no comprobable,0,,,no,viaje Éfeso→Macedonia dejando a Timoteo: sin correlato en Hechos; Hch 13-28
paulinas,1Tim,target,Πιλᾶτος,Poncio Pilato,historico,6:13,1,—,mencionado,—,0,1,,1,coherente,0,,,sí,"Hch 3,13; 4,27; 13,28"
paulinas,1Tim,target,Τιμόθεος,Timoteo,persona,1:2|1:18|6:20,3,Éfeso,destinatario,hijo en la fe,1,1,,0,no comprobable,0,,,no,"Hch 19,22 lo envía a Macedonia desde Éfeso; Hch 16,1-3; 17,14-15; 18,5; 19,22; 20,4"
paulinas,2Cor,core,Ἀβραάμ,Abrahán,biblico,11:22,1,—,personaje literario,—,1,1,,1,coherente,0,,,sí,
paulinas,2Cor,core,Ἁρέτας,Aretas IV,historico,11:32,1,Damasco,mencionado,(su etnarca),0,0,,1,coherente,0,,,sí,"Hch 9,23-25 (huida de Damasco, sin nombrar a Aretas); Hch 9,23-25 no lo nombra"
paulinas,2Cor,core,Εὕα,Eva,biblico,11:3,1,—,personaje literario,—,1,1,,1,coherente,0,,,sí,
paulinas,2Cor,core,Μωϋσῆς,Moisés,biblico,3:7|3:13|3:15,3,—,personaje literario,—,1,1,,1,coherente,0,,,sí,
paulinas,2Cor,core,Παῦλος,Pablo,persona,1:1|10:1,2,Macedonia (redacción),remitente,—,1,1,,0,coherente,0,,,sí,"2 Cor 2,13; 7,5; Hch 20,1-2; Hch 13-28"
paulinas,2Cor,core,Σιλουανός,Silvano (Silas),persona,1:19,1,Corinto,mencionado,predicador con Pablo,1,1,,0,coherente,0,,,sí,"Hch 18,5; Hch 15,22-18,5 (Σιλᾶς)"
paulinas,2Cor,core,Τιμόθεος,Timoteo,persona,1:1|1:19,2,Macedonia,remitente,hermano,1,1,,0,coherente,0,,,sí,"Hch 20,4; Hch 16,1-3; 17,14-15; 18,5; 19,22; 20,4"
paulinas,2Cor,core,Τίτος,Tito,persona,2:13|7:6|7:13|7:14|8:6|8:16|8:23|12:18,9,Macedonia/Corinto,colaborador,compañero,1,0,,0,no comprobable,0,,,no,Tito no aparece en Hechos; no aparece en Hechos
paulinas,2Tes,target,Παῦλος,Pablo,persona,1:1|3:17,2,—,remitente,—,1,1,,0,coherente,0,,,sí,Hch 13-28
paulinas,2Tes,target,Σιλουανός,Silvano (Silas),persona,1:1,1,—,remitente,—,1,1,,0,coherente,0,,,sí,"1 Tes 1,1; Hch 15,22-18,5 (Σιλᾶς)"
paulinas,2Tes,target,Τιμόθεος,Timoteo,persona,1:1,1,—,remitente,—,1,1,,0,coherente,0,,,sí,"1 Tes 1,1; Hch 16,1-3; 17,14-15; 18,5; 19,22; 20,4"
paulinas,2Tim,target,Ἀλέξανδρος,Alejandro,persona,4:14,1,Éfeso,adversario,calderero,1,1,,0,coherente,0,,,sí,"1 Tim 1,20; Hch 19,33 (Alejandro, judío de Éfeso): identidad posible (juicio)"
paulinas,2Tim,target,Ἀκύλας,Aquila,persona,4:19,1,Éfeso,saludado,—,1,1,,0,coherente,0,,,sí,"Hch 18,18-19; Hch 18,2-3.18-26"
paulinas,2Tim,target,Κάρπος,Carpo,persona,4:13,1,Tróade,mencionado,(capa y libros),0,0,3,0,no comprobable,1,"PHI Greek Inscriptions (inscriptions.packhum.org), consulta 29-IX-2026","PHI: 139 apariciones del patrón «Κάρπος; ambiguo con καρπός» (todas las regiones, sin fecha)",sí,
paulinas,2Tim,target,Κλαυδία,Claudia,persona,4:21,1,Roma,saludado,—,0,0,3,0,no comprobable,1,"PHI Greek Inscriptions (inscriptions.packhum.org), consulta 29-IX-2026","PHI: 824 apariciones del patrón «Κλαυδία» (todas las regiones, sin fecha)",sí,
paulinas,2Tim,target,Κρήσκης,Crescente,persona,4:10,1,Galacia,mencionado,—,0,0,3,0,no comprobable,1,"PHI Greek Inscriptions (inscriptions.packhum.org), consulta 29-IX-2026","PHI: 70 apariciones del patrón «Κρήσκ» (todas las regiones, sin fecha)",sí,
paulinas,2Tim,target,Δαυίδ,David,biblico,2:8,1,—,personaje literario,—,1,1,,1,coherente,0,,,sí,
paulinas,2Tim,target,Δημᾶς,Demas,persona,4:10,1,Tesalónica,mencionado,desertor,1,0,,0,coherente,0,,,sí,"Col 4,14; Flm 24 (trayectoria, sin contradicción)"
paulinas,2Tim,target,Ἔραστος,Erasto,persona,4:20,1,Corinto,mencionado,—,1,1,,0,coherente,0,,,sí,"Rom 16,23; Hch 19,22; Hch 19,22"
paulinas,2Tim,target,Εὔβουλος,Eubulo,persona,4:21,1,Roma,saludado,—,0,0,3,0,no comprobable,1,"PHI Greek Inscriptions (inscriptions.packhum.org), consulta 29-IX-2026","PHI: 176 apariciones del patrón «Εὔβουλος» (todas las regiones, sin fecha)",sí,
paulinas,2Tim,target,Εὐνίκη,Eunice,persona,1:5,1,Listra,mencionado,madre de Timoteo,0,0,3,0,coherente,1,"PHI Greek Inscriptions (inscriptions.packhum.org), consulta 29-IX-2026","PHI: 111 apariciones del patrón «Εὐνίκ» (todas las regiones, sin fecha)",sí,"Hch 16,1; Hch 16,1 (sin nombre)"
paulinas,2Tim,target,Φύγελος,Figelo,persona,1:15,1,Asia,adversario,—,0,0,2,0,no comprobable,1,"PHI Greek Inscriptions (inscriptions.packhum.org), consulta 29-IX-2026","PHI: 6 apariciones del patrón «Φύγελ» (todas las regiones, sin fecha)",sí,
paulinas,2Tim,target,Φίλητος,Fileto,persona,2:17,1,—,adversario,—,0,0,3,0,no comprobable,1,"PHI Greek Inscriptions (inscriptions.packhum.org), consulta 29-IX-2026","PHI: 98 apariciones del patrón «Φίλητ» (todas las regiones, sin fecha)",sí,
paulinas,2Tim,target,Ἑρμογένης,Hermógenes,persona,1:15,1,Asia,adversario,—,0,0,3,0,no comprobable,1,"PHI Greek Inscriptions (inscriptions.packhum.org), consulta 29-IX-2026","PHI: 967 apariciones del patrón «Ἑρμογέν» (todas las regiones, sin fecha)",sí,
paulinas,2Tim,target,Ὑμέναιος,Himeneo,persona,2:17,1,—,adversario,—,1,0,,0,coherente,0,,,sí,"1 Tim 1,20"
paulinas,2Tim,target,Ἰαμβρῆς,Jambres,biblico,3:8,1,—,personaje literario,—,0,1,,1,coherente,0,,,sí,figura legendaria
paulinas,2Tim,target,Ἰάννης,Janes,biblico,3:8,1,—,personaje literario,—,0,1,,1,coherente,0,,,sí,figura legendaria (tradición judía)
paulinas,2Tim,target,Λίνος,Lino,persona,4:21,1,Roma,saludado,—,0,0,2,0,no comprobable,1,"PHI Greek Inscriptions (inscriptions.packhum.org), consulta 29-IX-2026","PHI: 7 apariciones del patrón «Λίνος (nominativo; el radical Λίν es ambiguo)» (todas las regiones, sin fecha)",sí,
paulinas,2Tim,target,Λωΐς,Loida,persona,1:5,1,Listra,mencionado,abuela de Timoteo,0,0,1,0,no comprobable,1,"PHI Greek Inscriptions (inscriptions.packhum.org), consulta 29-IX-2026","PHI: 1 apariciones del patrón «Λωΐ» (todas las regiones, sin fecha)",sí,"Hch 16,1 (madre judía creyente, sin nombre); Hch 16,1 nombra a la madre de Timoteo sin nombre"
paulinas,2Tim,target,Λουκᾶς,Lucas,persona,4:11,1,Roma,mencionado,único acompañante,1,0,,0,coherente,0,,,sí,"Col 4,14; Flm 24; no nombrado en Hechos"
paulinas,2Tim,target,Μᾶρκος,Marcos,persona,4:11,1,—,mencionado,útil para el ministerio,1,1,,0,coherente,0,,,sí,"Col 4,10; Hch 12,12.25; 13,13; 15,37-39"
paulinas,2Tim,target,Μωϋσῆς,Moisés,biblico,3:8,1,—,personaje literario,—,1,1,,1,coherente,0,,,sí,
paulinas,2Tim,target,Ὀνησίφορος,Onesíforo,persona,1:16|4:19,2,Éfeso/Roma,mencionado,(su casa),0,0,2,0,no comprobable,1,"PHI Greek Inscriptions (inscriptions.packhum.org), consulta 29-IX-2026","PHI: 47 apariciones del patrón «Ὀνησίφορ» (todas las regiones, sin fecha)",sí,
paulinas,2Tim,target,Παῦλος,Pablo,persona,1:1,1,Roma (prisión),remitente,—,1,1,,0,no comprobable,0,,,no,"2 Tim 1,17; Hch 13-28"
paulinas,2Tim,target,Πρίσκα,Prisca (Priscila),persona,4:19,1,Éfeso,saludado,—,1,1,,0,coherente,0,,,sí,"Hch 18,18-19; 1 Cor 16,19; Hch 18,2.18.26 (Πρίσκιλλα)"
paulinas,2Tim,target,Πούδης,Pudente,persona,4:21,1,Roma,saludado,—,0,0,2,0,no comprobable,1,"PHI Greek Inscriptions (inscriptions.packhum.org), consulta 29-IX-2026","PHI: 48 apariciones del patrón «Πούδ» (todas las regiones, sin fecha)",sí,
paulinas,2Tim,target,Τιμόθεος,Timoteo,persona,1:2,1,"Éfeso (4,12.19)",destinatario,hijo amado,1,1,,0,no comprobable,0,,,no,"Hch 16,1-3; 17,14-15; 18,5; 19,22; 20,4"
paulinas,2Tim,target,Τίτος,Tito,persona,4:10,1,Dalmacia,mencionado,—,1,0,,0,no comprobable,0,,,no,no aparece en Hechos
paulinas,2Tim,target,Τρόφιμος,Trófimo,persona,4:20,1,Mileto,mencionado,dejado enfermo,0,1,,0,no comprobable,0,,,no,"Hch 21,29 lo sitúa en Jerusalén con Pablo; una parada en Mileto no encaja en el último viaje de Hch 20-21 (juicio); Hch 20,4; 21,29"
paulinas,2Tim,target,Τυχικός,Tíquico,persona,4:12,1,Éfeso,mencionado,enviado,1,1,,0,coherente,0,,,sí,"Ef 6,21; Col 4,7; Hch 20,4"
paulinas,Col,target,Ἀρίσταρχος,Aristarco,persona,4:10,1,prisión,saludado,prisionero con Pablo,1,1,,0,coherente,0,,,sí,"Flm 24; Hch 19,29; 20,4; 27,2"
paulinas,Col,target,Ἄρχιππος,Arquipo,persona,4:17,1,Colosas,mencionado,ministerio,1,0,,0,coherente,0,,,sí,Flm 2
paulinas,Col,target,Βαρναβᾶς,Bernabé,persona,4:10,1,—,mencionado,primo de Marcos,1,1,,0,coherente,0,,,sí,"Hch 15,39; Hch 4,36; 9,27; 11-15"
paulinas,Col,target,Δημᾶς,Demas,persona,4:14,1,prisión,saludado,—,1,0,,0,coherente,0,,,sí,Flm 24
paulinas,Col,target,Ἐπαφρᾶς,Epafras,persona,1:7|4:12,2,Colosas,mencionado,evangelizador de Colosas,1,0,,0,coherente,0,,,sí,Flm 23
paulinas,Col,target,Ἰοῦστος,"Jesús Justo (Col 4,11)",persona,4:11,1,prisión,saludado,colaborador judío,0,0,3,0,no comprobable,1,"PHI Greek Inscriptions (inscriptions.packhum.org), consulta 29-IX-2026","PHI: 102 apariciones del patrón «Ἰοῦστ» (todas las regiones, sin fecha)",sí,"Hch 18,7 Ticio Justo es otro"
paulinas,Col,target,Λουκᾶς,Lucas,persona,4:14,1,prisión,saludado,médico,1,0,,0,coherente,0,,,sí,Flm 24; no nombrado en Hechos
paulinas,Col,target,Μᾶρκος,Marcos,persona,4:10,1,prisión,saludado,primo de Bernabé,1,1,,0,coherente,0,,,sí,"Hch 15,37-39 (Marcos con Bernabé); Flm 24; Hch 12,12.25; 13,13; 15,37-39"
paulinas,Col,target,Νύμφα,Ninfa,persona,4:15,1,Laodicea,saludado,(iglesia en su casa),0,0,3,0,no comprobable,1,"PHI Greek Inscriptions (inscriptions.packhum.org), consulta 29-IX-2026","PHI: 326 apariciones del patrón «Νύμφα; ambiguo con νύμφη» (todas las regiones, sin fecha)",sí,
paulinas,Col,target,Ὀνήσιμος,Onésimo,persona,4:9,1,Colosas,colaborador,hermano,1,0,,0,coherente,0,,,sí,Flm 10
paulinas,Col,target,Παῦλος,Pablo,persona,1:1|1:23|4:18,3,prisión,remitente,—,1,1,,0,no comprobable,0,,,no,Hch 13-28
paulinas,Col,target,Τιμόθεος,Timoteo,persona,1:1,1,—,remitente,hermano,1,1,,0,coherente,0,,,sí,"Hch 16,1-3; 17,14-15; 18,5; 19,22; 20,4"
paulinas,Col,target,Τυχικός,Tíquico,persona,4:7,1,—,colaborador,portador,1,1,,0,coherente,0,,,sí,"Ef 6,21; Hch 20,4; Hch 20,4"
paulinas,Ef,target,Παῦλος,Pablo,persona,1:1|3:1,2,prisión,remitente,—,1,1,,0,no comprobable,0,,,no,Hch 13-28
paulinas,Ef,target,Τυχικός,Tíquico,persona,6:21,1,—,colaborador,portador,1,1,,0,coherente,0,,,sí,"Col 4,7; Hch 20,4; Hch 20,4"
paulinas,Flm,core,Ἀπφία,Apia,persona,1:2,1,Colosas,destinatario,hermana,0,0,3,0,no comprobable,1,"PHI Greek Inscriptions (inscriptions.packhum.org), consulta 29-IX-2026","PHI: 164 apariciones del patrón «Ἀπφί» (todas las regiones, sin fecha)",sí,
paulinas,Flm,core,Ἀρίσταρχος,Aristarco,persona,1:24,1,prisión,saludado,colaborador,1,1,,0,coherente,0,,,sí,"Col 4,10; Hch 27,2; Hch 19,29; 20,4; 27,2"
paulinas,Flm,core,Ἄρχιππος,Arquipo,persona,1:2,1,Colosas,destinatario,compañero de armas,1,0,,0,coherente,0,,,sí,"Col 4,17"
paulinas,Flm,core,Δημᾶς,Demas,persona,1:24,1,prisión,saludado,colaborador,1,0,,0,coherente,0,,,sí,"Col 4,14"
paulinas,Flm,core,Ἐπαφρᾶς,Epafras,persona,1:23,1,prisión,saludado,prisionero con Pablo,1,0,,0,coherente,0,,,sí,"Col 1,7; 4,12"
paulinas,Flm,core,Φιλήμων,Filemón,persona,1:1,1,"Colosas (por Col 4,9.17)",destinatario,colaborador,0,0,3,0,no comprobable,1,"PHI Greek Inscriptions (inscriptions.packhum.org), consulta 29-IX-2026","PHI: 365 apariciones del patrón «Φιλήμ» (todas las regiones, sin fecha)",sí,
paulinas,Flm,core,Λουκᾶς,Lucas,persona,1:24,1,prisión,saludado,colaborador,1,0,,0,coherente,0,,,sí,"Col 4,14; no nombrado en Hechos"
paulinas,Flm,core,Μᾶρκος,Marcos,persona,1:24,1,prisión,saludado,colaborador,1,1,,0,coherente,0,,,sí,"Col 4,10; Hch 12,12.25; 13,13; 15,37-39"
paulinas,Flm,core,Ὀνήσιμος,Onésimo,persona,1:10,1,Colosas,mencionado,esclavo de Filemón,1,0,,0,coherente,0,,,sí,"Col 4,9"
paulinas,Flm,core,Παῦλος,Pablo,persona,1:1|1:9|1:19,3,prisión,remitente,—,1,1,,0,no comprobable,0,,,no,Hch 13-28
paulinas,Flm,core,Τιμόθεος,Timoteo,persona,1:1,1,—,remitente,hermano,1,1,,0,coherente,0,,,sí,"Hch 16,1-3; 17,14-15; 18,5; 19,22; 20,4"
paulinas,Flp,core,Βενιαμίν,Benjamín,biblico,3:5,1,—,personaje literario,—,1,1,,1,coherente,0,,,sí,
paulinas,Flp,core,Κλήμης,"Clemente (Flp 4,3)",persona,4:3,1,Filipos,mencionado,colaborador,0,0,3,0,no comprobable,1,"PHI Greek Inscriptions (inscriptions.packhum.org), consulta 29-IX-2026","PHI: 53 apariciones del patrón «Κλήμης» (todas las regiones, sin fecha)",sí,
paulinas,Flp,core,Ἐπαφρόδιτος,Epafrodito,persona,2:25|4:18,2,Filipos,mencionado,enviado de la iglesia,0,0,3,0,no comprobable,1,"PHI Greek Inscriptions (inscriptions.packhum.org), consulta 29-IX-2026","PHI: 157 apariciones del patrón «Ἐπαφρόδιτ» (todas las regiones, sin fecha)",sí,
paulinas,Flp,core,Εὐοδία,Evodia,persona,4:2,1,Filipos,mencionado,—,0,0,3,0,no comprobable,1,"PHI Greek Inscriptions (inscriptions.packhum.org), consulta 29-IX-2026","PHI: 57 apariciones del patrón «Εὐοδία» (todas las regiones, sin fecha)",sí,
paulinas,Flp,core,Παῦλος,Pablo,persona,1:1,1,prisión (lugar no dicho),remitente,—,1,1,,0,no comprobable,0,,,no,Hch 13-28
paulinas,Flp,core,Συντύχη,Síntique,persona,4:2,1,Filipos,mencionado,—,0,0,3,0,no comprobable,1,"PHI Greek Inscriptions (inscriptions.packhum.org), consulta 29-IX-2026","PHI: 52 apariciones del patrón «Συντύχ» (todas las regiones, sin fecha)",sí,
paulinas,Flp,core,Τιμόθεος,Timoteo,persona,1:1|2:19,2,—,remitente,hermano,1,1,,0,coherente,0,,,sí,"Hch 16,1-3; 20,4; Hch 16,1-3; 17,14-15; 18,5; 19,22; 20,4"
paulinas,Gal,core,Ἀβραάμ,Abrahán,biblico,3:6|3:7|3:8|3:9|3:14|3:16|3:18|3:29|4:22,9,—,personaje literario,—,1,1,,1,coherente,0,,,sí,
paulinas,Gal,core,Ἁγάρ,Agar,biblico,4:24|4:25,2,—,personaje literario,—,0,1,,1,coherente,0,,,sí,
paulinas,Gal,core,Βαρναβᾶς,Bernabé,persona,2:1|2:9|2:13,3,Antioquía,mencionado,compañero,1,1,,0,coherente,0,,,sí,"Hch 11-15; Hch 4,36; 9,27; 11-15"
paulinas,Gal,core,Κηφᾶς,Cefas (Pedro),persona,1:18|2:9|2:11|2:14,4,Jerusalén/Antioquía,mencionado,apóstol,1,1,,0,coherente,0,,,sí,Hch 15; cronología discutida; Hch 1-15 (Πέτρος)
paulinas,Gal,core,Ἰσαάκ,Isaac,biblico,4:28,1,—,personaje literario,—,1,1,,1,coherente,0,,,sí,
paulinas,Gal,core,Ἰωάννης,Juan (apóstol),persona,2:9,1,Jerusalén,mencionado,columna,0,1,,0,coherente,0,,,sí,"Hch 3-4; 8,14; Hch 3-4; 8,14"
paulinas,Gal,core,Παῦλος,Pablo,persona,1:1|5:2,2,—,remitente,—,1,1,,0,coherente,0,,,sí,Hch 13-28
paulinas,Gal,core,Πέτρος,Pedro,persona,2:7|2:8,2,—,mencionado,apóstol,0,1,,0,coherente,0,,,sí,Hch 1-15
paulinas,Gal,core,Ἰάκωβος,Santiago (hermano del Señor),persona,1:19|2:9|2:12,3,Jerusalén,mencionado,hermano del Señor,1,1,,0,coherente,0,,,sí,"Hch 15,13; Hch 12,17; 15,13; 21,18"
paulinas,Gal,core,Τίτος,Tito,persona,2:1|2:3,2,Jerusalén,mencionado,compañero,1,0,,0,no comprobable,0,,,no,no aparece en Hechos
paulinas,Heb,target,Ἀαρών,Aarón,biblico,5:4|7:11|9:4,3,—,personaje literario,—,0,1,,1,coherente,0,,,sí,
paulinas,Heb,target,Ἅβελ,Abel,biblico,11:4|12:24,2,—,personaje literario,—,0,1,,1,coherente,0,,,sí,
paulinas,Heb,target,Ἀβραάμ,Abrahán,biblico,2:16|6:13|7:1|7:2|7:4|7:5|7:6|7:9|11:8|11:17,10,—,personaje literario,—,1,1,,1,coherente,0,,,sí,
paulinas,Heb,target,Βαράκ,Barac,biblico,11:32,1,—,personaje literario,—,0,1,,1,coherente,0,,,sí,
paulinas,Heb,target,Κάϊν,Caín,biblico,11:4,1,—,personaje literario,—,0,1,,1,coherente,0,,,sí,
paulinas,Heb,target,Δαυίδ,David,biblico,4:7|11:32,2,—,personaje literario,—,1,1,,1,coherente,0,,,sí,
paulinas,Heb,target,Ἠσαῦ,Esaú,biblico,11:20|12:16,2,—,personaje literario,—,1,1,,1,coherente,0,,,sí,
paulinas,Heb,target,Φαραώ,Faraón,biblico,11:24,1,—,personaje literario,—,1,1,,1,coherente,0,,,sí,
paulinas,Heb,target,Γεδεών,Gedeón,biblico,11:32,1,—,personaje literario,—,0,1,,1,coherente,0,,,sí,
paulinas,Heb,target,Ἑνώχ,Henoc,biblico,11:5,1,—,personaje literario,—,0,1,,1,coherente,0,,,sí,
paulinas,Heb,target,Ἰσαάκ,Isaac,biblico,11:9|11:17|11:18|11:20,4,—,personaje literario,—,1,1,,1,coherente,0,,,sí,
paulinas,Heb,target,Ἰακώβ,Jacob,biblico,11:9|11:20|11:21,3,—,personaje literario,—,1,1,,1,coherente,0,,,sí,
paulinas,Heb,target,Ἰεφθάε,Jefté,biblico,11:32,1,—,personaje literario,—,0,1,,1,coherente,0,,,sí,
paulinas,Heb,target,Ἰωσήφ,José,biblico,11:21|11:22,2,—,personaje literario,—,0,1,,1,coherente,0,,,sí,
paulinas,Heb,target,Ἰούδας,Judá,biblico,7:14|8:8,2,—,personaje literario,—,0,1,,1,coherente,0,,,sí,
paulinas,Heb,target,Λευί,Leví,biblico,7:5|7:9,2,—,personaje literario,—,0,1,,1,coherente,0,,,sí,
paulinas,Heb,target,Μελχισέδεκ,Melquisedec,biblico,5:6|5:10|6:20|7:1|7:10|7:11|7:15|7:17,8,—,personaje literario,—,0,1,,1,coherente,0,,,sí,
paulinas,Heb,target,Μωϋσῆς,Moisés,biblico,3:2|3:3|3:5|3:16|7:14|8:5|9:19|10:28|11:23|11:24|12:21,11,—,personaje literario,—,1,1,,1,coherente,0,,,sí,
paulinas,Heb,target,Νῶε,Noé,biblico,11:7,1,—,personaje literario,—,0,1,,1,coherente,0,,,sí,
paulinas,Heb,target,Ῥαάβ,Rahab,biblico,11:31,1,—,personaje literario,—,0,1,,1,coherente,0,,,sí,
paulinas,Heb,target,Σαμουήλ,Samuel,biblico,11:32,1,—,personaje literario,—,0,1,,1,coherente,0,,,sí,
paulinas,Heb,target,Σαμψών,Sansón,biblico,11:32,1,—,personaje literario,—,0,1,,1,coherente,0,,,sí,
paulinas,Heb,target,Σάρρα,Sara,biblico,11:11,1,—,personaje literario,—,1,1,,1,coherente,0,,,sí,
paulinas,Heb,target,Τιμόθεος,Timoteo,persona,13:23,1,—,mencionado,hermano liberado,1,1,,0,no comprobable,0,,,no,"Heb 13,23; Hch 16,1-3; 17,14-15; 18,5; 19,22; 20,4"
paulinas,Rom,core,Ἀβραάμ,Abrahán,biblico,4:1|4:2|4:3|4:9|4:12|4:13|4:16|9:7|11:1,9,—,personaje literario,—,1,1,,1,coherente,0,,,sí,
paulinas,Rom,core,Ἀδάμ,Adán,biblico,5:14,2,—,personaje literario,—,1,1,,1,coherente,0,,,sí,
paulinas,Rom,core,Ἀμπλιᾶτος,Ampliato,persona,16:8,1,Roma,saludado,amado,0,0,2,0,no comprobable,1,"PHI Greek Inscriptions (inscriptions.packhum.org), consulta 29-IX-2026","PHI: 6 apariciones del patrón «Ἀμπλιᾶτ» (todas las regiones, sin fecha)",sí,
paulinas,Rom,core,Ἀνδρόνικος,Andrónico,persona,16:7,1,Roma,saludado,"pariente, prisionero con Pablo",0,0,3,0,no comprobable,1,"PHI Greek Inscriptions (inscriptions.packhum.org), consulta 29-IX-2026","PHI: 443 apariciones del patrón «Ἀνδρόνικ» (todas las regiones, sin fecha)",sí,
paulinas,Rom,core,Ἀπελλῆς,Apeles,persona,16:10,1,Roma,saludado,—,0,0,3,0,no comprobable,1,"PHI Greek Inscriptions (inscriptions.packhum.org), consulta 29-IX-2026","PHI: 134 apariciones del patrón «Ἀπελλῆ» (todas las regiones, sin fecha)",sí,
paulinas,Rom,core,Ἀκύλας,Aquila,persona,16:3,1,Roma,saludado,colaborador,1,1,,0,coherente,0,,,sí,"Hch 18,2; Hch 18,2-3.18-26"
paulinas,Rom,core,Ἀριστόβουλος,Aristóbulo,persona,16:10,1,Roma,mencionado,(su casa),0,0,3,0,no comprobable,1,"PHI Greek Inscriptions (inscriptions.packhum.org), consulta 29-IX-2026","PHI: 297 apariciones del patrón «Ἀριστόβουλ» (todas las regiones, sin fecha)",sí,
paulinas,Rom,core,Ἀσύγκριτος,Asíncrito,persona,16:14,1,Roma,saludado,—,0,0,1,0,no comprobable,1,"PHI Greek Inscriptions (inscriptions.packhum.org), consulta 29-IX-2026","PHI: 1 apariciones del patrón «Ἀσυγκριτ» (todas las regiones, sin fecha)",sí,
paulinas,Rom,core,Βενιαμίν,Benjamín,biblico,11:1,1,—,personaje literario,—,1,1,,1,coherente,0,,,sí,
paulinas,Rom,core,Κούαρτος,Cuarto,persona,16:23,1,Corinto,mencionado,hermano,0,0,2,0,no comprobable,1,"PHI Greek Inscriptions (inscriptions.packhum.org), consulta 29-IX-2026","PHI: 14 apariciones del patrón «Κούαρτ» (todas las regiones, sin fecha)",sí,
paulinas,Rom,core,Δαυίδ,David,biblico,1:3|4:6|11:9,3,—,personaje literario,—,1,1,,1,coherente,0,,,sí,
paulinas,Rom,core,Ἠλίας,Elías,biblico,11:2,1,—,personaje literario,—,0,1,,1,coherente,0,,,sí,
paulinas,Rom,core,Ἐπαίνετος,Epéneto,persona,16:5,1,Roma (procedente de Asia),saludado,primicia de Asia,0,0,3,0,coherente,1,"PHI Greek Inscriptions (inscriptions.packhum.org), consulta 29-IX-2026","PHI: 98 apariciones del patrón «Ἐπαίνετ» (todas las regiones, sin fecha)",sí,Pablo en Asia (Hch 19)
paulinas,Rom,core,Ἔραστος,Erasto,persona,16:23,1,Corinto,mencionado,tesorero de la ciudad,1,1,,0,coherente,0,,,sí,"Hch 19,22; 2 Tim 4,20 lo deja en Corinto; Hch 19,22"
paulinas,Rom,core,Ἠσαῦ,Esaú,biblico,9:13,1,—,personaje literario,—,1,1,,1,coherente,0,,,sí,
paulinas,Rom,core,Στάχυς,Estaquis,persona,16:9,1,Roma,saludado,amado,0,0,2,0,no comprobable,1,"PHI Greek Inscriptions (inscriptions.packhum.org), consulta 29-IX-2026","PHI: 38 apariciones del patrón «Στάχυ» (todas las regiones, sin fecha)",sí,
paulinas,Rom,core,Φαραώ,Faraón,biblico,9:17,1,—,personaje literario,—,1,1,,1,coherente,0,,,sí,
paulinas,Rom,core,Φοίβη,Febe,persona,16:1,1,Cencreas,mencionado,"diaconisa, patrona",0,0,2,0,coherente,1,"PHI Greek Inscriptions (inscriptions.packhum.org), consulta 29-IX-2026","PHI: 47 apariciones del patrón «Φοίβη» (todas las regiones, sin fecha)",sí,"Hch 18,18 sitúa a Pablo en Cencreas"
paulinas,Rom,core,Φιλόλογος,Filólogo,persona,16:15,1,Roma,saludado,—,0,0,2,0,no comprobable,1,"PHI Greek Inscriptions (inscriptions.packhum.org), consulta 29-IX-2026","PHI: 19 apariciones del patrón «Φιλόλογ» (todas las regiones, sin fecha)",sí,
paulinas,Rom,core,Φλέγων,Flegonte,persona,16:14,1,Roma,saludado,—,0,0,2,0,no comprobable,1,"PHI Greek Inscriptions (inscriptions.packhum.org), consulta 29-IX-2026","PHI: 6 apariciones del patrón «Φλέγων» (todas las regiones, sin fecha)",sí,
paulinas,Rom,core,Γάϊος,Gayo,persona,16:23,1,Corinto,mencionado,hospedador de Pablo,1,1,,0,coherente,0,,,sí,"1 Cor 1,14: Gayo bautizado por Pablo en Corinto; Hch 19,29 (Gayo de Macedonia); 20,4 (Gayo de Derbe): identidades distintas; el de Rom/1 Cor es de Corinto (juicio)"
paulinas,Rom,core,Ἑρμᾶς,Hermas,persona,16:14,1,Roma,saludado,—,0,0,3,0,no comprobable,1,"PHI Greek Inscriptions (inscriptions.packhum.org), consulta 29-IX-2026","PHI: 392 apariciones del patrón «Ἑρμᾶ» (todas las regiones, sin fecha)",sí,
paulinas,Rom,core,Ἑρμῆς,"Hermes (Rom 16,14)",persona,16:14,1,Roma,saludado,—,0,0,3,0,no comprobable,1,"PHI Greek Inscriptions (inscriptions.packhum.org), consulta 29-IX-2026","PHI: 378 apariciones del patrón «Ἑρμῆς; ambiguo con el dios» (todas las regiones, sin fecha)",sí,
paulinas,Rom,core,Ἡρῳδίων,Herodión,persona,16:11,1,Roma,saludado,pariente,0,0,1,0,no comprobable,1,"PHI Greek Inscriptions (inscriptions.packhum.org), consulta 29-IX-2026","PHI: 1 apariciones del patrón «Ἡρωδίων» (todas las regiones, sin fecha)",sí,
paulinas,Rom,core,Ἰσαάκ,Isaac,biblico,9:7|9:10,2,—,personaje literario,—,1,1,,1,coherente,0,,,sí,
paulinas,Rom,core,Ἠσαΐας,Isaías,biblico,9:27|9:29|10:16|10:20|15:12,5,—,personaje literario,—,0,1,,1,coherente,0,,,sí,
paulinas,Rom,core,Ἰακώβ,Jacob,biblico,9:13|11:26,2,—,personaje literario,—,1,1,,1,coherente,0,,,sí,
paulinas,Rom,core,Ἰάσων,Jasón,persona,16:21,1,Corinto,colaborador,pariente,0,1,,0,coherente,0,,,sí,"Hch 17,5-9 (Tesalónica); Hch 20,4 menciona a tesalonicenses con Pablo; Hch 17,5-9 (Jasón de Tesalónica): identidad probable (juicio)"
paulinas,Rom,core,Ἰεσσαί,Jesé,biblico,15:12,1,—,personaje literario,—,0,1,,1,coherente,0,,,sí,
paulinas,Rom,core,Ἰουλία,Julia,persona,16:15,1,Roma,saludado,—,0,0,3,0,no comprobable,1,"PHI Greek Inscriptions (inscriptions.packhum.org), consulta 29-IX-2026","PHI: 2523 apariciones del patrón «Ἰουλί» (todas las regiones, sin fecha)",sí,
paulinas,Rom,core,Ἰουνία,Junia,persona,16:7,1,Roma,saludado,"pariente, prisionera con Pablo",0,0,3,0,no comprobable,1,"PHI Greek Inscriptions (inscriptions.packhum.org), consulta 29-IX-2026","PHI: 227 apariciones del patrón «Ἰουνί» (todas las regiones, sin fecha)",sí,
paulinas,Rom,core,Λούκιος,Lucio,persona,16:21,1,Corinto,colaborador,pariente,0,0,3,0,no comprobable,1,"PHI Greek Inscriptions (inscriptions.packhum.org), consulta 29-IX-2026","PHI: 890 apariciones del patrón «Λούκιος» (todas las regiones, sin fecha)",sí,"Hch 13,1 Lucio de Cirene: identidad dudosa (juicio)"
paulinas,Rom,core,Μαριάμ,"María (Rom 16,6)",persona,16:6,1,Roma,saludado,—,0,0,2,0,no comprobable,1,"PHI Greek Inscriptions (inscriptions.packhum.org), consulta 29-IX-2026","PHI: 14 apariciones del patrón «Μαριάμ» (todas las regiones, sin fecha)",sí,"la María de Hch 12,12 es otra"
paulinas,Rom,core,Μωϋσῆς,Moisés,biblico,5:14|9:15|10:5|10:19,4,—,personaje literario,—,1,1,,1,coherente,0,,,sí,
paulinas,Rom,core,Νάρκισσος,Narciso,persona,16:11,1,Roma,mencionado,(su casa),0,0,3,0,no comprobable,1,"PHI Greek Inscriptions (inscriptions.packhum.org), consulta 29-IX-2026","PHI: 55 apariciones del patrón «Νάρκισσος» (todas las regiones, sin fecha)",sí,
paulinas,Rom,core,Νηρεύς,Nereo,persona,16:15,1,Roma,saludado,(y su hermana),0,0,2,0,no comprobable,1,"PHI Greek Inscriptions (inscriptions.packhum.org), consulta 29-IX-2026","PHI: 8 apariciones del patrón «Νηρεύ» (todas las regiones, sin fecha)",sí,
paulinas,Rom,core,Ὀλυμπᾶς,Olimpas,persona,16:15,1,Roma,saludado,—,0,0,2,0,no comprobable,1,"PHI Greek Inscriptions (inscriptions.packhum.org), consulta 29-IX-2026","PHI: 11 apariciones del patrón «Ὀλυμπᾶ» (todas las regiones, sin fecha)",sí,
paulinas,Rom,core,Ὡσηέ,Oseas,biblico,9:25,1,—,personaje literario,—,0,1,,1,coherente,0,,,sí,
paulinas,Rom,core,Παῦλος,Pablo,persona,1:1,1,Corinto (redacción),remitente,—,1,1,,0,coherente,0,,,sí,"Rom 15,25-26: viaje a Jerusalén con la colecta, coherente con Hch 20,3-21,17; Hch 13-28"
paulinas,Rom,core,Πατροβᾶς,Patrobas,persona,16:14,1,Roma,saludado,—,0,0,2,0,no comprobable,1,"PHI Greek Inscriptions (inscriptions.packhum.org), consulta 29-IX-2026","PHI: 12 apariciones del patrón «Πατροβ» (todas las regiones, sin fecha)",sí,
paulinas,Rom,core,Πρίσκα,Prisca (Priscila),persona,16:3,1,Roma,saludado,colaboradora,1,1,,0,coherente,0,,,sí,"Hch 18,2: expulsados de Roma por Claudio; regreso a Roma plausible tras 54; Hch 18,2.18.26 (Πρίσκιλλα)"
paulinas,Rom,core,Περσίς,Pérside,persona,16:12,1,Roma,saludado,amada,0,0,2,0,no comprobable,1,"PHI Greek Inscriptions (inscriptions.packhum.org), consulta 29-IX-2026","PHI: 24 apariciones del patrón «Περσίδ» (todas las regiones, sin fecha)",sí,
paulinas,Rom,core,Ῥεβέκκα,Rebeca,biblico,9:10,1,—,personaje literario,—,0,1,,1,coherente,0,,,sí,
paulinas,Rom,core,Ῥοῦφος,Rufo,persona,16:13,1,Roma,saludado,(y su madre),0,0,3,0,no comprobable,1,"PHI Greek Inscriptions (inscriptions.packhum.org), consulta 29-IX-2026","PHI: 524 apariciones del patrón «Ῥοῦφ» (todas las regiones, sin fecha)",sí,"Mc 15,21 (Rufo hijo de Simón de Cirene): identidad no comprobable"
paulinas,Rom,core,Σάρρα,Sara,biblico,4:19|9:9,2,—,personaje literario,—,1,1,,1,coherente,0,,,sí,
paulinas,Rom,core,Σωσίπατρος,Sosípatro,persona,16:21,1,Corinto,colaborador,pariente,0,1,,0,coherente,0,,,sí,"Hch 20,4 Sópatro de Berea con Pablo; Hch 20,4 Σώπατρος de Berea: identidad probable (juicio)"
paulinas,Rom,core,Τέρτιος,Tercio,persona,16:22,1,Corinto,colaborador,amanuense,0,0,3,0,no comprobable,1,"PHI Greek Inscriptions (inscriptions.packhum.org), consulta 29-IX-2026","PHI: 58 apariciones del patrón «Τέρτι» (todas las regiones, sin fecha)",sí,
paulinas,Rom,core,Τιμόθεος,Timoteo,persona,16:21,1,Corinto,colaborador,colaborador,1,1,,0,coherente,0,,,sí,"Hch 20,4: Timoteo con Pablo en Grecia; Hch 16,1-3; 17,14-15; 18,5; 19,22; 20,4"
paulinas,Rom,core,Τρύφαινα,Trifena,persona,16:12,1,Roma,saludado,—,0,0,3,0,no comprobable,1,"PHI Greek Inscriptions (inscriptions.packhum.org), consulta 29-IX-2026","PHI: 84 apariciones del patrón «Τρύφαιν» (todas las regiones, sin fecha)",sí,
paulinas,Rom,core,Τρυφῶσα,Trifosa,persona,16:12,1,Roma,saludado,—,0,0,2,0,no comprobable,1,"PHI Greek Inscriptions (inscriptions.packhum.org), consulta 29-IX-2026","PHI: 44 apariciones del patrón «Τρυφῶσ» (todas las regiones, sin fecha)",sí,
paulinas,Rom,core,Οὐρβανός,Urbano,persona,16:9,1,Roma,saludado,colaborador,0,0,2,0,no comprobable,1,"PHI Greek Inscriptions (inscriptions.packhum.org), consulta 29-IX-2026","PHI: 32 apariciones del patrón «Οὐρβαν» (todas las regiones, sin fecha)",sí,
paulinas,Tit,target,Ἀπολλῶς,Apolo,persona,3:13,1,Creta,mencionado,—,1,1,,0,no comprobable,0,,,no,"Hch 18-19 lo sitúa en Éfeso y Corinto; Hch 18,24-19,1"
paulinas,Tit,target,Ἀρτεμᾶς,Artemas,persona,3:12,1,—,mencionado,enviado,0,0,3,0,no comprobable,1,"PHI Greek Inscriptions (inscriptions.packhum.org), consulta 29-IX-2026","PHI: 251 apariciones del patrón «Ἀρτεμᾶ» (todas las regiones, sin fecha)",sí,
paulinas,Tit,target,Παῦλος,Pablo,persona,1:1,1,—,remitente,—,1,1,,0,no comprobable,0,,,no,"Tit 1,5 (Creta) y 3,12 (Nicópolis): sin correlato en Hechos; Hch 13-28"
paulinas,Tit,target,Τίτος,Tito,persona,1:4,1,Creta,destinatario,hijo,1,0,,0,no comprobable,0,,,no,no aparece en Hechos
paulinas,Tit,target,Τυχικός,Tíquico,persona,3:12,1,—,mencionado,enviado,1,1,,0,coherente,0,,,sí,"Hch 20,4"
paulinas,Tit,target,Ζηνᾶς,Zenas,persona,3:13,1,Creta,mencionado,jurista,0,0,3,0,no comprobable,1,"PHI Greek Inscriptions (inscriptions.packhum.org), consulta 29-IX-2026","PHI: 64 apariciones del patrón «Ζηνᾶ» (todas las regiones, sin fecha)",sí,
HechosPablo,APTh,spurious,παῦλοσ,Pablo,historico,APTh 1,,Iconio,personaje literario,protagonista,1,1,,1,coherente,0,Lipsius-Bonnet 1891; James 1924,,sí,protagonista de la obra
HechosPablo,APTh,spurious,δημᾶσ,Demas,persona,APTh 1,,Iconio,adversario,compañero hipócrita,1,0,,0,coherente,0,Lipsius-Bonnet 1891; James 1924,,sí,"nombre tomado de Col 4,14; Flm 24; 2 Tim 4,10"
HechosPablo,APTh,spurious,ἑρμογένησ,Hermógenes,persona,APTh 1,,Iconio,adversario,calderero,1,0,,0,coherente,0,Lipsius-Bonnet 1891; James 1924,,sí,"nombre tomado de 2 Tim 1,15 (y «calderero» de Alejandro, 2 Tim 4,14)"
HechosPablo,APTh,spurious,ὀνησιφόροσ,Onesíforo,persona,APTh 2,,Iconio,mencionado,hospedador,1,0,,0,coherente,0,Lipsius-Bonnet 1891; James 1924,,sí,"nombre tomado de 2 Tim 1,16; 4,19"
HechosPablo,APTh,spurious,λέκτρα,Lectra,persona,APTh 2,,Iconio,mencionado,esposa de Onesíforo,0,0,0,0,no comprobable,1,"PHI Greek Inscriptions (inscriptions.packhum.org), consulta 29-IX-2026","PHI: 0 apariciones del patrón «Λέκτρ» (todas las regiones, sin fecha)",sí,
HechosPablo,APTh,spurious,σιμμίασ,Simias,persona,APTh 2,,Iconio,mencionado,hijo de Onesíforo,0,0,2,0,no comprobable,1,"PHI Greek Inscriptions (inscriptions.packhum.org), consulta 29-IX-2026","PHI: 49 apariciones del patrón «Σιμμία» (todas las regiones, sin fecha)",sí,
HechosPablo,APTh,spurious,ζήνων,Zenón,persona,APTh 2,,Iconio,mencionado,hijo de Onesíforo,0,0,3,0,no comprobable,1,"PHI Greek Inscriptions (inscriptions.packhum.org), consulta 29-IX-2026","PHI: 1184 apariciones del patrón «Ζήνων» (todas las regiones, sin fecha)",sí,
HechosPablo,APTh,spurious,τίτοσ,Tito,persona,APTh 2,,—,mencionado,informante,1,0,,0,coherente,0,Lipsius-Bonnet 1891; James 1924,,sí,nombre tomado de las cartas
HechosPablo,APTh,spurious,θέκλα,Tecla,persona,APTh 7,,Iconio,personaje literario,protagonista,0,0,3,0,no comprobable,1,"PHI Greek Inscriptions (inscriptions.packhum.org), consulta 29-IX-2026","PHI: 77 apariciones del patrón «Θέκλ» (todas las regiones, sin fecha)",sí,
HechosPablo,APTh,spurious,θεοκλεία,Teoclía,persona,APTh 7,,Iconio,mencionado,madre de Tecla,0,0,3,0,no comprobable,1,"PHI Greek Inscriptions (inscriptions.packhum.org), consulta 29-IX-2026","PHI: 62 apariciones del patrón «Θεοκλεί» (todas las regiones, sin fecha)",sí,
HechosPablo,APTh,spurious,θάμυρισ,Tamiris,persona,APTh 7,,Iconio,adversario,prometido de Tecla,0,0,2,0,no comprobable,1,"PHI Greek Inscriptions (inscriptions.packhum.org), consulta 29-IX-2026","PHI: 6 apariciones del patrón «Θάμυρι» (todas las regiones, sin fecha)",sí,nombre del mito (Tamiris)
HechosPablo,APTh,spurious,καστέλιοσ,Castelio,persona,APTh 14,,Iconio,mencionado,gobernador,0,0,0,0,no comprobable,1,"PHI Greek Inscriptions (inscriptions.packhum.org), consulta 29-IX-2026","PHI: 0 apariciones del patrón «Καστέλι» (todas las regiones, sin fecha)",sí,
HechosPablo,APTh,spurious,ἀλέξανδροσ,Alejandro,persona,APTh 26,,Antioquía,adversario,siriarca,1,1,,0,no comprobable,0,Lipsius-Bonnet 1891; James 1924,,sí,"nombre común; en 2 Tim 4,14 Alejandro es adversario"
HechosPablo,APTh,spurious,τρύφαινα,Trifena,persona,APTh 27,,Antioquía,mencionado,"reina, protectora",1,0,,0,incoherente,0,Lipsius-Bonnet 1891; James 1924,,sí,"Rom 16,12 saluda a una Trifena en Roma; la reina Trifena (viuda de Cotis) es personaje histórico de Tracia/Ponto, situado en Antioquía"
HechosPablo,APTh,spurious,φαλκονίλλα,Falconila,persona,APTh 28,,Antioquía,mencionado,hija difunta de Trifena,0,0,0,0,no comprobable,1,"PHI Greek Inscriptions (inscriptions.packhum.org), consulta 29-IX-2026","PHI: 0 apariciones del patrón «Φαλκονίλλ» (todas las regiones, sin fecha)",sí,
HechosPablo,APTh,spurious,ἑρμίασ,Hermias,persona,APTh 41,,Mira,mencionado,hospedador,0,0,3,0,no comprobable,1,"PHI Greek Inscriptions (inscriptions.packhum.org), consulta 29-IX-2026","PHI: 492 apariciones del patrón «Ἑρμία» (todas las regiones, sin fecha)",sí,
