coleccion,documento,estado,autor,clave,formas,n_menciones,n_minusculas_en_coleccion,n_minusculas_en_corpus,refs,candidato
1Clem,1Clem,genuine,Clemente Romano,αἰγύπτιον,Αἰγύπτιον,1,0,0,4:10,sí
1Clem,1Clem,genuine,Clemente Romano,αἰγύπτου,Αἰγύπτου,5,0,0,4:10|25:3|51:5|53:2,sí
1Clem,1Clem,genuine,Clemente Romano,αἴγυπτον,Αἴγυπτον,1,0,1,17:5,dudoso
1Clem,1Clem,genuine,Clemente Romano,αὐξάνεσθε,Αὐξάνεσθε,1,0,1,33:6,dudoso
1Clem,1Clem,genuine,Clemente Romano,αὕτη,Αὕτη,1,5,717,36:1,no
1Clem,1Clem,genuine,Clemente Romano,βίτωνα,Βίτωνα,1,0,0,65:1,sí
1Clem,1Clem,genuine,Clemente Romano,γέγραπται,Γέγραπται,1,10,154,4:1,no
1Clem,1Clem,genuine,Clemente Romano,γινώσκουσα,Γινώσκουσα,1,0,4,12:5,no
1Clem,1Clem,genuine,Clemente Romano,δίκαιον,Δίκαιον,1,2,448,14:1,no
1Clem,1Clem,genuine,Clemente Romano,δίρκαι,Δίρκαι,1,0,0,6:2,sí
1Clem,1Clem,genuine,Clemente Romano,δαθάν,Δαθὰν,1,0,0,4:12,sí
1Clem,1Clem,genuine,Clemente Romano,δαναΐδεσ,Δαναΐδες,1,0,0,6:2,sí
1Clem,1Clem,genuine,Clemente Romano,δανιήλ,Δανιὴλ,1,0,0,45:6,sí
1Clem,1Clem,genuine,Clemente Romano,δαυείδ,Δαυείδ|Δαυεὶδ,4,0,0,4:13|18:1|52:2,sí
1Clem,1Clem,genuine,Clemente Romano,δεῦτε,Δεῦτε,1,1,28,22:1,no
1Clem,1Clem,genuine,Clemente Romano,διά,Διὰ,3,66,9351,1:1|11:1|12:1,no
1Clem,1Clem,genuine,Clemente Romano,διέλθωμεν,Διέλθωμεν,1,1,5,4:6,no
1Clem,1Clem,genuine,Clemente Romano,διό,Διὸ,1,2,698,9:1,no
1Clem,1Clem,genuine,Clemente Romano,εἰ,Εἰ,1,14,10237,54:2,no
1Clem,1Clem,genuine,Clemente Romano,εἰσέλθετε,Εἰσέλθετε,1,0,1,50:4,dudoso
1Clem,1Clem,genuine,Clemente Romano,εἰσῆλθον,Εἰσῆλθον,1,1,28,12:4,no
1Clem,1Clem,genuine,Clemente Romano,εἶδον,Εἶδον,1,0,197,14:5,no
1Clem,1Clem,genuine,Clemente Romano,εὗρον,Εὗρον,1,1,171,18:1,no
1Clem,1Clem,genuine,Clemente Romano,ζῶ,Ζῶ,1,0,11,8:2,no
1Clem,1Clem,genuine,Clemente Romano,θεμιτόν,Θεμιτὸν,1,0,38,63:1,no
1Clem,1Clem,genuine,Clemente Romano,θεόσ,Θεὸς,1,23,2683,30:2,no
1Clem,1Clem,genuine,Clemente Romano,θῦσον,Θῦσον,1,0,3,52:3,no
1Clem,1Clem,genuine,Clemente Romano,κάθου,Κάθου,1,0,2,36:5,dudoso
1Clem,1Clem,genuine,Clemente Romano,κάϊν,Κάϊν,6,0,1,4:1|4:2|4:3|4:4|4:6,dudoso
1Clem,1Clem,genuine,Clemente Romano,καί,Καὶ,6,678,157796,4:1|26:2|26:3|43:1|44:1|56:1,no
1Clem,1Clem,genuine,Clemente Romano,κατάβηθι,Κατάβηθι,1,0,6,53:2,no
1Clem,1Clem,genuine,Clemente Romano,κατανοήσωμεν,Κατανοήσωμεν,1,2,15,24:1,no
1Clem,1Clem,genuine,Clemente Romano,καταστήσω,Καταστήσω,1,0,5,42:5,no
1Clem,1Clem,genuine,Clemente Romano,κηφᾶ,Κηφᾶ,1,0,0,47:3,sí
1Clem,1Clem,genuine,Clemente Romano,κλαύδιον,Κλαύδιον,1,0,0,65:1,sí
1Clem,1Clem,genuine,Clemente Romano,κολληθῶμεν,Κολληθῶμεν,1,4,8,31:1,no
1Clem,1Clem,genuine,Clemente Romano,κολλᾶσθε,Κολλᾶσθε,1,0,1,46:2,dudoso
1Clem,1Clem,genuine,Clemente Romano,κορινθίων,Κορινθίων,1,0,0,47:6,sí
1Clem,1Clem,genuine,Clemente Romano,κόρινθον,Κόρινθον,1,0,0,0:1,sí
1Clem,1Clem,genuine,Clemente Romano,κύριε,Κύριε,1,5,237,16:3,no
1Clem,1Clem,genuine,Clemente Romano,λαβάν,Λαβὰν,1,0,1,31:4,dudoso
1Clem,1Clem,genuine,Clemente Romano,λελάληκα,Λελάληκα,1,0,6,53:3,no
1Clem,1Clem,genuine,Clemente Romano,λευΐταισ,Λευΐταις,1,0,0,40:5,sí
1Clem,1Clem,genuine,Clemente Romano,λευῖται,Λευῖται,1,0,0,32:2,sí
1Clem,1Clem,genuine,Clemente Romano,λιβάνου,Λιβάνου,1,1,6,14:5,no
1Clem,1Clem,genuine,Clemente Romano,λοιπόν,Λοιπὸν,1,0,506,64:1,no
1Clem,1Clem,genuine,Clemente Romano,λούσασθε,Λούσασθε,1,0,3,8:4,no
1Clem,1Clem,genuine,Clemente Romano,λώτ,Λὼτ,2,0,0,10:4|11:1,sí
1Clem,1Clem,genuine,Clemente Romano,μέγα,Μέγα,1,5,686,26:1,no
1Clem,1Clem,genuine,Clemente Romano,μή,Μὴ,1,43,15198,13:1,no
1Clem,1Clem,genuine,Clemente Romano,μακάριοι,Μακάριοι,1,3,44,50:6,no
1Clem,1Clem,genuine,Clemente Romano,μακάριοσ,Μακάριος,1,2,79,56:6,no
1Clem,1Clem,genuine,Clemente Romano,μαριάμ,Μαριὰμ,1,0,0,4:11,sí
1Clem,1Clem,genuine,Clemente Romano,μετά,Μετὰ,1,18,4310,46:3,no
1Clem,1Clem,genuine,Clemente Romano,μετανοήσατε,Μετανοήσατε,1,0,1,8:3,dudoso
1Clem,1Clem,genuine,Clemente Romano,μηδαμῶσ,Μηδαμῶς,1,0,81,53:4,no
1Clem,1Clem,genuine,Clemente Romano,μιμηταί,Μιμηταὶ,1,0,30,17:1,no
1Clem,1Clem,genuine,Clemente Romano,μισαήλ,Μισαὴλ,1,0,0,45:7,sí
1Clem,1Clem,genuine,Clemente Romano,μωϋσέωσ,Μωϋσέως,2,0,0,51:5|53:2,sí
1Clem,1Clem,genuine,Clemente Romano,μωϋσῆν,Μωϋσῆν,3,0,0,4:10|4:12|51:3,sí
1Clem,1Clem,genuine,Clemente Romano,μωϋσῆσ,Μωϋσῆς,4,0,3,17:5|43:1|43:6|53:4,no
1Clem,1Clem,genuine,Clemente Romano,μύριαι,Μύριαι,1,0,4,34:6,no
1Clem,1Clem,genuine,Clemente Romano,ναυή,Ναυὴ,1,0,0,12:2,sí
1Clem,1Clem,genuine,Clemente Romano,νινευΐταισ,Νινευΐταις,1,0,0,7:7,sí
1Clem,1Clem,genuine,Clemente Romano,νῶε,Νῶε,2,0,3,7:6|9:4,no
1Clem,1Clem,genuine,Clemente Romano,οἱ,Οἱ,3,55,11593,8:1|20:1|42:1,no
1Clem,1Clem,genuine,Clemente Romano,οὐαί,Οὐαὶ,1,0,39,46:8,no
1Clem,1Clem,genuine,Clemente Romano,οὐαλέριον,Οὐαλέριον,1,0,0,65:1,sí
1Clem,1Clem,genuine,Clemente Romano,οὐδείσ,Οὐδεὶς,1,1,876,17:4,no
1Clem,1Clem,genuine,Clemente Romano,οὐκ,Οὐκ,1,36,11914,39:3,no
1Clem,1Clem,genuine,Clemente Romano,οὗτοσ,Οὗτος,1,4,1671,15:2,no
1Clem,1Clem,genuine,Clemente Romano,πάντεσ,Πάντες,1,9,1113,2:1,no
1Clem,1Clem,genuine,Clemente Romano,πάντων,Πάντων,1,4,2248,28:1,no
1Clem,1Clem,genuine,Clemente Romano,πάτερ,Πάτερ,1,0,120,8:3,no
1Clem,1Clem,genuine,Clemente Romano,πέτρον,Πέτρον,1,0,1,5:4,dudoso
1Clem,1Clem,genuine,Clemente Romano,παιδεύσει,Παιδεύσει,1,0,9,56:5,no
1Clem,1Clem,genuine,Clemente Romano,παιδεύων,Παιδεύων,1,0,11,56:3,no
1Clem,1Clem,genuine,Clemente Romano,παύλου,Παύλου,1,0,0,47:1,sí
1Clem,1Clem,genuine,Clemente Romano,παῦλοσ,Παῦλος,1,0,2,5:5,dudoso
1Clem,1Clem,genuine,Clemente Romano,περί,Περὶ,1,19,11327,62:1,no
1Clem,1Clem,genuine,Clemente Romano,πνεῦμα,Πνεῦμα,1,8,528,21:2,no
1Clem,1Clem,genuine,Clemente Romano,ποιήσωμεν,Ποιήσωμεν,1,4,49,33:5,no
1Clem,1Clem,genuine,Clemente Romano,πολλαί,Πολλαὶ,1,2,160,22:8,no
1Clem,1Clem,genuine,Clemente Romano,ποῦ,Ποῦ,1,4,382,28:3,no
1Clem,1Clem,genuine,Clemente Romano,προδήλων,Προδήλων,1,0,2,40:1,dudoso
1Clem,1Clem,genuine,Clemente Romano,προσέλθωμεν,Προσέλθωμεν,1,1,3,29:1,no
1Clem,1Clem,genuine,Clemente Romano,πρόσ,Πρὸς,1,36,18002,12:4,no
1Clem,1Clem,genuine,Clemente Romano,πᾶσα,Πᾶσα,1,3,542,3:1,no
1Clem,1Clem,genuine,Clemente Romano,σαούλ,Σαοὺλ,1,0,1,4:13,dudoso
1Clem,1Clem,genuine,Clemente Romano,σοδόμων,Σοδόμων,1,0,1,11:1,dudoso
1Clem,1Clem,genuine,Clemente Romano,στρατευσώμεθα,Στρατευσώμεθα,1,0,0,37:1,sí
1Clem,1Clem,genuine,Clemente Romano,σωζέσθω,Σωζέσθω,1,0,1,38:1,dudoso
1Clem,1Clem,genuine,Clemente Romano,σύ,Σύ|Σὺ,2,13,1649,60:1|61:1,no
1Clem,1Clem,genuine,Clemente Romano,τήν,Τὴν,1,97,37211,15:5,no
1Clem,1Clem,genuine,Clemente Romano,τί,Τί,4,11,4801,18:1|27:5|33:1|39:4,no
1Clem,1Clem,genuine,Clemente Romano,τίσ,Τίς,4,15,1678,4:10|17:5|27:5|54:1,no
1Clem,1Clem,genuine,Clemente Romano,ταλαίπωροί,Ταλαίπωροί,1,0,0,23:3,sí
1Clem,1Clem,genuine,Clemente Romano,ταπεινοφρονήσωμεν,Ταπεινοφρονήσωμεν,1,0,0,13:1,sí
1Clem,1Clem,genuine,Clemente Romano,ταπεινοφρονούντων,Ταπεινοφρονούντων,1,0,0,16:1,sí
1Clem,1Clem,genuine,Clemente Romano,ταύτῃ,Ταύτῃ,1,1,865,27:1,no
1Clem,1Clem,genuine,Clemente Romano,ταῦτα,Ταῦτα,3,17,5633,7:1|22:1|23:3,no
1Clem,1Clem,genuine,Clemente Romano,τοίνυν,Τοίνυν,1,0,1290,15:1,no
1Clem,1Clem,genuine,Clemente Romano,τοιούτοισ,Τοιούτοις,1,1,274,46:1,no
1Clem,1Clem,genuine,Clemente Romano,τούσ,Τοὺς,1,79,16009,65:1,no
1Clem,1Clem,genuine,Clemente Romano,τούτοισ,Τούτοις,1,3,1957,6:1,no
1Clem,1Clem,genuine,Clemente Romano,τοῦτο,Τοῦτο,1,14,6644,6:3,no
1Clem,1Clem,genuine,Clemente Romano,τῶν,Τῶν,1,112,41409,19:1,no
1Clem,1Clem,genuine,Clemente Romano,τῷ,Τῷ,2,92,18238,15:3|35:7,no
1Clem,1Clem,genuine,Clemente Romano,υἱόσ,Υἱός,1,1,550,36:4,no
1Clem,1Clem,genuine,Clemente Romano,φαραώ,Φαραὼ,2,0,2,4:10|51:5,dudoso
1Clem,1Clem,genuine,Clemente Romano,φιλόνεικοι,Φιλόνεικοι,1,0,1,45:1,dudoso
1Clem,1Clem,genuine,Clemente Romano,φορτουνάτῳ,Φορτουνάτῳ,1,0,0,65:1,sí
1Clem,1Clem,genuine,Clemente Romano,χρηστοί,Χρηστοὶ,1,0,14,14:4,no
1Clem,1Clem,genuine,Clemente Romano,χριστοῦ,Χριστοῦ,23,0,4,0:1|2:1|7:4|17:1|20:11|42:1|42:2|42:3|44:1|44:3|46:7|49:1|50:3|50:7|54:2|57:2|58:2|59:2|59:3|61:3|64:1|65:2,no
1Clem,1Clem,genuine,Clemente Romano,χριστόν,Χριστόν|Χριστὸν,5,0,3,21:6|24:1|36:1|46:6|64:1,no
1Clem,1Clem,genuine,Clemente Romano,χριστόσ,Χριστός|Χριστὸς,7,0,7,16:1|16:2|42:1|42:2|49:6|58:2|59:4,no
1Clem,1Clem,genuine,Clemente Romano,χριστῷ,Χριστῷ,12,0,3,1:2|3:4|21:8|22:1|32:4|38:1|43:1|46:6|47:6|48:4|49:1|54:3,no
1Clem,1Clem,genuine,Clemente Romano,ἀαρών,Ἀαρὼν,2,0,2,4:11|43:5,dudoso
1Clem,1Clem,genuine,Clemente Romano,ἀβειρών,Ἀβειρὼν,1,0,0,4:12,sí
1Clem,1Clem,genuine,Clemente Romano,ἀβραάμ,Ἀβραάμ|Ἀβραὰμ,5,0,7,10:1|10:6|17:2|31:2,no
1Clem,1Clem,genuine,Clemente Romano,ἀδάμ,Ἀδάμ|Ἀδὰμ,3,0,4,6:3|29:2|50:3,no
1Clem,1Clem,genuine,Clemente Romano,ἀζαρίασ,Ἀζαρίας,1,0,0,45:7,sí
1Clem,1Clem,genuine,Clemente Romano,ἀλλ’,Ἀλλ’,1,18,7239,5:1,no
1Clem,1Clem,genuine,Clemente Romano,ἀνάβλεψον,Ἀνάβλεψον,1,0,6,10:6,no
1Clem,1Clem,genuine,Clemente Romano,ἀναβλέψασ,Ἀναβλέψας,1,0,21,10:4,no
1Clem,1Clem,genuine,Clemente Romano,ἀναλάβετε,Ἀναλάβετε,1,0,1,47:1,dudoso
1Clem,1Clem,genuine,Clemente Romano,ἀνανίασ,Ἀνανίας,1,0,1,45:7,dudoso
1Clem,1Clem,genuine,Clemente Romano,ἀνοίξατέ,Ἀνοίξατέ,1,0,1,48:2,dudoso
1Clem,1Clem,genuine,Clemente Romano,ἀπολλώ,Ἀπολλώ,1,0,0,47:3,sí
1Clem,1Clem,genuine,Clemente Romano,ἀπροσδεήσ,Ἀπροσδεής,1,0,7,52:1,no
1Clem,1Clem,genuine,Clemente Romano,ἀραβίαν,Ἀραβίαν,1,0,0,25:1,sí
1Clem,1Clem,genuine,Clemente Romano,ἀραβικῆσ,Ἀραβικῆς,1,0,0,25:3,sí
1Clem,1Clem,genuine,Clemente Romano,ἁγίου,Ἁγίου,1,7,174,30:1,no
1Clem,1Clem,genuine,Clemente Romano,ἄβελ,Ἄβελ,4,0,0,4:1|4:2|4:6,sí
1Clem,1Clem,genuine,Clemente Romano,ἄνδρεσ,Ἄνδρες,1,6,303,43:4,no
1Clem,1Clem,genuine,Clemente Romano,ἄπελθε,Ἄπελθε,1,0,24,10:3,no
1Clem,1Clem,genuine,Clemente Romano,ἄφρονεσ,Ἄφρονες,1,1,9,39:1,no
1Clem,1Clem,genuine,Clemente Romano,ἅγιοσ,Ἅγιος,1,5,86,34:6,no
1Clem,1Clem,genuine,Clemente Romano,ἐάν,Ἐὰν,2,23,2572,8:3|59:1,no
1Clem,1Clem,genuine,Clemente Romano,ἐγώ,Ἐγὼ,4,7,2308,16:15|17:2|17:5|17:6,no
1Clem,1Clem,genuine,Clemente Romano,ἐκοιμήθην,Ἐκοιμήθην,1,0,5,26:2,no
1Clem,1Clem,genuine,Clemente Romano,ἐλέησόν,Ἐλέησόν,1,0,5,18:2,no
1Clem,1Clem,genuine,Clemente Romano,ἐλεᾶτε,Ἐλεᾶτε,1,0,1,13:2,dudoso
1Clem,1Clem,genuine,Clemente Romano,ἐνώχ,Ἐνώχ,1,0,0,9:3,sí
1Clem,1Clem,genuine,Clemente Romano,ἐξάρωμεν,Ἐξάρωμεν,1,0,0,48:1,sí
1Clem,1Clem,genuine,Clemente Romano,ἐξήγαγεν,Ἐξήγαγεν,1,0,19,10:6,no
1Clem,1Clem,genuine,Clemente Romano,ἐξολεθρεύσαι,Ἐξολεθρεύσαι,1,0,0,15:5,sí
1Clem,1Clem,genuine,Clemente Romano,ἐξομολογήσομαι,Ἐξομολογήσομαι,1,0,1,52:2,dudoso
1Clem,1Clem,genuine,Clemente Romano,ἐπί,Ἐπὶ,1,58,13292,13:4,no
1Clem,1Clem,genuine,Clemente Romano,ἐπίστασθε,Ἐπίστασθε,1,2,17,53:1,no
1Clem,1Clem,genuine,Clemente Romano,ἐσθήρ,Ἐσθὴρ,1,0,0,55:6,sí
1Clem,1Clem,genuine,Clemente Romano,ἑλισαιέ,Ἑλισαιέ,1,0,0,17:1,sí
1Clem,1Clem,genuine,Clemente Romano,ἑώρακα,Ἑώρακα,1,1,12,53:3,no
1Clem,1Clem,genuine,Clemente Romano,ἔσται,Ἔσται,1,12,1269,12:6,no
1Clem,1Clem,genuine,Clemente Romano,ἔφαγεν,Ἔφαγεν,1,0,10,3:1,no
1Clem,1Clem,genuine,Clemente Romano,ἔφηβον,Ἔφηβον,1,0,1,65:1,dudoso
1Clem,1Clem,genuine,Clemente Romano,ἕκαστοσ,Ἕκαστος,1,2,450,41:1,no
1Clem,1Clem,genuine,Clemente Romano,ἕωσ,Ἕως,1,10,950,20:7,no
1Clem,1Clem,genuine,Clemente Romano,ἠγάπησαν,Ἠγάπησαν,1,0,11,15:4,no
1Clem,1Clem,genuine,Clemente Romano,ἠλίαν,Ἠλίαν,1,0,0,17:1,sí
1Clem,1Clem,genuine,Clemente Romano,ἠσαῦ,Ἠσαῦ,1,0,3,4:8,no
1Clem,1Clem,genuine,Clemente Romano,ἡ,Ἡ,2,71,13248,0:1|65:2,no
1Clem,1Clem,genuine,Clemente Romano,ἡλιούπολιν,Ἡλιούπολιν,1,0,0,25:3,sí
1Clem,1Clem,genuine,Clemente Romano,ἤλπισεν,Ἤλπισεν,1,0,15,16:16,no
1Clem,1Clem,genuine,Clemente Romano,ἰακώβ,Ἰακώβ|Ἰακὼβ,3,0,5,4:8|29:2|31:4,no
1Clem,1Clem,genuine,Clemente Romano,ἰδού,Ἰδού|Ἰδοὺ,3,5,286,29:3|34:3|57:3,no
1Clem,1Clem,genuine,Clemente Romano,ἰεζεκιήλ,Ἰεζεκιήλ,1,0,0,17:1,sí
1Clem,1Clem,genuine,Clemente Romano,ἰεσσαί,Ἰεσσαί,1,0,0,18:1,sí
1Clem,1Clem,genuine,Clemente Romano,ἰησοῦ,Ἰησοῦ,18,0,1,0:1|12:2|13:1|20:11|32:4|38:1|42:1|42:3|44:1|46:7|50:7|58:2|59:2|59:3|61:3|64:1|65:2,dudoso
1Clem,1Clem,genuine,Clemente Romano,ἰησοῦν,Ἰησοῦν,4,0,1,21:6|24:1|36:1|64:1,dudoso
1Clem,1Clem,genuine,Clemente Romano,ἰησοῦσ,Ἰησοῦς,6,0,1,16:2|32:2|42:1|49:6|58:2|59:4,dudoso
1Clem,1Clem,genuine,Clemente Romano,ἰουδίθ,Ἰουδὶθ,1,0,0,55:4,sí
1Clem,1Clem,genuine,Clemente Romano,ἰούδαν,Ἰούδαν,1,0,0,32:2,sí
1Clem,1Clem,genuine,Clemente Romano,ἰσαάκ,Ἰσαὰκ,1,0,2,31:3,dudoso
1Clem,1Clem,genuine,Clemente Romano,ἰσραήλ,Ἰσραήλ|Ἰσραὴλ,7,0,6,4:13|8:3|29:2|31:4|43:5|43:6|55:6,no
1Clem,1Clem,genuine,Clemente Romano,ἰωνᾶσ,Ἰωνᾶς,1,0,0,7:7,sí
1Clem,1Clem,genuine,Clemente Romano,ἰωσήφ,Ἰωσὴφ,1,0,1,4:9,dudoso
1Clem,1Clem,genuine,Clemente Romano,ἰώβ,Ἰὼβ,3,0,0,17:3|26:3,sí
1Clem,1Clem,genuine,Clemente Romano,ἱεριχώ,Ἱεριχώ,1,0,0,12:2,sí
1Clem,1Clem,genuine,Clemente Romano,ἱερουσαλήμ,Ἱερουσαλὴμ,1,0,2,41:2,dudoso
1Clem,1Clem,genuine,Clemente Romano,ἱνατί,Ἱνατί,2,3,8,4:4|35:7,no
1Clem,1Clem,genuine,Clemente Romano,ἴδωμεν,Ἴδωμεν,1,6,91,25:1,no
1Clem,1Clem,genuine,Clemente Romano,ἵνα,Ἵνα,1,12,3052,55:1,no
1Clem,1Clem,genuine,Clemente Romano,ὀλοφέρνην,Ὀλοφέρνην,1,0,0,55:5,sí
1Clem,1Clem,genuine,Clemente Romano,ὀφθαλμόσ,Ὀφθαλμὸς,1,0,67,34:8,no
1Clem,1Clem,genuine,Clemente Romano,ὁ,Ὁ,5,115,25257,23:1|30:4|34:1|36:3|49:1,no
1Clem,1Clem,genuine,Clemente Romano,ὁρᾶτε,Ὁρᾶτε,2,5,58,21:1|50:1,no
1Clem,1Clem,genuine,Clemente Romano,ὅ,Ὃ,1,3,3642,32:1,no
1Clem,1Clem,genuine,Clemente Romano,ὅσα,Ὅσα,1,2,1714,51:1,no
1Clem,1Clem,genuine,Clemente Romano,ὅτε,Ὅτε,1,1,1014,29:2,no
1Clem,1Clem,genuine,Clemente Romano,ὑμεῖσ,Ὑμεῖς,1,2,562,57:1,no
1Clem,1Clem,genuine,Clemente Romano,ὑπακούσωμεν,Ὑπακούσωμεν,1,1,2,58:1,dudoso
1Clem,1Clem,genuine,Clemente Romano,ὡσ,Ὡς,1,28,15845,35:1,no
1Clem,1Clem,genuine,Clemente Romano,ῥαάβ,Ῥαὰβ,2,0,0,12:1|12:3,sí
1Clem,1Clem,genuine,Clemente Romano,ῥώμην,Ῥώμην,1,0,50,0:1,no
3Cor,3Cor,spurious,Ps-Pablo,γαλιλαίαν,Γαλιλαίαν,1,0,0,1,sí
3Cor,3Cor,spurious,Ps-Pablo,δαυίδ,Δαυὶδ,1,0,0,1,sí
3Cor,3Cor,spurious,Ps-Pablo,κορίνθιοι,Κορίνθιοι,1,0,0,1,sí
3Cor,3Cor,spurious,Ps-Pablo,κορίνθῳ,Κορίνθῳ,1,0,0,1,sí
3Cor,3Cor,spurious,Ps-Pablo,μαρίαν,Μαρίαν,1,0,0,1,sí
3Cor,3Cor,spurious,Ps-Pablo,μαρίασ,Μαρίας,1,0,0,1,sí
3Cor,3Cor,spurious,Ps-Pablo,νινευή,Νινευὴ,1,0,0,1,sí
3Cor,3Cor,spurious,Ps-Pablo,παῦλοσ,Παῦλος,1,0,2,1,dudoso
3Cor,3Cor,spurious,Ps-Pablo,χριστοῦ,Χριστοῦ,4,0,4,1,no
3Cor,3Cor,spurious,Ps-Pablo,χριστόν,Χριστὸν,2,0,3,1,no
3Cor,3Cor,spurious,Ps-Pablo,χριστόσ,Χριστὸς,3,0,7,1,no
3Cor,3Cor,spurious,Ps-Pablo,ἀμαθίου,Ἀμαθίου,1,0,0,1,sí
3Cor,3Cor,spurious,Ps-Pablo,ἐλισαίου,Ἐλισαίου,1,0,0,1,sí
3Cor,3Cor,spurious,Ps-Pablo,ἰησοῦ,Ἰησοῦ,2,0,1,1,dudoso
3Cor,3Cor,spurious,Ps-Pablo,ἰησοῦν,Ἰησοῦν,1,0,1,1,dudoso
3Cor,3Cor,spurious,Ps-Pablo,ἰησοῦσ,Ἰησοῦς,2,0,1,1,dudoso
3Cor,3Cor,spurious,Ps-Pablo,ἰουδαίοισ,Ἰουδαίοις,1,0,0,1,sí
3Cor,3Cor,spurious,Ps-Pablo,ἰσραήλ,Ἰσραὴλ,2,0,6,1,no
3Cor,3Cor,spurious,Ps-Pablo,ἰωνᾶ,Ἰωνᾶ,1,0,0,1,sí
3Cor,3Cor,spurious,Ps-Pablo,ἰωνᾶσ,Ἰωνᾶς,1,0,0,1,sí
Basilio,Bas_Ep#1,genuine,Basilio de Cesarea,αἰγυπτίουσ,Αἰγυπτίους,1,0,0,1,sí
Basilio,Bas_Ep#1,genuine,Basilio de Cesarea,αἴγυπτόνδ’,Αἴγυπτόνδʼ,1,0,0,1,sí
Basilio,Bas_Ep#1,genuine,Basilio de Cesarea,θεῷ,Θεῷ,1,0,1579,1,no
Basilio,Bas_Ep#1,genuine,Basilio de Cesarea,καί,Καὶ,1,1314,157796,1,no
Basilio,Bas_Ep#1,genuine,Basilio de Cesarea,νύσσησ,Νύσσης,1,0,1,1,dudoso
Basilio,Bas_Ep#1,genuine,Basilio de Cesarea,πέρσασ,Πέρσας,1,0,1,1,dudoso
Basilio,Bas_Ep#1,genuine,Basilio de Cesarea,σειρήνων,Σειρήνων,1,0,0,1,sí
Basilio,Bas_Ep#1,genuine,Basilio de Cesarea,συρίαν,Συρίαν,1,0,1,1,dudoso
Basilio,Bas_Ep#1,genuine,Basilio de Cesarea,ταντάλῳ,Ταντάλῳ,1,0,0,1,sí
Basilio,Bas_Ep#1,genuine,Basilio de Cesarea,ἀθήνασ,Ἀθήνας,1,0,0,1,sí
Basilio,Bas_Ep#1,genuine,Basilio de Cesarea,ἀλεξάνδρου,Ἀλεξάνδρου,1,0,0,1,sí
Basilio,Bas_Ep#1,genuine,Basilio de Cesarea,ἀπειρηκότα,Ἀπειρηκότα,1,0,1,1,dudoso
Basilio,Bas_Ep#1,genuine,Basilio de Cesarea,ἀσίαν,Ἀσίαν,1,0,0,1,sí
Basilio,Bas_Ep#1,genuine,Basilio de Cesarea,ἐγώ,Ἐγὼ,1,21,2308,1,no
Basilio,Bas_Ep#1,genuine,Basilio de Cesarea,ἑλλησπόντῳ,Ἑλλησπόντῳ,1,0,0,1,sí
Basilio,Bas_Ep#1,genuine,Basilio de Cesarea,ἰνδικῆσ,Ἰνδικῆς,1,0,0,1,sí
Basilio,Bas_Ep#1,genuine,Basilio de Cesarea,ὀδυσσεύσ,Ὀδυσσεὺς,1,0,0,1,sí
Basilio,Bas_Ep#105,genuine,Basilio de Cesarea,θεοῦ,Θεοῦ,2,0,4767,105,no
Basilio,Bas_Ep#105,genuine,Basilio de Cesarea,θεόν,Θεόν|Θεὸν,2,0,2263,105,no
Basilio,Bas_Ep#105,genuine,Basilio de Cesarea,κυρίου,Κυρίου,1,2,736,105,no
Basilio,Bas_Ep#105,genuine,Basilio de Cesarea,κυρίῳ,Κυρίῳ,1,0,269,105,no
Basilio,Bas_Ep#105,genuine,Basilio de Cesarea,κύριοσ,Κύριος,1,0,1112,105,no
Basilio,Bas_Ep#105,genuine,Basilio de Cesarea,οἱ,Οἱ,1,88,11593,105,no
Basilio,Bas_Ep#105,genuine,Basilio de Cesarea,πατέρα,Πατέρα,2,4,649,105,no
Basilio,Bas_Ep#105,genuine,Basilio de Cesarea,πατρί,Πατρὶ,1,0,369,105,no
Basilio,Bas_Ep#105,genuine,Basilio de Cesarea,πνεῦμα,Πνεῦμα,3,1,528,105,no
Basilio,Bas_Ep#105,genuine,Basilio de Cesarea,σαμοσάτοισ,Σαμοσάτοις,1,0,0,105,sí
Basilio,Bas_Ep#105,genuine,Basilio de Cesarea,σωφρόνιον,Σωφρόνιον,1,0,0,105,sí
Basilio,Bas_Ep#105,genuine,Basilio de Cesarea,τό,Τὸ,1,494,40665,105,no
Basilio,Bas_Ep#105,genuine,Basilio de Cesarea,υἱόν,Υἱὸν,3,3,567,105,no
Basilio,Bas_Ep#105,genuine,Basilio de Cesarea,υἱῷ,Υἱῷ,1,0,103,105,no
Basilio,Bas_Ep#105,genuine,Basilio de Cesarea,ἐγώ,Ἐγὼ,1,21,2308,105,no
Basilio,Bas_Ep#114,genuine,Basilio de Cesarea,θεοῦ,Θεοῦ,2,0,4767,114,no
Basilio,Bas_Ep#114,genuine,Basilio de Cesarea,κυρίῳ,Κυρίῳ,1,0,269,114,no
Basilio,Bas_Ep#114,genuine,Basilio de Cesarea,κύριον,Κύριον,1,2,489,114,no
Basilio,Bas_Ep#114,genuine,Basilio de Cesarea,κύριοσ,Κύριος,1,0,1112,114,no
Basilio,Bas_Ep#114,genuine,Basilio de Cesarea,νικαίᾳ,Νικαίᾳ,1,0,0,114,sí
Basilio,Bas_Ep#114,genuine,Basilio de Cesarea,πνεύματοσ,Πνεύματος,1,1,331,114,no
Basilio,Bas_Ep#114,genuine,Basilio de Cesarea,πνεῦμα,Πνεῦμα,1,1,528,114,no
Basilio,Bas_Ep#114,genuine,Basilio de Cesarea,χριστιανοῦ,Χριστιανοῦ,1,0,0,114,sí
Basilio,Bas_Ep#114,genuine,Basilio de Cesarea,ἐκκλησία,Ἐκκλησία,1,2,49,114,no
Basilio,Bas_Ep#114,genuine,Basilio de Cesarea,ἔστι,Ἔστι,1,4,1361,114,no
Basilio,Bas_Ep#114,genuine,Basilio de Cesarea,ὅσον,Ὅσον,1,21,1136,114,no
Basilio,Bas_Ep#116,genuine,Basilio de Cesarea,βρεττάνιον,Βρεττάνιον,1,0,0,116,sí
Basilio,Bas_Ep#116,genuine,Basilio de Cesarea,εἰ,Εἰ,1,127,10237,116,no
Basilio,Bas_Ep#116,genuine,Basilio de Cesarea,καί,Καὶ,1,1314,157796,116,no
Basilio,Bas_Ep#116,genuine,Basilio de Cesarea,φιρμίνου,Φιρμίνου,1,0,0,116,sí
Basilio,Bas_Ep#124,genuine,Basilio de Cesarea,θεῷ,Θεῷ,1,0,1579,124,no
Basilio,Bas_Ep#124,genuine,Basilio de Cesarea,λέγουσί,Λέγουσί,1,0,10,124,no
Basilio,Bas_Ep#125,genuine,Basilio de Cesarea,βασιλείου,Βασιλείου,1,0,21,125,no
Basilio,Bas_Ep#125,genuine,Basilio de Cesarea,βασιλείῳ,Βασιλείῳ,1,0,6,125,no
Basilio,Bas_Ep#125,genuine,Basilio de Cesarea,γραφή,Γραφὴ,1,0,116,125,no
Basilio,Bas_Ep#125,genuine,Basilio de Cesarea,εἰσί,Εἰσὶ,1,5,477,125,no
Basilio,Bas_Ep#125,genuine,Basilio de Cesarea,εὐστάθιοσ,Εὐστάθιος,2,0,0,125,sí
Basilio,Bas_Ep#125,genuine,Basilio de Cesarea,εὐσταθίου,Εὐσταθίου,1,0,0,125,sí
Basilio,Bas_Ep#125,genuine,Basilio de Cesarea,θεοῦ,Θεοῦ,5,0,4767,125,no
Basilio,Bas_Ep#125,genuine,Basilio de Cesarea,θεόν,Θεὸν,3,0,2263,125,no
Basilio,Bas_Ep#125,genuine,Basilio de Cesarea,κυρίου,Κυρίου,3,2,736,125,no
Basilio,Bas_Ep#125,genuine,Basilio de Cesarea,κύριον,Κύριον,1,2,489,125,no
Basilio,Bas_Ep#125,genuine,Basilio de Cesarea,κύριοσ,Κύριος,3,0,1112,125,no
Basilio,Bas_Ep#125,genuine,Basilio de Cesarea,λίβυοσ,Λίβυος,1,0,0,125,sí
Basilio,Bas_Ep#125,genuine,Basilio de Cesarea,μάρκελλοσ,Μάρκελλος,1,0,0,125,sí
Basilio,Bas_Ep#125,genuine,Basilio de Cesarea,μονογενῆ,Μονογενῆ,1,2,24,125,no
Basilio,Bas_Ep#125,genuine,Basilio de Cesarea,νίκαιάν,Νίκαιάν,1,0,0,125,sí
Basilio,Bas_Ep#125,genuine,Basilio de Cesarea,νίκαιαν,Νίκαιαν,1,0,0,125,sí
Basilio,Bas_Ep#125,genuine,Basilio de Cesarea,νικαίᾳ,Νικαίᾳ,1,0,0,125,sí
Basilio,Bas_Ep#125,genuine,Basilio de Cesarea,πάντεσ,Πάντες,1,11,1113,125,no
Basilio,Bas_Ep#125,genuine,Basilio de Cesarea,πατέρα,Πατέρα,4,4,649,125,no
Basilio,Bas_Ep#125,genuine,Basilio de Cesarea,πατέρων,Πατέρων,1,18,184,125,no
Basilio,Bas_Ep#125,genuine,Basilio de Cesarea,πατήρ,Πατήρ,1,2,689,125,no
Basilio,Bas_Ep#125,genuine,Basilio de Cesarea,πατρί,Πατρί,2,0,369,125,no
Basilio,Bas_Ep#125,genuine,Basilio de Cesarea,πατρόσ,Πατρός|Πατρὸς,8,4,1003,125,no
Basilio,Bas_Ep#125,genuine,Basilio de Cesarea,πιστεύομεν,Πιστεύομεν,1,0,23,125,no
Basilio,Bas_Ep#125,genuine,Basilio de Cesarea,πνεύματοσ,Πνεύματος,3,1,331,125,no
Basilio,Bas_Ep#125,genuine,Basilio de Cesarea,πνεῦμα,Πνεῦμα,9,1,528,125,no
Basilio,Bas_Ep#125,genuine,Basilio de Cesarea,πορευθέντεσ,Πορευθέντες,1,0,12,125,no
Basilio,Bas_Ep#125,genuine,Basilio de Cesarea,σαβελλίου,Σαβελλίου,1,0,0,125,sí
Basilio,Bas_Ep#125,genuine,Basilio de Cesarea,σεβήρου,Σεβήρου,1,0,0,125,sí
Basilio,Bas_Ep#125,genuine,Basilio de Cesarea,σεβαστείασ,Σεβαστείας,1,0,0,125,sí
Basilio,Bas_Ep#125,genuine,Basilio de Cesarea,τούσ,Τοὺς,1,137,16009,125,no
Basilio,Bas_Ep#125,genuine,Basilio de Cesarea,υἱοῦ,Υἱοῦ,3,2,200,125,no
Basilio,Bas_Ep#125,genuine,Basilio de Cesarea,υἱόν,Υἱόν|Υἱὸν,8,3,567,125,no
Basilio,Bas_Ep#125,genuine,Basilio de Cesarea,υἱόσ,Υἱός,1,2,550,125,no
Basilio,Bas_Ep#125,genuine,Basilio de Cesarea,φρόντωνοσ,Φρόντωνος,1,0,0,125,sí
Basilio,Bas_Ep#125,genuine,Basilio de Cesarea,χριστοῦ,Χριστοῦ,2,0,4,125,no
Basilio,Bas_Ep#125,genuine,Basilio de Cesarea,χριστόν,Χριστὸν,1,0,3,125,no
Basilio,Bas_Ep#125,genuine,Basilio de Cesarea,ἀρείου,Ἀρείου,1,0,0,125,sí
Basilio,Bas_Ep#125,genuine,Basilio de Cesarea,ἐάν,Ἐὰν,1,37,2572,125,no
Basilio,Bas_Ep#125,genuine,Basilio de Cesarea,ἐκκλησία,Ἐκκλησία,1,2,49,125,no
Basilio,Bas_Ep#125,genuine,Basilio de Cesarea,ἐπεί,Ἐπεὶ,1,24,2085,125,no
Basilio,Bas_Ep#125,genuine,Basilio de Cesarea,ἦν,Ἦν,1,36,5957,125,no
Basilio,Bas_Ep#125,genuine,Basilio de Cesarea,ἰησοῦ,Ἰησοῦ,2,0,1,125,dudoso
Basilio,Bas_Ep#125,genuine,Basilio de Cesarea,ἰησοῦν,Ἰησοῦν,1,0,1,125,dudoso
Basilio,Bas_Ep#125,genuine,Basilio de Cesarea,ὑπογραφή,Ὑπογραφὴ,1,1,4,125,no
Basilio,Bas_Ep#135,genuine,Basilio de Cesarea,δεῖ,Δεῖ,1,73,2528,135,no
Basilio,Bas_Ep#135,genuine,Basilio de Cesarea,θεόφραστοσ,Θεόφραστος,1,0,0,135,sí
Basilio,Bas_Ep#135,genuine,Basilio de Cesarea,θρασυμάχου,Θρασυμάχου,1,0,0,135,sí
Basilio,Bas_Ep#135,genuine,Basilio de Cesarea,καππαδοκῶν,Καππαδοκῶν,1,0,0,135,sí
Basilio,Bas_Ep#135,genuine,Basilio de Cesarea,νόμοισ,Νόμοις,1,2,205,135,no
Basilio,Bas_Ep#135,genuine,Basilio de Cesarea,πλάτων,Πλάτων,1,0,0,135,sí
Basilio,Bas_Ep#135,genuine,Basilio de Cesarea,πλατωνικῶν,Πλατωνικῶν,1,0,0,135,sí
Basilio,Bas_Ep#135,genuine,Basilio de Cesarea,πρωταγόρου,Πρωταγόρου,1,0,0,135,sí
Basilio,Bas_Ep#135,genuine,Basilio de Cesarea,ταῦτα,Ταῦτα,1,36,5633,135,no
Basilio,Bas_Ep#135,genuine,Basilio de Cesarea,χριστιανοῦ,Χριστιανοῦ,1,0,0,135,sí
Basilio,Bas_Ep#135,genuine,Basilio de Cesarea,ἀπέστειλα,Ἀπέστειλα,1,1,12,135,no
Basilio,Bas_Ep#135,genuine,Basilio de Cesarea,ἀριστοτέλησ,Ἀριστοτέλης,1,0,0,135,sí
Basilio,Bas_Ep#135,genuine,Basilio de Cesarea,ἐκεῖνο,Ἐκεῖνο,1,15,845,135,no
Basilio,Bas_Ep#135,genuine,Basilio de Cesarea,ἐνέτυχον,Ἐνέτυχον,1,1,12,135,no
Basilio,Bas_Ep#135,genuine,Basilio de Cesarea,ἱππίου,Ἱππίου,1,0,0,135,sí
Basilio,Bas_Ep#136,genuine,Basilio de Cesarea,εὐστάθιοσ,Εὐστάθιος,1,0,0,136,sí
Basilio,Bas_Ep#136,genuine,Basilio de Cesarea,θεοῦ,Θεοῦ,2,0,4767,136,no
Basilio,Bas_Ep#136,genuine,Basilio de Cesarea,κυρίου,Κυρίου,1,2,736,136,no
Basilio,Bas_Ep#136,genuine,Basilio de Cesarea,τά,Τὰ,1,254,23249,136,no
Basilio,Bas_Ep#136,genuine,Basilio de Cesarea,ἐν,Ἐν,1,309,26313,136,no
Basilio,Bas_Ep#136,genuine,Basilio de Cesarea,ἰσαάκησ,Ἰσαάκης,2,0,0,136,sí
Basilio,Bas_Ep#138,genuine,Basilio de Cesarea,εἰ,Εἰ,1,127,10237,138,no
Basilio,Bas_Ep#138,genuine,Basilio de Cesarea,εὐάγριοσ,Εὐάγριος,1,0,0,138,sí
Basilio,Bas_Ep#138,genuine,Basilio de Cesarea,εὐαγρίου,Εὐαγρίου,1,0,0,138,sí
Basilio,Bas_Ep#138,genuine,Basilio de Cesarea,εὐσεβίῳ,Εὐσεβίῳ,1,0,0,138,sí
Basilio,Bas_Ep#138,genuine,Basilio de Cesarea,εὐσταθίου,Εὐσταθίου,1,0,0,138,sí
Basilio,Bas_Ep#138,genuine,Basilio de Cesarea,κυρίῳ,Κυρίῳ,2,0,269,138,no
Basilio,Bas_Ep#138,genuine,Basilio de Cesarea,οἱ,Οἱ,1,88,11593,138,no
Basilio,Bas_Ep#138,genuine,Basilio de Cesarea,πισιδίασ,Πισιδίας,1,0,0,138,sí
Basilio,Bas_Ep#138,genuine,Basilio de Cesarea,πομπηϊανοῦ,Πομπηϊανοῦ,1,0,0,138,sí
Basilio,Bas_Ep#138,genuine,Basilio de Cesarea,σεβάστειαν,Σεβάστειαν,1,0,0,138,sí
Basilio,Bas_Ep#138,genuine,Basilio de Cesarea,σεβαστηνοῖσ,Σεβαστηνοῖς,1,0,0,138,sí
Basilio,Bas_Ep#138,genuine,Basilio de Cesarea,σύρων,Σύρων,1,0,1,138,dudoso
Basilio,Bas_Ep#138,genuine,Basilio de Cesarea,τά,Τὰ,1,254,23249,138,no
Basilio,Bas_Ep#138,genuine,Basilio de Cesarea,τίνα,Τίνα,1,5,463,138,no
Basilio,Bas_Ep#138,genuine,Basilio de Cesarea,φαυστῖνοσ,Φαυστῖνος,1,0,0,138,sí
Basilio,Bas_Ep#138,genuine,Basilio de Cesarea,ἀντιοχέωσ,Ἀντιοχέως,1,0,0,138,sí
Basilio,Bas_Ep#138,genuine,Basilio de Cesarea,ἐγώ,Ἐγὼ,1,21,2308,138,no
Basilio,Bas_Ep#138,genuine,Basilio de Cesarea,ἐλπίδιοσ,Ἐλπίδιος,1,0,0,138,sí
Basilio,Bas_Ep#138,genuine,Basilio de Cesarea,ἰκόνιον,Ἰκόνιον,1,0,0,138,sí
Basilio,Bas_Ep#138,genuine,Basilio de Cesarea,ὑφ’,Ὑφʼ,1,9,515,138,no
Basilio,Bas_Ep#138,genuine,Basilio de Cesarea,ῥώμησ,Ῥώμης,1,0,45,138,no
Basilio,Bas_Ep#14,genuine,Basilio de Cesarea,γρηγορίου,Γρηγορίου,1,0,0,14,sí
Basilio,Bas_Ep#14,genuine,Basilio de Cesarea,θεοῦ,Θεοῦ,1,0,4767,14,no
Basilio,Bas_Ep#14,genuine,Basilio de Cesarea,θεόσ,Θεὸς,1,0,2683,14,no
Basilio,Bas_Ep#14,genuine,Basilio de Cesarea,καλυψοῦσ,Καλυψοῦς,1,0,0,14,sí
Basilio,Bas_Ep#14,genuine,Basilio de Cesarea,πόντον,Πόντον,2,0,28,14,no
Basilio,Bas_Ep#14,genuine,Basilio de Cesarea,στρύμονα,Στρύμονα,1,0,0,14,sí
Basilio,Bas_Ep#14,genuine,Basilio de Cesarea,τί,Τί,1,38,4801,14,no
Basilio,Bas_Ep#14,genuine,Basilio de Cesarea,τιβερίνην,Τιβερίνην,1,0,0,14,sí
Basilio,Bas_Ep#14,genuine,Basilio de Cesarea,ἀλκμαίων,Ἀλκμαίων,1,0,0,14,sí
Basilio,Bas_Ep#14,genuine,Basilio de Cesarea,ἀμφιπόλεωσ,Ἀμφιπόλεως,1,0,0,14,sí
Basilio,Bas_Ep#14,genuine,Basilio de Cesarea,ἆρ’,Ἆρʼ,1,0,142,14,no
Basilio,Bas_Ep#14,genuine,Basilio de Cesarea,ἐγώ,Ἐγὼ,1,21,2308,14,no
Basilio,Bas_Ep#14,genuine,Basilio de Cesarea,ἐχινάδασ,Ἐχινάδας,1,0,0,14,sí
Basilio,Bas_Ep#14,genuine,Basilio de Cesarea,ὄροσ,Ὄρος,1,1,219,14,no
Basilio,Bas_Ep#14,genuine,Basilio de Cesarea,ὅμηροσ,Ὅμηρος,1,0,1,14,dudoso
Basilio,Bas_Ep#148,genuine,Basilio de Cesarea,εἰ,Εἰ,1,127,10237,148,no
Basilio,Bas_Ep#148,genuine,Basilio de Cesarea,μάξιμοσ,Μάξιμος,1,0,0,148,sí
Basilio,Bas_Ep#148,genuine,Basilio de Cesarea,πολλήν,Πολλὴν,1,7,488,148,no
Basilio,Bas_Ep#148,genuine,Basilio de Cesarea,ἰλιάδα,Ἰλιάδα,1,0,0,148,sí
Basilio,Bas_Ep#150,genuine,Basilio de Cesarea,γενόμενοσ,Γενόμενος,1,1,507,150,no
Basilio,Bas_Ep#150,genuine,Basilio de Cesarea,εἰ,Εἰ,1,127,10237,150,no
Basilio,Bas_Ep#150,genuine,Basilio de Cesarea,εὐαγγελίου,Εὐαγγελίου,1,2,41,150,no
Basilio,Bas_Ep#150,genuine,Basilio de Cesarea,θεοῦ,Θεοῦ,3,0,4767,150,no
Basilio,Bas_Ep#150,genuine,Basilio de Cesarea,θεόν,Θεόν|Θεὸν,2,0,2263,150,no
Basilio,Bas_Ep#150,genuine,Basilio de Cesarea,θεόσ,Θεὸς,1,0,2683,150,no
Basilio,Bas_Ep#150,genuine,Basilio de Cesarea,θεῷ,Θεῷ,1,0,1579,150,no
Basilio,Bas_Ep#150,genuine,Basilio de Cesarea,καισαρείασ,Καισαρείας,1,0,0,150,sí
Basilio,Bas_Ep#150,genuine,Basilio de Cesarea,κυρίου,Κυρίου,2,2,736,150,no
Basilio,Bas_Ep#150,genuine,Basilio de Cesarea,κυρίῳ,Κυρίῳ,1,0,269,150,no
Basilio,Bas_Ep#150,genuine,Basilio de Cesarea,κύριον,Κύριον,1,2,489,150,no
Basilio,Bas_Ep#150,genuine,Basilio de Cesarea,πατέρα,Πατέρα,1,4,649,150,no
Basilio,Bas_Ep#150,genuine,Basilio de Cesarea,περί,Περὶ,1,79,11327,150,no
Basilio,Bas_Ep#150,genuine,Basilio de Cesarea,πράξεων,Πράξεων,1,0,188,150,no
Basilio,Bas_Ep#150,genuine,Basilio de Cesarea,χριστιανόν,Χριστιανὸν,1,0,0,150,sí
Basilio,Bas_Ep#150,genuine,Basilio de Cesarea,χριστόν,Χριστὸν,1,0,3,150,no
Basilio,Bas_Ep#150,genuine,Basilio de Cesarea,ψαλμοῖσ,Ψαλμοῖς,1,0,17,150,no
Basilio,Bas_Ep#150,genuine,Basilio de Cesarea,ἅ,Ἃ,1,20,2149,150,no
Basilio,Bas_Ep#150,genuine,Basilio de Cesarea,ἐγώ,Ἐγὼ,1,21,2308,150,no
Basilio,Bas_Ep#150,genuine,Basilio de Cesarea,ἐπειδή,Ἐπειδὴ,1,38,1055,150,no
Basilio,Bas_Ep#150,genuine,Basilio de Cesarea,ἰωάννου,Ἰωάννου,1,0,0,150,sí
Basilio,Bas_Ep#150,genuine,Basilio de Cesarea,ὀφθαλμοί,Ὀφθαλμοὶ,1,0,93,150,no
Basilio,Bas_Ep#150,genuine,Basilio de Cesarea,ὁ,Ὁ,1,183,25257,150,no
Basilio,Bas_Ep#155,genuine,Basilio de Cesarea,αὐτόσ,Αὐτὸς,1,62,3708,155,no
Basilio,Bas_Ep#155,genuine,Basilio de Cesarea,θεοῦ,Θεοῦ,1,0,4767,155,no
Basilio,Bas_Ep#155,genuine,Basilio de Cesarea,κυρίου,Κυρίου,2,2,736,155,no
Basilio,Bas_Ep#155,genuine,Basilio de Cesarea,κυρίῳ,Κυρίῳ,1,0,269,155,no
Basilio,Bas_Ep#155,genuine,Basilio de Cesarea,κύριοσ,Κύριος,1,0,1112,155,no
Basilio,Bas_Ep#155,genuine,Basilio de Cesarea,περί,Περὶ,1,79,11327,155,no
Basilio,Bas_Ep#155,genuine,Basilio de Cesarea,πρόσ,Πρὸς,1,302,18002,155,no
Basilio,Bas_Ep#155,genuine,Basilio de Cesarea,σκυθίαν,Σκυθίαν,1,0,0,155,sí
Basilio,Bas_Ep#155,genuine,Basilio de Cesarea,τούσ,Τοὺς,1,137,16009,155,no
Basilio,Bas_Ep#155,genuine,Basilio de Cesarea,ἐκκλησίᾳ,Ἐκκλησίᾳ,1,2,67,155,no
Basilio,Bas_Ep#160,genuine,Basilio de Cesarea,αἰγυπτίων,Αἰγυπτίων,1,0,0,160,sí
Basilio,Bas_Ep#160,genuine,Basilio de Cesarea,αἰγύπτου,Αἰγύπτου,1,0,0,160,sí
Basilio,Bas_Ep#160,genuine,Basilio de Cesarea,αὐξάνεσθε,Αὐξάνεσθε,1,0,1,160,dudoso
Basilio,Bas_Ep#160,genuine,Basilio de Cesarea,γέγραπται,Γέγραπται,1,7,154,160,no
Basilio,Bas_Ep#160,genuine,Basilio de Cesarea,γραφή,Γραφὴ,1,0,116,160,no
Basilio,Bas_Ep#160,genuine,Basilio de Cesarea,γυναῖκα,Γυναῖκα,1,3,435,160,no
Basilio,Bas_Ep#160,genuine,Basilio de Cesarea,διοδώρου,Διοδώρου,2,0,0,160,sí
Basilio,Bas_Ep#160,genuine,Basilio de Cesarea,κεφάλαιον,Κεφάλαιον,1,1,101,160,no
Basilio,Bas_Ep#160,genuine,Basilio de Cesarea,λευιτικῷ,Λευιτικῷ,1,0,0,160,sí
Basilio,Bas_Ep#160,genuine,Basilio de Cesarea,οἱ,Οἱ,1,88,11593,160,no
Basilio,Bas_Ep#160,genuine,Basilio de Cesarea,οὐκ,Οὐκ,1,103,11914,160,no
Basilio,Bas_Ep#160,genuine,Basilio de Cesarea,παῦλόσ,Παῦλός,1,0,0,160,sí
Basilio,Bas_Ep#160,genuine,Basilio de Cesarea,πορνεία,Πορνεία,1,0,10,160,no
Basilio,Bas_Ep#160,genuine,Basilio de Cesarea,πρῶτον,Πρῶτον,1,13,1633,160,no
Basilio,Bas_Ep#160,genuine,Basilio de Cesarea,σαββάτῳ,Σαββάτῳ,1,0,4,160,no
Basilio,Bas_Ep#160,genuine,Basilio de Cesarea,υἱόσ,Υἱὸς,1,2,550,160,no
Basilio,Bas_Ep#160,genuine,Basilio de Cesarea,χαναάν,Χαναάν,1,0,1,160,dudoso
Basilio,Bas_Ep#160,genuine,Basilio de Cesarea,χαναναίων,Χαναναίων,1,0,0,160,sí
Basilio,Bas_Ep#160,genuine,Basilio de Cesarea,χριστῷ,Χριστῷ,1,0,3,160,no
Basilio,Bas_Ep#160,genuine,Basilio de Cesarea,ἀφίκετο,Ἀφίκετο,1,0,119,160,no
Basilio,Bas_Ep#160,genuine,Basilio de Cesarea,ἐγώ,Ἐγὼ,1,21,2308,160,no
Basilio,Bas_Ep#160,genuine,Basilio de Cesarea,ἔοικε,Ἔοικε,1,2,162,160,no
Basilio,Bas_Ep#160,genuine,Basilio de Cesarea,ἡμᾶσ,Ἡμᾶς,1,110,2660,160,no
Basilio,Bas_Ep#160,genuine,Basilio de Cesarea,ἰσραήλ,Ἰσραήλ,1,0,6,160,no
Basilio,Bas_Ep#160,genuine,Basilio de Cesarea,ἵνα,Ἵνα,2,36,3052,160,no
Basilio,Bas_Ep#162,genuine,Basilio de Cesarea,βάραχοσ,Βάραχος,1,0,0,162,sí
Basilio,Bas_Ep#162,genuine,Basilio de Cesarea,πάσχα,Πάσχα,1,0,25,162,no
Basilio,Bas_Ep#162,genuine,Basilio de Cesarea,τοῦ,Τοῦ,1,453,35319,162,no
Basilio,Bas_Ep#162,genuine,Basilio de Cesarea,ἔοικέ,Ἔοικέ,1,0,8,162,no
Basilio,Bas_Ep#165,genuine,Basilio de Cesarea,θεόν,Θεόν|Θεὸν,2,0,2263,165,no
Basilio,Bas_Ep#165,genuine,Basilio de Cesarea,θεόσ,Θεὸς,1,0,2683,165,no
Basilio,Bas_Ep#165,genuine,Basilio de Cesarea,θεῷ,Θεῷ,1,0,1579,165,no
Basilio,Bas_Ep#165,genuine,Basilio de Cesarea,κυρίῳ,Κυρίῳ,1,0,269,165,no
Basilio,Bas_Ep#165,genuine,Basilio de Cesarea,οἷα,Οἷα,1,4,428,165,no
Basilio,Bas_Ep#165,genuine,Basilio de Cesarea,παλαιάν,Παλαιὰν,1,2,36,165,no
Basilio,Bas_Ep#165,genuine,Basilio de Cesarea,πνεύματοσ,Πνεύματος,1,1,331,165,no
Basilio,Bas_Ep#165,genuine,Basilio de Cesarea,χριστοῦ,Χριστοῦ,2,0,4,165,no
Basilio,Bas_Ep#165,genuine,Basilio de Cesarea,χριστῷ,Χριστῷ,1,0,3,165,no
Basilio,Bas_Ep#172,genuine,Basilio de Cesarea,κυρίῳ,Κυρίῳ,2,0,269,172,no
Basilio,Bas_Ep#172,genuine,Basilio de Cesarea,πατέρα,Πατέρα,1,4,649,172,no
Basilio,Bas_Ep#172,genuine,Basilio de Cesarea,πνεύματοσ,Πνεύματος,1,1,331,172,no
Basilio,Bas_Ep#172,genuine,Basilio de Cesarea,πνεῦμα,Πνεῦμα,1,1,528,172,no
Basilio,Bas_Ep#172,genuine,Basilio de Cesarea,υἱόν,Υἱὸν,1,3,567,172,no
Basilio,Bas_Ep#172,genuine,Basilio de Cesarea,ὅπωσ,Ὅπως,1,8,1337,172,no
Basilio,Bas_Ep#18,genuine,Basilio de Cesarea,κύριον,Κύριον,1,2,489,18,no
Basilio,Bas_Ep#18,genuine,Basilio de Cesarea,μή,Μὴ,1,192,15198,18,no
Basilio,Bas_Ep#18,genuine,Basilio de Cesarea,οὔτε,Οὔτε,1,60,3572,18,no
Basilio,Bas_Ep#18,genuine,Basilio de Cesarea,τῶν,Τῶν,1,538,41409,18,no
Basilio,Bas_Ep#18,genuine,Basilio de Cesarea,χριστόν,Χριστόν,1,0,3,18,no
Basilio,Bas_Ep#18,genuine,Basilio de Cesarea,ἰησοῦν,Ἰησοῦν,1,0,1,18,dudoso
Basilio,Bas_Ep#191,genuine,Basilio de Cesarea,θεοῦ,Θεοῦ,2,0,4767,191,no
Basilio,Bas_Ep#191,genuine,Basilio de Cesarea,θεῷ,Θεῷ,1,0,1579,191,no
Basilio,Bas_Ep#191,genuine,Basilio de Cesarea,κύριοσ,Κύριος,2,0,1112,191,no
Basilio,Bas_Ep#191,genuine,Basilio de Cesarea,χριστιανοῖσ,Χριστιανοῖς,1,0,0,191,sí
Basilio,Bas_Ep#191,genuine,Basilio de Cesarea,χριστοῦ,Χριστοῦ,1,0,4,191,no
Basilio,Bas_Ep#191,genuine,Basilio de Cesarea,ἐκκλησίασ,Ἐκκλησίας,1,26,230,191,no
Basilio,Bas_Ep#191,genuine,Basilio de Cesarea,ἐντυχόντεσ,Ἐντυχόντες,1,0,14,191,no
Basilio,Bas_Ep#20,genuine,Basilio de Cesarea,εὐνόμιον,Εὐνόμιον,1,0,0,20,sí
Basilio,Bas_Ep#20,genuine,Basilio de Cesarea,χρόνια,Χρόνια,1,0,0,20,sí
Basilio,Bas_Ep#20,genuine,Basilio de Cesarea,ἀλλά,Ἀλλὰ,1,81,8862,20,no
Basilio,Bas_Ep#20,genuine,Basilio de Cesarea,ἀπέστειλα,Ἀπέστειλα,1,1,12,20,no
Basilio,Bas_Ep#20,genuine,Basilio de Cesarea,ἀττική,Ἀττική,1,0,0,20,sí
Basilio,Bas_Ep#20,genuine,Basilio de Cesarea,ἑλλήνων,Ἑλλήνων,1,0,0,20,sí
Basilio,Bas_Ep#20,genuine,Basilio de Cesarea,ἡμῖν,Ἡμῖν,1,156,3725,20,no
Basilio,Bas_Ep#212,genuine,Basilio de Cesarea,δαζιμῶνι,Δαζιμῶνι,1,0,0,212,sí
Basilio,Bas_Ep#212,genuine,Basilio de Cesarea,θεοῦ,Θεοῦ,1,0,4767,212,no
Basilio,Bas_Ep#212,genuine,Basilio de Cesarea,κύριοσ,Κύριος,1,0,1112,212,no
Basilio,Bas_Ep#212,genuine,Basilio de Cesarea,πόσου,Πόσου,1,3,29,212,no
Basilio,Bas_Ep#212,genuine,Basilio de Cesarea,σέ,Σὲ,1,15,743,212,no
Basilio,Bas_Ep#212,genuine,Basilio de Cesarea,ἐμέ,Ἐμὲ,1,11,785,212,no
Basilio,Bas_Ep#212,genuine,Basilio de Cesarea,ἰώβ,Ἰώβ,1,0,0,212,sí
Basilio,Bas_Ep#213,genuine,Basilio de Cesarea,γίνωσκε,Γίνωσκε,1,1,34,213,no
Basilio,Bas_Ep#213,genuine,Basilio de Cesarea,δεσπότου,Δεσπότου,1,0,99,213,no
Basilio,Bas_Ep#213,genuine,Basilio de Cesarea,θεοῦ,Θεοῦ,3,0,4767,213,no
Basilio,Bas_Ep#213,genuine,Basilio de Cesarea,κύριοσ,Κύριος,1,0,1112,213,no
Basilio,Bas_Ep#213,genuine,Basilio de Cesarea,μεσοποταμίαν,Μεσοποταμίαν,1,0,0,213,sí
Basilio,Bas_Ep#213,genuine,Basilio de Cesarea,σωτῆροσ,Σωτῆρος,1,0,99,213,no
Basilio,Bas_Ep#213,genuine,Basilio de Cesarea,χριστοῦ,Χριστοῦ,2,0,4,213,no
Basilio,Bas_Ep#213,genuine,Basilio de Cesarea,ἰησοῦ,Ἰησοῦ,1,0,1,213,dudoso
Basilio,Bas_Ep#219,genuine,Basilio de Cesarea,θεοδώρου,Θεοδώρου,1,0,0,219,sí
Basilio,Bas_Ep#219,genuine,Basilio de Cesarea,θεοῦ,Θεοῦ,4,0,4767,219,no
Basilio,Bas_Ep#219,genuine,Basilio de Cesarea,θεόν,Θεὸν,1,0,2263,219,no
Basilio,Bas_Ep#219,genuine,Basilio de Cesarea,θεῷ,Θεῷ,1,0,1579,219,no
Basilio,Bas_Ep#219,genuine,Basilio de Cesarea,κύριοσ,Κύριος,1,0,1112,219,no
Basilio,Bas_Ep#219,genuine,Basilio de Cesarea,χριστόν,Χριστὸν,1,0,3,219,no
Basilio,Bas_Ep#219,genuine,Basilio de Cesarea,ἐκεῖνο,Ἐκεῖνο,1,15,845,219,no
Basilio,Bas_Ep#219,genuine,Basilio de Cesarea,ἐκκλησίασ,Ἐκκλησίας,1,26,230,219,no
Basilio,Bas_Ep#219,genuine,Basilio de Cesarea,ἐκκλησίᾳ,Ἐκκλησίᾳ,1,2,67,219,no
Basilio,Bas_Ep#219,genuine,Basilio de Cesarea,ὁ,Ὁ,1,183,25257,219,no
Basilio,Bas_Ep#22,genuine,Basilio de Cesarea,γραφῆσ,Γραφῆς,2,0,81,22,no
Basilio,Bas_Ep#22,genuine,Basilio de Cesarea,δῴη,Δῴη,1,0,11,22,no
Basilio,Bas_Ep#22,genuine,Basilio de Cesarea,θεοῦ,Θεοῦ,9,0,4767,22,no
Basilio,Bas_Ep#22,genuine,Basilio de Cesarea,θεόν,Θεόν,1,0,2263,22,no
Basilio,Bas_Ep#22,genuine,Basilio de Cesarea,θεῷ,Θεῷ,3,0,1579,22,no
Basilio,Bas_Ep#22,genuine,Basilio de Cesarea,καθήλωσον,Καθήλωσον,1,0,0,22,sí
Basilio,Bas_Ep#22,genuine,Basilio de Cesarea,κυρίου,Κυρίου,2,2,736,22,no
Basilio,Bas_Ep#22,genuine,Basilio de Cesarea,κύριοσ,Κύριος,1,0,1112,22,no
Basilio,Bas_Ep#22,genuine,Basilio de Cesarea,πνεύματοσ,Πνεύματος,1,1,331,22,no
Basilio,Bas_Ep#22,genuine,Basilio de Cesarea,πνεῦμα,Πνεῦμα,1,1,528,22,no
Basilio,Bas_Ep#22,genuine,Basilio de Cesarea,πολλῶν,Πολλῶν,1,16,973,22,no
Basilio,Bas_Ep#22,genuine,Basilio de Cesarea,χριστιανόν,Χριστιανόν|Χριστιανὸν,3,0,0,22,sí
Basilio,Bas_Ep#22,genuine,Basilio de Cesarea,χριστοῦ,Χριστοῦ,4,0,4,22,no
Basilio,Bas_Ep#22,genuine,Basilio de Cesarea,ἀμήν,Ἀμήν,1,0,60,22,no
Basilio,Bas_Ep#22,genuine,Basilio de Cesarea,ἀσεβῶν,Ἀσεβῶν,1,1,75,22,no
Basilio,Bas_Ep#22,genuine,Basilio de Cesarea,ἔχοντεσ,Ἔχοντες,1,7,506,22,no
Basilio,Bas_Ep#22,genuine,Basilio de Cesarea,ἰησοῦ,Ἰησοῦ,1,0,1,22,dudoso
Basilio,Bas_Ep#22,genuine,Basilio de Cesarea,ὅτι,Ὅτι,7,197,10633,22,no
Basilio,Bas_Ep#222,genuine,Basilio de Cesarea,αἰώνων,Αἰώνων,1,0,87,222,no
Basilio,Bas_Ep#222,genuine,Basilio de Cesarea,βασιλεῖ,Βασιλεῖ,1,1,486,222,no
Basilio,Bas_Ep#222,genuine,Basilio de Cesarea,θεοῦ,Θεοῦ,2,0,4767,222,no
Basilio,Bas_Ep#222,genuine,Basilio de Cesarea,θεόν,Θεόν,1,0,2263,222,no
Basilio,Bas_Ep#222,genuine,Basilio de Cesarea,καππαδοκίᾳ,Καππαδοκίᾳ,1,0,0,222,sí
Basilio,Bas_Ep#222,genuine,Basilio de Cesarea,κυρίῳ,Κυρίῳ,1,0,269,222,no
Basilio,Bas_Ep#222,genuine,Basilio de Cesarea,κύριοσ,Κύριος,1,0,1112,222,no
Basilio,Bas_Ep#222,genuine,Basilio de Cesarea,τούτου,Τούτου,1,25,1778,222,no
Basilio,Bas_Ep#222,genuine,Basilio de Cesarea,τό,Τὸ,1,494,40665,222,no
Basilio,Bas_Ep#222,genuine,Basilio de Cesarea,χριστόν,Χριστὸν,1,0,3,222,no
Basilio,Bas_Ep#222,genuine,Basilio de Cesarea,ἀνατολῆσ,Ἀνατολῆς,1,1,43,222,no
Basilio,Bas_Ep#224,genuine,Basilio de Cesarea,γελασίῳ,Γελασίῳ,1,0,0,224,sí
Basilio,Bas_Ep#224,genuine,Basilio de Cesarea,θεόν,Θεόν,1,0,2263,224,no
Basilio,Bas_Ep#224,genuine,Basilio de Cesarea,θεόσ,Θεὸς,1,0,2683,224,no
Basilio,Bas_Ep#224,genuine,Basilio de Cesarea,θεῷ,Θεῷ,2,0,1579,224,no
Basilio,Bas_Ep#224,genuine,Basilio de Cesarea,περί,Περὶ,1,79,11327,224,no
Basilio,Bas_Ep#224,genuine,Basilio de Cesarea,σαβελλίου,Σαβελλίου,1,0,0,224,sí
Basilio,Bas_Ep#224,genuine,Basilio de Cesarea,τί,Τί,1,38,4801,224,no
Basilio,Bas_Ep#224,genuine,Basilio de Cesarea,χριστοῦ,Χριστοῦ,1,0,4,224,no
Basilio,Bas_Ep#224,genuine,Basilio de Cesarea,ἀπολλιναρίου,Ἀπολλιναρίου,1,0,0,224,sí
Basilio,Bas_Ep#224,genuine,Basilio de Cesarea,ἐδεξάμην,Ἐδεξάμην,1,5,28,224,no
Basilio,Bas_Ep#224,genuine,Basilio de Cesarea,ἐντελέστερον,Ἐντελέστερον,1,0,2,224,dudoso
Basilio,Bas_Ep#224,genuine,Basilio de Cesarea,ἕλλησι,Ἕλλησι,1,0,2,224,dudoso
Basilio,Bas_Ep#224,genuine,Basilio de Cesarea,ἰουδαίοισ,Ἰουδαίοις,1,0,0,224,sí
Basilio,Bas_Ep#23,genuine,Basilio de Cesarea,διό,Διὸ,1,7,698,23,no
Basilio,Bas_Ep#23,genuine,Basilio de Cesarea,θεόν,Θεὸν,2,0,2263,23,no
Basilio,Bas_Ep#23,genuine,Basilio de Cesarea,θεῷ,Θεῷ,1,0,1579,23,no
Basilio,Bas_Ep#23,genuine,Basilio de Cesarea,κυρίου,Κυρίου,4,2,736,23,no
Basilio,Bas_Ep#23,genuine,Basilio de Cesarea,κύριον,Κύριον,1,2,489,23,no
Basilio,Bas_Ep#23,genuine,Basilio de Cesarea,χριστῷ,Χριστῷ,2,0,3,23,no
Basilio,Bas_Ep#23,genuine,Basilio de Cesarea,ὁ,Ὁ,1,183,25257,23,no
Basilio,Bas_Ep#235,genuine,Basilio de Cesarea,γαλάται,Γαλάται,1,0,0,235,sí
Basilio,Bas_Ep#235,genuine,Basilio de Cesarea,γραφῇ,Γραφῇ,1,1,54,235,no
Basilio,Bas_Ep#235,genuine,Basilio de Cesarea,δεσπότην,Δεσπότην,1,0,129,235,no
Basilio,Bas_Ep#235,genuine,Basilio de Cesarea,θεοῦ,Θεοῦ,5,0,4767,235,no
Basilio,Bas_Ep#235,genuine,Basilio de Cesarea,θεόν,Θεόν|Θεὸν,4,0,2263,235,no
Basilio,Bas_Ep#235,genuine,Basilio de Cesarea,θεόσ,Θεός,5,0,2683,235,no
Basilio,Bas_Ep#235,genuine,Basilio de Cesarea,κύριοσ,Κύριος,2,0,1112,235,no
Basilio,Bas_Ep#235,genuine,Basilio de Cesarea,μαρία,Μαρία,1,0,0,235,sí
Basilio,Bas_Ep#235,genuine,Basilio de Cesarea,νυνί,Νυνὶ,1,1,220,235,no
Basilio,Bas_Ep#235,genuine,Basilio de Cesarea,νῦν,Νῦν,2,78,3035,235,no
Basilio,Bas_Ep#235,genuine,Basilio de Cesarea,οἶδασ,Οἶδας,1,6,76,235,no
Basilio,Bas_Ep#235,genuine,Basilio de Cesarea,οὐκοῦν,Οὐκοῦν,1,0,331,235,no
Basilio,Bas_Ep#235,genuine,Basilio de Cesarea,παρθένοσ,Παρθένος,1,0,56,235,no
Basilio,Bas_Ep#235,genuine,Basilio de Cesarea,παύλου,Παύλου,1,0,0,235,sí
Basilio,Bas_Ep#235,genuine,Basilio de Cesarea,παῦλοσ,Παῦλος,1,0,2,235,dudoso
Basilio,Bas_Ep#235,genuine,Basilio de Cesarea,πῶσ,Πῶς,1,27,2390,235,no
Basilio,Bas_Ep#235,genuine,Basilio de Cesarea,τί,Τί,1,38,4801,235,no
Basilio,Bas_Ep#235,genuine,Basilio de Cesarea,τιμόθεον,Τιμόθεον,4,0,0,235,sí
Basilio,Bas_Ep#235,genuine,Basilio de Cesarea,τιμόθεου,Τιμόθεου,1,0,0,235,sí
Basilio,Bas_Ep#235,genuine,Basilio de Cesarea,ἀδάμ,Ἀδὰμ,1,0,4,235,no
Basilio,Bas_Ep#235,genuine,Basilio de Cesarea,ἐπεί,Ἐπεὶ,1,24,2085,235,no
Basilio,Bas_Ep#235,genuine,Basilio de Cesarea,ἔγνω,Ἔγνω,1,9,229,235,no
Basilio,Bas_Ep#235,genuine,Basilio de Cesarea,ἰουδαίᾳ,Ἰουδαίᾳ,2,0,0,235,sí
Basilio,Bas_Ep#235,genuine,Basilio de Cesarea,ἰσραήλ,Ἰσραήλ|Ἰσραὴλ,2,0,6,235,no
Basilio,Bas_Ep#235,genuine,Basilio de Cesarea,ὅταν,Ὅταν,1,13,1871,235,no
Basilio,Bas_Ep#235,genuine,Basilio de Cesarea,ῥεβέκκασ,Ῥεβέκκας,2,0,0,235,sí
Basilio,Bas_Ep#237,genuine,Basilio de Cesarea,γαλατίασ,Γαλατίας,1,0,0,237,sí
Basilio,Bas_Ep#237,genuine,Basilio de Cesarea,γαλατῶν,Γαλατῶν,1,0,0,237,sí
Basilio,Bas_Ep#237,genuine,Basilio de Cesarea,εὐστάθιον,Εὐστάθιον,1,0,0,237,sí
Basilio,Bas_Ep#237,genuine,Basilio de Cesarea,εὐσταθίῳ,Εὐσταθίῳ,2,0,0,237,sí
Basilio,Bas_Ep#237,genuine,Basilio de Cesarea,θεόδοτοσ,Θεόδοτος,1,0,0,237,sí
Basilio,Bas_Ep#237,genuine,Basilio de Cesarea,θρᾴκην,Θρᾴκην,1,0,0,237,sí
Basilio,Bas_Ep#237,genuine,Basilio de Cesarea,θρᾴκησ,Θρᾴκης,1,0,0,237,sí
Basilio,Bas_Ep#237,genuine,Basilio de Cesarea,καισαρείᾳ,Καισαρείᾳ,1,0,0,237,sí
Basilio,Bas_Ep#237,genuine,Basilio de Cesarea,νικοπολιτῶν,Νικοπολιτῶν,1,0,0,237,sí
Basilio,Bas_Ep#237,genuine,Basilio de Cesarea,νύσσαν,Νύσσαν,1,0,0,237,sí
Basilio,Bas_Ep#237,genuine,Basilio de Cesarea,πάλιν,Πάλιν,1,36,2160,237,no
Basilio,Bas_Ep#237,genuine,Basilio de Cesarea,ποντικῶν,Ποντικῶν,1,0,0,237,sí
Basilio,Bas_Ep#237,genuine,Basilio de Cesarea,σεβάστειαν,Σεβάστειαν,1,0,0,237,sí
Basilio,Bas_Ep#237,genuine,Basilio de Cesarea,σεβαστείᾳ,Σεβαστείᾳ,1,0,0,237,sí
Basilio,Bas_Ep#237,genuine,Basilio de Cesarea,φιλιππούπολιν,Φιλιππούπολιν,1,0,0,237,sí
Basilio,Bas_Ep#237,genuine,Basilio de Cesarea,ἐγώ,Ἐγὼ,1,21,2308,237,no
Basilio,Bas_Ep#237,genuine,Basilio de Cesarea,ἐκδίκιον,Ἐκδίκιον,1,0,0,237,sí
Basilio,Bas_Ep#237,genuine,Basilio de Cesarea,ἐπεδήμησεν,Ἐπεδήμησεν,1,0,1,237,dudoso
Basilio,Bas_Ep#237,genuine,Basilio de Cesarea,ὕψιν,Ὕψιν,1,0,0,237,sí
Basilio,Bas_Ep#238,genuine,Basilio de Cesarea,θεοῦ,Θεοῦ,2,0,4767,238,no
Basilio,Bas_Ep#238,genuine,Basilio de Cesarea,κυρίου,Κυρίου,1,2,736,238,no
Basilio,Bas_Ep#238,genuine,Basilio de Cesarea,κυρίῳ,Κυρίῳ,1,0,269,238,no
Basilio,Bas_Ep#238,genuine,Basilio de Cesarea,κύριον,Κύριον,1,2,489,238,no
Basilio,Bas_Ep#238,genuine,Basilio de Cesarea,ἐδεξάμην,Ἐδεξάμην,1,5,28,238,no
Basilio,Bas_Ep#238,genuine,Basilio de Cesarea,ὑμᾶσ,Ὑμᾶς,1,43,1215,238,no
Basilio,Bas_Ep#243,genuine,Basilio de Cesarea,βασίλειοσ,Βασίλειος,1,0,1,243,dudoso
Basilio,Bas_Ep#243,genuine,Basilio de Cesarea,γαλλίαν,Γαλλίαν,1,0,0,243,sí
Basilio,Bas_Ep#243,genuine,Basilio de Cesarea,διωγμόσ,Διωγμὸς,1,1,9,243,no
Basilio,Bas_Ep#243,genuine,Basilio de Cesarea,δωρόθεον,Δωρόθεον,1,0,0,243,sí
Basilio,Bas_Ep#243,genuine,Basilio de Cesarea,εὐαγγέλιον,Εὐαγγέλιον,1,2,63,243,no
Basilio,Bas_Ep#243,genuine,Basilio de Cesarea,θεοῦ,Θεοῦ,5,0,4767,243,no
Basilio,Bas_Ep#243,genuine,Basilio de Cesarea,θεόσ,Θεὸς,1,0,2683,243,no
Basilio,Bas_Ep#243,genuine,Basilio de Cesarea,καισαρείασ,Καισαρείας,1,0,0,243,sí
Basilio,Bas_Ep#243,genuine,Basilio de Cesarea,καππαδοκίασ,Καππαδοκίας,1,0,0,243,sí
Basilio,Bas_Ep#243,genuine,Basilio de Cesarea,κυρίου,Κυρίου,2,2,736,243,no
Basilio,Bas_Ep#243,genuine,Basilio de Cesarea,κύριον,Κύριον,2,2,489,243,no
Basilio,Bas_Ep#243,genuine,Basilio de Cesarea,κύριοσ,Κύριος,2,0,1112,243,no
Basilio,Bas_Ep#243,genuine,Basilio de Cesarea,μονογενήσ,Μονογενὴς,1,0,18,243,no
Basilio,Bas_Ep#243,genuine,Basilio de Cesarea,οὐκ,Οὐκ,2,103,11914,243,no
Basilio,Bas_Ep#243,genuine,Basilio de Cesarea,πατρί,Πατρὶ,1,0,369,243,no
Basilio,Bas_Ep#243,genuine,Basilio de Cesarea,πνεῦμα,Πνεῦμα,2,1,528,243,no
Basilio,Bas_Ep#243,genuine,Basilio de Cesarea,ταῦτα,Ταῦτα,1,36,5633,243,no
Basilio,Bas_Ep#243,genuine,Basilio de Cesarea,τούτων,Τούτων,1,22,3648,243,no
Basilio,Bas_Ep#243,genuine,Basilio de Cesarea,τοῖσ,Τοῖς,1,187,17116,243,no
Basilio,Bas_Ep#243,genuine,Basilio de Cesarea,τριάδοσ,Τριάδος,1,0,11,243,no
Basilio,Bas_Ep#243,genuine,Basilio de Cesarea,υἱόσ,Υἱὸς,1,2,550,243,no
Basilio,Bas_Ep#243,genuine,Basilio de Cesarea,υἱῷ,Υἱῷ,1,0,103,243,no
Basilio,Bas_Ep#243,genuine,Basilio de Cesarea,χριστιανῶν,Χριστιανῶν,2,0,1,243,dudoso
Basilio,Bas_Ep#243,genuine,Basilio de Cesarea,χριστοῦ,Χριστοῦ,2,0,4,243,no
Basilio,Bas_Ep#243,genuine,Basilio de Cesarea,χριστόσ,Χριστὸς,1,0,7,243,no
Basilio,Bas_Ep#243,genuine,Basilio de Cesarea,ἐκκλησίαν,Ἐκκλησίαν,1,3,142,243,no
Basilio,Bas_Ep#243,genuine,Basilio de Cesarea,ἐκκλησίασ,Ἐκκλησίας,1,26,230,243,no
Basilio,Bas_Ep#243,genuine,Basilio de Cesarea,ἰησοῦσ,Ἰησοῦς,1,0,1,243,dudoso
Basilio,Bas_Ep#243,genuine,Basilio de Cesarea,ἰταλίαν,Ἰταλίαν,1,0,0,243,sí
Basilio,Bas_Ep#243,genuine,Basilio de Cesarea,ὁ,Ὁ,1,183,25257,243,no
Basilio,Bas_Ep#243,genuine,Basilio de Cesarea,ὑμέτερα,Ὑμέτερα,1,1,25,243,no
Basilio,Bas_Ep#244,genuine,Basilio de Cesarea,βασίλειοσ,Βασίλειος,1,0,1,244,dudoso
Basilio,Bas_Ep#244,genuine,Basilio de Cesarea,βιθυνούσ,Βιθυνοὺς,1,0,0,244,sí
Basilio,Bas_Ep#244,genuine,Basilio de Cesarea,γαλατίαν,Γαλατίαν,1,0,0,244,sí
Basilio,Bas_Ep#244,genuine,Basilio de Cesarea,γραφῶν,Γραφῶν,1,0,67,244,no
Basilio,Bas_Ep#244,genuine,Basilio de Cesarea,δαζίζαν,Δαζίζαν,2,0,0,244,sí
Basilio,Bas_Ep#244,genuine,Basilio de Cesarea,διόδωρον,Διόδωρον,2,0,0,244,sí
Basilio,Bas_Ep#244,genuine,Basilio de Cesarea,εὐδοξίου,Εὐδοξίου,1,0,0,244,sí
Basilio,Bas_Ep#244,genuine,Basilio de Cesarea,εὐιππίου,Εὐιππίου,3,0,0,244,sí
Basilio,Bas_Ep#244,genuine,Basilio de Cesarea,εὐνομίου,Εὐνομίου,1,0,0,244,sí
Basilio,Bas_Ep#244,genuine,Basilio de Cesarea,εὐσέβιον,Εὐσέβιον,1,0,0,244,sí
Basilio,Bas_Ep#244,genuine,Basilio de Cesarea,εὐστάθιοσ,Εὐστάθιος,1,0,0,244,sí
Basilio,Bas_Ep#244,genuine,Basilio de Cesarea,θεοῦ,Θεοῦ,4,0,4767,244,no
Basilio,Bas_Ep#244,genuine,Basilio de Cesarea,θεόσ,Θεὸς,1,0,2683,244,no
Basilio,Bas_Ep#244,genuine,Basilio de Cesarea,θεόφιλοσ,Θεόφιλος,1,0,0,244,sí
Basilio,Bas_Ep#244,genuine,Basilio de Cesarea,θράκησ,Θράκης,1,0,0,244,sí
Basilio,Bas_Ep#244,genuine,Basilio de Cesarea,καί,Καὶ,1,1314,157796,244,no
Basilio,Bas_Ep#244,genuine,Basilio de Cesarea,κιλίκων,Κιλίκων,1,0,0,244,sí
Basilio,Bas_Ep#244,genuine,Basilio de Cesarea,κυζίκῳ,Κυζίκῳ,1,0,0,244,sí
Basilio,Bas_Ep#244,genuine,Basilio de Cesarea,κυρίου,Κυρίου,1,2,736,244,no
Basilio,Bas_Ep#244,genuine,Basilio de Cesarea,κωνσταντινουπόλει,Κωνσταντινουπόλει,1,0,0,244,sí
Basilio,Bas_Ep#244,genuine,Basilio de Cesarea,κύζικον,Κύζικον,1,0,0,244,sí
Basilio,Bas_Ep#244,genuine,Basilio de Cesarea,κύριοσ,Κύριος,3,0,1112,244,no
Basilio,Bas_Ep#244,genuine,Basilio de Cesarea,λαμψάκῳ,Λαμψάκῳ,1,0,0,244,sí
Basilio,Bas_Ep#244,genuine,Basilio de Cesarea,νίκαιαν,Νίκαιαν,1,0,0,244,sí
Basilio,Bas_Ep#244,genuine,Basilio de Cesarea,νίκῃ,Νίκῃ,1,1,28,244,no
Basilio,Bas_Ep#244,genuine,Basilio de Cesarea,νικαίᾳ,Νικαίᾳ,2,0,0,244,sí
Basilio,Bas_Ep#244,genuine,Basilio de Cesarea,νικοπολίταισ,Νικοπολίταις,1,0,0,244,sí
Basilio,Bas_Ep#244,genuine,Basilio de Cesarea,νικοπολίτασ,Νικοπολίτας,1,0,0,244,sí
Basilio,Bas_Ep#244,genuine,Basilio de Cesarea,νικοπολιτῶν,Νικοπολιτῶν,1,0,0,244,sí
Basilio,Bas_Ep#244,genuine,Basilio de Cesarea,οἷαι,Οἷαι,1,0,14,244,no
Basilio,Bas_Ep#244,genuine,Basilio de Cesarea,πλήν,Πλὴν,1,17,554,244,no
Basilio,Bas_Ep#244,genuine,Basilio de Cesarea,πνεύματοσ,Πνεύματος,2,1,331,244,no
Basilio,Bas_Ep#244,genuine,Basilio de Cesarea,πνεῦμα,Πνεῦμα,1,1,528,244,no
Basilio,Bas_Ep#244,genuine,Basilio de Cesarea,πόντῳ,Πόντῳ,1,0,4,244,no
Basilio,Bas_Ep#244,genuine,Basilio de Cesarea,σεβάστειαν,Σεβάστειαν,1,0,0,244,sí
Basilio,Bas_Ep#244,genuine,Basilio de Cesarea,σελευκείᾳ,Σελευκείᾳ,1,0,0,244,sí
Basilio,Bas_Ep#244,genuine,Basilio de Cesarea,σιλουανοῦ,Σιλουανοῦ,1,0,0,244,sí
Basilio,Bas_Ep#244,genuine,Basilio de Cesarea,στρατηγίου,Στρατηγίου,2,0,0,244,sí
Basilio,Bas_Ep#244,genuine,Basilio de Cesarea,τυάνοισ,Τυάνοις,1,0,0,244,sí
Basilio,Bas_Ep#244,genuine,Basilio de Cesarea,τυάνων,Τυάνων,1,0,0,244,sí
Basilio,Bas_Ep#244,genuine,Basilio de Cesarea,χριστῷ,Χριστῷ,1,0,3,244,no
Basilio,Bas_Ep#244,genuine,Basilio de Cesarea,ἀγκύρασ,Ἀγκύρας,1,0,8,244,no
Basilio,Bas_Ep#244,genuine,Basilio de Cesarea,ἀετίου,Ἀετίου,1,0,0,244,sí
Basilio,Bas_Ep#244,genuine,Basilio de Cesarea,ἀπολλινάριον,Ἀπολλινάριον,1,0,0,244,sí
Basilio,Bas_Ep#244,genuine,Basilio de Cesarea,ἀπολλιναρίου,Ἀπολλιναρίου,1,0,0,244,sí
Basilio,Bas_Ep#244,genuine,Basilio de Cesarea,ἀπολλιναρίῳ,Ἀπολλιναρίῳ,1,0,0,244,sí
Basilio,Bas_Ep#244,genuine,Basilio de Cesarea,ἀρείου,Ἀρείου,2,0,0,244,sí
Basilio,Bas_Ep#244,genuine,Basilio de Cesarea,ἀρείῳ,Ἀρείῳ,1,0,0,244,sí
Basilio,Bas_Ep#244,genuine,Basilio de Cesarea,ἀρειανόν,Ἀρειανὸν,1,0,0,244,sí
Basilio,Bas_Ep#244,genuine,Basilio de Cesarea,ἄνθρωποι,Ἄνθρωποι,1,5,420,244,no
Basilio,Bas_Ep#244,genuine,Basilio de Cesarea,ἄρειον,Ἄρειον,1,0,2,244,dudoso
Basilio,Bas_Ep#244,genuine,Basilio de Cesarea,ἐκκλησίασ,Ἐκκλησίας,1,26,230,244,no
Basilio,Bas_Ep#244,genuine,Basilio de Cesarea,ἐνέτυχόν,Ἐνέτυχόν,1,1,3,244,no
Basilio,Bas_Ep#244,genuine,Basilio de Cesarea,ἐπί,Ἐπὶ,1,139,13292,244,no
Basilio,Bas_Ep#244,genuine,Basilio de Cesarea,ἐπειδή,Ἐπειδὴ,1,38,1055,244,no
Basilio,Bas_Ep#244,genuine,Basilio de Cesarea,ἐπιγινώσκειν,Ἐπιγινώσκειν,1,1,7,244,no
Basilio,Bas_Ep#244,genuine,Basilio de Cesarea,ἑλλησπόντου,Ἑλλησπόντου,1,0,0,244,sí
Basilio,Bas_Ep#244,genuine,Basilio de Cesarea,ἑρμογένην,Ἑρμογένην,1,0,0,244,sí
Basilio,Bas_Ep#244,genuine,Basilio de Cesarea,ἑρμογένησ,Ἑρμογένης,1,0,0,244,sí
Basilio,Bas_Ep#244,genuine,Basilio de Cesarea,ἕωσ,Ἕως,1,6,950,244,no
Basilio,Bas_Ep#244,genuine,Basilio de Cesarea,ἡ,Ἡ,1,124,13248,244,no
Basilio,Bas_Ep#244,genuine,Basilio de Cesarea,ἡμεῖσ,Ἡμεῖς,1,34,1120,244,no
Basilio,Bas_Ep#244,genuine,Basilio de Cesarea,ἱερεμίᾳ,Ἱερεμίᾳ,1,0,0,244,sí
Basilio,Bas_Ep#244,genuine,Basilio de Cesarea,ὅ,Ὃ,1,39,3642,244,no
Basilio,Bas_Ep#244,genuine,Basilio de Cesarea,ὅπωσ,Ὅπως,1,8,1337,244,no
Basilio,Bas_Ep#244,genuine,Basilio de Cesarea,ῥώμην,Ῥώμην,1,0,50,244,no
Basilio,Bas_Ep#244,genuine,Basilio de Cesarea,ῥώμησ,Ῥώμης,2,0,45,244,no
Basilio,Bas_Ep#244,genuine,Basilio de Cesarea,ῥώμῃ,Ῥώμῃ,1,0,56,244,no
Basilio,Bas_Ep#245,genuine,Basilio de Cesarea,γίνωσκε,Γίνωσκε,1,1,34,245,no
Basilio,Bas_Ep#245,genuine,Basilio de Cesarea,πάλαι,Πάλαι,1,9,534,245,no
Basilio,Bas_Ep#245,genuine,Basilio de Cesarea,στρατήγιοσ,Στρατήγιος,1,0,0,245,sí
Basilio,Bas_Ep#248,genuine,Basilio de Cesarea,αὐτόσ,Αὐτὸς,1,62,3708,248,no
Basilio,Bas_Ep#248,genuine,Basilio de Cesarea,δωήκ,Δωὴκ,1,0,0,248,sí
Basilio,Bas_Ep#248,genuine,Basilio de Cesarea,θεόν,Θεὸν,1,0,2263,248,no
Basilio,Bas_Ep#248,genuine,Basilio de Cesarea,κυρίου,Κυρίου,1,2,736,248,no
Basilio,Bas_Ep#248,genuine,Basilio de Cesarea,κυρίῳ,Κυρίῳ,2,0,269,248,no
Basilio,Bas_Ep#248,genuine,Basilio de Cesarea,κύριοσ,Κύριος,1,0,1112,248,no
Basilio,Bas_Ep#248,genuine,Basilio de Cesarea,σατάν,Σατάν,1,0,1,248,dudoso
Basilio,Bas_Ep#248,genuine,Basilio de Cesarea,ἀσκλήπιόσ,Ἀσκλήπιός,1,0,0,248,sí
Basilio,Bas_Ep#248,genuine,Basilio de Cesarea,ἁγίου,Ἁγίου,1,8,174,248,no
Basilio,Bas_Ep#248,genuine,Basilio de Cesarea,ἐκκλησίᾳ,Ἐκκλησίᾳ,1,2,67,248,no
Basilio,Bas_Ep#248,genuine,Basilio de Cesarea,ὅταν,Ὅταν,1,13,1871,248,no
Basilio,Bas_Ep#25,genuine,Basilio de Cesarea,θεόν,Θεὸν,1,0,2263,25,no
Basilio,Bas_Ep#25,genuine,Basilio de Cesarea,θεῷ,Θεῷ,1,0,1579,25,no
Basilio,Bas_Ep#25,genuine,Basilio de Cesarea,πατρί,Πατρί,1,0,369,25,no
Basilio,Bas_Ep#25,genuine,Basilio de Cesarea,πνεῦμα,Πνεῦμα,1,1,528,25,no
Basilio,Bas_Ep#25,genuine,Basilio de Cesarea,τῶν,Τῶν,1,538,41409,25,no
Basilio,Bas_Ep#25,genuine,Basilio de Cesarea,υἱόν,Υἱὸν,1,3,567,25,no
Basilio,Bas_Ep#25,genuine,Basilio de Cesarea,ἀγκύρασ,Ἀγκύρας,1,0,8,25,no
Basilio,Bas_Ep#25,genuine,Basilio de Cesarea,ἀλλ’,Ἀλλʼ,1,104,7239,25,no
Basilio,Bas_Ep#25,genuine,Basilio de Cesarea,ἀπήγγειλάν,Ἀπήγγειλάν,1,0,3,25,no
Basilio,Bas_Ep#25,genuine,Basilio de Cesarea,ὥστε,Ὥστε,1,85,2241,25,no
Basilio,Bas_Ep#250,genuine,Basilio de Cesarea,γαλατίασ,Γαλατίας,1,0,0,250,sí
Basilio,Bas_Ep#250,genuine,Basilio de Cesarea,εἰ,Εἰ,1,127,10237,250,no
Basilio,Bas_Ep#250,genuine,Basilio de Cesarea,κυρίῳ,Κυρίῳ,1,0,269,250,no
Basilio,Bas_Ep#250,genuine,Basilio de Cesarea,πλήν,Πλὴν,1,17,554,250,no
Basilio,Bas_Ep#250,genuine,Basilio de Cesarea,σεβάστειαν,Σεβάστειαν,1,0,0,250,sí
Basilio,Bas_Ep#250,genuine,Basilio de Cesarea,στρατηγίου,Στρατηγίου,1,0,0,250,sí
Basilio,Bas_Ep#250,genuine,Basilio de Cesarea,ταῦτα,Ταῦτα,1,36,5633,250,no
Basilio,Bas_Ep#250,genuine,Basilio de Cesarea,ὀψέ,Ὀψὲ,1,2,72,250,no
Basilio,Bas_Ep#262,genuine,Basilio de Cesarea,δεσπότην,Δεσπότην,1,0,129,262,no
Basilio,Bas_Ep#262,genuine,Basilio de Cesarea,θεοῦ,Θεοῦ,3,0,4767,262,no
Basilio,Bas_Ep#262,genuine,Basilio de Cesarea,θεόν,Θεόν,1,0,2263,262,no
Basilio,Bas_Ep#262,genuine,Basilio de Cesarea,καλῶσ,Καλῶς,1,4,861,262,no
Basilio,Bas_Ep#262,genuine,Basilio de Cesarea,κυρίου,Κυρίου,1,2,736,262,no
Basilio,Bas_Ep#262,genuine,Basilio de Cesarea,κύριον,Κύριον,2,2,489,262,no
Basilio,Bas_Ep#262,genuine,Basilio de Cesarea,μαρίασ,Μαρίας,1,0,0,262,sí
Basilio,Bas_Ep#262,genuine,Basilio de Cesarea,μονογενοῦσ,Μονογενοῦς,1,0,20,262,no
Basilio,Bas_Ep#262,genuine,Basilio de Cesarea,τοῦτο,Τοῦτο,1,83,6644,262,no
Basilio,Bas_Ep#262,genuine,Basilio de Cesarea,χριστοῦ,Χριστοῦ,1,0,4,262,no
Basilio,Bas_Ep#262,genuine,Basilio de Cesarea,ἀδάμ,Ἀδὰμ,1,0,4,262,no
Basilio,Bas_Ep#262,genuine,Basilio de Cesarea,ἀλλά,Ἀλλὰ,1,81,8862,262,no
Basilio,Bas_Ep#262,genuine,Basilio de Cesarea,ἐγώ,Ἐγώ,1,21,2308,262,no
Basilio,Bas_Ep#271,genuine,Basilio de Cesarea,εὐθύσ,Εὐθὺς,1,10,876,271,no
Basilio,Bas_Ep#271,genuine,Basilio de Cesarea,εὐσέβιον,Εὐσέβιον,1,0,0,271,sí
Basilio,Bas_Ep#271,genuine,Basilio de Cesarea,κυρίου,Κυρίου,1,2,736,271,no
Basilio,Bas_Ep#271,genuine,Basilio de Cesarea,κυριακοῦ,Κυριακοῦ,1,0,1,271,dudoso
Basilio,Bas_Ep#271,genuine,Basilio de Cesarea,κύριον,Κύριον,1,2,489,271,no
Basilio,Bas_Ep#271,genuine,Basilio de Cesarea,πνεύματοσ,Πνεύματος,1,1,331,271,no
Basilio,Bas_Ep#272,genuine,Basilio de Cesarea,εἰ,Εἰ,1,127,10237,272,no
Basilio,Bas_Ep#272,genuine,Basilio de Cesarea,θεοῦ,Θεοῦ,1,0,4767,272,no
Basilio,Bas_Ep#272,genuine,Basilio de Cesarea,καί,Καὶ,1,1314,157796,272,no
Basilio,Bas_Ep#272,genuine,Basilio de Cesarea,μεμνόνιον,Μεμνόνιον,1,0,0,272,sí
Basilio,Bas_Ep#272,genuine,Basilio de Cesarea,πῶσ,Πῶς,1,27,2390,272,no
Basilio,Bas_Ep#272,genuine,Basilio de Cesarea,ἀκτίακοσ,Ἀκτίακος,1,0,0,272,sí
Basilio,Bas_Ep#272,genuine,Basilio de Cesarea,ἀλέξανδρον,Ἀλέξανδρον,1,0,2,272,dudoso
Basilio,Bas_Ep#272,genuine,Basilio de Cesarea,ἀλλ’,Ἀλλʼ,1,104,7239,272,no
Basilio,Bas_Ep#272,genuine,Basilio de Cesarea,ἀπήγγειλέ,Ἀπήγγειλέ,1,0,2,272,dudoso
Basilio,Bas_Ep#272,genuine,Basilio de Cesarea,ὑμητίου,Ὑμητίου,1,0,0,272,sí
Basilio,Bas_Ep#28,genuine,Basilio de Cesarea,βλέπετε,Βλέπετε,1,1,21,28,no
Basilio,Bas_Ep#28,genuine,Basilio de Cesarea,γρηγορίου,Γρηγορίου,1,0,0,28,sí
Basilio,Bas_Ep#28,genuine,Basilio de Cesarea,γρηγορίῳ,Γρηγορίῳ,1,0,0,28,sí
Basilio,Bas_Ep#28,genuine,Basilio de Cesarea,δέσποτα,Δέσποτα,1,0,72,28,no
Basilio,Bas_Ep#28,genuine,Basilio de Cesarea,δεσπότην,Δεσπότην,1,0,129,28,no
Basilio,Bas_Ep#28,genuine,Basilio de Cesarea,θεοῦ,Θεοῦ,1,0,4767,28,no
Basilio,Bas_Ep#28,genuine,Basilio de Cesarea,θεῷ,Θεῷ,1,0,1579,28,no
Basilio,Bas_Ep#28,genuine,Basilio de Cesarea,καίτοιγε,Καίτοιγε,1,4,12,28,no
Basilio,Bas_Ep#28,genuine,Basilio de Cesarea,κυρίου,Κυρίου,2,2,736,28,no
Basilio,Bas_Ep#28,genuine,Basilio de Cesarea,κύριοσ,Κύριος,1,0,1112,28,no
Basilio,Bas_Ep#28,genuine,Basilio de Cesarea,μωϋσέωσ,Μωϋσέως,1,0,0,28,sí
Basilio,Bas_Ep#28,genuine,Basilio de Cesarea,οὕτωσ,Οὕτως,1,28,4095,28,no
Basilio,Bas_Ep#28,genuine,Basilio de Cesarea,πάλαι,Πάλαι,1,9,534,28,no
Basilio,Bas_Ep#28,genuine,Basilio de Cesarea,σιωπᾷ,Σιωπᾷ,1,0,5,28,no
Basilio,Bas_Ep#28,genuine,Basilio de Cesarea,τά,Τὰ,1,254,23249,28,no
Basilio,Bas_Ep#28,genuine,Basilio de Cesarea,ταῦτα,Ταῦτα,1,36,5633,28,no
Basilio,Bas_Ep#28,genuine,Basilio de Cesarea,χριστοῦ,Χριστοῦ,1,0,4,28,no
Basilio,Bas_Ep#28,genuine,Basilio de Cesarea,χριστόν,Χριστὸν,1,0,3,28,no
Basilio,Bas_Ep#28,genuine,Basilio de Cesarea,ἀλλά,Ἀλλὰ,1,81,8862,28,no
Basilio,Bas_Ep#28,genuine,Basilio de Cesarea,ἀπῄτει,Ἀπῄτει,1,0,17,28,no
Basilio,Bas_Ep#28,genuine,Basilio de Cesarea,ἐκκλησίασ,Ἐκκλησίας,2,26,230,28,no
Basilio,Bas_Ep#28,genuine,Basilio de Cesarea,ἥν,Ἣν,1,34,1938,28,no
Basilio,Bas_Ep#294,genuine,Basilio de Cesarea,θεοῦ,Θεοῦ,1,0,4767,294,no
Basilio,Bas_Ep#294,genuine,Basilio de Cesarea,θεόσ,Θεὸς,1,0,2683,294,no
Basilio,Bas_Ep#294,genuine,Basilio de Cesarea,οὐκοῦν,Οὐκοῦν,1,0,331,294,no
Basilio,Bas_Ep#294,genuine,Basilio de Cesarea,πρέπει,Πρέπει,1,2,85,294,no
Basilio,Bas_Ep#3,genuine,Basilio de Cesarea,δημοσθένησ,Δημοσθένης,1,0,0,3,sí
Basilio,Bas_Ep#3,genuine,Basilio de Cesarea,δημοσθένουσ,Δημοσθένους,1,0,0,3,sí
Basilio,Bas_Ep#3,genuine,Basilio de Cesarea,καί,Καὶ,1,1314,157796,3,no
Basilio,Bas_Ep#3,genuine,Basilio de Cesarea,λακωνικήν,Λακωνικὴν,1,0,0,3,sí
Basilio,Bas_Ep#3,genuine,Basilio de Cesarea,πλάτωνοσ,Πλάτωνος,1,0,0,3,sí
Basilio,Bas_Ep#3,genuine,Basilio de Cesarea,σπαρτιάτησ,Σπαρτιάτης,1,0,0,3,sí
Basilio,Bas_Ep#3,genuine,Basilio de Cesarea,ἀνήρ,Ἀνήρ,1,5,559,3,no
Basilio,Bas_Ep#3,genuine,Basilio de Cesarea,ἀννήσοισ,Ἀννήσοις,1,0,0,3,sí
Basilio,Bas_Ep#3,genuine,Basilio de Cesarea,ἵν’,Ἵνʼ,1,4,459,3,no
Basilio,Bas_Ep#3,genuine,Basilio de Cesarea,ὅτε,Ὅτε,1,8,1014,3,no
Basilio,Bas_Ep#32,genuine,Basilio de Cesarea,γρηγόριοσ,Γρηγόριος,1,0,0,32,sí
Basilio,Bas_Ep#32,genuine,Basilio de Cesarea,θεόν,Θεόν,1,0,2263,32,no
Basilio,Bas_Ep#32,genuine,Basilio de Cesarea,καί,Καὶ,1,1314,157796,32,no
Basilio,Bas_Ep#32,genuine,Basilio de Cesarea,καισαρίου,Καισαρίου,2,0,0,32,sí
Basilio,Bas_Ep#32,genuine,Basilio de Cesarea,κόμητι,Κόμητι,1,0,0,32,sí
Basilio,Bas_Ep#32,genuine,Basilio de Cesarea,πάντωσ,Πάντως,1,31,636,32,no
Basilio,Bas_Ep#32,genuine,Basilio de Cesarea,πρόσ,Πρὸς,1,302,18002,32,no
Basilio,Bas_Ep#32,genuine,Basilio de Cesarea,χριστιανοῦ,Χριστιανοῦ,1,0,0,32,sí
Basilio,Bas_Ep#32,genuine,Basilio de Cesarea,ἀπολαύει,Ἀπολαύει,1,0,11,32,no
Basilio,Bas_Ep#34,genuine,Basilio de Cesarea,θεῷ,Θεῷ,1,0,1579,34,no
Basilio,Bas_Ep#34,genuine,Basilio de Cesarea,κίλικασ,Κίλικας,1,0,0,34,sí
Basilio,Bas_Ep#34,genuine,Basilio de Cesarea,καππαδόκασ,Καππαδόκας,1,0,0,34,sí
Basilio,Bas_Ep#34,genuine,Basilio de Cesarea,κύριοσ,Κύριος,1,0,1112,34,no
Basilio,Bas_Ep#34,genuine,Basilio de Cesarea,πῶσ,Πῶς,1,27,2390,34,no
Basilio,Bas_Ep#34,genuine,Basilio de Cesarea,σύρουσ,Σύρους,1,0,0,34,sí
Basilio,Bas_Ep#34,genuine,Basilio de Cesarea,ταρσόσ,Ταρσός,1,0,1,34,dudoso
Basilio,Bas_Ep#34,genuine,Basilio de Cesarea,ἰσαύρουσ,Ἰσαύρους,1,0,0,34,sí
Basilio,Bas_Ep#37,genuine,Basilio de Cesarea,θεόσ,Θεὸς,1,0,2683,37,no
Basilio,Bas_Ep#37,genuine,Basilio de Cesarea,κύριοσ,Κύριος,1,0,1112,37,no
Basilio,Bas_Ep#37,genuine,Basilio de Cesarea,ἐκεῖνό,Ἐκεῖνό,1,2,54,37,no
Basilio,Bas_Ep#37,genuine,Basilio de Cesarea,ὑφορῶμαι,Ὑφορῶμαι,1,0,2,37,dudoso
Basilio,Bas_Ep#51,genuine,Basilio de Cesarea,γεώργιον,Γεώργιον,1,0,5,51,no
Basilio,Bas_Ep#51,genuine,Basilio de Cesarea,διάνιον,Διάνιον,1,0,0,51,sí
Basilio,Bas_Ep#51,genuine,Basilio de Cesarea,θεοῦ,Θεοῦ,1,0,4767,51,no
Basilio,Bas_Ep#51,genuine,Basilio de Cesarea,κυρίῳ,Κυρίῳ,3,0,269,51,no
Basilio,Bas_Ep#51,genuine,Basilio de Cesarea,κωνσταντινουπόλεωσ,Κωνσταντινουπόλεως,2,0,0,51,sí
Basilio,Bas_Ep#51,genuine,Basilio de Cesarea,κύριον,Κύριον,1,2,489,51,no
Basilio,Bas_Ep#51,genuine,Basilio de Cesarea,νικαίαν,Νικαίαν,1,0,0,51,sí
Basilio,Bas_Ep#51,genuine,Basilio de Cesarea,περί,Περὶ,1,79,11327,51,no
Basilio,Bas_Ep#51,genuine,Basilio de Cesarea,πῶσ,Πῶς,1,27,2390,51,no
Basilio,Bas_Ep#51,genuine,Basilio de Cesarea,σολομῶντα,Σολομῶντα,1,0,0,51,sí
Basilio,Bas_Ep#51,genuine,Basilio de Cesarea,συκοφαντία,Συκοφαντία,1,1,5,51,no
Basilio,Bas_Ep#51,genuine,Basilio de Cesarea,τά,Τὰ,1,254,23249,51,no
Basilio,Bas_Ep#51,genuine,Basilio de Cesarea,ἐγώ,Ἐγὼ,1,21,2308,51,no
Basilio,Bas_Ep#51,genuine,Basilio de Cesarea,ὁ,Ὁ,1,183,25257,51,no
Basilio,Bas_Ep#53,genuine,Basilio de Cesarea,θεοῦ,Θεοῦ,3,0,4767,53,no
Basilio,Bas_Ep#53,genuine,Basilio de Cesarea,παρακαλῶ,Παρακαλῶ,1,6,69,53,no
Basilio,Bas_Ep#53,genuine,Basilio de Cesarea,πνεύματοσ,Πνεύματος,1,1,331,53,no
Basilio,Bas_Ep#53,genuine,Basilio de Cesarea,τί,Τί,1,38,4801,53,no
Basilio,Bas_Ep#53,genuine,Basilio de Cesarea,τό,Τὸ,2,494,40665,53,no
Basilio,Bas_Ep#53,genuine,Basilio de Cesarea,χριστοῦ,Χριστοῦ,2,0,4,53,no
Basilio,Bas_Ep#53,genuine,Basilio de Cesarea,ἀκελδαμά,Ἀκελδαμὰ,1,0,0,53,sí
Basilio,Bas_Ep#53,genuine,Basilio de Cesarea,ἕν,Ἓν,1,6,1709,53,no
Basilio,Bas_Ep#53,genuine,Basilio de Cesarea,ἰούδαν,Ἰούδαν,1,0,0,53,sí
Basilio,Bas_Ep#55,genuine,Basilio de Cesarea,θεοῦ,Θεοῦ,1,0,4767,55,no
Basilio,Bas_Ep#55,genuine,Basilio de Cesarea,κυρίῳ,Κυρίῳ,1,0,269,55,no
Basilio,Bas_Ep#55,genuine,Basilio de Cesarea,νικαίασ,Νικαίας,1,0,0,55,sí
Basilio,Bas_Ep#55,genuine,Basilio de Cesarea,παρηγόριε,Παρηγόριε,1,0,0,55,sí
Basilio,Bas_Ep#55,genuine,Basilio de Cesarea,τί,Τί,1,38,4801,55,no
Basilio,Bas_Ep#55,genuine,Basilio de Cesarea,τοσούτῳ,Τοσούτῳ,1,5,178,55,no
Basilio,Bas_Ep#55,genuine,Basilio de Cesarea,ἐκκλησίαν,Ἐκκλησίαν,1,3,142,55,no
Basilio,Bas_Ep#55,genuine,Basilio de Cesarea,ἐνέτυχόν,Ἐνέτυχόν,1,1,3,55,no
Basilio,Bas_Ep#6,genuine,Basilio de Cesarea,θεοῦ,Θεοῦ,2,0,4767,6,no
Basilio,Bas_Ep#6,genuine,Basilio de Cesarea,θεῷ,Θεῷ,3,0,1579,6,no
Basilio,Bas_Ep#6,genuine,Basilio de Cesarea,κιλίκων,Κιλίκων,1,0,0,6,sí
Basilio,Bas_Ep#6,genuine,Basilio de Cesarea,κυρίου,Κυρίου,1,2,736,6,no
Basilio,Bas_Ep#6,genuine,Basilio de Cesarea,κύριον,Κύριον,1,2,489,6,no
Basilio,Bas_Ep#6,genuine,Basilio de Cesarea,κύριοσ,Κύριος,1,0,1112,6,no
Basilio,Bas_Ep#6,genuine,Basilio de Cesarea,μακκαβαίων,Μακκαβαίων,1,0,0,6,sí
Basilio,Bas_Ep#6,genuine,Basilio de Cesarea,πατρόσ,Πατρὸς,1,4,1003,6,no
Basilio,Bas_Ep#6,genuine,Basilio de Cesarea,χριστιανήν,Χριστιανήν,1,0,0,6,sí
Basilio,Bas_Ep#6,genuine,Basilio de Cesarea,ἀλλ’,Ἀλλʼ,1,104,7239,6,no
Basilio,Bas_Ep#6,genuine,Basilio de Cesarea,ἔμελλον,Ἔμελλον,1,2,133,6,no
Basilio,Bas_Ep#6,genuine,Basilio de Cesarea,ὅτε,Ὅτε,1,8,1014,6,no
Basilio,Bas_Ep#65,genuine,Basilio de Cesarea,θεόν,Θεὸν,1,0,2263,65,no
Basilio,Bas_Ep#65,genuine,Basilio de Cesarea,καί,Καὶ,1,1314,157796,65,no
Basilio,Bas_Ep#65,genuine,Basilio de Cesarea,κυρίου,Κυρίου,1,2,736,65,no
Basilio,Bas_Ep#65,genuine,Basilio de Cesarea,παρακαλῶ,Παρακαλῶ,1,6,69,65,no
Basilio,Bas_Ep#65,genuine,Basilio de Cesarea,πνεύματοσ,Πνεύματος,1,1,331,65,no
Basilio,Bas_Ep#65,genuine,Basilio de Cesarea,χριστοῦ,Χριστοῦ,1,0,4,65,no
Basilio,Bas_Ep#68,genuine,Basilio de Cesarea,δωρόθεον,Δωρόθεον,2,0,0,68,sí
Basilio,Bas_Ep#68,genuine,Basilio de Cesarea,εὐϊππίου,Εὐϊππίου,1,0,0,68,sí
Basilio,Bas_Ep#68,genuine,Basilio de Cesarea,κιλικίασ,Κιλικίας,1,0,0,68,sí
Basilio,Bas_Ep#68,genuine,Basilio de Cesarea,τέωσ,Τέως,1,9,138,68,no
Basilio,Bas_Ep#68,genuine,Basilio de Cesarea,τετραπόλεωσ,Τετραπόλεως,1,0,0,68,sí
Basilio,Bas_Ep#68,genuine,Basilio de Cesarea,ἀρμενίασ,Ἀρμενίας,1,0,0,68,sí
Basilio,Bas_Ep#68,genuine,Basilio de Cesarea,ἰταλίασ,Ἰταλίας,1,0,0,68,sí
Basilio,Bas_Ep#68,genuine,Basilio de Cesarea,ὡσ,Ὡς,1,162,15845,68,no
Basilio,Bas_Ep#68,genuine,Basilio de Cesarea,ῥώμην,Ῥώμην,1,0,50,68,no
Basilio,Bas_Ep#70,genuine,Basilio de Cesarea,αἰγύπτου,Αἰγύπτου,1,0,0,70,sí
Basilio,Bas_Ep#70,genuine,Basilio de Cesarea,διονύσιον,Διονύσιον,1,0,0,70,sí
Basilio,Bas_Ep#70,genuine,Basilio de Cesarea,θεοῦ,Θεοῦ,1,0,4767,70,no
Basilio,Bas_Ep#70,genuine,Basilio de Cesarea,καισαρέων,Καισαρέων,1,0,0,70,sí
Basilio,Bas_Ep#70,genuine,Basilio de Cesarea,πάντωσ,Πάντως,1,31,636,70,no
Basilio,Bas_Ep#70,genuine,Basilio de Cesarea,χριστοῦ,Χριστοῦ,2,0,4,70,no
Basilio,Bas_Ep#70,genuine,Basilio de Cesarea,ἀρείου,Ἀρείου,1,0,0,70,sí
Basilio,Bas_Ep#70,genuine,Basilio de Cesarea,ἀρχαιασ,Ἀρχαιας,1,0,0,70,sí
Basilio,Bas_Ep#70,genuine,Basilio de Cesarea,ἰλλυρικοῦ,Ἰλλυρικοῦ,1,0,0,70,sí
Basilio,Bas_Ep#73,genuine,Basilio de Cesarea,ηὐχαρίστησα,Ηὐχαρίστησα,1,1,6,73,no
Basilio,Bas_Ep#73,genuine,Basilio de Cesarea,θεοῦ,Θεοῦ,1,0,4767,73,no
Basilio,Bas_Ep#73,genuine,Basilio de Cesarea,θεῷ,Θεῷ,1,0,1579,73,no
Basilio,Bas_Ep#73,genuine,Basilio de Cesarea,καί,Καὶ,1,1314,157796,73,no
Basilio,Bas_Ep#73,genuine,Basilio de Cesarea,σασίμων,Σασίμων,1,0,0,73,sí
Basilio,Bas_Ep#73,genuine,Basilio de Cesarea,ἀλλά,Ἀλλὰ,1,81,8862,73,no
Basilio,Bas_Ep#73,genuine,Basilio de Cesarea,ἀλλ’,Ἀλλʼ,1,104,7239,73,no
Basilio,Bas_Ep#73,genuine,Basilio de Cesarea,ἐκκλησίασ,Ἐκκλησίας,1,26,230,73,no
Basilio,Bas_Ep#73,genuine,Basilio de Cesarea,ἐπειδή,Ἐπειδὴ,1,38,1055,73,no
Basilio,Bas_Ep#84,genuine,Basilio de Cesarea,δι’,Δι’,1,52,2531,84,no
Basilio,Bas_Ep#84,genuine,Basilio de Cesarea,μετά,Μετὰ,1,40,4310,84,no
Basilio,Bas_Ep#84,genuine,Basilio de Cesarea,σχεδόν,Σχεδὸν,1,4,321,84,no
Basilio,Bas_Ep#84,genuine,Basilio de Cesarea,τήν,Τὴν,1,550,37211,84,no
Basilio,Bas_Ep#89,genuine,Basilio de Cesarea,γαλλίαν,Γαλλίαν,1,0,0,89,sí
Basilio,Bas_Ep#89,genuine,Basilio de Cesarea,δωροθέου,Δωροθέου,1,0,0,89,sí
Basilio,Bas_Ep#89,genuine,Basilio de Cesarea,θεόσ,Θεός,1,0,2683,89,no
Basilio,Bas_Ep#89,genuine,Basilio de Cesarea,καί,Καὶ,1,1314,157796,89,no
Basilio,Bas_Ep#89,genuine,Basilio de Cesarea,κύριον,Κύριον,1,2,489,89,no
Basilio,Bas_Ep#89,genuine,Basilio de Cesarea,πάσχα,Πάσχα,1,0,25,89,no
Basilio,Bas_Ep#89,genuine,Basilio de Cesarea,σαβίνου,Σαβίνου,1,0,0,89,sí
Basilio,Bas_Ep#89,genuine,Basilio de Cesarea,σαμοσάτων,Σαμοσάτων,1,0,0,89,sí
Basilio,Bas_Ep#89,genuine,Basilio de Cesarea,τά,Τὰ,1,254,23249,89,no
Basilio,Bas_Ep#89,genuine,Basilio de Cesarea,ἀθανασίου,Ἀθανασίου,1,0,0,89,sí
Basilio,Bas_Ep#89,genuine,Basilio de Cesarea,ἰλλυριούσ,Ἰλλυριοὺς,1,0,0,89,sí
Basilio,Bas_Ep#89,genuine,Basilio de Cesarea,ἰταλίαν,Ἰταλίαν,1,0,0,89,sí
Basilio,Bas_Ep#89,genuine,Basilio de Cesarea,ὁ,Ὁ,1,183,25257,89,no
Basilio,Bas_Ep#90,genuine,Basilio de Cesarea,γνώριμα,Γνώριμα,1,1,33,90,no
Basilio,Bas_Ep#90,genuine,Basilio de Cesarea,θεόσ,Θεός,1,0,2683,90,no
Basilio,Bas_Ep#90,genuine,Basilio de Cesarea,κυρίου,Κυρίου,2,2,736,90,no
Basilio,Bas_Ep#90,genuine,Basilio de Cesarea,κύριον,Κύριον,1,2,489,90,no
Basilio,Bas_Ep#90,genuine,Basilio de Cesarea,κύριοσ,Κύριος,2,0,1112,90,no
Basilio,Bas_Ep#90,genuine,Basilio de Cesarea,πατρί,Πατρί,1,0,369,90,no
Basilio,Bas_Ep#90,genuine,Basilio de Cesarea,πνεύματοσ,Πνεύματος,1,1,331,90,no
Basilio,Bas_Ep#90,genuine,Basilio de Cesarea,πνεῦμα,Πνεῦμα,2,1,528,90,no
Basilio,Bas_Ep#90,genuine,Basilio de Cesarea,σαβίνου,Σαβίνου,1,0,0,90,sí
Basilio,Bas_Ep#90,genuine,Basilio de Cesarea,ταῦτα,Ταῦτα,1,36,5633,90,no
Basilio,Bas_Ep#90,genuine,Basilio de Cesarea,τριάδοσ,Τριάδος,1,0,11,90,no
Basilio,Bas_Ep#90,genuine,Basilio de Cesarea,υἱόσ,Υἱὸς,1,2,550,90,no
Basilio,Bas_Ep#90,genuine,Basilio de Cesarea,χριστοῦ,Χριστοῦ,2,0,4,90,no
Basilio,Bas_Ep#90,genuine,Basilio de Cesarea,ἀθανάσιοσ,Ἀθανάσιος,1,0,0,90,sí
Basilio,Bas_Ep#90,genuine,Basilio de Cesarea,ἀρείου,Ἀρείου,1,0,0,90,sí
Basilio,Bas_Ep#90,genuine,Basilio de Cesarea,ἐκκλησία,Ἐκκλησία,1,2,49,90,no
Basilio,Bas_Ep#90,genuine,Basilio de Cesarea,ἐπέτεινε,Ἐπέτεινε,1,0,5,90,no
Basilio,Bas_Ep#90,genuine,Basilio de Cesarea,ὁ,Ὁ,1,183,25257,90,no
Basilio,Bas_Ep#91,genuine,Basilio de Cesarea,δεινόσ,Δεινὸς,1,0,71,91,no
Basilio,Bas_Ep#91,genuine,Basilio de Cesarea,θεόσ,Θεὸς,1,0,2683,91,no
Basilio,Bas_Ep#91,genuine,Basilio de Cesarea,κυρίῳ,Κυρίῳ,1,0,269,91,no
Basilio,Bas_Ep#91,genuine,Basilio de Cesarea,κύριον,Κύριον,1,2,489,91,no
Basilio,Bas_Ep#91,genuine,Basilio de Cesarea,κύριοσ,Κύριος,1,0,1112,91,no
Basilio,Bas_Ep#91,genuine,Basilio de Cesarea,νίκαιαν,Νίκαιαν,1,0,0,91,sí
Basilio,Bas_Ep#91,genuine,Basilio de Cesarea,σαβίνου,Σαβίνου,1,0,0,91,sí
Basilio,Bas_Ep#91,genuine,Basilio de Cesarea,τριάδι,Τριάδι,1,0,3,91,no
Basilio,Bas_Ep#91,genuine,Basilio de Cesarea,χάρισ,Χάρις,1,1,137,91,no
Basilio,Bas_Ep#91,genuine,Basilio de Cesarea,ἀλλά,Ἀλλὰ,1,81,8862,91,no
Basilio,Bas_Ep#91,genuine,Basilio de Cesarea,ἀρείου,Ἀρείου,1,0,0,91,sí
Basilio,Bas_Ep#91,genuine,Basilio de Cesarea,ὥσπερ,Ὥσπερ,1,23,3069,91,no
Basilio,Bas_Ep#92,genuine,Basilio de Cesarea,βάραχοσ,Βάραχος,1,0,0,92,sí
Basilio,Bas_Ep#92,genuine,Basilio de Cesarea,βάσσοσ,Βάσσος,1,0,0,92,sí
Basilio,Bas_Ep#92,genuine,Basilio de Cesarea,βαρσούμασ,Βαρσούμας,1,0,0,92,sí
Basilio,Bas_Ep#92,genuine,Basilio de Cesarea,βασίλειοσ,Βασίλειος,1,0,1,92,dudoso
Basilio,Bas_Ep#92,genuine,Basilio de Cesarea,βοηθόσ,Βοηθός,1,0,32,92,no
Basilio,Bas_Ep#92,genuine,Basilio de Cesarea,βῖθοσ,Βῖθος,1,0,0,92,sí
Basilio,Bas_Ep#92,genuine,Basilio de Cesarea,γαλλίαν,Γαλλίαν,1,0,0,92,sí
Basilio,Bas_Ep#92,genuine,Basilio de Cesarea,γρηγόριοσ,Γρηγόριος,2,0,0,92,sí
Basilio,Bas_Ep#92,genuine,Basilio de Cesarea,δαφνόσ,Δαφνός,1,0,0,92,sí
Basilio,Bas_Ep#92,genuine,Basilio de Cesarea,δεσπότην,Δεσπότην,1,0,129,92,no
Basilio,Bas_Ep#92,genuine,Basilio de Cesarea,διό,Διὸ,1,7,698,92,no
Basilio,Bas_Ep#92,genuine,Basilio de Cesarea,εὐσέβειοσ,Εὐσέβειος,1,0,0,92,sí
Basilio,Bas_Ep#92,genuine,Basilio de Cesarea,εὐστάθιοσ,Εὐστάθιος,1,0,0,92,sí
Basilio,Bas_Ep#92,genuine,Basilio de Cesarea,ζήνων,Ζήνων,1,0,0,92,sí
Basilio,Bas_Ep#92,genuine,Basilio de Cesarea,θαλάσσιοσ,Θαλάσσιος,1,0,0,92,sí
Basilio,Bas_Ep#92,genuine,Basilio de Cesarea,θεοδώρητοσ,Θεοδώρητος,1,0,0,92,sí
Basilio,Bas_Ep#92,genuine,Basilio de Cesarea,θεοῦ,Θεοῦ,2,0,4767,92,no
Basilio,Bas_Ep#92,genuine,Basilio de Cesarea,θεόδοτοσ,Θεόδοτος,2,0,0,92,sí
Basilio,Bas_Ep#92,genuine,Basilio de Cesarea,θηβαΐδοσ,Θηβαΐδος,1,0,0,92,sí
Basilio,Bas_Ep#92,genuine,Basilio de Cesarea,κυρίου,Κυρίου,3,2,736,92,no
Basilio,Bas_Ep#92,genuine,Basilio de Cesarea,κυρίῳ,Κυρίῳ,1,0,269,92,no
Basilio,Bas_Ep#92,genuine,Basilio de Cesarea,κύριον,Κύριον,1,2,489,92,no
Basilio,Bas_Ep#92,genuine,Basilio de Cesarea,λιβάνιοσ,Λιβάνιος,1,0,0,92,sí
Basilio,Bas_Ep#92,genuine,Basilio de Cesarea,μάρισ,Μάρις,1,0,0,92,sí
Basilio,Bas_Ep#92,genuine,Basilio de Cesarea,μαρκιανόσ,Μαρκιανός,1,0,0,92,sí
Basilio,Bas_Ep#92,genuine,Basilio de Cesarea,μελέτιοσ,Μελέτιος,1,0,0,92,sí
Basilio,Bas_Ep#92,genuine,Basilio de Cesarea,νάρσησ,Νάρσης,1,0,0,92,sí
Basilio,Bas_Ep#92,genuine,Basilio de Cesarea,νικαίᾳ,Νικαίᾳ,1,0,0,92,sí
Basilio,Bas_Ep#92,genuine,Basilio de Cesarea,οὐ,Οὐ,1,152,13518,92,no
Basilio,Bas_Ep#92,genuine,Basilio de Cesarea,οὐεσπασιανοῦ,Οὐεσπασιανοῦ,1,0,0,92,sí
Basilio,Bas_Ep#92,genuine,Basilio de Cesarea,παῦλοσ,Παῦλος,1,0,2,92,dudoso
Basilio,Bas_Ep#92,genuine,Basilio de Cesarea,πελάγιοσ,Πελάγιος,1,0,0,92,sí
Basilio,Bas_Ep#92,genuine,Basilio de Cesarea,πνεῦμα,Πνεῦμα,1,1,528,92,no
Basilio,Bas_Ep#92,genuine,Basilio de Cesarea,σαβίνου,Σαβίνου,1,0,0,92,sí
Basilio,Bas_Ep#92,genuine,Basilio de Cesarea,τί,Τί,1,38,4801,92,no
Basilio,Bas_Ep#92,genuine,Basilio de Cesarea,τίσ,Τίς,1,16,1678,92,no
Basilio,Bas_Ep#92,genuine,Basilio de Cesarea,τοῖσ,Τοῖς,1,187,17116,92,no
Basilio,Bas_Ep#92,genuine,Basilio de Cesarea,φέρει,Φέρει,1,4,155,92,no
Basilio,Bas_Ep#92,genuine,Basilio de Cesarea,χοσρόησ,Χοσρόης,1,0,0,92,sí
Basilio,Bas_Ep#92,genuine,Basilio de Cesarea,χριστοῦ,Χριστοῦ,1,0,4,92,no
Basilio,Bas_Ep#92,genuine,Basilio de Cesarea,ἀβραάμιοσ,Ἀβραάμιος,2,0,0,92,sí
Basilio,Bas_Ep#92,genuine,Basilio de Cesarea,ἀποστόλου,Ἀποστόλου,1,1,55,92,no
Basilio,Bas_Ep#92,genuine,Basilio de Cesarea,ἄνθιμοσ,Ἄνθιμος,1,0,0,92,sí
Basilio,Bas_Ep#92,genuine,Basilio de Cesarea,ἄρειοσ,Ἄρειος,1,0,0,92,sí
Basilio,Bas_Ep#92,genuine,Basilio de Cesarea,ἐκκλησίασ,Ἐκκλησίας,1,26,230,92,no
Basilio,Bas_Ep#92,genuine,Basilio de Cesarea,ἰάτριοσ,Ἰάτριος,1,0,0,92,sí
Basilio,Bas_Ep#92,genuine,Basilio de Cesarea,ἰλλυρικοῦ,Ἰλλυρικοῦ,1,0,0,92,sí
Basilio,Bas_Ep#92,genuine,Basilio de Cesarea,ἰοβῖνοσ,Ἰοβῖνος,1,0,0,92,sí
Basilio,Bas_Ep#92,genuine,Basilio de Cesarea,ἰταλίαν,Ἰταλίαν,1,0,0,92,sí
Basilio,Bas_Ep#92,genuine,Basilio de Cesarea,ἰωάννησ,Ἰωάννης,1,0,1,92,dudoso
Basilio,Bas_Ep#92,genuine,Basilio de Cesarea,ἰωσάκησ,Ἰωσάκης,1,0,0,92,sí
Basilio,Bas_Ep#92,genuine,Basilio de Cesarea,ἰωσήφ,Ἰωσήφ,1,0,1,92,dudoso
Basilio,Bas_Ep#92,genuine,Basilio de Cesarea,ἱεροσόλυμα,Ἱεροσόλυμα,1,0,0,92,sí
Basilio,Bas_Ep#93,genuine,Basilio de Cesarea,αἰγύπτῳ,Αἰγύπτῳ,1,0,0,93,sí
Basilio,Bas_Ep#93,genuine,Basilio de Cesarea,καί,Καὶ,1,1314,157796,93,no
Basilio,Bas_Ep#93,genuine,Basilio de Cesarea,κυριακῇ,Κυριακῇ,1,0,2,93,dudoso
Basilio,Bas_Ep#93,genuine,Basilio de Cesarea,σαββάτῳ,Σαββάτῳ,1,0,4,93,no
Basilio,Bas_Ep#93,genuine,Basilio de Cesarea,τό,Τὸ,1,494,40665,93,no
Basilio,Bas_Ep#93,genuine,Basilio de Cesarea,χριστοῦ,Χριστοῦ,1,0,4,93,no
Basilio,Bas_Ep#93,genuine,Basilio de Cesarea,ἀλεξανδρείᾳ,Ἀλεξανδρείᾳ,1,0,0,93,sí
Basilio,Bas_Ep#96,genuine,Basilio de Cesarea,θεῷ,Θεῷ,1,0,1579,96,no
Basilio,Bas_Ep#96,genuine,Basilio de Cesarea,καί,Καὶ,1,1314,157796,96,no
Basilio,Bas_Ep#96,genuine,Basilio de Cesarea,ταῦτα,Ταῦτα,1,36,5633,96,no
Basilio,Bas_Ep#96,genuine,Basilio de Cesarea,χριστιανῶν,Χριστιανῶν,1,0,1,96,dudoso
Basilio,Bas_Ep#96,genuine,Basilio de Cesarea,ἀλλ’,Ἀλλʼ,1,104,7239,96,no
Hercher,PsAnach#1-3,spurious,Ps-Anacarsis,αἰγυπτίουσ,Αἰγυπτίους,1,0,0,1,sí
Hercher,PsAnach#1-3,spurious,Ps-Anacarsis,γελᾶτε,Γελᾶτε,1,0,1,1,dudoso
Hercher,PsAnach#1-3,spurious,Ps-Anacarsis,οἶνοσ,Οἶνος,1,1,63,3,no
Hercher,PsAnach#1-3,spurious,Ps-Anacarsis,περσῶν,Περσῶν,1,0,0,1,sí
Hercher,PsAnach#1-3,spurious,Ps-Anacarsis,σκύθαι,Σκύθαι,2,0,0,1,sí
Hercher,PsAnach#1-3,spurious,Ps-Anacarsis,σκύθαισ,Σκύθαις,1,0,0,1,sí
Hercher,PsAnach#1-3,spurious,Ps-Anacarsis,σκύθου,Σκύθου,1,0,0,3,sí
Hercher,PsAnach#1-3,spurious,Ps-Anacarsis,σπάρτην,Σπάρτην,1,0,0,2,sí
Hercher,PsAnach#1-3,spurious,Ps-Anacarsis,σπαρτιάτην,Σπαρτιάτην,1,0,0,2,sí
Hercher,PsAnach#1-3,spurious,Ps-Anacarsis,σπαρτιᾶται,Σπαρτιᾶται,1,0,0,1,sí
Hercher,PsAnach#1-3,spurious,Ps-Anacarsis,σόλων,Σόλων,1,0,0,2,sí
Hercher,PsAnach#1-3,spurious,Ps-Anacarsis,φοίνιξιν,Φοίνιξιν,1,0,1,1,dudoso
Hercher,PsAnach#1-3,spurious,Ps-Anacarsis,ἀθηναίοισ,Ἀθηναίοις,1,0,0,1,sí
Hercher,PsAnach#1-3,spurious,Ps-Anacarsis,ἀθηναῖε,Ἀθηναῖε,1,0,0,2,sí
Hercher,PsAnach#1-3,spurious,Ps-Anacarsis,ἀθηναῖοι,Ἀθηναῖοι,2,0,0,1,sí
Hercher,PsAnach#1-3,spurious,Ps-Anacarsis,ἀνάχαρσισ,Ἀνάχαρσις,2,0,0,1|2,sí
Hercher,PsAnach#1-3,spurious,Ps-Anacarsis,ἀναχάρσιδοσ,Ἀναχάρσιδος,1,0,0,3,sí
Hercher,PsAnach#1-3,spurious,Ps-Anacarsis,ἑλλήνεσ,Ἑλλήνες,1,0,0,2,sí
Hercher,PsAnach#1-3,spurious,Ps-Anacarsis,ἑλλήνων,Ἑλλήνων,2,0,0,1,sí
Hercher,PsAnach#1-3,spurious,Ps-Anacarsis,ἕλληνεσ,Ἕλληνες,1,0,0,1,sí
Hercher,PsAnach#1-3,spurious,Ps-Anacarsis,ἕλλησιν,Ἕλλησιν,1,0,0,2,sí
Hercher,PsAnach#4-10,spurious,Ps-Anacarsis,καρχηδονίων,Καρχηδονίων,1,0,0,5,sí
Hercher,PsAnach#4-10,spurious,Ps-Anacarsis,κρόνου,Κρόνου,1,0,1,9,dudoso
Hercher,PsAnach#4-10,spurious,Ps-Anacarsis,κύων,Κύων,1,7,39,8,no
Hercher,PsAnach#4-10,spurious,Ps-Anacarsis,κῦρον,Κῦρον,1,0,0,9,sí
Hercher,PsAnach#4-10,spurious,Ps-Anacarsis,λυδῶν,Λυδῶν,1,0,0,10,sí
Hercher,PsAnach#4-10,spurious,Ps-Anacarsis,οἱ,Οἱ,1,190,11593,9,no
Hercher,PsAnach#4-10,spurious,Ps-Anacarsis,οὐδείσ,Οὐδεὶς,1,18,876,7,no
Hercher,PsAnach#4-10,spurious,Ps-Anacarsis,σάρδεισ,Σάρδεις,1,0,0,10,sí
Hercher,PsAnach#4-10,spurious,Ps-Anacarsis,σκυθῶν,Σκυθῶν,2,0,0,6|9,sí
Hercher,PsAnach#4-10,spurious,Ps-Anacarsis,σκύθαι,Σκύθαι,2,0,0,4|9,sí
Hercher,PsAnach#4-10,spurious,Ps-Anacarsis,σκύθασ,Σκύθας,1,0,0,10,sí
Hercher,PsAnach#4-10,spurious,Ps-Anacarsis,σκύθησ,Σκύθης,1,0,0,9,sí
Hercher,PsAnach#4-10,spurious,Ps-Anacarsis,σοί,Σοὶ,1,73,779,6,no
Hercher,PsAnach#4-10,spurious,Ps-Anacarsis,σόλων,Σόλων,1,0,0,9,sí
Hercher,PsAnach#4-10,spurious,Ps-Anacarsis,φθόνοσ,Φθόνος,1,5,66,4,no
Hercher,PsAnach#4-10,spurious,Ps-Anacarsis,ἀθηναῖοσ,Ἀθηναῖος,1,0,0,9,sí
Hercher,PsAnach#4-10,spurious,Ps-Anacarsis,ἐγώ,Ἐγώ,1,172,2308,10,no
Hercher,PsAnach#4-10,spurious,Ps-Anacarsis,ἐμοί,Ἐμοὶ,1,85,1036,5,no
Hercher,PsAnach#4-10,spurious,Ps-Anacarsis,ἑλλήνων,Ἑλλήνων,1,0,0,10,sí
Hercher,PsAnach#4-10,spurious,Ps-Anacarsis,ἕλλησι,Ἕλλησι,1,0,2,9,dudoso
Hercher,PsAnach#4-10,spurious,Ps-Anacarsis,ἴστρον,Ἴστρον,1,0,0,9,sí
Hercher,PsAntioch#1-2,spurious,Ps-Antíoco,αἰγυπτίων,Αἰγυπτίων,1,0,0,1,sí
Hercher,PsAntioch#1-2,spurious,Ps-Antíoco,βασιλεύεσ,Βασιλεὺες,1,0,0,2,sí
Hercher,PsAntioch#1-2,spurious,Ps-Antíoco,βασιλεύσ,Βασιλεὺς,1,8,1131,1,no
Hercher,PsAntioch#1-2,spurious,Ps-Antíoco,διβάνου,Διβάνου,1,0,0,1,sí
Hercher,PsAntioch#1-2,spurious,Ps-Antíoco,εἰ,Εἰ,1,362,10237,2,no
Hercher,PsAntioch#1-2,spurious,Ps-Antíoco,ζεύξιδι,Ζεύξιδι,1,0,0,2,sí
Hercher,PsAntioch#1-2,spurious,Ps-Antíoco,λυδίᾳ,Λυδίᾳ,1,0,0,2,sí
Hercher,PsAntioch#1-2,spurious,Ps-Antíoco,μεσοποταμίασ,Μεσοποταμίας,1,0,0,2,sí
Hercher,PsAntioch#1-2,spurious,Ps-Antíoco,πτολεμαίῳ,Πτολεμαίῳ,1,0,0,1,sí
Hercher,PsAntioch#1-2,spurious,Ps-Antíoco,τῶν,Τῶν,1,724,41409,1,no
Hercher,PsAntioch#1-2,spurious,Ps-Antíoco,φρυγίᾳ,Φρυγίᾳ,1,0,0,2,sí
Hercher,PsAntioch#1-2,spurious,Ps-Antíoco,ἀντίοχοσ,Ἀντίοχος,2,0,0,1|2,sí
Hercher,PsAntioch#1-2,spurious,Ps-Antíoco,ἰουδαίασ,Ἰουδαίας,1,0,0,1,sí
Hercher,PsAntioch#1-2,spurious,Ps-Antíoco,ἰουδαίων,Ἰουδαίων,2,0,0,1|2,sí
Hercher,PsAntioch#1-2,spurious,Ps-Antíoco,ὑπερβερεταίου,Ὑπερβερεταίου,1,0,0,1,sí
Hercher,PsArtax#1-2,spurious,Ps-Artajerjes,αἰθιοπίασ,Αἰθιοπίας,1,0,0,1,sí
Hercher,PsArtax#1-2,spurious,Ps-Artajerjes,βασιλεύσ,Βασιλεὺς,2,8,1131,1|2,no
Hercher,PsArtax#1-2,spurious,Ps-Artajerjes,μαρδοχαῖον,Μαρδοχαῖον,1,0,0,2,sí
Hercher,PsArtax#1-2,spurious,Ps-Artajerjes,περσῶν,Περσῶν,1,0,0,2,sí
Hercher,PsArtax#1-2,spurious,Ps-Artajerjes,πολλοί,Πολλοὶ,1,16,766,2,no
Hercher,PsArtax#1-2,spurious,Ps-Artajerjes,πολλῶν,Πολλῶν,1,31,973,1,no
Hercher,PsArtax#1-2,spurious,Ps-Artajerjes,σούσοισ,Σούσοις,1,0,0,2,sí
Hercher,PsArtax#1-2,spurious,Ps-Artajerjes,ἀμάνησ,Ἀμάνης,1,0,0,2,sí
Hercher,PsArtax#1-2,spurious,Ps-Artajerjes,ἀμάνου,Ἀμάνου,3,0,0,1|2,sí
Hercher,PsArtax#1-2,spurious,Ps-Artajerjes,ἀμαδάθου,Ἀμαδάθου,1,0,0,2,sí
Hercher,PsArtax#1-2,spurious,Ps-Artajerjes,ἀμαληκίτησ,Ἀμαληκίτης,1,0,0,2,sí
Hercher,PsArtax#1-2,spurious,Ps-Artajerjes,ἀρταξέρξησ,Ἀρταξέρξης,2,0,0,1|2,sí
Hercher,PsArtax#1-2,spurious,Ps-Artajerjes,ἄδαρ,Ἄδαρ,1,0,0,2,sí
Hercher,PsArtax#1-2,spurious,Ps-Artajerjes,ἐσθῆρα,Ἐσθῆρα,1,0,0,2,sí
Hercher,PsArtax#1-2,spurious,Ps-Artajerjes,ἰνδικῆσ,Ἰνδικῆς,1,0,0,1,sí
Hercher,PsArtax#1-2,spurious,Ps-Artajerjes,ἰουδαίουσ,Ἰουδαίους,2,0,0,2,sí
Hercher,PsBrut#1-10,spurious,Ps-Bruto,δολοβέλλαν,Δολοβέλλαν,1,0,0,8,sí
Hercher,PsBrut#1-10,spurious,Ps-Bruto,δολοβέλλασ,Δολοβέλλας,1,0,0,7,sí
Hercher,PsBrut#1-10,spurious,Ps-Bruto,δολοβέλλᾳ,Δολοβέλλᾳ,4,0,0,1|2|9|10,sí
Hercher,PsBrut#1-10,spurious,Ps-Bruto,εἰ,Εἰ,1,362,10237,4,no
Hercher,PsBrut#1-10,spurious,Ps-Bruto,καί,Καὶ,1,3175,157796,10,no
Hercher,PsBrut#1-10,spurious,Ps-Bruto,περγαμηνούσ,Περγαμηνοὺς,1,0,0,9,sí
Hercher,PsBrut#1-10,spurious,Ps-Bruto,τά,Τὰ,2,498,23249,3|5,no
Hercher,PsBrut#1-10,spurious,Ps-Bruto,τῆσ,Τῆς,1,547,29763,8,no
Hercher,PsBrut#1-10,spurious,Ps-Bruto,χρήματα,Χρήματα,1,41,337,2,no
Hercher,PsBrut#1-10,spurious,Ps-Bruto,ψήφισμα,Ψήφισμα,1,0,15,9,no
Hercher,PsBrut#1-10,spurious,Ps-Bruto,ἀβδήροισ,Ἀβδήροις,1,0,0,9,sí
Hercher,PsBrut#1-10,spurious,Ps-Bruto,ἀκούω,Ἀκούω,1,1,73,1,no
Hercher,PsBrut#1-10,spurious,Ps-Bruto,ἐπέμψαμέν,Ἐπέμψαμέν,1,0,0,6,sí
Hercher,PsBrut#1-10,spurious,Ps-Bruto,ἰταλίασ,Ἰταλίας,1,0,0,9,sí
Hercher,PsBrut#11-19,spurious,Ps-Bruto,δαμάσιππον,Δαμάσιππον,1,0,0,17,sí
Hercher,PsBrut#11-19,spurious,Ps-Bruto,δαμάσιπποσ,Δαμάσιππος,1,0,0,18,sí
Hercher,PsBrut#11-19,spurious,Ps-Bruto,εἰ,Εἰ,1,362,10237,18,no
Hercher,PsBrut#11-19,spurious,Ps-Bruto,εὐνοεῖν,Εὐνοεῖν,1,0,4,19,no
Hercher,PsBrut#11-19,spurious,Ps-Bruto,καί,Καὶ,1,3175,157796,16,no
Hercher,PsBrut#11-19,spurious,Ps-Bruto,κασσίῳ,Κασσίῳ,1,0,0,13,sí
Hercher,PsBrut#11-19,spurious,Ps-Bruto,λυκία,Λυκία,1,0,0,13,sí
Hercher,PsBrut#11-19,spurious,Ps-Bruto,λυκίων,Λυκίων,1,0,0,14,sí
Hercher,PsBrut#11-19,spurious,Ps-Bruto,ξανθίουσ,Ξανθίους,1,0,0,11,sí
Hercher,PsBrut#11-19,spurious,Ps-Bruto,ξανθίων,Ξανθίων,1,0,0,12,sí
Hercher,PsBrut#11-19,spurious,Ps-Bruto,ξανθιοι,Ξανθιοι,1,0,0,11,sí
Hercher,PsBrut#11-19,spurious,Ps-Bruto,οὐδέν,Οὐδὲν,1,149,3764,15,no
Hercher,PsBrut#11-19,spurious,Ps-Bruto,οὐκ,Οὐκ,1,340,11914,12,no
Hercher,PsBrut#11-19,spurious,Ps-Bruto,οὔτε,Οὔτε,1,167,3572,14,no
Hercher,PsBrut#11-19,spurious,Ps-Bruto,παταρεῖσ,Παταρεῖς,2,0,0,11|12,sí
Hercher,PsBrut#11-19,spurious,Ps-Bruto,παταρεῦσι,Παταρεῦσι,1,0,0,11,sí
Hercher,PsBrut#11-19,spurious,Ps-Bruto,σαμίου,Σαμίου,1,0,0,17,sí
Hercher,PsBrut#11-19,spurious,Ps-Bruto,ἑρμοδώρου,Ἑρμοδώρου,1,0,0,17,sí
Hercher,PsBrut#11-19,spurious,Ps-Bruto,ἑρμόδωροσ,Ἑρμόδωρος,1,0,0,18,sí
Hercher,PsBrut#11-19,spurious,Ps-Bruto,ῥοδίων,Ῥοδίων,4,0,0,14|17|18,sí
Hercher,PsBrut#11-19,spurious,Ps-Bruto,ῥόδοσ,Ῥόδος,1,0,0,13,sí
Hercher,PsBrut#20-30,spurious,Ps-Bruto,αἱ,Αἱ,1,42,3051,23,no
Hercher,PsBrut#20-30,spurious,Ps-Bruto,βροῦτε,Βροῦτε,1,0,0,28,sí
Hercher,PsBrut#20-30,spurious,Ps-Bruto,κάσσιοσ,Κάσσιος,2,0,0,23|24,sí
Hercher,PsBrut#20-30,spurious,Ps-Bruto,καί,Καὶ,1,3175,157796,24,no
Hercher,PsBrut#20-30,spurious,Ps-Bruto,κασσίῳ,Κασσίῳ,1,0,0,21,sí
Hercher,PsBrut#20-30,spurious,Ps-Bruto,καῦνον,Καῦνον,1,0,0,21,sí
Hercher,PsBrut#20-30,spurious,Ps-Bruto,κωρυκίοισ,Κωρυκίοις,2,0,0,27|28,sí
Hercher,PsBrut#20-30,spurious,Ps-Bruto,λυκίασ,Λυκίας,1,0,0,28,sí
Hercher,PsBrut#20-30,spurious,Ps-Bruto,μυρεῦσι,Μυρεῦσι,2,0,0,27|28,sí
Hercher,PsBrut#20-30,spurious,Ps-Bruto,ξάνθιοι,Ξάνθιοι,1,0,0,25,sí
Hercher,PsBrut#20-30,spurious,Ps-Bruto,ξανθίοισ,Ξανθίοις,1,0,0,26,sí
Hercher,PsBrut#20-30,spurious,Ps-Bruto,ξανθίουσ,Ξανθίους,2,0,0,27|28,sí
Hercher,PsBrut#20-30,spurious,Ps-Bruto,ξανθίων,Ξανθίων,3,0,0,25|27,sí
Hercher,PsBrut#20-30,spurious,Ps-Bruto,οἱ,Οἱ,1,190,11593,29,no
Hercher,PsBrut#20-30,spurious,Ps-Bruto,οὐδέν,Οὐδὲν,1,149,3764,20,no
Hercher,PsBrut#20-30,spurious,Ps-Bruto,οὐδ’,Οὐδ’,1,70,1780,28,no
Hercher,PsBrut#20-30,spurious,Ps-Bruto,παταρέων,Παταρέων,1,0,0,25,sí
Hercher,PsBrut#20-30,spurious,Ps-Bruto,παταρεῖσ,Παταρεῖς,1,0,0,25,sí
Hercher,PsBrut#20-30,spurious,Ps-Bruto,παταρεῦσι,Παταρεῦσι,3,0,0,26|27|28,sí
Hercher,PsBrut#20-30,spurious,Ps-Bruto,τούσ,Τοὺς,1,369,16009,30,no
Hercher,PsBrut#20-30,spurious,Ps-Bruto,φασηλίταισ,Φασηλίταις,2,0,0,27|28,sí
Hercher,PsBrut#20-30,spurious,Ps-Bruto,ὀξείασ,Ὀξείας,1,0,2,22,dudoso
Hercher,PsBrut#20-30,spurious,Ps-Bruto,ὅσα,Ὅσα,1,32,1714,21,no
Hercher,PsBrut#20-30,spurious,Ps-Bruto,ῥοδίων,Ῥοδίων,1,0,0,22,sí
Hercher,PsBrut#20-30,spurious,Ps-Bruto,ῥόδον,Ῥόδον,1,0,6,21,no
Hercher,PsBrut#31-40,spurious,Ps-Bruto,αἱ,Αἱ,1,42,3051,31,no
Hercher,PsBrut#31-40,spurious,Ps-Bruto,βιθυνίασ,Βιθυνίας,1,0,0,35,sí
Hercher,PsBrut#31-40,spurious,Ps-Bruto,δία,Δία,1,0,1,40,dudoso
Hercher,PsBrut#31-40,spurious,Ps-Bruto,εὐπορούντων,Εὐπορούντων,1,0,1,34,dudoso
Hercher,PsBrut#31-40,spurious,Ps-Bruto,οἱ,Οἱ,1,190,11593,39,no
Hercher,PsBrut#31-40,spurious,Ps-Bruto,οὔτε,Οὔτε,1,167,3572,38,no
Hercher,PsBrut#31-40,spurious,Ps-Bruto,πίστισ,Πίστις,1,2,186,32,no
Hercher,PsBrut#31-40,spurious,Ps-Bruto,παραπέμψαι,Παραπέμψαι,1,0,3,36,no
Hercher,PsBrut#31-40,spurious,Ps-Bruto,προκοννησίων,Προκοννησίων,1,0,0,38,sí
Hercher,PsBrut#31-40,spurious,Ps-Bruto,προκόννησον,Προκόννησον,1,0,0,37,sí
Hercher,PsBrut#31-40,spurious,Ps-Bruto,τά,Τὰ,1,498,23249,35,no
Hercher,PsBrut#31-40,spurious,Ps-Bruto,τό,Τὸ,1,653,40665,40,no
Hercher,PsBrut#31-40,spurious,Ps-Bruto,ἐκομίσθη,Ἐκομίσθη,1,1,11,37,no
Hercher,PsBrut#31-40,spurious,Ps-Bruto,ἑλλησπόντου,Ἑλλησπόντου,1,0,0,35,sí
Hercher,PsBrut#31-40,spurious,Ps-Bruto,ὅπλων,Ὅπλων,1,8,168,33,no
Hercher,PsBrut#41-48,spurious,Ps-Bruto,εὐχῆσ,Εὐχῆς,1,1,128,42,no
Hercher,PsBrut#41-48,spurious,Ps-Bruto,καί,Καὶ,1,3175,157796,48,no
Hercher,PsBrut#41-48,spurious,Ps-Bruto,ξάνθιοι,Ξάνθιοι,1,0,0,43,sí
Hercher,PsBrut#41-48,spurious,Ps-Bruto,ξανθίουσ,Ξανθίους,1,0,0,44,sí
Hercher,PsBrut#41-48,spurious,Ps-Bruto,οὐδέ,Οὐδὲ,2,166,4925,44|47,no
Hercher,PsBrut#41-48,spurious,Ps-Bruto,συνήσθημέν,Συνήσθημέν,1,0,1,46,dudoso
Hercher,PsBrut#41-48,spurious,Ps-Bruto,τό,Τὸ,1,653,40665,41,no
Hercher,PsBrut#41-48,spurious,Ps-Bruto,ἡ,Ἡ,1,161,13248,45,no
Hercher,PsBrut#49-55,spurious,Ps-Bruto,δολοβέλλα,Δολοβέλλα,1,0,0,55,sí
Hercher,PsBrut#49-55,spurious,Ps-Bruto,δολοβέλλαν,Δολοβέλλαν,4,0,0,51|55,sí
Hercher,PsBrut#49-55,spurious,Ps-Bruto,δολοβέλλασ,Δολοβέλλας,1,0,0,52,sí
Hercher,PsBrut#49-55,spurious,Ps-Bruto,δολοϐέλλα,Δολοϐέλλα,1,0,0,54,sí
Hercher,PsBrut#49-55,spurious,Ps-Bruto,δολοϐέλλαν,Δολοϐέλλαν,2,0,0,52|53,sí
Hercher,PsBrut#49-55,spurious,Ps-Bruto,δολοϐέλλᾳ,Δολοϐέλλᾳ,1,0,0,55,sí
Hercher,PsBrut#49-55,spurious,Ps-Bruto,εἰ,Εἰ,2,362,10237,49|51,no
Hercher,PsBrut#49-55,spurious,Ps-Bruto,καί,Καὶ,2,3175,157796,52|53,no
Hercher,PsBrut#49-55,spurious,Ps-Bruto,μηνοδώρου,Μηνοδώρου,2,0,0,55,sí
Hercher,PsBrut#49-55,spurious,Ps-Bruto,μηνοδώρῳ,Μηνοδώρῳ,1,0,0,55,sí
Hercher,PsBrut#49-55,spurious,Ps-Bruto,μηνόδωρον,Μηνόδωρον,3,0,0,55,sí
Hercher,PsBrut#49-55,spurious,Ps-Bruto,οὐ,Οὐ,1,362,13518,50,no
Hercher,PsBrut#49-55,spurious,Ps-Bruto,ἐδηλώσαμέν,Ἐδηλώσαμέν,1,0,0,54,sí
Hercher,PsBrut#49-55,spurious,Ps-Bruto,ἠγγέλθη,Ἠγγέλθη,1,0,3,55,no
Hercher,PsBrut#49-55,spurious,Ps-Bruto,ῥωμαίοισ,Ῥωμαίοις,1,0,0,54,sí
Hercher,PsBrut#49-55,spurious,Ps-Bruto,ῥωμαίων,Ῥωμαίων,1,0,0,52,sí
Hercher,PsBrut#56-60,spurious,Ps-Bruto,δί’,Δί’,1,0,0,56,sí
Hercher,PsBrut#56-60,spurious,Ps-Bruto,δολοβέλλα,Δολοβέλλα,1,0,0,56,sí
Hercher,PsBrut#56-60,spurious,Ps-Bruto,δολοβέλλαν,Δολοβέλλαν,2,0,0,56|58,sí
Hercher,PsBrut#56-60,spurious,Ps-Bruto,δολοβέλλασ,Δολοβέλλας,1,0,0,57,sí
Hercher,PsBrut#56-60,spurious,Ps-Bruto,δολοβέλλᾳ,Δολοβέλλᾳ,1,0,0,56,sí
Hercher,PsBrut#56-60,spurious,Ps-Bruto,μηδενί,Μηδενὶ,1,4,165,59,no
Hercher,PsBrut#56-60,spurious,Ps-Bruto,μηνοδώρῳ,Μηνοδώρῳ,2,0,0,56|57,sí
Hercher,PsBrut#56-60,spurious,Ps-Bruto,μηνόδωρον,Μηνόδωρον,1,0,0,58,sí
Hercher,PsBrut#56-60,spurious,Ps-Bruto,μηνόδωροσ,Μηνόδωρος,2,0,0,56,sí
Hercher,PsBrut#56-60,spurious,Ps-Bruto,οὐ,Οὐ,1,362,13518,56,no
Hercher,PsBrut#56-60,spurious,Ps-Bruto,οὐχ,Οὐχ,1,114,2960,60,no
Hercher,PsBrut#56-60,spurious,Ps-Bruto,οὔτε,Οὔτε,1,167,3572,58,no
Hercher,PsBrut#56-60,spurious,Ps-Bruto,χρήματα,Χρήματα,1,41,337,57,no
Hercher,PsBrut#56-60,spurious,Ps-Bruto,ῥωμαίουσ,Ῥωμαίους,1,0,0,56,sí
Hercher,PsBrut#61-70,spurious,Ps-Bruto,αἱ,Αἱ,1,42,3051,69,no
Hercher,PsBrut#61-70,spurious,Ps-Bruto,δολοβέλλασ,Δολοβέλλας,2,0,0,62,sí
Hercher,PsBrut#61-70,spurious,Ps-Bruto,δολοβέλλᾳ,Δολοβέλλᾳ,2,0,0,61,sí
Hercher,PsBrut#61-70,spurious,Ps-Bruto,λεσβίων,Λεσβίων,1,0,0,67,sí
Hercher,PsBrut#61-70,spurious,Ps-Bruto,μακεδόνων,Μακεδόνων,1,0,0,67,sí
Hercher,PsBrut#61-70,spurious,Ps-Bruto,οἱ,Οἱ,2,190,11593,65|66,no
Hercher,PsBrut#61-70,spurious,Ps-Bruto,οὐκ,Οὐκ,1,340,11914,62,no
Hercher,PsBrut#61-70,spurious,Ps-Bruto,τά,Τὰ,1,498,23249,67,no
Hercher,PsBrut#61-70,spurious,Ps-Bruto,φοινίκων,Φοινίκων,1,0,19,67,no
Hercher,PsBrut#61-70,spurious,Ps-Bruto,ἀκύλαν,Ἀκύλαν,1,0,0,61,sí
Hercher,PsBrut#61-70,spurious,Ps-Bruto,ἀκύλασ,Ἀκύλας,3,0,0,63|64,sí
Hercher,PsBrut#61-70,spurious,Ps-Bruto,ἀκύλᾳ,Ἀκύλᾳ,1,0,0,61,sí
Hercher,PsBrut#61-70,spurious,Ps-Bruto,ἔγραψέ,Ἔγραψέ,1,0,1,63,dudoso
Hercher,PsBrut#61-70,spurious,Ps-Bruto,ὁ,Ὁ,1,226,25257,68,no
Hercher,PsChion#1-3,spurious,Ps-Quión,βυζάντιον,Βυζάντιον,1,0,0,1.1,sí
Hercher,PsChion#1-3,spurious,Ps-Quión,βυζαντίοισ,Βυζαντίοις,1,0,0,3.4,sí
Hercher,PsChion#1-3,spurious,Ps-Quión,βυζαντίων,Βυζαντίων,2,0,0,3.2|3.3,sí
Hercher,PsChion#1-3,spurious,Ps-Quión,βυζαντίῳ,Βυζαντίῳ|Βυζαντίῳ,2,0,0,2.1|3.1,sí
Hercher,PsChion#1-3,spurious,Ps-Quión,δί,Δί,1,0,13,3.4,no
Hercher,PsChion#1-3,spurious,Ps-Quión,θράσων,Θράσων,1,0,0,2.1,sí
Hercher,PsChion#1-3,spurious,Ps-Quión,θρᾳκῶν,Θρᾳκῶν,1,0,0,3.4,sí
Hercher,PsChion#1-3,spurious,Ps-Quión,θρᾴκην,Θρᾴκην,1,0,0,3.4,sí
Hercher,PsChion#1-3,spurious,Ps-Quión,κύρῳ,Κύρῳ|Κύρῳ,2,0,0,3.1,sí
Hercher,PsChion#1-3,spurious,Ps-Quión,κῦρόσ,Κῦρός,1,0,1,3.1,dudoso
Hercher,PsChion#1-3,spurious,Ps-Quión,λῦσισ,Λῦσις,1,0,0,1.1,sí
Hercher,PsChion#1-3,spurious,Ps-Quión,ξενοφῶν,Ξενοφῶν,4,0,0,3.1|3.3,sí
Hercher,PsChion#1-3,spurious,Ps-Quión,ξενοφῶντοσ,Ξενοφῶντος|Ξενοφῶντος,2,0,0,3.4|3.6,sí
Hercher,PsChion#1-3,spurious,Ps-Quión,πολλήν,Πολλὴν,1,9,488,3.1,no
Hercher,PsChion#1-3,spurious,Ps-Quión,πόντον,Πόντον,2,0,28,2.1,no
Hercher,PsChion#1-3,spurious,Ps-Quión,σεύθησ,Σεύθης,1,0,0,3.4,sí
Hercher,PsChion#1-3,spurious,Ps-Quión,σωκράτη,Σωκράτη,1,0,0,3.4,sí
Hercher,PsChion#1-3,spurious,Ps-Quión,σωκράτουσ,Σωκράτους,2,0,0,3.1|3.6,sí
Hercher,PsChion#1-3,spurious,Ps-Quión,ἀθήνασ,Ἀθήνας,1,0,0,3.5,sí
Hercher,PsChion#1-3,spurious,Ps-Quión,ἀπεδωκέ,Ἀπεδωκέ,1,0,0,1.1,sí
Hercher,PsChion#1-3,spurious,Ps-Quión,ἀρταξέρξην,Ἀρταξέρξην,1,0,0,3.1,sí
Hercher,PsChion#1-3,spurious,Ps-Quión,ἑλλήνεσ,Ἑλλήνες,1,0,0,3.2,sí
Hercher,PsChion#1-3,spurious,Ps-Quión,ἑλλήνων,Ἑλλήνων,3,0,0,3.1|3.3,sí
Hercher,PsChion#1-3,spurious,Ps-Quión,ἕλλησι,Ἕλλησι,1,0,2,3.1,dudoso
Hercher,PsChion#12-14,spurious,Ps-Quión,βυζάντιον,Βυζάντιον,1,0,0,14.1,sí
Hercher,PsChion#12-14,spurious,Ps-Quión,εἰσ,Εἰς,1,412,17156,14.1,no
Hercher,PsChion#12-14,spurious,Ps-Quión,θρᾴξ,Θρᾴξ,1,0,0,13.1,sí
Hercher,PsChion#12-14,spurious,Ps-Quión,κλέαρχον,Κλέαρχον,1,0,0,13.3,sí
Hercher,PsChion#12-14,spurious,Ps-Quión,κλέαρχοσ,Κλέαρχος|Κλέαρχος,4,0,0,13.1|13.3|14.4,sí
Hercher,PsChion#12-14,spurious,Ps-Quión,κλεάρχῳ,Κλεάρχῳ|Κλεάρχῳ,2,0,0,14.1|14.5,sí
Hercher,PsChion#12-14,spurious,Ps-Quión,κρωβύλον,Κρωβύλον,1,0,1,14.1,dudoso
Hercher,PsChion#12-14,spurious,Ps-Quión,κότυσ,Κότυς,1,0,0,13.1,sí
Hercher,PsChion#12-14,spurious,Ps-Quión,λῦσισ,Λῦσις,1,0,0,12.1,sí
Hercher,PsChion#12-14,spurious,Ps-Quión,νύμφιδοσ,Νύμφιδος,1,0,0,13.3,sí
Hercher,PsChion#12-14,spurious,Ps-Quión,πρότερον,Πρότερον,1,29,1450,12.1,no
Hercher,PsChion#12-14,spurious,Ps-Quión,σειληνόν,Σειληνὸν,1,0,0,13.1,sí
Hercher,PsChion#12-14,spurious,Ps-Quión,ὄντωσ,Ὄντως,1,6,474,13.1,no
Hercher,PsChion#15-17,spurious,Ps-Quión,δία,Δία,1,0,1,16.3,dudoso
Hercher,PsChion#15-17,spurious,Ps-Quión,διονυσίοισ,Διονυσίοις,1,0,0,17.1,sí
Hercher,PsChion#15-17,spurious,Ps-Quión,διονυσίων,Διονυσίων,1,0,0,17.1,sí
Hercher,PsChion#15-17,spurious,Ps-Quión,διονύσῳ,Διονύσῳ,1,0,0,17.1,sí
Hercher,PsChion#15-17,spurious,Ps-Quión,δυσίν,Δυσὶν,1,0,65,17.1,no
Hercher,PsChion#15-17,spurious,Ps-Quión,κλέαρχον,Κλέαρχον,1,0,0,15.3,sí
Hercher,PsChion#15-17,spurious,Ps-Quión,κλέαρχοσ,Κλέαρχος,1,0,0,15.3,sí
Hercher,PsChion#15-17,spurious,Ps-Quión,λακεδαιμονίουσ,Λακεδαιμονίους,1,0,0,16.5,sí
Hercher,PsChion#15-17,spurious,Ps-Quión,πλάτων,Πλάτων,1,0,0,17.3,sí
Hercher,PsChion#15-17,spurious,Ps-Quión,πλάτωνι,Πλάτωνι,1,0,0,16.4,sí
Hercher,PsChion#15-17,spurious,Ps-Quión,πυλάδην,Πυλάδην,1,0,0,17.1,sí
Hercher,PsChion#15-17,spurious,Ps-Quión,φιλόκαλον,Φιλόκαλον,1,0,8,17.1,no
Hercher,PsChion#15-17,spurious,Ps-Quión,χίων,Χίων,2,0,0,16.8|17.2,sí
Hercher,PsChion#15-17,spurious,Ps-Quión,ἀγάθωνι,Ἀγάθωνι,1,0,0,16.3,sí
Hercher,PsChion#15-17,spurious,Ps-Quión,ἀθήναισ,Ἀθήναις,1,0,0,16.1,sí
Hercher,PsChion#15-17,spurious,Ps-Quión,ἀθήνασ,Ἀθήνας,2,0,0,16.4|16.5,sí
Hercher,PsChion#15-17,spurious,Ps-Quión,ἀθηναίοισ,Ἀθηναίοις,1,0,0,16.5,sí
Hercher,PsChion#15-17,spurious,Ps-Quión,ἐπί,Ἐπὶ,1,227,13292,15.1,no
Hercher,PsChion#15-17,spurious,Ps-Quión,ἑλλήσποντον,Ἑλλήσποντον,1,0,0,16.5,sí
Hercher,PsChion#15-17,spurious,Ps-Quión,ἡρακλείδῃ,Ἡρακλείδῃ,1,0,0,16.3,sí
Hercher,PsChion#4,spurious,Ps-Quión,βαιτύλοσ,Βαιτύλος,1,0,0,4.3,sí
Hercher,PsChion#4,spurious,Ps-Quión,βυζαντίῳ,Βυζαντίῳ,2,0,0,4.1|4.2,sí
Hercher,PsChion#4,spurious,Ps-Quión,θρᾳκῶν,Θρᾳκῶν,1,0,0,4.2,sí
Hercher,PsChion#4,spurious,Ps-Quión,θρᾷκεσ,Θρᾷκες,1,0,0,4.4,sí
Hercher,PsChion#4,spurious,Ps-Quión,πέρινθον,Πέρινθον|Πέρινθον,2,0,0,4.2,sí
Hercher,PsChion#4,spurious,Ps-Quión,περίνθιοι,Περίνθιοι,1,0,0,4.2,sí
Hercher,PsChion#4,spurious,Ps-Quión,περίνθῳ,Περίνθῳ,1,0,0,4.1,sí
Hercher,PsChion#4,spurious,Ps-Quión,ποδάρκησ,Ποδάρκης,1,0,0,4.3,sí
Hercher,PsChion#4,spurious,Ps-Quión,σήλυμβρίαν,Σήλυμβρίαν,1,0,0,4.2,sí
Hercher,PsChion#4,spurious,Ps-Quión,σῖμον,Σῖμον,1,0,0,4.1,sí
Hercher,PsChion#4,spurious,Ps-Quión,φίλων,Φίλων|Φίλων,3,26,398,4.3,no
Hercher,PsChion#4,spurious,Ps-Quión,χίῳ,Χίῳ,1,0,0,4.4,sí
Hercher,PsChion#4,spurious,Ps-Quión,ἀγάθων,Ἀγάθων,2,0,0,4.3,sí
Hercher,PsChion#4,spurious,Ps-Quión,ἀρχεδήμου,Ἀρχεδήμου,1,0,0,4.1,sí
Hercher,PsChion#4,spurious,Ps-Quión,ἀρχεδήμῳ,Ἀρχεδήμῳ,1,0,0,4.4,sí
Hercher,PsChion#4,spurious,Ps-Quión,ἐπιτυχόντεσ,Ἐπιτυχόντες,1,1,7,4.1,no
Hercher,PsChion#4,spurious,Ps-Quión,ἡρακλείδησ,Ἡρακλείδης|Ἡρακλείδης,2,0,0,4.3,sí
Hercher,PsChion#5-7,spurious,Ps-Quión,βελλεροφόντου,Βελλεροφόντου,1,0,0,7.2,sí
Hercher,PsChion#5-7,spurious,Ps-Quión,λήμνιοσ,Λήμνιος,1,0,0,7.1,sí
Hercher,PsChion#5-7,spurious,Ps-Quión,λήμνῳ,Λήμνῳ,1,0,0,7.1,sí
Hercher,PsChion#5-7,spurious,Ps-Quión,λύσιδι,Λύσιδι,1,0,0,7.2,sí
Hercher,PsChion#5-7,spurious,Ps-Quión,πλάτωνα,Πλάτωνα,1,0,0,6.1,sí
Hercher,PsChion#5-7,spurious,Ps-Quión,πλάτωνι,Πλάτωνι,3,0,0,5.1|6.1|7.1,sí
Hercher,PsChion#5-7,spurious,Ps-Quión,πλάτωνοσ,Πλάτωνος,1,0,0,5.1,sí
Hercher,PsChion#5-7,spurious,Ps-Quión,πόντον,Πόντον,1,0,28,7.2,no
Hercher,PsChion#5-7,spurious,Ps-Quión,πόντου,Πόντου,1,0,19,6.1,no
Hercher,PsChion#5-7,spurious,Ps-Quión,σωκράτει,Σωκράτει,1,0,0,5.1,sí
Hercher,PsChion#5-7,spurious,Ps-Quión,σωκράτη,Σωκράτη,1,0,0,5.1,sí
Hercher,PsChion#5-7,spurious,Ps-Quión,σωκράτουσ,Σωκράτους,1,0,0,5.1,sí
Hercher,PsChion#5-7,spurious,Ps-Quión,φαίδιμοσ,Φαίδιμος,1,0,0,6.1,sí
Hercher,PsChion#5-7,spurious,Ps-Quión,χίων,Χίων,1,0,0,7.3,sí
Hercher,PsChion#5-7,spurious,Ps-Quión,ἀθήναισ,Ἀθήναις,1,0,0,6.1,sí
Hercher,PsChion#5-7,spurious,Ps-Quión,ἀθήνασ,Ἀθήνας,2,0,0,5.1|7.1,sí
Hercher,PsChion#5-7,spurious,Ps-Quión,ἀρχέπολισ,Ἀρχέπολις,1,0,0,7.1,sí
Hercher,PsChion#5-7,spurious,Ps-Quión,ἀφίγμεθα,Ἀφίγμεθα,1,1,4,5.1,no
Hercher,PsChion#5-7,spurious,Ps-Quión,ἐκόμισέ,Ἐκόμισέ,1,0,0,6.1,sí
Hercher,PsChion#5-7,spurious,Ps-Quión,ἑλλάδα,Ἑλλάδα,1,0,1,6.1,dudoso
Hercher,PsChion#8-11,spurious,Ps-Quión,βιάνοροσ,Βιάνορος,1,0,0,11.1,sí
Hercher,PsChion#8-11,spurious,Ps-Quión,διονύσιοσ,Διονύσιος,1,0,0,10.1,sí
Hercher,PsChion#8-11,spurious,Ps-Quión,καλλισθένει,Καλλισθένει,1,0,0,9.1,sí
Hercher,PsChion#8-11,spurious,Ps-Quión,καλλιχόρου,Καλλιχόρου,1,0,0,9.1,sí
Hercher,PsChion#8-11,spurious,Ps-Quión,λήμνιοσ,Λήμνιος,1,0,0,8.1,sí
Hercher,PsChion#8-11,spurious,Ps-Quión,πλάτωνι,Πλάτωνι,1,0,0,10.1,sí
Hercher,PsChion#8-11,spurious,Ps-Quión,πόντον,Πόντον,1,0,28,8.1,no
Hercher,PsChion#8-11,spurious,Ps-Quión,σπευσίππῳ,Σπευσίππῳ,1,0,0,10.1,sí
Hercher,PsChion#8-11,spurious,Ps-Quión,σπεύσιπποσ,Σπεύσιππος,1,0,0,10.1,sí
Hercher,PsChion#8-11,spurious,Ps-Quión,ἀθήνησιν,Ἀθήνησιν,2,0,0,10.1|11.1,sí
Hercher,PsChion#8-11,spurious,Ps-Quión,ἀρχέπολισ,Ἀρχέπολις,1,0,0,8.1,sí
Hercher,PsChion#8-11,spurious,Ps-Quión,ἐκομισάμην,Ἐκομισάμην,1,0,2,11.1,dudoso
Hercher,PsChion#8-11,spurious,Ps-Quión,ἡραίου,Ἡραίου,1,0,0,9.1,sí
Hercher,PsChion#8-11,spurious,Ps-Quión,ὀλιγωρίαν,Ὀλιγωρίαν,1,2,12,9.1,no
Hercher,PsChion#8-11,spurious,Ps-Quión,ὁ,Ὁ,1,226,25257,8.1,no
Hercher,PsCrat#1-9,spurious,Ps-Crates,διογένην,Διογένην,1,0,0,1.1,sí
Hercher,PsCrat#1-9,spurious,Ps-Crates,διογένησ,Διογένης,1,0,0,6.1,sí
Hercher,PsCrat#1-9,spurious,Ps-Crates,διογένουσ,Διογένους,1,0,0,7.1,sí
Hercher,PsCrat#1-9,spurious,Ps-Crates,εἴθ’,Εἴθ’,1,1,24,4.1,no
Hercher,PsCrat#1-9,spurious,Ps-Crates,λιογένησ,Λιογένης,1,0,0,6.1,sí
Hercher,PsCrat#1-9,spurious,Ps-Crates,μή,Μὴ,2,475,15198,2.1|9.1,no
Hercher,PsCrat#1-9,spurious,Ps-Crates,μεγαρικάσ,Μεγαρικὰς,1,0,0,7.1,sí
Hercher,PsCrat#1-9,spurious,Ps-Crates,μελέτω,Μελέτω,1,1,4,3.1,no
Hercher,PsCrat#1-9,spurious,Ps-Crates,πηνελόπη,Πηνελόπη,1,0,0,9.1,sí
Hercher,PsCrat#1-9,spurious,Ps-Crates,σινωπέωσ,Σινωπέως,1,0,0,7.1,sí
Hercher,PsCrat#1-9,spurious,Ps-Crates,φιλοσοφεῖτε,Φιλοσοφεῖτε,1,1,1,6.1,dudoso
Hercher,PsCrat#1-9,spurious,Ps-Crates,ἀθήναζε,Ἀθήναζε,1,0,0,8.1,sí
Hercher,PsCrat#1-9,spurious,Ps-Crates,ἀντισθένησ,Ἀντισθένης,1,0,0,6.1,sí
Hercher,PsCrat#1-9,spurious,Ps-Crates,ἀπάγξασθε,Ἀπάγξασθε,1,1,1,7.1,dudoso
Hercher,PsCrat#1-9,spurious,Ps-Crates,ἀπό,Ἀπὸ,1,62,6241,8.1,no
Hercher,PsCrat#1-9,spurious,Ps-Crates,ἄλκηστισ,Ἄλκηστις,1,0,0,9.1,sí
Hercher,PsCrat#1-9,spurious,Ps-Crates,ἐπάνηκε,Ἐπάνηκε,1,3,3,1.1,no
Hercher,PsCrat#1-9,spurious,Ps-Crates,ἡρακλέα,Ἡρακλέα,1,0,0,8.1,sí
Hercher,PsCrat#10-14,spurious,Ps-Crates,διογένειοσ,Διογένειος,1,0,0,13.1,sí
Hercher,PsCrat#10-14,spurious,Ps-Crates,διογένην,Διογένην,1,0,0,13.1,sí
Hercher,PsCrat#10-14,spurious,Ps-Crates,εὐρυτίωνα,Εὐρυτίωνα,1,0,0,10.1,sí
Hercher,PsCrat#10-14,spurious,Ps-Crates,κίρκησ,Κίρκης,1,0,0,14.1,sí
Hercher,PsCrat#10-14,spurious,Ps-Crates,καρχηδονίασ,Καρχηδονίας,1,0,0,13.1,sí
Hercher,PsCrat#10-14,spurious,Ps-Crates,καρχηδονίων,Καρχηδονίων,1,0,0,13.1,sí
Hercher,PsCrat#10-14,spurious,Ps-Crates,κύκλωπα,Κύκλωπα,1,0,0,10.1,sí
Hercher,PsCrat#10-14,spurious,Ps-Crates,λῦσι,Λῦσι,1,0,0,10.1,sí
Hercher,PsCrat#10-14,spurious,Ps-Crates,οὐ,Οὐ,1,362,13518,12.1,no
Hercher,PsCrat#10-14,spurious,Ps-Crates,περσικοῦ,Περσικοῦ,1,0,0,13.1,sí
Hercher,PsCrat#10-14,spurious,Ps-Crates,σαρδαναπάλλου,Σαρδαναπάλλου,1,0,0,13.1,sí
Hercher,PsCrat#10-14,spurious,Ps-Crates,ἀκήκοά,Ἀκήκοά,1,0,0,10.1,sí
Hercher,PsCrat#10-14,spurious,Ps-Crates,ἀσκεῖτε,Ἀσκεῖτε,1,1,2,11.1,dudoso
Hercher,PsCrat#10-14,spurious,Ps-Crates,ἄδοξοσ,Ἄδοξος,1,0,6,13.1,no
Hercher,PsCrat#10-14,spurious,Ps-Crates,ἐθίζεσθε,Ἐθίζεσθε,1,0,0,14.1,sí
Hercher,PsCrat#10-14,spurious,Ps-Crates,ἐρετρίᾳ,Ἐρετρίᾳ,1,0,0,10.1,sí
Hercher,PsCrat#10-14,spurious,Ps-Crates,ὅμηροσ,Ὅμηρος,1,0,1,10.1,dudoso
Hercher,PsCrat#15-19,spurious,Ps-Crates,διογένειοσ,Διογένειος,1,0,0,16.1,sí
Hercher,PsCrat#15-19,spurious,Ps-Crates,διογένη,Διογένη,2,0,0,19.1,sí
Hercher,PsCrat#15-19,spurious,Ps-Crates,διογένησ,Διογένης,1,0,0,17.1,sí
Hercher,PsCrat#15-19,spurious,Ps-Crates,μή,Μὴ,1,475,15198,19.1,no
Hercher,PsCrat#15-19,spurious,Ps-Crates,οἱ,Οἱ,1,190,11593,17.1,no
Hercher,PsCrat#15-19,spurious,Ps-Crates,φεύγετε,Φεύγετε,1,2,28,15.1,no
Hercher,PsCrat#15-19,spurious,Ps-Crates,ἐθίζεσθε,Ἐθίζεσθε,1,0,0,18.1,sí
Hercher,PsCrat#15-19,spurious,Ps-Crates,ἡ,Ἡ,1,161,13248,16.1,no
Hercher,PsCrat#15-19,spurious,Ps-Crates,ὀδυσσέα,Ὀδυσσέα,2,0,0,19.1,sí
Hercher,PsCrat#15-19,spurious,Ps-Crates,ὀδυσσεύσ,Ὀδυσσεύς,1,0,0,19.1,sí
Hercher,PsCrat#20-25,spurious,Ps-Crates,διογένεια,Διογένεια,1,0,0,23.1,sí
Hercher,PsCrat#20-25,spurious,Ps-Crates,διογένουσ,Διογένους,1,0,0,20.1,sí
Hercher,PsCrat#20-25,spurious,Ps-Crates,κράτησ,Κράτης,1,0,2,20.1,dudoso
Hercher,PsCrat#20-25,spurious,Ps-Crates,μή,Μὴ,1,475,15198,22.1,no
Hercher,PsCrat#20-25,spurious,Ps-Crates,οὐ,Οὐ,1,362,13518,24.1,no
Hercher,PsCrat#20-25,spurious,Ps-Crates,πηνελόπη,Πηνελόπη,1,0,0,23.1,sí
Hercher,PsCrat#20-25,spurious,Ps-Crates,πυνθάνομαι,Πυνθάνομαι,1,12,22,25.1,no
Hercher,PsCrat#20-25,spurious,Ps-Crates,χωρισθέντοσ,Χωρισθέντος,1,0,1,20.1,dudoso
Hercher,PsCrat#20-25,spurious,Ps-Crates,ἕωσ,Ἕως,2,20,950,21.1|23.1,no
Hercher,PsCrat#26-32,spurious,Ps-Crates,αἱ,Αἱ,1,42,3051,28.1,no
Hercher,PsCrat#26-32,spurious,Ps-Crates,διογένει,Διογένει,1,0,0,30.1,sí
Hercher,PsCrat#26-32,spurious,Ps-Crates,διογένησ,Διογένης,2,0,0,26.1|27.1,sí
Hercher,PsCrat#26-32,spurious,Ps-Crates,λόγοσ,Λόγος,1,16,1858,31.1,no
Hercher,PsCrat#26-32,spurious,Ps-Crates,μή,Μὴ,1,475,15198,26.1,no
Hercher,PsCrat#26-32,spurious,Ps-Crates,οὐκ,Οὐκ,1,340,11914,29.1,no
Hercher,PsCrat#26-32,spurious,Ps-Crates,τρώων,Τρώων,1,0,0,27.1,sí
Hercher,PsCrat#26-32,spurious,Ps-Crates,ἀμαζόνεσ,Ἀμαζόνες,1,0,0,28.1,sí
Hercher,PsCrat#26-32,spurious,Ps-Crates,ἀχαιῶν,Ἀχαιῶν,1,0,0,27.1,sí
Hercher,PsCrat#26-32,spurious,Ps-Crates,ἔπεμψά,Ἔπεμψά,1,0,4,30.1,no
Hercher,PsCrat#26-32,spurious,Ps-Crates,ἥλιον,Ἥλιον,1,3,204,26.1,no
Hercher,PsCrat#26-32,spurious,Ps-Crates,ἧκόν,Ἧκόν,1,0,4,32.1,no
Hercher,PsCrat#33-36,spurious,Ps-Crates,αἴθρα,Αἴθρα,1,0,0,33.2,sí
Hercher,PsCrat#33-36,spurious,Ps-Crates,διογένη,Διογένη,1,0,0,34.1,sí
Hercher,PsCrat#33-36,spurious,Ps-Crates,διογένησ,Διογένης,2,0,0,34.5|36.1,sí
Hercher,PsCrat#33-36,spurious,Ps-Crates,διογένουσ,Διογένους,1,0,0,35.2,sí
Hercher,PsCrat#33-36,spurious,Ps-Crates,θησέα,Θησέα,1,0,0,33.2,sí
Hercher,PsCrat#33-36,spurious,Ps-Crates,νιόβη,Νιόβη,1,0,0,34.3,sí
Hercher,PsCrat#33-36,spurious,Ps-Crates,οὐ,Οὐ,1,362,13518,36.1,no
Hercher,PsCrat#33-36,spurious,Ps-Crates,σωκράτουσ,Σωκράτους,1,0,0,35.2,sí
Hercher,PsCrat#33-36,spurious,Ps-Crates,τό,Τὸ,1,653,40665,35.1,no
Hercher,PsCrat#33-36,spurious,Ps-Crates,ἀθήναζε,Ἀθήναζε,2,0,0,33.2|34.1,sí
Hercher,PsCrat#33-36,spurious,Ps-Crates,ἐπυθόμην,Ἐπυθόμην,1,2,13,33.1,no
Hercher,PsCrat#33-36,spurious,Ps-Crates,ἴσθι,Ἴσθι,1,35,150,34.1,no
Hercher,PsDiog#28,spurious,Ps-Diógenes,διογένησ,Διογένης,1,0,0,28.1,sí
Hercher,PsDiog#28,spurious,Ps-Diógenes,παναθήναια,Παναθήναια,1,0,0,28.4,sí
Hercher,PsDiog#28,spurious,Ps-Diógenes,σωκράτει,Σωκράτει,1,0,0,28.6,sí
Hercher,PsDiog#28,spurious,Ps-Diógenes,ἀντισθένει,Ἀντισθένει,1,0,0,28.8,sí
Hercher,PsDiog#28,spurious,Ps-Diógenes,ἕλληνεσ,Ἕλληνες,2,0,0,28.8,sí
Hercher,PsDiog#28,spurious,Ps-Diógenes,ἕλλησιν,Ἕλλησιν,1,0,0,28.1,sí
Hercher,PsDiog#28,spurious,Ps-Diógenes,ἕρμαια,Ἕρμαια,1,0,0,28.4,sí
Hercher,PsDiog#28,spurious,Ps-Diógenes,ὑπάρχει,Ὑπάρχει,1,3,159,28.1,no
Hercher,PsDiog#29,spurious,Ps-Diógenes,δία,Δία,2,0,1,29.1,dudoso
Hercher,PsDiog#29,spurious,Ps-Diógenes,πλάτωνι,Πλάτωνι,1,0,0,29.1,sí
Hercher,PsDiog#29,spurious,Ps-Diógenes,ἀθήνησι,Ἀθήνησι,1,0,0,29.1,sí
Hercher,PsDiog#29,spurious,Ps-Diógenes,ἀριστίππῳ,Ἀριστίππῳ,1,0,0,29.1,sí
Hercher,PsDiog#29,spurious,Ps-Diógenes,ἐπειδή,Ἐπειδὴ,1,22,1055,29.1,no
Hercher,PsDiog#29,spurious,Ps-Diógenes,ἑλλάδοσ,Ἑλλάδος,1,0,0,29.3,sí
Hercher,PsDiog#30,spurious,Ps-Diógenes,σωκράτουσ,Σωκράτους,1,0,0,30.1,sí
Hercher,PsDiog#30,spurious,Ps-Diógenes,ἀθήναζε,Ἀθήναζε,1,0,0,30.1,sí
Hercher,PsDiog#30,spurious,Ps-Diógenes,ἧκον,Ἧκον,1,3,137,30.1,no
Hercher,PsDiog#31,spurious,Ps-Diógenes,δία,Δία,1,0,1,31.2,dudoso
Hercher,PsDiog#31,spurious,Ps-Diógenes,κίκερμε,Κίκερμε,1,0,0,31.4,sí
Hercher,PsDiog#31,spurious,Ps-Diógenes,κίκερμον,Κίκερμον,1,0,0,31.2,sí
Hercher,PsDiog#31,spurious,Ps-Diógenes,κίκερμοσ,Κίκερμος,2,0,0,31.1|31.2,sí
Hercher,PsDiog#31,spurious,Ps-Diógenes,ἀνέβαινον,Ἀνέβαινον,1,1,13,31.1,no
Hercher,PsDiog#31,spurious,Ps-Diógenes,ἀσίασ,Ἀσίας,1,0,0,31.3,sí
Hercher,PsDiog#31,spurious,Ps-Diógenes,ἑλλάδοσ,Ἑλλάδος,1,0,0,31.3,sí
Hercher,PsDiog#31,spurious,Ps-Diógenes,ὀλυμπίαζε,Ὀλυμπίαζε,2,0,0,31.1,sí
Hercher,PsDiog#31,spurious,Ps-Diógenes,ὀλυμπίασι,Ὀλυμπίασι,1,0,0,31.2,sí
Hercher,PsDiog#31,spurious,Ps-Diógenes,ὀλυμπίᾳ,Ὀλυμπίᾳ,1,0,0,31.2,sí
Hercher,PsDiog#31,spurious,Ps-Diógenes,ὀλυμπιακῷ,Ὀλυμπιακῷ,1,0,0,31.1,sí
Hercher,PsDiog#32,spurious,Ps-Diógenes,διον,Διον,1,0,1,32.3,dudoso
Hercher,PsDiog#32,spurious,Ps-Diógenes,διονυσίου,Διονυσίου,1,0,0,32.2,sí
Hercher,PsDiog#32,spurious,Ps-Diógenes,διονυσίῳ,Διονυσίῳ,1,0,0,32.3,sí
Hercher,PsDiog#32,spurious,Ps-Diógenes,κρόνου,Κρόνου,1,0,1,32.3,dudoso
Hercher,PsDiog#32,spurious,Ps-Diógenes,σικελίᾳ,Σικελίᾳ,1,0,0,32.3,sí
Hercher,PsDiog#32,spurious,Ps-Diógenes,σικελικάσ,Σικελικὰς,1,0,0,32.1,sí
Hercher,PsDiog#32,spurious,Ps-Diógenes,σωκράτουσ,Σωκράτους,1,0,0,32.1,sí
Hercher,PsDiog#32,spurious,Ps-Diógenes,ἀθήνησιν,Ἀθήνησιν,1,0,0,32.2,sí
Hercher,PsDiog#32,spurious,Ps-Diógenes,ἐπυθόμην,Ἐπυθόμην,1,2,13,32.1,no
Hercher,PsDiog#33,spurious,Ps-Diógenes,διογένησ,Διογένης,1,0,0,33.4,sí
Hercher,PsDiog#33,spurious,Ps-Diógenes,διόγενεσ,Διόγενες,1,0,0,33.2,sí
Hercher,PsDiog#33,spurious,Ps-Diógenes,λακεδαιμονίων,Λακεδαιμονίων,1,0,0,33.2,sí
Hercher,PsDiog#33,spurious,Ps-Diógenes,μακεδόνων,Μακεδόνων,1,0,0,33.2,sí
Hercher,PsDiog#33,spurious,Ps-Diógenes,φιλίππου,Φιλίππου,1,0,0,33.1,sí
Hercher,PsDiog#33,spurious,Ps-Diógenes,ἀλέξανδρον,Ἀλέξανδρον,1,0,2,33.4,dudoso
Hercher,PsDiog#33,spurious,Ps-Diógenes,ἀλέξανδροσ,Ἀλέξανδρος,3,0,1,33.1|33.2|33.4,dudoso
Hercher,PsDiog#33,spurious,Ps-Diógenes,ἀλωειδῶν,Ἀλωειδῶν,1,0,0,33.4,sí
Hercher,PsDiog#33,spurious,Ps-Diógenes,ἀλἑξανδροσ,Ἀλἑξανδρος,1,0,0,33.2,sí
Hercher,PsDiog#33,spurious,Ps-Diógenes,ἐκαθήμην,Ἐκαθήμην,1,0,6,33.1,no
Hercher,PsDiog#34,spurious,Ps-Diógenes,δία,Δία,1,0,1,34.3,dudoso
Hercher,PsDiog#34,spurious,Ps-Diógenes,δαέρτου,Δαέρτου,1,0,0,34.2,sí
Hercher,PsDiog#34,spurious,Ps-Diógenes,διόσ,Διὸς,1,0,2,34.2,dudoso
Hercher,PsDiog#34,spurious,Ps-Diógenes,μή,Μὴ,1,475,15198,34.1,no
Hercher,PsDiog#34,spurious,Ps-Diógenes,τήλεφοσ,Τήλεφος,1,0,0,34.3,sí
Hercher,PsDiog#34,spurious,Ps-Diógenes,τήλεφόν,Τήλεφόν,1,0,0,34.2,sí
Hercher,PsDiog#34,spurious,Ps-Diógenes,τηλέφειον,Τηλέφειον,1,0,0,34.3,sí
Hercher,PsDiog#34,spurious,Ps-Diógenes,ἀντισθένουσ,Ἀντισθένους,1,0,0,34.1,sí
Hercher,PsDiog#34,spurious,Ps-Diógenes,ἀργείου,Ἀργείου,1,0,0,34.2,sí
Hercher,PsDiog#34,spurious,Ps-Diógenes,ἄργοσ,Ἄργος,1,0,0,34.2,sí
Hercher,PsDiog#34,spurious,Ps-Diógenes,ἑλλάδα,Ἑλλάδα,1,0,1,34.1,dudoso
Hercher,PsDiog#34,spurious,Ps-Diógenes,ἡρακλέουσ,Ἡρακλέους,1,0,0,34.2,sí
Hercher,PsDiog#34,spurious,Ps-Diógenes,ἥραν,Ἥραν,1,0,0,34.2,sí
Hercher,PsDiog#34,spurious,Ps-Diógenes,ἰλίου,Ἰλίου,1,0,0,34.2,sí
Hercher,PsDiog#34,spurious,Ps-Diógenes,ἰνάχου,Ἰνάχου,1,0,0,34.2,sí
Hercher,PsDiog#35,spurious,Ps-Diógenes,μίλητον,Μίλητον,1,0,0,35.1,sí
Hercher,PsDiog#35,spurious,Ps-Diógenes,ἧκον,Ἧκον,1,3,137,35.1,no
Hercher,PsDiog#35,spurious,Ps-Diógenes,ἰωνίασ,Ἰωνίας,1,0,0,35.1,sí
Hercher,PsDiog#36,spurious,Ps-Diógenes,αὐγείᾳ,Αὐγείᾳ,1,0,0,36.6,sí
Hercher,PsDiog#36,spurious,Ps-Diógenes,δικαιοσύνη,Δικαιοσύνη,1,1,103,36.6,no
Hercher,PsDiog#36,spurious,Ps-Diógenes,διομήδει,Διομήδει,1,0,0,36.6,sí
Hercher,PsDiog#36,spurious,Ps-Diógenes,διόγενεσ,Διόγενες,5,0,0,36.1|36.2|36.4|36.6,sí
Hercher,PsDiog#36,spurious,Ps-Diógenes,διόσ,Διὸς,1,0,2,36.1,dudoso
Hercher,PsDiog#36,spurious,Ps-Diógenes,ηρακλῆσ,Ηρακλῆς,1,0,1,36.2,dudoso
Hercher,PsDiog#36,spurious,Ps-Diógenes,θρᾳκί,Θρᾳκὶ,1,0,0,36.6,sí
Hercher,PsDiog#36,spurious,Ps-Diógenes,κυζίκῳ,Κυζίκῳ,1,0,0,36.6,sí
Hercher,PsDiog#36,spurious,Ps-Diógenes,κυζικηνοί,Κυζικηνοὶ,1,0,0,36.2,sí
Hercher,PsDiog#36,spurious,Ps-Diógenes,κύζικον,Κύζικον,1,0,0,36.1,sí
Hercher,PsDiog#36,spurious,Ps-Diógenes,λινδίων,Λινδίων,1,0,0,36.4,sí
Hercher,PsDiog#36,spurious,Ps-Diógenes,πενία,Πενία,1,9,47,36.4,no
Hercher,PsDiog#36,spurious,Ps-Diógenes,σωφρονίσκου,Σωφρονίσκου,1,0,0,36.5,sí
Hercher,PsDiog#36,spurious,Ps-Diógenes,τιμόμαχε,Τιμόμαχε,1,0,0,36.6,sí
Hercher,PsDiog#36,spurious,Ps-Diógenes,ἀριστείδου,Ἀριστείδου,1,0,0,36.5,sí
Hercher,PsDiog#36,spurious,Ps-Diógenes,ἡ,Ἡ,1,161,13248,36.1,no
Hercher,PsDiog#36,spurious,Ps-Diógenes,ἡρακλέα,Ἡρακλέα,4,0,0,36.6,sí
Hercher,PsDiog#36,spurious,Ps-Diógenes,ἡρακλῆσ,Ἡρακλ\ῆς|Ἡρακλῆς,4,0,0,36.4|36.6,sí
Hercher,PsDiog#36,spurious,Ps-Diógenes,ἧκον,Ἧκον,1,3,137,36.1,no
Hercher,PsDiog#36,spurious,Ps-Diógenes,ὀδυσσεύσ,Ὀδυσσεὺς,1,0,0,36.6,sí
Hercher,PsDiog#37,spurious,Ps-Diógenes,διόγενεσ,Διόγενες,1,0,0,37.2,sí
Hercher,PsDiog#37,spurious,Ps-Diógenes,λακεδαιμόνιοι,Λακεδαιμόνιοι,1,0,0,37.4,sí
Hercher,PsDiog#37,spurious,Ps-Diógenes,λακύδη,Λακύδη,1,0,0,37.3,sí
Hercher,PsDiog#37,spurious,Ps-Diógenes,λακύδην,Λακύδην,2,0,0,37.1|37.7,sí
Hercher,PsDiog#37,spurious,Ps-Diógenes,λακύδου,Λακύδου,1,0,0,37.3,sí
Hercher,PsDiog#37,spurious,Ps-Diógenes,ἀντισθένει,Ἀντισθένει,2,0,0,37.4|37.6,sí
Hercher,PsDiog#37,spurious,Ps-Diógenes,ἀπαναστάντοσ,Ἀπαναστάντος,1,0,0,37.1,sí
Hercher,PsDiog#37,spurious,Ps-Diógenes,ἁλίων,Ἁλίων,1,0,0,37.1,sí
Hercher,PsDiog#37,spurious,Ps-Diógenes,ἐφέσου,Ἐφέσου,1,0,0,37.1,sí
Hercher,PsDiog#37,spurious,Ps-Diógenes,ἑρμῆν,Ἑρμῆν,1,0,0,37.5,sí
Hercher,PsDiog#37,spurious,Ps-Diógenes,ἰλιάδι,Ἰλιάδι,1,0,0,37.4,sí
Hercher,PsDiog#37,spurious,Ps-Diógenes,ὅμηροσ,Ὅμηρος,1,0,1,37.4,dudoso
Hercher,PsDiog#37,spurious,Ps-Diógenes,ῥόδον,Ῥόδον,1,0,6,37.1,no
Hercher,PsDiog#37,spurious,Ps-Diógenes,ῥόδῳ,Ῥόδῳ,1,0,1,37.7,dudoso
Hercher,PsDiog#38,spurious,Ps-Diógenes,περσῶν,Περσῶν,1,0,0,38.4,sí
Hercher,PsDiog#38,spurious,Ps-Diógenes,σύ,Σὺ,1,152,1649,38.1,no
Hercher,PsDiog#38,spurious,Ps-Diógenes,ἀπόλλωνοσ,Ἀπόλλωνος,1,0,1,38.2,dudoso
Hercher,PsDiog#38,spurious,Ps-Diógenes,ὀλυμπίαν,Ὀλυμπίαν,1,0,0,38.1,sí
Hercher,PsDiog#38,spurious,Ps-Diógenes,ὀλυμπίᾳ,Ὀλυμπίᾳ,1,0,0,38.5,sí
Hercher,PsDiog#39,spurious,Ps-Diógenes,μελέτω,Μελέτω,1,1,4,39.1,no
Hercher,PsDiog#39,spurious,Ps-Diógenes,σωκράτη,Σωκράτη,1,0,0,39.1,sí
Hercher,PsDiog#40,spurious,Ps-Diógenes,διονυσίῳ,Διονυσίῳ,1,0,0,40.1,sí
Hercher,PsDiog#40,spurious,Ps-Diógenes,περδίκκα,Περδίκκα,1,0,0,40.1,sí
Hercher,PsDiog#40,spurious,Ps-Diógenes,ἀθήνησι,Ἀθήνησι,1,0,0,40.5,sí
Hercher,PsDiog#40,spurious,Ps-Diógenes,ἐμεμψάμην,Ἐμεμψάμην,1,3,10,40.1,no
Hercher,PsEur#1,spurious,Ps-Eurípides,κλίτων,Κλίτων,1,0,0,1.1,sí
Hercher,PsEur#1,spurious,Ps-Eurípides,πέλλῃ,Πέλλῃ,1,0,0,1.2,sí
Hercher,PsEur#1,spurious,Ps-Eurípides,πελλαίων,Πελλαίων,1,0,0,1.2,sí
Hercher,PsEur#1,spurious,Ps-Eurípides,τό,Τὸ,1,653,40665,1.1,no
Hercher,PsEur#1,spurious,Ps-Eurípides,ἀθήναζε,Ἀθήναζε,1,0,0,1.2,sí
Hercher,PsEur#1,spurious,Ps-Eurípides,ἀμφίασ,Ἀμφίας,1,0,0,1.1,sí
Hercher,PsEur#2,spurious,Ps-Eurípides,κρατίνου,Κρατίνου,1,0,0,2.1,sí
Hercher,PsEur#2,spurious,Ps-Eurípides,λαπρέπην,Λαπρέπην,1,0,0,2.1,sí
Hercher,PsEur#2,spurious,Ps-Eurípides,σοφόκλεισ,Σοφόκλεις,1,0,0,2.1,sí
Hercher,PsEur#2,spurious,Ps-Eurípides,χίον,Χίον,1,0,0,2.1,sí
Hercher,PsEur#2,spurious,Ps-Eurípides,χίῳ,Χίῳ,1,0,0,2.1,sí
Hercher,PsEur#2,spurious,Ps-Eurípides,χιονίδην,Χιονίδην,1,0,0,2.1,sí
Hercher,PsEur#2,spurious,Ps-Eurípides,ἀθήναζε,Ἀθήναζε,1,0,0,2.1,sí
Hercher,PsEur#2,spurious,Ps-Eurípides,ἀντιγένη,Ἀντιγένη,1,0,0,2.1,sí
Hercher,PsEur#2,spurious,Ps-Eurípides,ἐκομίσθη,Ἐκομίσθη,1,1,11,2.1,no
Hercher,PsEur#2,spurious,Ps-Eurípides,ἑλλάδοσ,Ἑλλάδος,1,0,0,2.1,sí
Hercher,PsEur#2,spurious,Ps-Eurípides,ῥόδον,Ῥόδον,1,0,6,2.1,no
Hercher,PsEur#3,spurious,Ps-Eurípides,πελλαῖοσ,Πελλαῖος,1,0,0,3.1,sí
Hercher,PsEur#3,spurious,Ps-Eurípides,ἀθήναζε,Ἀθήναζε,1,0,0,3.1,sí
Hercher,PsEur#3,spurious,Ps-Eurípides,ἀθηναίων,Ἀθηναίων,2,1,1,3.1,dudoso
Hercher,PsEur#3,spurious,Ps-Eurípides,ἀφίκετο,Ἀφίκετο,1,2,119,3.1,no
Hercher,PsEur#4,spurious,Ps-Eurípides,καί,Καὶ,1,3175,157796,4.1,no
Hercher,PsEur#4,spurious,Ps-Eurípides,πελλαίουσ,Πελλαίους,1,0,0,4.1,sí
Hercher,PsEur#4,spurious,Ps-Eurípides,ἀρχέλαε,Ἀρχέλαε,2,0,0,4.1|4.2,sí
Hercher,PsEur#4,spurious,Ps-Eurípides,ἑλλήνων,Ἑλλήνων,1,0,0,4.4,sí
Hercher,PsEur#5,spurious,Ps-Eurípides,εὐριπίδου,Εὐριπίδου,1,0,0,5.2,sí
Hercher,PsEur#5,spurious,Ps-Eurípides,καί,Καὶ,1,3175,157796,5.1,no
Hercher,PsEur#5,spurious,Ps-Eurípides,κηφισοφῶν,Κηφισοφῶν,3,0,0,5.1|5.2|5.6,sí
Hercher,PsEur#5,spurious,Ps-Eurípides,κλίτων,Κλίτων,3,0,0,5.1|5.4|5.5,sí
Hercher,PsEur#5,spurious,Ps-Eurípides,κλίτωνα,Κλίτωνα,1,0,0,5.1,sí
Hercher,PsEur#5,spurious,Ps-Eurípides,μέσατοσ,Μέσατος,1,0,0,5.2,sí
Hercher,PsEur#5,spurious,Ps-Eurípides,μακεδονίαν,Μακεδονίαν,3,0,0,5.1|5.2|5.4,sí
Hercher,PsEur#5,spurious,Ps-Eurípides,σοφοκλέουσ,Σοφοκλέους,1,0,0,5.5,sí
Hercher,PsEur#5,spurious,Ps-Eurípides,τριβαλλοῖσ,Τριβαλλοῖς,1,0,0,5.3,sí
Hercher,PsEur#5,spurious,Ps-Eurípides,ἀγάθων,Ἀγάθων,1,0,0,5.2,sí
Hercher,PsEur#5,spurious,Ps-Eurípides,ἀθήνησιν,Ἀθήνησιν,1,0,0,5.5,sí
Hercher,PsEur#5,spurious,Ps-Eurípides,ἀριστοφάνουσ,Ἀριστοφάνους,1,0,0,5.2,sí
Hercher,PsEur#5,spurious,Ps-Eurípides,ἀρχέλαον,Ἀρχέλαον,2,0,0,5.2|5.3,sí
Hercher,PsEur#5,spurious,Ps-Eurípides,ἀρχέλαοσ,Ἀρχέλαος,4,0,0,5.1|5.4,sí
Hercher,PsEur#5,spurious,Ps-Eurípides,ἀρχελάου,Ἀρχελάου,2,0,0,5.4|5.5,sí
Hercher,PsEur#5,spurious,Ps-Eurípides,ἀρχελάῳ,Ἀρχελάῳ,2,0,0,5.1|5.3,sí
Hercher,PsMithr#1-4,spurious,Ps-Mitrídates,βρούτου,Βρούτου,1,0,0,1,sí
Hercher,PsMithr#1-4,spurious,Ps-Mitrídates,βροῦτοσ,Βροῦτος,1,0,0,2,sí
Hercher,PsMithr#1-4,spurious,Ps-Mitrídates,τάσ,Τὰς,1,190,11100,1,no
Hercher,PsNic#1,spurious,Ps-Nicias,γύλιπποσ,Γύλιππος|Γύλιππος,2,0,0,1,sí
Hercher,PsNic#1,spurious,Ps-Nicias,κατάνη,Κατάνη,1,0,0,1,sí
Hercher,PsNic#1,spurious,Ps-Nicias,λακεδαιμόνιοσ,Λακεδαιμόνιος,1,0,0,1,sí
Hercher,PsNic#1,spurious,Ps-Nicias,νάξοσ,Νάξος,1,0,0,1,sí
Hercher,PsNic#1,spurious,Ps-Nicias,πελοποννήσου,Πελοποννήσου|Πελοποννήσου,3,0,0,1,sí
Hercher,PsNic#1,spurious,Ps-Nicias,πελοπόννησον,Πελοπόννησον,1,0,0,1,sí
Hercher,PsNic#1,spurious,Ps-Nicias,σικελία,Σικελία,2,0,0,1,sí
Hercher,PsNic#1,spurious,Ps-Nicias,σικελίᾳ,Σικελίᾳ|Σικελίᾳ,3,0,0,1,sí
Hercher,PsNic#1,spurious,Ps-Nicias,συρακοσίουσ,Συρακοσίους,1,0,0,1,sí
Hercher,PsNic#1,spurious,Ps-Nicias,τά,Τὰ,1,498,23249,1,no
Hercher,PsNic#1,spurious,Ps-Nicias,ἀθηναῖοι,Ἀθηναῖοι,1,0,0,1,sí
Hercher,PsNic#1,spurious,Ps-Nicias,ἰταλίασ,Ἰταλίας,1,0,0,1,sí
Hercher,PsNic#1,spurious,Ps-Nicias,ὑκκαρικά,Ὑκκαρικὰ,1,0,0,1,sí
Hercher,PsPhal#1-8,spurious,Ps-Fálaris,αἰγεσταίοισ,Αἰγεσταίοις,1,0,0,3.1,sí
Hercher,PsPhal#1-8,spurious,Ps-Fálaris,γνώμησ,Γνώμης,1,10,247,7.1,no
Hercher,PsPhal#1-8,spurious,Ps-Fálaris,δεοντίνοισ,Δεοντίνοις,1,0,0,4.1,sí
Hercher,PsPhal#1-8,spurious,Ps-Fálaris,δυκῖνον,Δυκῖνον,1,0,0,4.1,sí
Hercher,PsPhal#1-8,spurious,Ps-Fálaris,εἰ,Εἰ,2,362,10237,3.1|5.1,no
Hercher,PsPhal#1-8,spurious,Ps-Fálaris,εἰδώσ,Εἰδώς,1,13,302,8.1,no
Hercher,PsPhal#1-8,spurious,Ps-Fálaris,λεοντῖνοι,Λεοντῖνοι,1,0,0,4.1,sí
Hercher,PsPhal#1-8,spurious,Ps-Fálaris,λεωδάμαντοσ,Λεωδάμαντος,1,0,0,4.1,sí
Hercher,PsPhal#1-8,spurious,Ps-Fálaris,λυκῖνον,Λυκῖνον,1,0,0,5.1,sí
Hercher,PsPhal#1-8,spurious,Ps-Fálaris,μεσσήνιοσ,Μεσσήνιος,1,0,0,1.1,sí
Hercher,PsPhal#1-8,spurious,Ps-Fálaris,οὐ,Οὐ,1,362,13518,2.1,no
Hercher,PsPhal#1-8,spurious,Ps-Fálaris,οὐκ,Οὐκ,1,340,11914,4.1,no
Hercher,PsPhal#1-8,spurious,Ps-Fálaris,πολύκλειτοσ,Πολύκλειτος,1,0,0,1.1,sí
Hercher,PsPhal#1-8,spurious,Ps-Fálaris,τῷ,Τῷ,1,248,18238,6.1,no
Hercher,PsPhal#1-8,spurious,Ps-Fálaris,φάλαριν,Φάλαριν,1,0,0,4.1,sí
Hercher,PsPhal#1-8,spurious,Ps-Fálaris,ἀκραγαντίνων,Ἀκραγαντίνων,1,0,0,4.1,sí
Hercher,PsPhal#1-8,spurious,Ps-Fálaris,ἀσκληπιόσ,Ἀσκληπιὸς,1,0,0,1.1,sí
Hercher,PsPhal#1-8,spurious,Ps-Fálaris,ἀστυπαλαιέα,Ἀστυπαλαιέα,1,0,0,4.1,sí
Hercher,PsPhal#102-103,spurious,Ps-Fálaris,αὐτάνδρου,Αὐτάνδρου,1,0,0,102.1,sí
Hercher,PsPhal#102-103,spurious,Ps-Fálaris,θρᾳκόσ,Θρᾳκὸς,1,0,0,102.1,sí
Hercher,PsPhal#102-103,spurious,Ps-Fálaris,κλεόδικε,Κλεόδικε,1,0,0,102.1,sí
Hercher,PsPhal#102-103,spurious,Ps-Fálaris,μουσῶν,Μουσῶν,1,0,4,103.1,no
Hercher,PsPhal#102-103,spurious,Ps-Fálaris,πολλά,Πολλὰ,1,56,1644,102.1,no
Hercher,PsPhal#102-103,spurious,Ps-Fálaris,στησιχόρου,Στησιχόρου,1,0,0,103.1,sí
Hercher,PsPhal#102-103,spurious,Ps-Fálaris,στησιχόρῳ,Στησιχόρῳ,1,0,0,103.1,sí
Hercher,PsPhal#102-103,spurious,Ps-Fálaris,τοῦ,Τοῦ,1,439,35319,103.1,no
Hercher,PsPhal#102-103,spurious,Ps-Fálaris,φάλαριν,Φάλαριν,1,0,0,102.1,sí
Hercher,PsPhal#102-103,spurious,Ps-Fálaris,ἱμεραῖοι,Ἱμεραῖοι,1,0,0,103.2,sí
Hercher,PsPhal#104-109,spurious,Ps-Fálaris,αἴτνην,Αἴτνην,1,0,0,104.1,sí
Hercher,PsPhal#104-109,spurious,Ps-Fálaris,δρωπίδαν,Δρωπίδαν,2,0,0,108.1,sí
Hercher,PsPhal#104-109,spurious,Ps-Fálaris,κορινθίων,Κορινθίων,1,0,0,108.1,sí
Hercher,PsPhal#104-109,spurious,Ps-Fálaris,κόνωνα,Κόνωνα,2,0,0,108.1,sí
Hercher,PsPhal#104-109,spurious,Ps-Fálaris,οὔτε,Οὔτε,1,167,3572,107.1,no
Hercher,PsPhal#104-109,spurious,Ps-Fálaris,πασίωνι,Πασίωνι,1,0,0,107.1,sí
Hercher,PsPhal#104-109,spurious,Ps-Fálaris,παχύνου,Παχύνου,1,0,0,108.1,sí
Hercher,PsPhal#104-109,spurious,Ps-Fálaris,πελοπόννησον,Πελοπόννησον,1,0,0,108.1,sí
Hercher,PsPhal#104-109,spurious,Ps-Fálaris,πολύδευκεσ,Πολύδευκες,1,0,0,106.1,sí
Hercher,PsPhal#104-109,spurious,Ps-Fálaris,πυνθάνομαί,Πυνθάνομαί,1,2,2,109.1,dudoso
Hercher,PsPhal#104-109,spurious,Ps-Fálaris,στησίχορον,Στησίχορον,1,0,0,108.1,sí
Hercher,PsPhal#104-109,spurious,Ps-Fálaris,στησίχοροσ,Στησίχορος,1,0,0,108.1,sí
Hercher,PsPhal#104-109,spurious,Ps-Fálaris,τίμανδρον,Τίμανδρον,1,0,0,105.1,sí
Hercher,PsPhal#104-109,spurious,Ps-Fálaris,τό,Τὸ,1,653,40665,105.1,no
Hercher,PsPhal#104-109,spurious,Ps-Fálaris,φάλαριν,Φάλαριν,1,0,0,104.1,sí
Hercher,PsPhal#104-109,spurious,Ps-Fálaris,ἐρρωμενέστερον,Ἐρρωμενέστερον,1,1,9,106.1,no
Hercher,PsPhal#104-109,spurious,Ps-Fálaris,ἱμεραίοισ,Ἱμεραίοις,2,0,0,109.1,sí
Hercher,PsPhal#104-109,spurious,Ps-Fálaris,ὑμεῖσ,Ὑμεῖς,1,47,562,104.1,no
Hercher,PsPhal#110-113,spurious,Ps-Fálaris,δία,Δία,1,0,1,113.1,dudoso
Hercher,PsPhal#110-113,spurious,Ps-Fálaris,καμαριναίων,Καμαριναίων,1,0,0,113.1,sí
Hercher,PsPhal#110-113,spurious,Ps-Fálaris,λεοντίνων,Λεοντίνων,1,0,0,112.1,sí
Hercher,PsPhal#110-113,spurious,Ps-Fálaris,οὐ,Οὐ,1,362,13518,110.1,no
Hercher,PsPhal#110-113,spurious,Ps-Fálaris,συρακουσίουσ,Συρακουσίους,1,0,0,111.1,sí
Hercher,PsPhal#110-113,spurious,Ps-Fálaris,τούσ,Τοὺς,1,369,16009,113.1,no
Hercher,PsPhal#110-113,spurious,Ps-Fálaris,τοῦ,Τοῦ,1,439,35319,111.1,no
Hercher,PsPhal#110-113,spurious,Ps-Fálaris,ἐπιθέρσην,Ἐπιθέρσην,1,0,0,113.1,sí
Hercher,PsPhal#110-113,spurious,Ps-Fálaris,ἐπυνθάνου,Ἐπυνθάνου,1,0,0,112.1,sí
Hercher,PsPhal#114-119,spurious,Ps-Fálaris,γέλαν,Γέλαν,1,0,0,118.1,sí
Hercher,PsPhal#114-119,spurious,Ps-Fálaris,γελώων,Γελώων,1,0,0,118.1,sí
Hercher,PsPhal#114-119,spurious,Ps-Fálaris,γελῶοι,Γελῶοι,1,0,0,118.1,sí
Hercher,PsPhal#114-119,spurious,Ps-Fálaris,εὔβουλοσ,Εὔβουλος,1,0,1,119.3,dudoso
Hercher,PsPhal#114-119,spurious,Ps-Fálaris,καί,Καὶ,1,3175,157796,118.1,no
Hercher,PsPhal#114-119,spurious,Ps-Fálaris,καμαριναίουσ,Καμαριναίους,1,0,0,114.1,sí
Hercher,PsPhal#114-119,spurious,Ps-Fálaris,κλεόμβροτον,Κλεόμβροτον,1,0,0,116.1,sí
Hercher,PsPhal#114-119,spurious,Ps-Fálaris,κλεόμεδον,Κλεόμεδον,1,0,0,116.1,sí
Hercher,PsPhal#114-119,spurious,Ps-Fálaris,λεοντίνουσ,Λεοντίνους,1,0,0,118.1,sí
Hercher,PsPhal#114-119,spurious,Ps-Fálaris,λεοντίνων,Λεοντίνων,1,0,0,118.1,sí
Hercher,PsPhal#114-119,spurious,Ps-Fálaris,λεοντῖνοι,Λεοντῖνοι,1,0,0,118.1,sí
Hercher,PsPhal#114-119,spurious,Ps-Fálaris,μελιταῖοι,Μελιταῖοι,1,0,0,117.1,sí
Hercher,PsPhal#114-119,spurious,Ps-Fálaris,οὐ,Οὐ,1,362,13518,115.1,no
Hercher,PsPhal#114-119,spurious,Ps-Fálaris,οὐκ,Οὐκ|Οὐκ,2,340,11914,114.1|117.1,no
Hercher,PsPhal#114-119,spurious,Ps-Fálaris,οὔτε,Οὔτε,1,167,3572,119.1,no
Hercher,PsPhal#114-119,spurious,Ps-Fálaris,σύ,Σὺ,1,152,1649,116.1,no
Hercher,PsPhal#120-121,spurious,Ps-Fálaris,κόνων,Κόνων,2,0,0,121.1|121.3,sí
Hercher,PsPhal#120-121,spurious,Ps-Fálaris,κόνωνα,Κόνωνα,1,0,0,121.1,sí
Hercher,PsPhal#120-121,spurious,Ps-Fálaris,κόνωνοσ,Κόνωνος,2,0,0,121.1,sí
Hercher,PsPhal#120-121,spurious,Ps-Fálaris,νίκαρχον,Νίκαρχον,1,0,0,121.1,sí
Hercher,PsPhal#120-121,spurious,Ps-Fálaris,νικάρχου,Νικάρχου,1,0,0,121.1,sí
Hercher,PsPhal#120-121,spurious,Ps-Fálaris,σαμέα,Σαμέα,1,0,0,121.1,sí
Hercher,PsPhal#120-121,spurious,Ps-Fálaris,σαμέαν,Σαμέαν,1,0,0,121.1,sí
Hercher,PsPhal#120-121,spurious,Ps-Fálaris,σεμνύνεσθαι,Σεμνύνεσθαι,1,0,13,120.1,no
Hercher,PsPhal#120-121,spurious,Ps-Fálaris,στησίχοροσ,Στησίχορος,1,0,0,121.1,sí
Hercher,PsPhal#120-121,spurious,Ps-Fálaris,στησίχορόν,Στησίχορόν,1,0,0,121.1,sí
Hercher,PsPhal#120-121,spurious,Ps-Fálaris,στησιχόρου,Στησιχόρου,1,0,0,121.1,sí
Hercher,PsPhal#120-121,spurious,Ps-Fálaris,συρακουσίουσ,Συρακουσίους,1,0,0,120.1,sí
Hercher,PsPhal#120-121,spurious,Ps-Fálaris,ἐκέλευσα,Ἐκέλευσα,1,1,13,121.1,no
Hercher,PsPhal#120-121,spurious,Ps-Fálaris,ἑλλήνων,Ἑλλήνων,2,0,0,121.1,sí
Hercher,PsPhal#120-121,spurious,Ps-Fálaris,ἑρμοκράτην,Ἑρμοκράτην,1,0,0,121.1,sí
Hercher,PsPhal#120-121,spurious,Ps-Fálaris,ἑρμοκράτησ,Ἑρμοκράτης,1,0,0,121.1,sí
Hercher,PsPhal#120-121,spurious,Ps-Fálaris,ἑρμοκράτουσ,Ἑρμοκράτους,1,0,0,121.1,sí
Hercher,PsPhal#120-121,spurious,Ps-Fálaris,ἱμεραῖοι,Ἱμεραῖοι,2,0,0,121.2|121.3,sí
Hercher,PsPhal#122,spurious,Ps-Fálaris,περίλαον,Περίλαον,1,0,0,122.5,sí
Hercher,PsPhal#122,spurious,Ps-Fálaris,περίλαοσ,Περίλαος,2,0,0,122.1|122.6,sí
Hercher,PsPhal#122,spurious,Ps-Fálaris,περιλάου,Περιλάου,1,0,0,122.3,sí
Hercher,PsPhal#122,spurious,Ps-Fálaris,περιλάῳ,Περιλάῳ,1,0,0,122.6,sí
Hercher,PsPhal#122,spurious,Ps-Fálaris,φάλαρισ,Φάλαρις,1,0,0,122.6,sí
Hercher,PsPhal#122,spurious,Ps-Fálaris,ἀθηναίων,Ἀθηναίων,1,1,1,122.3,dudoso
Hercher,PsPhal#122,spurious,Ps-Fálaris,ἀθηναῖοι,Ἀθηναῖοι|Ἀθηναῖοι,5,0,0,122.1|122.2|122.4|122.5|122.6,sí
Hercher,PsPhal#122,spurious,Ps-Fálaris,ἀκράγαντα,Ἀκράγαντα,1,0,0,122.1,sí
Hercher,PsPhal#122,spurious,Ps-Fálaris,ἀφίκετο,Ἀφίκετο,1,2,119,122.1,no
Hercher,PsPhal#122,spurious,Ps-Fálaris,ἐριννύσιν,Ἐριννύσιν,1,0,0,122.4,sí
Hercher,PsPhal#122,spurious,Ps-Fálaris,ἑλλήνων,Ἑλλήνων,1,0,0,122.3,sí
Hercher,PsPhal#123-127,spurious,Ps-Fálaris,καί,Καὶ,1,3175,157796,126.1,no
Hercher,PsPhal#123-127,spurious,Ps-Fálaris,λάκριτε,Λάκριτε,1,0,0,126.1,sí
Hercher,PsPhal#123-127,spurious,Ps-Fálaris,λάκριτον,Λάκριτον,1,0,0,125.1,sí
Hercher,PsPhal#123-127,spurious,Ps-Fálaris,λυσίκλεισ,Λυσίκλεις,1,0,0,123.1,sí
Hercher,PsPhal#123-127,spurious,Ps-Fálaris,λυσικράτουσ,Λυσικράτους,1,0,0,123.1,sí
Hercher,PsPhal#123-127,spurious,Ps-Fálaris,μή,Μὴ,1,475,15198,127.1,no
Hercher,PsPhal#123-127,spurious,Ps-Fálaris,νεοπτολέμου,Νεοπτολέμου,1,0,0,123.1,sí
Hercher,PsPhal#123-127,spurious,Ps-Fálaris,οὐ,Οὐ,1,362,13518,123.1,no
Hercher,PsPhal#123-127,spurious,Ps-Fálaris,πολύδευκεσ,Πολύδευκες,2,0,0,124.1,sí
Hercher,PsPhal#123-127,spurious,Ps-Fálaris,σικελιωτῶν,Σικελιωτῶν,1,0,0,123.1,sí
Hercher,PsPhal#123-127,spurious,Ps-Fálaris,συρακουσίοισ,Συρακουσίοις,1,0,0,124.1,sí
Hercher,PsPhal#123-127,spurious,Ps-Fálaris,τούσ,Τοὺς,1,369,16009,124.1,no
Hercher,PsPhal#123-127,spurious,Ps-Fálaris,φαλάριδοσ,Φαλάριδος,2,0,0,126.1|127.1,sí
Hercher,PsPhal#123-127,spurious,Ps-Fálaris,ὡσ,Ὡς,1,389,15845,125.1,no
Hercher,PsPhal#128-131,spurious,Ps-Fálaris,θεανώ,Θεανὼ,1,0,0,131.1,sí
Hercher,PsPhal#128-131,spurious,Ps-Fálaris,μή,Μὴ,1,475,15198,128.1,no
Hercher,PsPhal#128-131,spurious,Ps-Fálaris,πεπείσμεθα,Πεπείσμεθα,1,0,15,130.1,no
Hercher,PsPhal#128-131,spurious,Ps-Fálaris,τό,Τὸ,1,653,40665,129.1,no
Hercher,PsPhal#128-131,spurious,Ps-Fálaris,φάλαρισ,Φάλαρις,1,0,0,128.1,sí
Hercher,PsPhal#128-131,spurious,Ps-Fálaris,φαλάριδοσ,Φαλάριδος,1,0,0,131.1,sí
Hercher,PsPhal#128-131,spurious,Ps-Fálaris,φιλοδήμου,Φιλοδήμου,1,0,0,131.1,sí
Hercher,PsPhal#128-131,spurious,Ps-Fálaris,φιλόδημε,Φιλόδημε,1,0,0,131.1,sí
Hercher,PsPhal#128-131,spurious,Ps-Fálaris,ἐν,Ἐν,1,429,26313,131.1,no
Hercher,PsPhal#132-135,spurious,Ps-Fálaris,θεανοῖ,Θεανοῖ,1,0,0,135.2,sí
Hercher,PsPhal#132-135,spurious,Ps-Fálaris,λάκριτοσ,Λάκριτος,1,0,0,133.1,sí
Hercher,PsPhal#132-135,spurious,Ps-Fálaris,λέοντί,Λέοντί,1,0,0,135.2,sí
Hercher,PsPhal#132-135,spurious,Ps-Fálaris,λακρίτου,Λακρίτου,1,0,0,133.1,sí
Hercher,PsPhal#132-135,spurious,Ps-Fálaris,πολλά,Πολλά,1,56,1644,133.1,no
Hercher,PsPhal#132-135,spurious,Ps-Fálaris,συρακουσίοισ,Συρακουσίοις,1,0,0,135.2,sí
Hercher,PsPhal#132-135,spurious,Ps-Fálaris,συρακούσαισ,Συρακούσαις,1,0,0,132.1,sí
Hercher,PsPhal#132-135,spurious,Ps-Fálaris,τελεσίππη,Τελεσίππη,1,0,0,132.1,sí
Hercher,PsPhal#132-135,spurious,Ps-Fálaris,τελεσίππην,Τελεσίππην,1,0,0,132.1,sí
Hercher,PsPhal#132-135,spurious,Ps-Fálaris,τούσ,Τοὺς,1,369,16009,135.1,no
Hercher,PsPhal#132-135,spurious,Ps-Fálaris,φάλαριν,Φάλαριν,2,0,0,132.1|135.2,sí
Hercher,PsPhal#132-135,spurious,Ps-Fálaris,φιλοδήμου,Φιλοδήμου,1,0,0,135.1,sí
Hercher,PsPhal#132-135,spurious,Ps-Fálaris,φιλόδημοσ,Φιλόδημος,1,0,0,135.2,sí
Hercher,PsPhal#132-135,spurious,Ps-Fálaris,ἔδεισασ,Ἔδεισας,1,0,6,134.1,no
Hercher,PsPhal#132-135,spurious,Ps-Fálaris,ἡ,Ἡ,1,161,13248,132.1,no
Hercher,PsPhal#132-135,spurious,Ps-Fálaris,ὑμέναιον,Ὑμέναιον,1,0,3,135.2,no
Hercher,PsPhal#136-137,spurious,Ps-Fálaris,δία,Δία,1,0,1,136.1,dudoso
Hercher,PsPhal#136-137,spurious,Ps-Fálaris,καμαρίνῃ,Καμαρίνῃ,1,0,0,136.1,sí
Hercher,PsPhal#136-137,spurious,Ps-Fálaris,καμαριναίουσ,Καμαριναίους,1,0,0,136.2,sí
Hercher,PsPhal#136-137,spurious,Ps-Fálaris,καμαριναῖοι,Καμαριναῖοι,1,0,0,136.1,sí
Hercher,PsPhal#136-137,spurious,Ps-Fálaris,κλεόμβροτον,Κλεόμβροτον,1,0,0,136.1,sí
Hercher,PsPhal#136-137,spurious,Ps-Fálaris,τά,Τὰ,1,498,23249,136.1,no
Hercher,PsPhal#136-137,spurious,Ps-Fálaris,τίμανδρε,Τίμανδρε,1,0,0,136.1,sí
Hercher,PsPhal#136-137,spurious,Ps-Fálaris,φάλαριν,Φάλαριν,1,0,0,136.1,sí
Hercher,PsPhal#136-137,spurious,Ps-Fálaris,φαλάριδοσ,Φαλάριδος,1,0,0,136.1,sí
Hercher,PsPhal#136-137,spurious,Ps-Fálaris,ἀκραγαντίνοισ,Ἀκραγαντίνοις,1,0,0,136.1,sí
Hercher,PsPhal#136-137,spurious,Ps-Fálaris,ἐκ,Ἐκ,1,104,7591,137.1,no
Hercher,PsPhal#138-141,spurious,Ps-Fálaris,δία,Δία,2,0,1,141.2,dudoso
Hercher,PsPhal#138-141,spurious,Ps-Fálaris,διόσ,Διὸς,1,0,2,140.2,dudoso
Hercher,PsPhal#138-141,spurious,Ps-Fálaris,εὐκλείδου,Εὐκλείδου,1,0,0,138.1,sí
Hercher,PsPhal#138-141,spurious,Ps-Fálaris,καλλισθένουσ,Καλλισθένους,1,0,0,141.1,sí
Hercher,PsPhal#138-141,spurious,Ps-Fálaris,οὐκ,Οὐκ,1,340,11914,139.1,no
Hercher,PsPhal#138-141,spurious,Ps-Fálaris,πραΰ,Πραΰ,1,0,0,141.2,sí
Hercher,PsPhal#138-141,spurious,Ps-Fálaris,ἀγέμορτε,Ἀγέμορτε,2,0,0,141.1|141.3,sí
Hercher,PsPhal#138-141,spurious,Ps-Fálaris,ἐγώ,Ἐγὼ,1,172,2308,140.1,no
Hercher,PsPhal#138-141,spurious,Ps-Fálaris,ἐφθάκαμεν,Ἐφθάκαμεν,1,0,0,138.1,sí
Hercher,PsPhal#142-143,spurious,Ps-Fálaris,δία,Δία,1,0,1,143.1,dudoso
Hercher,PsPhal#142-143,spurious,Ps-Fálaris,κλεαινέτη,Κλεαινέτη,2,0,0,143.2,sí
Hercher,PsPhal#142-143,spurious,Ps-Fálaris,κλεαινέτην,Κλεαινέτην,1,0,0,142.1,sí
Hercher,PsPhal#142-143,spurious,Ps-Fálaris,λέοντα,Λέοντα,1,0,32,142.2,no
Hercher,PsPhal#142-143,spurious,Ps-Fálaris,συρακουσίων,Συρακουσίων,1,0,0,142.3,sí
Hercher,PsPhal#142-143,spurious,Ps-Fálaris,συρακούσαισ,Συρακούσαις,1,0,0,142.1,sí
Hercher,PsPhal#142-143,spurious,Ps-Fálaris,τήν,Τὴν,1,665,37211,142.1,no
Hercher,PsPhal#142-143,spurious,Ps-Fálaris,τεῦκρε,Τεῦκρε,2,0,0,142.1|142.3,sí
Hercher,PsPhal#142-143,spurious,Ps-Fálaris,τεῦκροσ,Τεῦκρος,1,0,0,143.4,sí
Hercher,PsPhal#142-143,spurious,Ps-Fálaris,φάλαριν,Φάλαριν,1,0,0,142.3,sí
Hercher,PsPhal#142-143,spurious,Ps-Fálaris,φαλάριδοσ,Φαλάριδος|Φαλάριδος,2,0,0,142.3|143.2,sí
Hercher,PsPhal#142-143,spurious,Ps-Fálaris,φιλοδήμου,Φιλοδήμου,7,0,0,142.1|142.2|143.1|143.2|143.4,sí
Hercher,PsPhal#142-143,spurious,Ps-Fálaris,φιλόδημον,Φιλόδημον,3,0,0,142.1|142.3|143.4,sí
Hercher,PsPhal#142-143,spurious,Ps-Fálaris,φιλόδημοσ,Φιλόδημος|Φιλόδημος,2,0,0,143.2|143.3,sí
Hercher,PsPhal#142-143,spurious,Ps-Fálaris,ἥλιον,Ἥλιον,1,3,204,142.3,no
Hercher,PsPhal#142-143,spurious,Ps-Fálaris,ὁ,Ὁ,1,226,25257,143.1,no
Hercher,PsPhal#144,spurious,Ps-Fálaris,νικόκλεισ,Νικόκλεις|Νικόκλεις,2,0,0,144.2,sí
Hercher,PsPhal#144,spurious,Ps-Fálaris,στησιχόρῳ,Στησιχόρῳ,1,0,0,144.1,sí
Hercher,PsPhal#144,spurious,Ps-Fálaris,ἐπεστείλαμεν,Ἐπεστείλαμεν,1,2,16,144.1,no
Hercher,PsPhal#145-148,spurious,Ps-Fálaris,γελῶοι,Γελῶοι,1,0,0,148.1,sí
Hercher,PsPhal#145-148,spurious,Ps-Fálaris,δί’,Δί’,1,0,0,145.1,sí
Hercher,PsPhal#145-148,spurious,Ps-Fálaris,διόσ,Διὸς,1,0,2,148.1,dudoso
Hercher,PsPhal#145-148,spurious,Ps-Fálaris,δρωπίδασ,Δρωπίδας,1,0,0,147.2,sí
Hercher,PsPhal#145-148,spurious,Ps-Fálaris,εὐβούλου,Εὐβούλου|Εὐβούλου,2,0,0,147.1|147.2,sí
Hercher,PsPhal#145-148,spurious,Ps-Fálaris,εὔβουλον,Εὔβουλον,1,0,1,147.4,dudoso
Hercher,PsPhal#145-148,spurious,Ps-Fálaris,ζεύσ,Ζεὺς,1,0,0,147.2,sí
Hercher,PsPhal#145-148,spurious,Ps-Fálaris,θεαγόρασ,Θεαγόρας,1,0,0,147.2,sí
Hercher,PsPhal#145-148,spurious,Ps-Fálaris,κόνων,Κόνων,1,0,0,147.2,sí
Hercher,PsPhal#145-148,spurious,Ps-Fálaris,λεοντῖνοι,Λεοντῖνοι,1,0,0,148.1,sí
Hercher,PsPhal#145-148,spurious,Ps-Fálaris,μή,Μὴ,1,475,15198,147.1,no
Hercher,PsPhal#145-148,spurious,Ps-Fálaris,μουσῶν,Μουσῶν,1,0,4,147.4,no
Hercher,PsPhal#145-148,spurious,Ps-Fálaris,περικλῆσ,Περικλῆς,1,0,0,147.2,sí
Hercher,PsPhal#145-148,spurious,Ps-Fálaris,σικελίαν,Σικελίαν,1,0,0,148.1,sí
Hercher,PsPhal#145-148,spurious,Ps-Fálaris,στησίχορε,Στησίχορε,5,0,0,145.1|146.1|147.1|147.4,sí
Hercher,PsPhal#145-148,spurious,Ps-Fálaris,στησίχοροσ,Στησίχορος,1,0,0,147.1,sí
Hercher,PsPhal#145-148,spurious,Ps-Fálaris,σύ,Σὺ,1,152,1649,146.1,no
Hercher,PsPhal#145-148,spurious,Ps-Fálaris,τό,Τὸ,1,653,40665,145.1,no
Hercher,PsPhal#145-148,spurious,Ps-Fálaris,φάλαριν,Φάλαριν|Φάλαριν,4,0,0,147.1|147.2|147.4,sí
Hercher,PsPhal#145-148,spurious,Ps-Fálaris,φιντιεῖσ,Φιντιεῖς,1,0,0,148.1,sí
Hercher,PsPhal#145-148,spurious,Ps-Fálaris,ἀγησιλάου,Ἀγησιλάου,1,0,0,145.1,sí
Hercher,PsPhal#145-148,spurious,Ps-Fálaris,ἀντιμήδησ,Ἀντιμήδης,1,0,0,147.2,sí
Hercher,PsPhal#145-148,spurious,Ps-Fálaris,ἀριστοφῶντοσ,Ἀριστοφῶντος,2,0,0,147.1|147.2,sí
Hercher,PsPhal#145-148,spurious,Ps-Fálaris,ἐγώ,Ἐγὼ,1,172,2308,148.1,no
Hercher,PsPhal#145-148,spurious,Ps-Fálaris,ἱμέρᾳ,Ἱμέρᾳ,1,0,0,147.1,sí
Hercher,PsPhal#145-148,spurious,Ps-Fálaris,ἱμεραίουσ,Ἱμεραίους,1,0,0,145.1,sí
Hercher,PsPhal#145-148,spurious,Ps-Fálaris,ἱμεραίων,Ἱμεραίων,2,0,0,146.2|147.4,sí
Hercher,PsPhal#145-148,spurious,Ps-Fálaris,ὑβλαῖοι,Ὑβλαῖοι,1,0,0,148.1,sí
Hercher,PsPhal#15-19,spurious,Ps-Fálaris,καί,Καί,1,3175,157796,18.1,no
Hercher,PsPhal#15-19,spurious,Ps-Fálaris,μάλιστα,Μάλιστα,1,60,1708,19.1,no
Hercher,PsPhal#15-19,spurious,Ps-Fálaris,οὐ,Οὐ,1,362,13518,17.1,no
Hercher,PsPhal#15-19,spurious,Ps-Fálaris,παυρόλα,Παυρόλα,1,0,0,18.1,sí
Hercher,PsPhal#15-19,spurious,Ps-Fálaris,στησιχόρου,Στησιχόρου,1,0,0,15.1,sí
Hercher,PsPhal#15-19,spurious,Ps-Fálaris,τά,Τὰ,1,498,23249,16.1,no
Hercher,PsPhal#15-19,spurious,Ps-Fálaris,ταυρομενείταισ,Ταυρομενείταις,1,0,0,15.1,sí
Hercher,PsPhal#15-19,spurious,Ps-Fálaris,φαλάριδοσ,Φαλάριδος,1,0,0,18.1,sí
Hercher,PsPhal#15-19,spurious,Ps-Fálaris,ἐρύθεια,Ἐρύθεια,1,0,0,18.1,sí
Hercher,PsPhal#20-24,spurious,Ps-Fálaris,δία,Δία,1,0,1,22.1,dudoso
Hercher,PsPhal#20-24,spurious,Ps-Fálaris,εὔβουλον,Εὔβουλον,1,0,1,22.1,dudoso
Hercher,PsPhal#20-24,spurious,Ps-Fálaris,κἀγώ,Κἀγὼ,1,27,294,22.1,no
Hercher,PsPhal#20-24,spurious,Ps-Fálaris,παυρόλα,Παυρόλα,1,0,0,20.1,sí
Hercher,PsPhal#20-24,spurious,Ps-Fálaris,πολύκλειτον,Πολύκλειτον,1,0,0,21.1,sí
Hercher,PsPhal#20-24,spurious,Ps-Fálaris,πυθαγόρου,Πυθαγόρου,2,0,0,23.1|23.2,sí
Hercher,PsPhal#20-24,spurious,Ps-Fálaris,πότερον,Πότερον,1,5,237,24.1,no
Hercher,PsPhal#20-24,spurious,Ps-Fálaris,σικελιωτῶν,Σικελιωτῶν,1,0,0,21.1,sí
Hercher,PsPhal#20-24,spurious,Ps-Fálaris,στησιχόρῳ,Στησιχόρῳ,1,0,0,22.1,sí
Hercher,PsPhal#20-24,spurious,Ps-Fálaris,τά,Τὰ,1,498,23249,20.1,no
Hercher,PsPhal#20-24,spurious,Ps-Fálaris,φαλάριδοσ,Φαλάριδος,2,0,0,21.1|23.1,sí
Hercher,PsPhal#20-24,spurious,Ps-Fálaris,ἀκραγαντίνων,Ἀκραγαντίνων,2,0,0,21.1,sí
Hercher,PsPhal#20-24,spurious,Ps-Fálaris,ἡ,Ἡ,1,161,13248,23.1,no
Hercher,PsPhal#25-30,spurious,Ps-Fálaris,αὐθάδεία,Αὐθάδεὶα,1,0,0,26.1,sí
Hercher,PsPhal#25-30,spurious,Ps-Fálaris,εἰ,Εἰ,1,362,10237,27.1,no
Hercher,PsPhal#25-30,spurious,Ps-Fálaris,μή,Μὴ,1,475,15198,28.1,no
Hercher,PsPhal#25-30,spurious,Ps-Fálaris,οὐ,Οὐ,1,362,13518,25.1,no
Hercher,PsPhal#25-30,spurious,Ps-Fálaris,οὐκ,Οὐκ,1,340,11914,29.1,no
Hercher,PsPhal#25-30,spurious,Ps-Fálaris,ἀχθέντασ,Ἀχθέντας,1,1,4,30.1,no
Hercher,PsPhal#31-34,spurious,Ps-Fálaris,θαυμάζειν,Θαυμάζειν,1,4,100,34.1,no
Hercher,PsPhal#31-34,spurious,Ps-Fálaris,λεοντίνουσ,Λεοντίνους,1,0,0,32.1,sí
Hercher,PsPhal#31-34,spurious,Ps-Fálaris,λιβύῃ,Λιβύῃ,1,0,0,34.1,sí
Hercher,PsPhal#31-34,spurious,Ps-Fálaris,νομάδων,Νομάδων,1,0,1,34.1,dudoso
Hercher,PsPhal#31-34,spurious,Ps-Fálaris,οὔτε,Οὔτε,1,167,3572,33.1,no
Hercher,PsPhal#31-34,spurious,Ps-Fálaris,στησίχορον,Στησίχορον,1,0,0,31.1,sí
Hercher,PsPhal#31-34,spurious,Ps-Fálaris,στησίχοροσ,Στησίχορος,2,0,0,31.1|33.1,sí
Hercher,PsPhal#31-34,spurious,Ps-Fálaris,στησιχόρῳ,Στησιχόρῳ,2,0,0,33.1,sí
Hercher,PsPhal#31-34,spurious,Ps-Fálaris,ταυρομενείτασ,Ταυρομενείτας,1,0,0,33.1,sí
Hercher,PsPhal#31-34,spurious,Ps-Fálaris,ταυρομενειτῶν,Ταυρομενειτῶν,1,0,0,31.1,sí
Hercher,PsPhal#31-34,spurious,Ps-Fálaris,ταυρομενεῖται,Ταυρομενεῖται,3,0,0,31.1|33.1,sí
Hercher,PsPhal#31-34,spurious,Ps-Fálaris,φάλαρισ,Φάλαρις,1,0,0,31.1,sí
Hercher,PsPhal#31-34,spurious,Ps-Fálaris,ἀγαθοῦ,Ἀγαθοῦ,1,3,416,32.1,no
Hercher,PsPhal#31-34,spurious,Ps-Fálaris,ἑλλήνων,Ἑλλήνων,1,0,0,33.1,sí
Hercher,PsPhal#35-38,spurious,Ps-Fálaris,αιακόν,Αιακὸν,1,0,0,37.2,sí
Hercher,PsPhal#35-38,spurious,Ps-Fálaris,δημότελεσ,Δημότελες,1,0,0,38.2,sí
Hercher,PsPhal#35-38,spurious,Ps-Fálaris,διόσ,Διός,1,0,2,37.2,dudoso
Hercher,PsPhal#35-38,spurious,Ps-Fálaris,καί,Καὶ,1,3175,157796,35.1,no
Hercher,PsPhal#35-38,spurious,Ps-Fálaris,μίνω,Μίνω,1,0,0,37.2,sí
Hercher,PsPhal#35-38,spurious,Ps-Fálaris,πολύγνωτε,Πολύγνωτε,1,0,0,35.1,sí
Hercher,PsPhal#35-38,spurious,Ps-Fálaris,στησιχόρου,Στησιχόρου,1,0,0,36.1,sí
Hercher,PsPhal#35-38,spurious,Ps-Fálaris,συγγνώμην,Συγγνώμην,1,3,94,38.1,no
Hercher,PsPhal#35-38,spurious,Ps-Fálaris,συρακουσίων,Συρακουσίων,1,0,0,36.1,sí
Hercher,PsPhal#35-38,spurious,Ps-Fálaris,τά,Τὰ,1,498,23249,37.1,no
Hercher,PsPhal#35-38,spurious,Ps-Fálaris,τῶν,Τῶν,1,724,41409,36.1,no
Hercher,PsPhal#35-38,spurious,Ps-Fálaris,ῥαδάμανθυν,Ῥαδάμανθυν,1,0,0,37.2,sí
Hercher,PsPhal#39-45,spurious,Ps-Fálaris,εἰ,Εἰ,1,362,10237,42.1,no
Hercher,PsPhal#39-45,spurious,Ps-Fálaris,καί,Καὶ,1,3175,157796,39.1,no
Hercher,PsPhal#39-45,spurious,Ps-Fálaris,λεοντίνουσ,Λεοντίνους,1,0,0,40.1,sí
Hercher,PsPhal#39-45,spurious,Ps-Fálaris,φάλαριν,Φάλαριν,1,0,0,39.1,sí
Hercher,PsPhal#39-45,spurious,Ps-Fálaris,φάλαρισ,Φάλαρις,1,0,0,42.1,sí
Hercher,PsPhal#39-45,spurious,Ps-Fálaris,ἀκούω,Ἀκούω,1,1,73,45.1,no
Hercher,PsPhal#39-45,spurious,Ps-Fálaris,ἀκράγαντα,Ἀκράγαντα,1,0,0,39.1,sí
Hercher,PsPhal#39-45,spurious,Ps-Fálaris,ἀριστομένει,Ἀριστομένει,1,0,0,43.1,sí
Hercher,PsPhal#39-45,spurious,Ps-Fálaris,ἐδεξάμην,Ἐδεξάμην,1,2,28,40.1,no
Hercher,PsPhal#39-45,spurious,Ps-Fálaris,ἐπιτρέπω,Ἐπιτρέπω,1,1,11,41.1,no
Hercher,PsPhal#39-45,spurious,Ps-Fálaris,ἐρυθείᾳ,Ἐρυθείᾳ,1,0,0,40.1,sí
Hercher,PsPhal#39-45,spurious,Ps-Fálaris,ἐφ’,Ἐφ’,1,59,1318,44.1,no
Hercher,PsPhal#39-45,spurious,Ps-Fálaris,ἱππολυτίων,Ἱππολυτίων,1,0,0,43.1,sí
Hercher,PsPhal#39-45,spurious,Ps-Fálaris,ὀλυμπίων,Ὀλυμπίων,1,0,6,39.1,no
Hercher,PsPhal#46-54,spurious,Ps-Fálaris,θεότιμοσ,Θεότιμος,1,0,0,47.1,sí
Hercher,PsPhal#46-54,spurious,Ps-Fálaris,καί,Καὶ,1,3175,157796,50.1,no
Hercher,PsPhal#46-54,spurious,Ps-Fálaris,καμαριναίουσ,Καμαριναίους,1,0,0,48.1,sí
Hercher,PsPhal#46-54,spurious,Ps-Fálaris,κατάνῃ,Κατάνῃ,1,0,0,54.2,sí
Hercher,PsPhal#46-54,spurious,Ps-Fálaris,καταναίοισ,Καταναίοις,1,0,0,54.2,sí
Hercher,PsPhal#46-54,spurious,Ps-Fálaris,λεοντίνοισ,Λεοντίνοις,1,0,0,46.1,sí
Hercher,PsPhal#46-54,spurious,Ps-Fálaris,λεοντίνων,Λεοντίνων,1,0,0,46.1,sí
Hercher,PsPhal#46-54,spurious,Ps-Fálaris,λεωνίδαν,Λεωνίδαν,1,0,0,53.1,sí
Hercher,PsPhal#46-54,spurious,Ps-Fálaris,μή,Μὴ,1,475,15198,48.1,no
Hercher,PsPhal#46-54,spurious,Ps-Fálaris,μελιταίοισ,Μελιταίοις,1,0,0,46.1,sí
Hercher,PsPhal#46-54,spurious,Ps-Fálaris,μελιταίων,Μελιταίων,1,0,0,46.1,sí
Hercher,PsPhal#46-54,spurious,Ps-Fálaris,μοῖραν,Μοῖραν,1,6,217,54.1,no
Hercher,PsPhal#46-54,spurious,Ps-Fálaris,μοῦσαι,Μοῦσαι,1,0,0,54.1,sí
Hercher,PsPhal#46-54,spurious,Ps-Fálaris,οὐκ,Οὐκ,1,340,11914,52.1,no
Hercher,PsPhal#46-54,spurious,Ps-Fálaris,παύσασθέ,Παύσασθέ,1,0,0,46.1,sí
Hercher,PsPhal#46-54,spurious,Ps-Fálaris,πύθωνοσ,Πύθωνος,1,0,0,51.1,sí
Hercher,PsPhal#46-54,spurious,Ps-Fálaris,σικελίᾳ,Σικελίᾳ,1,0,0,54.2,sí
Hercher,PsPhal#46-54,spurious,Ps-Fálaris,σικελιώταισ,Σικελιώταις,1,0,0,54.2,sí
Hercher,PsPhal#46-54,spurious,Ps-Fálaris,στησίχορον,Στησίχορον,1,0,0,54.1,sí
Hercher,PsPhal#46-54,spurious,Ps-Fálaris,στησίχοροσ,Στησίχορος,2,0,0,54.1|54.3,sí
Hercher,PsPhal#46-54,spurious,Ps-Fálaris,στησιχόρου,Στησιχόρου,3,0,0,54.1|54.2|54.3,sí
Hercher,PsPhal#46-54,spurious,Ps-Fálaris,τῆσ,Τῆς,1,547,29763,51.1,no
Hercher,PsPhal#46-54,spurious,Ps-Fálaris,τῶν,Τῶν,1,724,41409,47.1,no
Hercher,PsPhal#46-54,spurious,Ps-Fálaris,φάλαριν,Φάλαριν,1,0,0,46.1,sí
Hercher,PsPhal#46-54,spurious,Ps-Fálaris,ἀντισθένησ,Ἀντισθένης,1,0,0,47.1,sí
Hercher,PsPhal#46-54,spurious,Ps-Fálaris,ἐγώ,Ἐγὼ,1,172,2308,54.1,no
Hercher,PsPhal#46-54,spurious,Ps-Fálaris,ἐρύθειαν,Ἐρύθειαν,1,0,0,51.1,sí
Hercher,PsPhal#46-54,spurious,Ps-Fálaris,ἱμέρᾳ,Ἱμέρᾳ,1,0,0,54.2,sí
Hercher,PsPhal#46-54,spurious,Ps-Fálaris,ἱμεραῖοι,Ἱμεραῖοι,1,0,0,54.2,sí
Hercher,PsPhal#46-54,spurious,Ps-Fálaris,ἱμεραῖόσ,Ἱμεραῖός,1,0,0,54.1,sí
Hercher,PsPhal#46-54,spurious,Ps-Fálaris,ὡσ,Ὡς,1,389,15845,49.1,no
Hercher,PsPhal#55-61,spurious,Ps-Fálaris,δημοτέλησ,Δημοτέλης,1,0,0,61.1,sí
Hercher,PsPhal#55-61,spurious,Ps-Fálaris,λεοντίνουσ,Λεοντίνους,1,0,0,58.1,sí
Hercher,PsPhal#55-61,spurious,Ps-Fálaris,περί,Περὶ,1,305,11327,61.1,no
Hercher,PsPhal#55-61,spurious,Ps-Fálaris,πυθαγόρᾳ,Πυθαγόρᾳ,1,0,0,56.1,sí
Hercher,PsPhal#55-61,spurious,Ps-Fálaris,πυνθάνομαί,Πυνθάνομαί,1,2,2,56.1,dudoso
Hercher,PsPhal#55-61,spurious,Ps-Fálaris,στησιχόρῳ,Στησιχόρῳ,1,0,0,56.1,sí
Hercher,PsPhal#55-61,spurious,Ps-Fálaris,τεῦκρον,Τεῦκρον,1,0,0,55.1,sí
Hercher,PsPhal#55-61,spurious,Ps-Fálaris,τό,Τὸ,1,653,40665,55.1,no
Hercher,PsPhal#55-61,spurious,Ps-Fálaris,φάλαριν,Φάλαριν,1,0,0,56.1,sí
Hercher,PsPhal#55-61,spurious,Ps-Fálaris,φιλοδήμου,Φιλοδήμου,1,0,0,59.1,sí
Hercher,PsPhal#55-61,spurious,Ps-Fálaris,ἀκράγαντα,Ἀκράγαντα,1,0,0,57.1,sí
Hercher,PsPhal#55-61,spurious,Ps-Fálaris,ἄβαριν,Ἄβαριν,1,0,0,57.1,sí
Hercher,PsPhal#55-61,spurious,Ps-Fálaris,ἄβαρισ,Ἄβαρις,1,0,0,57.1,sí
Hercher,PsPhal#55-61,spurious,Ps-Fálaris,ἐγχειρεῖτε,Ἐγχειρεῖτε,1,0,0,58.1,sí
Hercher,PsPhal#55-61,spurious,Ps-Fálaris,ἐγώ,Ἐγὼ,1,172,2308,59.1,no
Hercher,PsPhal#55-61,spurious,Ps-Fálaris,ἐδειξασ,Ἐδειξας,1,0,0,57.1,sí
Hercher,PsPhal#55-61,spurious,Ps-Fálaris,ἐπιλαθόμενοσ,Ἐπιλαθόμενος,1,1,20,60.1,no
Hercher,PsPhal#55-61,spurious,Ps-Fálaris,ἑλλήνων,Ἑλλήνων,1,0,0,56.1,sí
Hercher,PsPhal#55-61,spurious,Ps-Fálaris,ἑλληνικοῖσ,Ἑλληνικοῖς,1,1,1,57.1,dudoso
Hercher,PsPhal#55-61,spurious,Ps-Fálaris,ἑρμοκράτησ,Ἑρμοκράτης,1,0,0,59.1,sí
Hercher,PsPhal#55-61,spurious,Ps-Fálaris,ὑπερβορέων,Ὑπερβορέων,1,0,0,56.1,sí
Hercher,PsPhal#62-66,spurious,Ps-Fálaris,εἰ,Εἰ,1,362,10237,63.1,no
Hercher,PsPhal#62-66,spurious,Ps-Fálaris,νικοκλέουσ,Νικοκλέους,1,0,0,65.1,sí
Hercher,PsPhal#62-66,spurious,Ps-Fálaris,οὔτ’,Οὔτ’,1,15,479,65.1,no
Hercher,PsPhal#62-66,spurious,Ps-Fálaris,περίλαον,Περίλαον,1,0,0,66.1,sí
Hercher,PsPhal#62-66,spurious,Ps-Fálaris,περιλάῳ,Περιλάῳ,2,0,0,66.1|66.3,sí
Hercher,PsPhal#62-66,spurious,Ps-Fálaris,στησίχορον,Στησίχορον,3,0,0,63.1|65.1,sí
Hercher,PsPhal#62-66,spurious,Ps-Fálaris,στησιχόρῳ,Στησιχόρῳ,1,0,0,63.1,sí
Hercher,PsPhal#62-66,spurious,Ps-Fálaris,τεύκρῳ,Τεύκρῳ,1,0,0,64.1,sí
Hercher,PsPhal#62-66,spurious,Ps-Fálaris,τῶν,Τῶν,1,724,41409,62.1,no
Hercher,PsPhal#62-66,spurious,Ps-Fálaris,ἡρακλέα,Ἡρακλέα,1,0,0,64.1,sí
Hercher,PsPhal#62-66,spurious,Ps-Fálaris,ἰδίᾳ,Ἰδίᾳ,1,15,253,66.1,no
Hercher,PsPhal#62-66,spurious,Ps-Fálaris,ὑμεῖσ,Ὑμεῖς,1,47,562,64.1,no
Hercher,PsPhal#67-68,spurious,Ps-Fálaris,οὐχ,Οὐχ,1,114,2960,68.1,no
Hercher,PsPhal#67-68,spurious,Ps-Fálaris,παυρόλα,Παυρόλα,2,0,0,67.1|68.1,sí
Hercher,PsPhal#67-68,spurious,Ps-Fálaris,στησιχόρου,Στησιχόρου,3,0,0,67.1,sí
Hercher,PsPhal#67-68,spurious,Ps-Fálaris,ἀφικόμενοσ,Ἀφικόμενος,1,4,65,67.1,no
Hercher,PsPhal#67-68,spurious,Ps-Fálaris,ἑλληνικῆσ,Ἑλληνικῆς,1,1,1,67.1,dudoso
Hercher,PsPhal#67-68,spurious,Ps-Fálaris,ἱμέραν,Ἱμέραν,1,0,0,67.1,sí
Hercher,PsPhal#69-70,spurious,Ps-Fálaris,εἰ,Εἰ,1,362,10237,69.1,no
Hercher,PsPhal#69-70,spurious,Ps-Fálaris,θηρικλείων,Θηρικλείων,1,0,0,70.2,sí
Hercher,PsPhal#69-70,spurious,Ps-Fálaris,κρήτηθεν,Κρήτηθεν,1,0,0,69.2,sí
Hercher,PsPhal#69-70,spurious,Ps-Fálaris,οὐκ,Οὐκ,1,340,11914,70.1,no
Hercher,PsPhal#69-70,spurious,Ps-Fálaris,παυρόλαν,Παυρόλαν,1,0,0,69.1,sí
Hercher,PsPhal#69-70,spurious,Ps-Fálaris,τεύκρῳ,Τεύκρῳ,1,0,0,70.2,sí
Hercher,PsPhal#69-70,spurious,Ps-Fálaris,φαλάριδοσ,Φαλάριδος,1,0,0,69.1,sí
Hercher,PsPhal#69-70,spurious,Ps-Fálaris,ἀκράγαντα,Ἀκράγαντα,2,0,0,69.1|69.2,sí
Hercher,PsPhal#69-70,spurious,Ps-Fálaris,ἀττι,Ἀττι,1,0,0,70.2,sí
Hercher,PsPhal#69-70,spurious,Ps-Fálaris,ἐρυθείασ,Ἐρυθείας,1,0,0,69.1,sí
Hercher,PsPhal#71-74,spurious,Ps-Fálaris,εἰ,Εἰ,1,362,10237,74.1,no
Hercher,PsPhal#71-74,spurious,Ps-Fálaris,εὐβούλου,Εὐβούλου,1,0,0,72.1,sí
Hercher,PsPhal#71-74,spurious,Ps-Fálaris,εὔβουλον,Εὔβουλον,1,0,1,73.1,dudoso
Hercher,PsPhal#71-74,spurious,Ps-Fálaris,ζεύσ,Ζεὺς,1,0,0,73.1,sí
Hercher,PsPhal#71-74,spurious,Ps-Fálaris,κάλλαισχρον,Κάλλαισχρον,1,0,0,71.1,sí
Hercher,PsPhal#71-74,spurious,Ps-Fálaris,κάλλαισχροσ,Κάλλαισχρος,1,0,0,71.1,sí
Hercher,PsPhal#71-74,spurious,Ps-Fálaris,καί,Καὶ,1,3175,157796,73.1,no
Hercher,PsPhal#71-74,spurious,Ps-Fálaris,περίσθενεσ,Περίσθενες|Περίσθενες,2,0,0,72.1,sí
Hercher,PsPhal#71-74,spurious,Ps-Fálaris,πυθαγόραν,Πυθαγόραν,1,0,0,74.1,sí
Hercher,PsPhal#71-74,spurious,Ps-Fálaris,σικελιωτῶν,Σικελιωτῶν,1,0,0,73.1,sí
Hercher,PsPhal#71-74,spurious,Ps-Fálaris,στησίχορον,Στησίχορον,1,0,0,73.1,sí
Hercher,PsPhal#71-74,spurious,Ps-Fálaris,τήν,Τὴν,1,665,37211,72.1,no
Hercher,PsPhal#71-74,spurious,Ps-Fálaris,ἀπέλυσα,Ἀπέλυσα,1,3,28,71.1,no
Hercher,PsPhal#71-74,spurious,Ps-Fálaris,ἀριστοφῶντοσ,Ἀριστοφῶντος,1,0,0,72.1,sí
Hercher,PsPhal#71-74,spurious,Ps-Fálaris,ἱμέρᾳ,Ἱμέρᾳ,1,0,0,73.1,sí
Hercher,PsPhal#71-74,spurious,Ps-Fálaris,ἱμεραίουσ,Ἱμεραίους,1,0,0,73.1,sí
Hercher,PsPhal#75-77,spurious,Ps-Fálaris,δία,Δία,1,0,1,77.2,dudoso
Hercher,PsPhal#75-77,spurious,Ps-Fálaris,δορυμένουσ,Δορυμένους,1,0,0,76.1,sí
Hercher,PsPhal#75-77,spurious,Ps-Fálaris,καμαριναίουσ,Καμαριναίους,1,0,0,75.1,sí
Hercher,PsPhal#75-77,spurious,Ps-Fálaris,καμαριναῖοι,Καμαριναῖοι,1,0,0,75.1,sí
Hercher,PsPhal#75-77,spurious,Ps-Fálaris,κλεισθένη,Κλεισθένη,1,0,0,77.3,sí
Hercher,PsPhal#75-77,spurious,Ps-Fálaris,κλεισθένην,Κλεισθένην,1,0,0,77.1,sí
Hercher,PsPhal#75-77,spurious,Ps-Fálaris,μή,Μὴ,1,475,15198,76.1,no
Hercher,PsPhal#75-77,spurious,Ps-Fálaris,σύ,Σὺ,1,152,1649,77.1,no
Hercher,PsPhal#75-77,spurious,Ps-Fálaris,φάλαριν,Φάλαριν,1,0,0,77.1,sí
Hercher,PsPhal#75-77,spurious,Ps-Fálaris,φαλάριδοσ,Φαλάριδος,1,0,0,75.1,sí
Hercher,PsPhal#75-77,spurious,Ps-Fálaris,ἀλκίνου,Ἀλκίνου,1,0,0,76.1,sí
Hercher,PsPhal#75-77,spurious,Ps-Fálaris,ἀμέτροισ,Ἀμέτροις,1,0,4,75.1,no
Hercher,PsPhal#75-77,spurious,Ps-Fálaris,ἡγήσιππε,Ἡγήσιππε,1,0,0,77.2,sí
Hercher,PsPhal#75-77,spurious,Ps-Fálaris,ὀλυμπίασιν,Ὀλυμπίασιν,1,0,0,77.3,sí
Hercher,PsPhal#78-79,spurious,Ps-Fálaris,διόσ,Διὸς,1,0,2,79.1,dudoso
Hercher,PsPhal#78-79,spurious,Ps-Fálaris,κλεαρίστη,Κλεαρίστη,1,0,0,78.2,sí
Hercher,PsPhal#78-79,spurious,Ps-Fálaris,κλεαρίστην,Κλεαρίστην,2,0,0,78.3,sí
Hercher,PsPhal#78-79,spurious,Ps-Fálaris,κλεαρίστῃ,Κλεαρίστῃ,1,0,0,79.1,sí
Hercher,PsPhal#78-79,spurious,Ps-Fálaris,μουσῶν,Μουσῶν,1,0,4,78.3,no
Hercher,PsPhal#78-79,spurious,Ps-Fálaris,νικοκλῆσ,Νικοκλῆς,2,0,0,78.1,sí
Hercher,PsPhal#78-79,spurious,Ps-Fálaris,στησιχόρου,Στησιχόρου|Στησιχόρου,3,0,0,78.1|78.2|79.1,sí
Hercher,PsPhal#78-79,spurious,Ps-Fálaris,στησιχόρῳ,Στησιχόρῳ,1,0,0,79.1,sí
Hercher,PsPhal#78-79,spurious,Ps-Fálaris,συρακουσίαν,Συρακουσίαν,1,0,0,78.3,sí
Hercher,PsPhal#78-79,spurious,Ps-Fálaris,συρακουσίων,Συρακουσίων,1,0,0,78.1,sí
Hercher,PsPhal#78-79,spurious,Ps-Fálaris,συρακούσιοσ,Συρακούσιος,1,0,0,78.1,sí
Hercher,PsPhal#78-79,spurious,Ps-Fálaris,τῶν,Τῶν,1,724,41409,79.1,no
Hercher,PsPhal#78-79,spurious,Ps-Fálaris,φάλαριν,Φάλαριν,1,0,0,78.2,sí
Hercher,PsPhal#78-79,spurious,Ps-Fálaris,φάλαρισ,Φάλαρις,1,0,0,79.1,sí
Hercher,PsPhal#78-79,spurious,Ps-Fálaris,ἀκραγαντίνοισ,Ἀκραγαντίνοις,1,0,0,79.1,sí
Hercher,PsPhal#78-79,spurious,Ps-Fálaris,ἐχεκρατίδου,Ἐχεκρατίδου,1,0,0,78.3,sí
Hercher,PsPhal#80-83,spurious,Ps-Fálaris,καμαρίνῃ,Καμαρίνῃ,1,0,0,82.1,sí
Hercher,PsPhal#80-83,spurious,Ps-Fálaris,καμαριναίων,Καμαριναίων,1,0,0,82.1,sí
Hercher,PsPhal#80-83,spurious,Ps-Fálaris,μελιταῖοι,Μελιταῖοι,1,0,0,83.2,sí
Hercher,PsPhal#80-83,spurious,Ps-Fálaris,οὐ,Οὐ,1,362,13518,81.1,no
Hercher,PsPhal#80-83,spurious,Ps-Fálaris,περίανδρον,Περίανδρον,2,0,0,81.1|81.2,sí
Hercher,PsPhal#80-83,spurious,Ps-Fálaris,συμπέπεισμαι,Συμπέπεισμαι,1,0,0,83.1,sí
Hercher,PsPhal#80-83,spurious,Ps-Fálaris,τήν,Τὴν,1,665,37211,80.1,no
Hercher,PsPhal#80-83,spurious,Ps-Fálaris,τῆσ,Τῆς,1,547,29763,82.1,no
Hercher,PsPhal#80-83,spurious,Ps-Fálaris,φάλαριν,Φάλαριν|Φάλαριν,2,0,0,80.1,sí
Hercher,PsPhal#80-83,spurious,Ps-Fálaris,φαλάριδοσ,Φαλάριδος,1,0,0,81.2,sí
Hercher,PsPhal#80-83,spurious,Ps-Fálaris,ἐνναῖοι,Ἐνναῖοι,1,0,0,81.1,sí
Hercher,PsPhal#84-87,spurious,Ps-Fálaris,δελφικούσ,Δελφικοὺς,1,0,0,84.1,sí
Hercher,PsPhal#84-87,spurious,Ps-Fálaris,ζαγκλαίουσ,Ζαγκλαίους,1,0,0,85.1,sí
Hercher,PsPhal#84-87,spurious,Ps-Fálaris,λεοντίνοισ,Λεοντίνοις,1,0,0,86.1,sí
Hercher,PsPhal#84-87,spurious,Ps-Fálaris,λεοντίνουσ,Λεοντίνους,1,0,0,85.1,sí
Hercher,PsPhal#84-87,spurious,Ps-Fálaris,μεσσήνην,Μεσσήνην,1,0,0,84.3,sí
Hercher,PsPhal#84-87,spurious,Ps-Fálaris,νενίκηκα,Νενίκηκα,1,1,6,85.1,no
Hercher,PsPhal#84-87,spurious,Ps-Fálaris,οὐ,Οὐ,1,362,13518,87.1,no
Hercher,PsPhal#84-87,spurious,Ps-Fálaris,οὐκ,Οὐκ,1,340,11914,84.1,no
Hercher,PsPhal#84-87,spurious,Ps-Fálaris,πολλά,Πολλὰ,1,56,1644,86.1,no
Hercher,PsPhal#84-87,spurious,Ps-Fálaris,ταυρομενείτασ,Ταυρομενείτας,1,0,0,85.1,sí
Hercher,PsPhal#84-87,spurious,Ps-Fálaris,φάλαρισ,Φάλαρις,1,0,0,87.1,sí
Hercher,PsPhal#84-87,spurious,Ps-Fálaris,ἀκράγαντά,Ἀκράγαντά,1,0,0,84.3,sí
Hercher,PsPhal#84-87,spurious,Ps-Fálaris,ἀρισταίνετοσ,Ἀρισταίνετος,1,0,0,87.1,sí
Hercher,PsPhal#84-87,spurious,Ps-Fálaris,ἰνδόσ,Ἰνδὸς,1,0,0,86.1,sí
Hercher,PsPhal#88-92,spurious,Ps-Fálaris,δρωπίδαν,Δρωπίδαν,1,0,0,88.1,sí
Hercher,PsPhal#88-92,spurious,Ps-Fálaris,καφηρίδεσ,Καφηρίδες,1,0,0,92.1,sí
Hercher,PsPhal#88-92,spurious,Ps-Fálaris,κόνωνα,Κόνωνα,1,0,0,88.1,sí
Hercher,PsPhal#88-92,spurious,Ps-Fálaris,μήτε,Μήτε,1,28,1558,91.1,no
Hercher,PsPhal#88-92,spurious,Ps-Fálaris,οὐδέν,Οὐδὲν,1,149,3764,89.1,no
Hercher,PsPhal#88-92,spurious,Ps-Fálaris,πλαγκταί,Πλαγκταὶ,1,0,0,92.1,sí
Hercher,PsPhal#88-92,spurious,Ps-Fálaris,στησίχορε,Στησίχορε,1,0,0,92.1,sí
Hercher,PsPhal#88-92,spurious,Ps-Fálaris,στησιχόρου,Στησιχόρου,1,0,0,88.1,sí
Hercher,PsPhal#88-92,spurious,Ps-Fálaris,τῆσ,Τῆς,1,547,29763,90.1,no
Hercher,PsPhal#88-92,spurious,Ps-Fálaris,φάλαριν,Φάλαριν,1,0,0,88.1,sí
Hercher,PsPhal#88-92,spurious,Ps-Fálaris,χάρυβδισ,Χάρυβδις,1,0,0,92.1,sí
Hercher,PsPhal#88-92,spurious,Ps-Fálaris,ἀκούω,Ἀκούω,1,1,73,92.1,no
Hercher,PsPhal#88-92,spurious,Ps-Fálaris,ἀλαίσησ,Ἀλαίσης,1,0,0,92.1,sí
Hercher,PsPhal#88-92,spurious,Ps-Fálaris,ἀλούντιον,Ἀλούντιον,1,0,0,92.1,sí
Hercher,PsPhal#88-92,spurious,Ps-Fálaris,ἀχαιῶν,Ἀχαιῶν,1,0,0,92.1,sí
Hercher,PsPhal#88-92,spurious,Ps-Fálaris,ἄλαισαν,Ἄλαισαν,1,0,0,92.1,sí
Hercher,PsPhal#88-92,spurious,Ps-Fálaris,ἡμῖν,Ἡμῖν,1,206,3725,88.1,no
Hercher,PsPhal#88-92,spurious,Ps-Fálaris,ἱμέραν,Ἱμέραν,1,0,0,92.1,sí
Hercher,PsPhal#88-92,spurious,Ps-Fálaris,ἱμεραῖοι,Ἱμεραῖοι,1,0,0,88.1,sí
Hercher,PsPhal#9-14,spurious,Ps-Fálaris,καί,Καὶ,1,3175,157796,11.1,no
Hercher,PsPhal#9-14,spurious,Ps-Fálaris,οὔτε,Οὔτε,1,167,3572,14.1,no
Hercher,PsPhal#9-14,spurious,Ps-Fálaris,πάνυ,Πάνυ,1,39,703,9.1,no
Hercher,PsPhal#9-14,spurious,Ps-Fálaris,τεθησαυρίκαμεν,Τεθησαυρίκαμεν,1,0,0,12.1,sí
Hercher,PsPhal#9-14,spurious,Ps-Fálaris,τεύκρῳ,Τεύκρῳ,1,0,0,11.1,sí
Hercher,PsPhal#9-14,spurious,Ps-Fálaris,ἀχθομένῳ,Ἀχθομένῳ,1,0,2,10.1,dudoso
Hercher,PsPhal#9-14,spurious,Ps-Fálaris,ἄλλου,Ἄλλου,1,10,572,13.1,no
Hercher,PsPhal#93-95,spurious,Ps-Fálaris,κλεισθένει,Κλεισθένει,1,0,0,95.1,sí
Hercher,PsPhal#93-95,spurious,Ps-Fálaris,κόνωνι,Κόνωνι,1,0,0,93.1,sí
Hercher,PsPhal#93-95,spurious,Ps-Fálaris,μούσαισ,Μούσαις,1,0,1,93.1,dudoso
Hercher,PsPhal#93-95,spurious,Ps-Fálaris,στησίχορε,Στησίχορε,1,0,0,94.1,sí
Hercher,PsPhal#93-95,spurious,Ps-Fálaris,στησίχορον,Στησίχορον|Στησίχορον,2,0,0,93.1|93.2,sí
Hercher,PsPhal#93-95,spurious,Ps-Fálaris,τυραννοῦμεν,Τυραννοῦμεν,1,0,0,94.1,sí
Hercher,PsPhal#93-95,spurious,Ps-Fálaris,ἀκράγαντι,Ἀκράγαντι,1,0,0,94.1,sí
Hercher,PsPhal#93-95,spurious,Ps-Fálaris,ἀκραγαντίνων,Ἀκραγαντίνων,1,0,0,94.1,sí
Hercher,PsPhal#93-95,spurious,Ps-Fálaris,ἀπελύσαμεν,Ἀπελύσαμεν,1,0,1,93.1,dudoso
Hercher,PsPhal#93-95,spurious,Ps-Fálaris,ἄλαισαν,Ἄλαισαν,1,0,0,93.2,sí
Hercher,PsPhal#93-95,spurious,Ps-Fálaris,ἔπεμψά,Ἔπεμψά,1,0,4,95.1,no
Hercher,PsPhal#93-95,spurious,Ps-Fálaris,ἱμέρᾳ,Ἱμέρᾳ,1,0,0,94.1,sí
Hercher,PsPhal#93-95,spurious,Ps-Fálaris,ἱμερίδα,Ἱμερίδα,1,0,0,93.1,sí
Hercher,PsPhal#93-95,spurious,Ps-Fálaris,ἱμεραίων,Ἱμεραίων,1,0,0,94.1,sí
Hercher,PsPhal#93-95,spurious,Ps-Fálaris,ἱμεραῖοι,Ἱμεραῖοι,2,0,0,93.1,sí
Hercher,PsPhal#96-101,spurious,Ps-Fálaris,καμαριναῖοι,Καμαριναῖοι,2,0,0,101.1,sí
Hercher,PsPhal#96-101,spurious,Ps-Fálaris,λεοντίνοισ,Λεοντίνοις,1,0,0,96.1,sí
Hercher,PsPhal#96-101,spurious,Ps-Fálaris,λεοντίνουσ,Λεοντίνους,1,0,0,96.1,sí
Hercher,PsPhal#96-101,spurious,Ps-Fálaris,λυσῖνε,Λυσῖνε,1,0,0,97.1,sí
Hercher,PsPhal#96-101,spurious,Ps-Fálaris,οὐ,Οὐ,2,362,13518,97.1|101.1,no
Hercher,PsPhal#96-101,spurious,Ps-Fálaris,οὐδέν,Οὐδὲν,1,149,3764,100.1,no
Hercher,PsPhal#96-101,spurious,Ps-Fálaris,οὕσ,Οὓς,1,26,1107,96.1,no
Hercher,PsPhal#96-101,spurious,Ps-Fálaris,σικελίασ,Σικελίας,1,0,0,98.1,sí
Hercher,PsPhal#96-101,spurious,Ps-Fálaris,συρακουσίοισ,Συρακουσίοις,1,0,0,100.1,sí
Hercher,PsPhal#96-101,spurious,Ps-Fálaris,τί,Τί,1,78,4801,99.1,no
Hercher,PsPhal#96-101,spurious,Ps-Fálaris,φάλαριν,Φάλαριν,1,0,0,99.1,sí
Hercher,PsPhal#96-101,spurious,Ps-Fálaris,φαλάριδοσ,Φαλάριδος,1,0,0,101.1,sí
Hercher,PsPhal#96-101,spurious,Ps-Fálaris,ἀρκεῖσ,Ἀρκεῖς,1,0,1,98.1,dudoso
Hercher,PsSocr#1,spurious,Ps-Sócrates,βελλεροφόντην,Βελλεροφόντην,1,0,0,1.11,sí
Hercher,PsSocr#1,spurious,Ps-Sócrates,δελφοῖσ,Δελφοῖς,1,0,0,1.8,sí
Hercher,PsSocr#1,spurious,Ps-Sócrates,δηλίῳ,Δηλίῳ,1,0,0,1.9,sí
Hercher,PsSocr#1,spurious,Ps-Sócrates,οὔ,Οὔ,1,9,356,1.1,no
Hercher,PsSocr#1,spurious,Ps-Sócrates,πίνδαρον,Πίνδαρον,1,0,0,1.7,sí
Hercher,PsSocr#1,spurious,Ps-Sócrates,πυθαγόρασ,Πυθαγόρας,1,0,0,1.2,sí
Hercher,PsSocr#1,spurious,Ps-Sócrates,σωκράτην,Σωκράτην,2,0,0,1.1|1.5,sí
Hercher,PsSocr#1,spurious,Ps-Sócrates,ἀθήνησι,Ἀθήνησι,1,0,0,1.1,sí
Hercher,PsSocr#1,spurious,Ps-Sócrates,ἑλληνίδων,Ἑλληνίδων,1,0,0,1.8,sí
Hercher,PsSocr#2-6,spurious,Ps-Sócrates,θήβαισ,Θήβαις,1,0,0,5.1,sí
Hercher,PsSocr#2-6,spurious,Ps-Sócrates,κριτοβούλῳ,Κριτοβούλῳ,1,0,0,4.1,sí
Hercher,PsSocr#2-6,spurious,Ps-Sócrates,κύρῳ,Κύρῳ,1,0,0,5.1,sí
Hercher,PsSocr#2-6,spurious,Ps-Sócrates,κῦρον,Κῦρον,1,0,0,5.1,sí
Hercher,PsSocr#2-6,spurious,Ps-Sócrates,λακεδαιμονίων,Λακεδαιμονίων,1,0,0,5.1,sí
Hercher,PsSocr#2-6,spurious,Ps-Sócrates,μνήσων,Μνήσων,1,0,0,3.1,sí
Hercher,PsSocr#2-6,spurious,Ps-Sócrates,ξανθίππη,Ξανθίππη,1,0,0,4.1,sí
Hercher,PsSocr#2-6,spurious,Ps-Sócrates,πελοπόννησον,Πελοπόννησον,1,0,0,2.1,sí
Hercher,PsSocr#2-6,spurious,Ps-Sócrates,ποτιδαίασ,Ποτιδαίας,1,0,0,3.1,sí
Hercher,PsSocr#2-6,spurious,Ps-Sócrates,ποτιδαίᾳ,Ποτιδαίᾳ,1,0,0,3.1,sí
Hercher,PsSocr#2-6,spurious,Ps-Sócrates,πρόξενον,Πρόξενον,1,0,3,5.1,no
Hercher,PsSocr#2-6,spurious,Ps-Sócrates,σέ,Σὲ,1,77,743,5.1,no
Hercher,PsSocr#2-6,spurious,Ps-Sócrates,τοῖν,Τοῖν,1,0,64,6.1,no
Hercher,PsSocr#2-6,spurious,Ps-Sócrates,χαιρεφῶν,Χαιρεφῶν,1,0,0,2.1,sí
Hercher,PsSocr#2-6,spurious,Ps-Sócrates,ἀθήναζε,Ἀθήναζε,1,0,0,3.1,sí
Hercher,PsSocr#2-6,spurious,Ps-Sócrates,ἀθήνησι,Ἀθήνησι,1,0,0,4.1,sí
Hercher,PsSocr#2-6,spurious,Ps-Sócrates,ἀθηναίουσ,Ἀθηναίους,1,0,0,5.1,sí
Hercher,PsSocr#2-6,spurious,Ps-Sócrates,ἀμφιπολίτησ,Ἀμφιπολίτης,1,0,0,3.1,sí
Hercher,PsSocr#2-6,spurious,Ps-Sócrates,ἀμφιπολιτῶν,Ἀμφιπολιτῶν,1,0,0,3.1,sí
Hercher,PsSocr#2-6,spurious,Ps-Sócrates,ἀσίαν,Ἀσίαν,1,0,0,5.1,sí
Hercher,PsSocr#7,spurious,Ps-Sócrates,δί’,Δί’,1,0,0,7.2,sí
Hercher,PsSocr#7,spurious,Ps-Sócrates,θηβαίων,Θηβαίων,2,0,0,7.3|7.4,sí
Hercher,PsSocr#7,spurious,Ps-Sócrates,θηβαῖοι,Θηβαῖοι,1,0,0,7.3,sí
Hercher,PsSocr#7,spurious,Ps-Sócrates,κορινθίων,Κορινθίων,1,0,0,7.3,sí
Hercher,PsSocr#7,spurious,Ps-Sócrates,λέοντα,Λέοντα,1,0,32,7.1,no
Hercher,PsSocr#7,spurious,Ps-Sócrates,λακεδαίμονοσ,Λακεδαίμονος,1,0,0,7.3,sí
Hercher,PsSocr#7,spurious,Ps-Sócrates,λακεδαιμονίουσ,Λακεδαιμονίους,2,0,0,7.3,sí
Hercher,PsSocr#7,spurious,Ps-Sócrates,λακεδαιμονίων,Λακεδαιμονίων,1,0,0,7.4,sí
Hercher,PsSocr#7,spurious,Ps-Sócrates,πειραιᾶ,Πειραιᾶ,1,0,0,7.1,sí
Hercher,PsSocr#7,spurious,Ps-Sócrates,σέ,Σὲ,1,77,743,7.1,no
Hercher,PsSocr#7,spurious,Ps-Sócrates,σωκράτουσ,Σωκράτους,1,0,0,7.1,sí
Hercher,PsSocr#7,spurious,Ps-Sócrates,σώκρατεσ,Σώκρατες,1,0,0,7.2,sí
Hercher,PsSocr#7,spurious,Ps-Sócrates,χαρίκλεισ,Χαρίκλεις,1,0,0,7.2,sí
Hercher,PsSocr#7,spurious,Ps-Sócrates,χαρικλῆσ,Χαρικλῆς,1,0,0,7.2,sí
Hercher,PsSocrat#10-13,spurious,Ps-Socráticos,γλαύκωνοσ,Γλαύκωνος,1,0,0,13.1,sí
Hercher,PsSocrat#10-13,spurious,Ps-Socráticos,διονύσιοσ,Διονύσιος,1,0,0,10.1,sí
Hercher,PsSocrat#10-13,spurious,Ps-Socráticos,εὐθύδαμον,Εὐθύδαμον,1,0,0,13.1,sí
Hercher,PsSocrat#10-13,spurious,Ps-Socráticos,εὐρυπτόλεμον,Εὐρυπτόλεμον,1,0,0,13.1,sí
Hercher,PsSocrat#10-13,spurious,Ps-Socráticos,κείω,Κείω,1,0,0,13.1,sí
Hercher,PsSocrat#10-13,spurious,Ps-Socráticos,κλεινίου,Κλεινίου,1,0,0,13.1,sí
Hercher,PsSocrat#10-13,spurious,Ps-Socráticos,λοκροί,Λοκροί,1,0,0,11.1,sí
Hercher,PsSocrat#10-13,spurious,Ps-Socráticos,λοκρούσ,Λοκροὺς,1,0,0,10.1,sí
Hercher,PsSocrat#10-13,spurious,Ps-Socráticos,λυθήσονται,Λυθήσονται,1,0,0,11.1,sí
Hercher,PsSocrat#10-13,spurious,Ps-Socráticos,μυρρινούσιον,Μυρρινούσιον,1,0,0,13.1,sí
Hercher,PsSocrat#10-13,spurious,Ps-Socráticos,ξανθίππω,Ξανθίππω,1,0,0,13.1,sí
Hercher,PsSocrat#10-13,spurious,Ps-Socráticos,οὐκ,Οὐκ,1,340,11914,13.1,no
Hercher,PsSocrat#10-13,spurious,Ps-Socráticos,περικλεῖ,Περικλεῖ,1,0,0,13.1,sí
Hercher,PsSocrat#10-13,spurious,Ps-Socráticos,πλάτωνι,Πλάτωνι,1,0,0,10.1,sí
Hercher,PsSocrat#10-13,spurious,Ps-Socráticos,προδίκω,Προδίκω,1,0,0,13.1,sí
Hercher,PsSocrat#10-13,spurious,Ps-Socráticos,πρόδικον,Πρόδικον,1,0,0,13.2,sí
Hercher,PsSocrat#10-13,spurious,Ps-Socráticos,σίμωνα,Σίμωνα,1,0,0,11.1,sí
Hercher,PsSocrat#10-13,spurious,Ps-Socráticos,σακεσφόρον,Σακεσφόρον,1,0,0,13.1,sí
Hercher,PsSocrat#10-13,spurious,Ps-Socráticos,συρακούσαισ,Συρακούσαις,1,0,0,13.1,sí
Hercher,PsSocrat#10-13,spurious,Ps-Socráticos,σωκράταν,Σωκράταν,1,0,0,13.1,sí
Hercher,PsSocrat#10-13,spurious,Ps-Socráticos,σωκράτουσ,Σωκράτους,1,0,0,12.1,sí
Hercher,PsSocrat#10-13,spurious,Ps-Socráticos,φαίδων,Φαίδων,1,0,0,13.1,sí
Hercher,PsSocrat#10-13,spurious,Ps-Socráticos,φαῖδρον,Φαῖδρον,1,0,0,13.1,sí
Hercher,PsSocrat#10-13,spurious,Ps-Socráticos,ἀθήναισ,Ἀθήναις,1,0,0,11.1,sí
Hercher,PsSocrat#10-13,spurious,Ps-Socráticos,ἀθηναίωσ,Ἀθηναίως,1,0,0,13.2,sí
Hercher,PsSocrat#10-13,spurious,Ps-Socráticos,ἀκούω,Ἀκούω,1,1,73,12.1,no
Hercher,PsSocrat#10-13,spurious,Ps-Socráticos,ἀλκιβιάδαν,Ἀλκιβιάδαν,1,0,0,13.1,sí
Hercher,PsSocrat#10-13,spurious,Ps-Socráticos,ἀντισθένασ,Ἀντισθένας,2,0,0,13.1|13.2,sí
Hercher,PsSocrat#10-13,spurious,Ps-Socráticos,ἀντισθένει,Ἀντισθένει,1,0,0,11.1,sí
Hercher,PsSocrat#10-13,spurious,Ps-Socráticos,ἀντισθένησ,Ἀντισθένης,1,0,0,12.1,sí
Hercher,PsSocrat#10-13,spurious,Ps-Socráticos,ἐπικράτεα,Ἐπικράτεα,1,0,0,13.1,sí
Hercher,PsSocrat#10-13,spurious,Ps-Socráticos,ἔγραψα,Ἔγραψα,1,2,36,10.1,no
Hercher,PsSocrat#10-13,spurious,Ps-Socráticos,ἡρακλέα,Ἡρακλέα,1,0,0,13.1,sí
Hercher,PsSocrat#14,spurious,Ps-Socráticos,αἴγιναν,Αἴγιναν,1,0,0,14.9,sí
Hercher,PsSocrat#14,spurious,Ps-Socráticos,γέταν,Γέταν,1,0,0,14.1,sí
Hercher,PsSocrat#14,spurious,Ps-Socráticos,γρύλλον,Γρύλλον,1,0,0,14.1,sí
Hercher,PsSocrat#14,spurious,Ps-Socráticos,γύγου,Γύγου,1,0,0,14.2,sí
Hercher,PsSocrat#14,spurious,Ps-Socráticos,δάμωνά,Δάμωνά,1,0,0,14.2,sí
Hercher,PsSocrat#14,spurious,Ps-Socráticos,δηλίῳ,Δηλίῳ,1,0,0,14.9,sí
Hercher,PsSocrat#14,spurious,Ps-Socráticos,δῆλον,Δῆλον,1,8,408,14.8,no
Hercher,PsSocrat#14,spurious,Ps-Socráticos,εὐηνόν,Εὐηνὸν,1,0,0,14.7,sí
Hercher,PsSocrat#14,spurious,Ps-Socráticos,θηβαίω,Θηβαίω,1,0,0,14.7,sí
Hercher,PsSocrat#14,spurious,Ps-Socráticos,κέβητα,Κέβητα,1,0,0,14.7,sí
Hercher,PsSocrat#14,spurious,Ps-Socráticos,καλλιππίδῃ,Καλλιππίδῃ,1,0,0,14.3,sí
Hercher,PsSocrat#14,spurious,Ps-Socráticos,κλέλομβροτοσ,Κλέλομβροτος,1,0,0,14.9,sí
Hercher,PsSocrat#14,spurious,Ps-Socráticos,κρίτωνοσ,Κρίτωνος,1,0,0,14.6,sí
Hercher,PsSocrat#14,spurious,Ps-Socráticos,κτήσιπποσ,Κτήσιππος,1,0,0,14.9,sí
Hercher,PsSocrat#14,spurious,Ps-Socráticos,κόννον,Κόννον,1,0,0,14.2,sí
Hercher,PsSocrat#14,spurious,Ps-Socráticos,λακεδαίμονα,Λακεδαίμονα,1,0,0,14.1,sí
Hercher,PsSocrat#14,spurious,Ps-Socráticos,μέλητοσ,Μέλητος,2,0,0,14.2|14.5,sí
Hercher,PsSocrat#14,spurious,Ps-Socráticos,μελήτου,Μελήτου,2,0,0,14.1|14.3,sí
Hercher,PsSocrat#14,spurious,Ps-Socráticos,μενοικέα,Μενοικέα,1,0,0,14.3,sí
Hercher,PsSocrat#14,spurious,Ps-Socráticos,μητροβίου,Μητροβίου,1,0,0,14.2,sí
Hercher,PsSocrat#14,spurious,Ps-Socráticos,ξενοφῶν,Ξενοφῶν,2,0,0,14.1|14.10,sí
Hercher,PsSocrat#14,spurious,Ps-Socráticos,πλάτων,Πλάτων,2,0,0,14.9,sí
Hercher,PsSocrat#14,spurious,Ps-Socráticos,πολυκράτουσ,Πολυκράτους,1,0,0,14.3,sí
Hercher,PsSocrat#14,spurious,Ps-Socráticos,σιμμίαν,Σιμμίαν,1,0,0,14.7,sí
Hercher,PsSocrat#14,spurious,Ps-Socráticos,σωκράτην,Σωκράτην,4,0,0,14.1|14.7|14.10,sí
Hercher,PsSocrat#14,spurious,Ps-Socráticos,σωκράτησ,Σωκράτης,3,0,0,14.2|14.4,sí
Hercher,PsSocrat#14,spurious,Ps-Socráticos,σωκράτουσ,Σωκράτους,1,0,0,14.2,sí
Hercher,PsSocrat#14,spurious,Ps-Socráticos,τερψίων,Τερψίων,1,0,0,14.9,sí
Hercher,PsSocrat#14,spurious,Ps-Socráticos,φαίδων,Φαίδων,1,0,0,14.9,sí
Hercher,PsSocrat#14,spurious,Ps-Socráticos,ἀθήνησιν,Ἀθήνησιν,1,0,0,14.1,sí
Hercher,PsSocrat#14,spurious,Ps-Socráticos,ἀντισθένησ,Ἀντισθένης,1,0,0,14.9,sí
Hercher,PsSocrat#14,spurious,Ps-Socráticos,ἀνύτου,Ἀνύτου,1,0,1,14.1,dudoso
Hercher,PsSocrat#14,spurious,Ps-Socráticos,ἀπολλόδωροσ,Ἀπολλόδωρος,1,0,0,14.9,sí
Hercher,PsSocrat#14,spurious,Ps-Socráticos,ἀρίστιπποσ,Ἀρίστιππος,1,0,0,14.9,sí
Hercher,PsSocrat#14,spurious,Ps-Socráticos,ἀσκληπιῷ,Ἀσκληπιῷ,1,0,0,14.9,sí
Hercher,PsSocrat#14,spurious,Ps-Socráticos,ἄνυτοσ,Ἄνυτος,1,0,0,14.2,sí
Hercher,PsSocrat#14,spurious,Ps-Socráticos,ἑρμογένησ,Ἑρμογένης,1,0,0,14.9,sí
Hercher,PsSocrat#14,spurious,Ps-Socráticos,ἤδη,Ἤδη,1,88,2618,14.1,no
Hercher,PsSocrat#14,spurious,Ps-Socráticos,ὀλύμπια,Ὀλύμπια,1,0,2,14.6,dudoso
Hercher,PsSocrat#15-17,spurious,Ps-Socráticos,αἰγίνᾳ,Αἰγίνᾳ,1,0,0,16.1,sí
Hercher,PsSocrat#15-17,spurious,Ps-Socráticos,αἰσχίνην,Αἰσχίνην,1,0,0,15.2,sí
Hercher,PsSocrat#15-17,spurious,Ps-Socráticos,γρύλλον,Γρύλλον,1,0,0,15.1,sí
Hercher,PsSocrat#15-17,spurious,Ps-Socráticos,εἰδώσ,Εἰδὼς,1,13,302,17.1,no
Hercher,PsSocrat#15-17,spurious,Ps-Socráticos,καί,Καὶ,1,3175,157796,15.1,no
Hercher,PsSocrat#15-17,spurious,Ps-Socráticos,κεῖον,Κεῖον,1,0,0,17.1,sí
Hercher,PsSocrat#15-17,spurious,Ps-Socráticos,κλεόμβροτοσ,Κλεόμβροτος,1,0,0,16.1,sí
Hercher,PsSocrat#15-17,spurious,Ps-Socráticos,λακεδαιμονίοισ,Λακεδαιμονίοις,1,0,0,17.4,sí
Hercher,PsSocrat#15-17,spurious,Ps-Socráticos,λακεδαιμονίου,Λακεδαιμονίου,1,0,0,17.3,sí
Hercher,PsSocrat#15-17,spurious,Ps-Socráticos,λακεδαιμόνιοι,Λακεδαιμόνιοι,1,0,0,15.1,sí
Hercher,PsSocrat#15-17,spurious,Ps-Socráticos,μέγαράδε,Μέγαράδε,1,0,0,17.3,sí
Hercher,PsSocrat#15-17,spurious,Ps-Socráticos,μέγαρα,Μέγαρα,1,0,0,15.3,sí
Hercher,PsSocrat#15-17,spurious,Ps-Socráticos,μέλητον,Μέλητον,1,0,0,17.2,sí
Hercher,PsSocrat#15-17,spurious,Ps-Socráticos,μεγαρέων,Μεγαρέων,1,0,0,15.3,sí
Hercher,PsSocrat#15-17,spurious,Ps-Socráticos,πλάτωνοσ,Πλάτωνος,1,0,0,15.3,sí
Hercher,PsSocrat#15-17,spurious,Ps-Socráticos,πρωταγόραν,Πρωταγόραν,1,0,0,17.1,sí
Hercher,PsSocrat#15-17,spurious,Ps-Socráticos,πρόδικον,Πρόδικον,1,0,0,17.1,sí
Hercher,PsSocrat#15-17,spurious,Ps-Socráticos,πυθίασ,Πυθίας,1,0,0,15.1,sí
Hercher,PsSocrat#15-17,spurious,Ps-Socráticos,σωκράτην,Σωκράτην,2,0,0,17.3|17.4,sí
Hercher,PsSocrat#15-17,spurious,Ps-Socráticos,σωκράτησ,Σωκράτης,1,0,0,17.3,sí
Hercher,PsSocrat#15-17,spurious,Ps-Socráticos,σωκράτουσ,Σωκράτους,7,0,0,15.1|15.2|15.3|16.1|17.3,sí
Hercher,PsSocrat#15-17,spurious,Ps-Socráticos,σωκρατην,Σωκρατην,1,0,0,17.1,sí
Hercher,PsSocrat#15-17,spurious,Ps-Socráticos,τά,Τὰ,1,498,23249,16.1,no
Hercher,PsSocrat#15-17,spurious,Ps-Socráticos,χίῳ,Χίῳ,1,0,0,17.1,sí
Hercher,PsSocrat#15-17,spurious,Ps-Socráticos,ἀβδηρίτην,Ἀβδηρίτην,1,0,0,17.1,sí
Hercher,PsSocrat#15-17,spurious,Ps-Socráticos,ἀθήναζε,Ἀθήναζε,1,0,0,17.4,sí
Hercher,PsSocrat#15-17,spurious,Ps-Socráticos,ἀθηναῖοι,Ἀθηναῖοι,3,0,0,17.2|17.4,sí
Hercher,PsSocrat#15-17,spurious,Ps-Socráticos,ἀθηνῶν,Ἀθηνῶν,1,0,0,16.1,sí
Hercher,PsSocrat#15-17,spurious,Ps-Socráticos,ἄνυτόν,Ἄνυτόν,1,0,0,17.2,sí
Hercher,PsSocrat#15-17,spurious,Ps-Socráticos,ἑλλήνων,Ἑλλήνων,1,0,0,17.4,sí
Hercher,PsSocrat#18-21,spurious,Ps-Socráticos,γρύλλῳ,Γρύλλῳ,2,0,0,19.1,sí
Hercher,PsSocrat#18-21,spurious,Ps-Socráticos,δίων,Δίων,1,0,19,21.3,no
Hercher,PsSocrat#18-21,spurious,Ps-Socráticos,εὐκλείδην,Εὐκλείδην,1,0,0,21.1,sí
Hercher,PsSocrat#18-21,spurious,Ps-Socráticos,εὔφρονι,Εὔφρονι,1,0,0,21.1,sí
Hercher,PsSocrat#18-21,spurious,Ps-Socráticos,θήβαισ,Θήβαις,1,0,0,20.1,sí
Hercher,PsSocrat#18-21,spurious,Ps-Socráticos,θρᾴκην,Θρᾴκην,1,0,0,18.1,sí
Hercher,PsSocrat#18-21,spurious,Ps-Socráticos,λακωνικήν,Λακωνικὴν,1,0,0,18.1,sí
Hercher,PsSocrat#18-21,spurious,Ps-Socráticos,μέγαρα,Μέγαρα,1,0,0,21.1,sí
Hercher,PsSocrat#18-21,spurious,Ps-Socráticos,μεγαρεῖ,Μεγαρεῖ,1,0,0,21.1,sí
Hercher,PsSocrat#18-21,spurious,Ps-Socráticos,ξανθίππη,Ξανθίππη,1,0,0,21.3,sí
Hercher,PsSocrat#18-21,spurious,Ps-Socráticos,πόντον,Πόντον,1,0,28,18.1,no
Hercher,PsSocrat#18-21,spurious,Ps-Socráticos,σίμωνα,Σίμωνα,1,0,0,18.2,sí
Hercher,PsSocrat#18-21,spurious,Ps-Socráticos,σωκράτει,Σωκράτει,1,0,0,21.1,sí
Hercher,PsSocrat#18-21,spurious,Ps-Socráticos,σωκράτησ,Σωκράτης,2,0,0,19.1|21.1,sí
Hercher,PsSocrat#18-21,spurious,Ps-Socráticos,σωκράτουσ,Σωκράτους,7,0,0,18.2|20.1|21.2|21.3,sí
Hercher,PsSocrat#18-21,spurious,Ps-Socráticos,τήν,Τὴν,1,665,37211,20.1,no
Hercher,PsSocrat#18-21,spurious,Ps-Socráticos,τερψίωνα,Τερψίωνα,1,0,0,21.1,sí
Hercher,PsSocrat#18-21,spurious,Ps-Socráticos,φαίδων,Φαίδων,1,0,0,18.1,sí
Hercher,PsSocrat#18-21,spurious,Ps-Socráticos,φαίδωνι,Φαίδωνι,1,0,0,18.2,sí
Hercher,PsSocrat#18-21,spurious,Ps-Socráticos,ἀθήνησιν,Ἀθήνησιν,1,0,0,20.1,sí
Hercher,PsSocrat#18-21,spurious,Ps-Socráticos,ἀπολλόδωροσ,Ἀπολλόδωρος,1,0,0,21.3,sí
Hercher,PsSocrat#18-21,spurious,Ps-Socráticos,ἀρίστιπποσ,Ἀρίστιππος,1,0,0,18.1,sí
Hercher,PsSocrat#18-21,spurious,Ps-Socráticos,ἀριστίππῳ,Ἀριστίππῳ,1,0,0,18.2,sí
Hercher,PsSocrat#18-21,spurious,Ps-Socráticos,ἀρτέμιδι,Ἀρτέμιδι,1,0,0,18.1,sí
Hercher,PsSocrat#18-21,spurious,Ps-Socráticos,ἀρτέμιδοσ,Ἀρτέμιδος,1,0,0,19.1,sí
Hercher,PsSocrat#18-21,spurious,Ps-Socráticos,ἄγοντεσ,Ἄγοντες,1,2,51,18.1,no
Hercher,PsSocrat#18-21,spurious,Ps-Socráticos,ἧκε,Ἧκε,1,5,99,19.1,no
Hercher,PsSocrat#22-23,spurious,Ps-Socráticos,αἰσχίνη,Αἰσχίνη,1,0,0,23.3,sí
Hercher,PsSocrat#22-23,spurious,Ps-Socráticos,αἰσχίνην,Αἰσχίνην,1,0,0,23.1,sí
Hercher,PsSocrat#22-23,spurious,Ps-Socráticos,αἰσχίνησ,Αἰσχίνης,1,0,0,23.1,sí
Hercher,PsSocrat#22-23,spurious,Ps-Socráticos,διονυσίου,Διονυσίου,2,0,0,23.1|23.3,sí
Hercher,PsSocrat#22-23,spurious,Ps-Socráticos,διονύσιε,Διονύσιε,2,0,0,23.1|23.2,sí
Hercher,PsSocrat#22-23,spurious,Ps-Socráticos,διονύσιον,Διονύσιον,1,0,0,23.1,sí
Hercher,PsSocrat#22-23,spurious,Ps-Socráticos,διονύσιοσ,Διονύσιος,4,0,0,23.1|23.2|23.3,sí
Hercher,PsSocrat#22-23,spurious,Ps-Socráticos,εὐκλείδησ,Εὐκλείδης,1,0,0,22.1,sí
Hercher,PsSocrat#22-23,spurious,Ps-Socráticos,κέβησ,Κέβης,1,0,0,22.2,sí
Hercher,PsSocrat#22-23,spurious,Ps-Socráticos,πλάτων,Πλάτων,2,0,0,22.2|23.2,sí
Hercher,PsSocrat#22-23,spurious,Ps-Socráticos,πλάτωνα,Πλάτωνα,1,0,0,23.3,sí
Hercher,PsSocrat#22-23,spurious,Ps-Socráticos,πλάτωνι,Πλάτωνι,1,0,0,23.3,sí
Hercher,PsSocrat#22-23,spurious,Ps-Socráticos,σικελίαν,Σικελίαν,1,0,0,22.2,sí
Hercher,PsSocrat#22-23,spurious,Ps-Socráticos,σιμμία,Σιμμία,1,0,0,22.2,sí
Hercher,PsSocrat#22-23,spurious,Ps-Socráticos,συρακούσαισ,Συρακούσαις,1,0,0,23.1,sí
Hercher,PsSocrat#22-23,spurious,Ps-Socráticos,σωκράτουσ,Σωκράτους,2,0,0,22.2|23.1,sí
Hercher,PsSocrat#22-23,spurious,Ps-Socráticos,ἀλκιβιάδου,Ἀλκιβιάδου,1,0,0,23.2,sí
Hercher,PsSocrat#22-23,spurious,Ps-Socráticos,ἀρίστιππον,Ἀρίστιππον,5,0,0,23.2|23.3,sí
Hercher,PsSocrat#22-23,spurious,Ps-Socráticos,ἀρίστιπποσ,Ἀρίστιππος,2,0,0,23.1|23.2,sí
Hercher,PsSocrat#22-23,spurious,Ps-Socráticos,ἀριστίππῳ,Ἀριστίππῳ,1,0,0,23.1,sí
Hercher,PsSocrat#22-23,spurious,Ps-Socráticos,ἦν,Ἦν,1,96,5957,22.1,no
Hercher,PsSocrat#22-23,spurious,Ps-Socráticos,ἰταλίαν,Ἰταλίαν,1,0,0,22.2,sí
Hercher,PsSocrat#22-23,spurious,Ps-Socráticos,ὁπότε,Ὁπότε,1,13,323,23.1,no
Hercher,PsSocrat#24-27,spurious,Ps-Socráticos,γράφεισ,Γράφεις,1,6,18,27.1,no
Hercher,PsSocrat#24-27,spurious,Ps-Socráticos,δία,Δία,1,0,1,27.1,dudoso
Hercher,PsSocrat#24-27,spurious,Ps-Socráticos,διονύσιον,Διονύσιον,1,0,0,26.1,sí
Hercher,PsSocrat#24-27,spurious,Ps-Socráticos,διόσ,Διὸς,1,0,2,27.1,dudoso
Hercher,PsSocrat#24-27,spurious,Ps-Socráticos,κεφάλου,Κεφάλου,1,0,0,27.2,sí
Hercher,PsSocrat#24-27,spurious,Ps-Socráticos,κλεινίου,Κλεινίου,1,0,0,27.2,sí
Hercher,PsSocrat#24-27,spurious,Ps-Socráticos,κρῖνιν,Κρῖνιν,1,0,0,25.1,sí
Hercher,PsSocrat#24-27,spurious,Ps-Socráticos,κρῖνισ,Κρῖνις,1,0,0,25.1,sí
Hercher,PsSocrat#24-27,spurious,Ps-Socráticos,λυκείῳ,Λυκείῳ,1,0,0,27.2,sí
Hercher,PsSocrat#24-27,spurious,Ps-Socráticos,λυσίασ,Λυσίας,1,0,0,27.2,sí
Hercher,PsSocrat#24-27,spurious,Ps-Socráticos,οὔπω,Οὔπω,1,8,289,24.1,no
Hercher,PsSocrat#24-27,spurious,Ps-Socráticos,παράμονον,Παράμονον,1,0,7,25.1,no
Hercher,PsSocrat#24-27,spurious,Ps-Socráticos,πλάτων,Πλάτων,1,0,0,27.1,sí
Hercher,PsSocrat#24-27,spurious,Ps-Socráticos,πολλάκισ,Πολλάκις,1,33,883,26.1,no
Hercher,PsSocrat#24-27,spurious,Ps-Socráticos,συρακούνσασ,Συρακούνσας,1,0,0,24.1,sí
Hercher,PsSocrat#24-27,spurious,Ps-Socráticos,σωκράτουσ,Σωκράτους,1,0,0,27.1,sí
Hercher,PsSocrat#24-27,spurious,Ps-Socráticos,σωκρατικοῖσ,Σωκρατικοῖς,1,0,0,27.2,sí
Hercher,PsSocrat#24-27,spurious,Ps-Socráticos,τίμων,Τίμων,1,0,0,24.2,sí
Hercher,PsSocrat#24-27,spurious,Ps-Socráticos,ἀθηνοδώρου,Ἀθηνοδώρου,1,0,0,26.1,sí
Hercher,PsSocrat#24-27,spurious,Ps-Socráticos,ἀλκιβιάδῃ,Ἀλκιβιάδῃ,1,0,0,27.2,sí
Hercher,PsSocrat#24-27,spurious,Ps-Socráticos,ἀρχύταν,Ἀρχύταν,1,0,0,24.1,sí
Hercher,PsSocrat#24-27,spurious,Ps-Socráticos,ἰλισσῷ,Ἰλισσῷ,1,0,0,27.2,sí
Hercher,PsSocrat#24-27,spurious,Ps-Socráticos,ἰφιστιαδῶν,Ἰφιστιαδῶν,1,0,0,24.2,sí
Hercher,PsSocrat#24-27,spurious,Ps-Socráticos,ὀλύμπιον,Ὀλύμπιον,1,0,6,27.1,no
Hercher,PsSocrat#28-29,spurious,Ps-Socráticos,αἰγύπτου,Αἰγύπτου,1,0,0,28.1,sí
Hercher,PsSocrat#28-29,spurious,Ps-Socráticos,αἴγυπτον,Αἴγυπτον,3,0,1,28.1|28.3,dudoso
Hercher,PsSocrat#28-29,spurious,Ps-Socráticos,βερενίκῃ,Βερενίκῃ,1,0,0,29.2,sí
Hercher,PsSocrat#28-29,spurious,Ps-Socráticos,διονυσίου,Διονυσίου,1,0,0,29.1,sí
Hercher,PsSocrat#28-29,spurious,Ps-Socráticos,εὐβοΐδοσ,Εὐβοΐδος,1,0,0,29.4,sí
Hercher,PsSocrat#28-29,spurious,Ps-Socráticos,θεόδωροσ,Θεόδωρος,1,0,0,28.1,sí
Hercher,PsSocrat#28-29,spurious,Ps-Socráticos,κυρήνην,Κυρήνην,2,0,0,29.1|29.4,sí
Hercher,PsSocrat#28-29,spurious,Ps-Socráticos,κυρήνῃ,Κυρήνῃ,2,0,0,29.3|29.4,sí
Hercher,PsSocrat#28-29,spurious,Ps-Socráticos,κυρηναῖοσ,Κυρηναῖος,1,0,0,28.1,sí
Hercher,PsSocrat#28-29,spurious,Ps-Socráticos,λαμπροκλῆσ,Λαμπροκλῆς,1,0,0,29.4,sí
Hercher,PsSocrat#28-29,spurious,Ps-Socráticos,λιπάραισ,Λιπάραις,1,0,0,29.1,sí
Hercher,PsSocrat#28-29,spurious,Ps-Socráticos,μέμφιν,Μέμφιν,1,0,0,28.3,sí
Hercher,PsSocrat#28-29,spurious,Ps-Socráticos,μίκαν,Μίκαν,1,0,0,29.4,sí
Hercher,PsSocrat#28-29,spurious,Ps-Socráticos,μεγάροισ,Μεγάροις,1,0,1,29.4,dudoso
Hercher,PsSocrat#28-29,spurious,Ps-Socráticos,μυρτοῦσ,Μυρτοῦς,1,0,0,29.3,sí
Hercher,PsSocrat#28-29,spurious,Ps-Socráticos,μυρτώ,Μυρτὼ,1,0,0,29.3,sí
Hercher,PsSocrat#28-29,spurious,Ps-Socráticos,νείλου,Νείλου,1,0,0,28.3,sí
Hercher,PsSocrat#28-29,spurious,Ps-Socráticos,ξανθίππην,Ξανθίππην,1,0,0,29.3,sí
Hercher,PsSocrat#28-29,spurious,Ps-Socráticos,ξανθίππησ,Ξανθίππης,1,0,0,29.3,sí
Hercher,PsSocrat#28-29,spurious,Ps-Socráticos,οἱ,Οἱ,1,190,11593,28.1,no
Hercher,PsSocrat#28-29,spurious,Ps-Socráticos,πλάτων,Πλάτων,1,0,0,28.2,sí
Hercher,PsSocrat#28-29,spurious,Ps-Socráticos,πυθαγόραν,Πυθαγόραν,1,0,0,28.1,sí
Hercher,PsSocrat#28-29,spurious,Ps-Socráticos,πυθαγόρᾳ,Πυθαγόρᾳ,1,0,0,28.1,sí
Hercher,PsSocrat#28-29,spurious,Ps-Socráticos,σαϊτικόν,Σαϊτικὸν,1,0,0,28.1,sí
Hercher,PsSocrat#28-29,spurious,Ps-Socráticos,σωκράτουσ,Σωκράτους,3,0,0,28.2|29.3|29.4,sí
Hercher,PsSocrat#28-29,spurious,Ps-Socráticos,σώνικον,Σώνικον,1,0,0,29.1,sí
Hercher,PsSocrat#28-29,spurious,Ps-Socráticos,τίμαιόσ,Τίμαιός,1,0,0,28.1,sí
Hercher,PsSocrat#28-29,spurious,Ps-Socráticos,ἀθήναζε,Ἀθήναζε,1,0,0,29.3,sí
Hercher,PsSocrat#28-29,spurious,Ps-Socráticos,ἀθήνησι,Ἀθήνησι,1,0,0,28.2,sí
Hercher,PsSocrat#28-29,spurious,Ps-Socráticos,ἀρίστιππον,Ἀρίστιππον,1,0,0,29.3,sí
Hercher,PsSocrat#28-29,spurious,Ps-Socráticos,ἀριστίππου,Ἀριστίππου,2,0,0,29.2|29.4,sí
Hercher,PsSocrat#28-29,spurious,Ps-Socráticos,ἐκομισάμην,Ἐκομισάμην,1,0,2,29.1,dudoso
Hercher,PsSocrat#28-29,spurious,Ps-Socráticos,ἑλληνικόν,Ἑλληνικόν,1,0,0,28.2,sí
Hercher,PsSocrat#28-29,spurious,Ps-Socráticos,ἕλλησι,Ἕλλησι,1,0,2,28.1,dudoso
Hercher,PsSocrat#28-29,spurious,Ps-Socráticos,ἡλιούπολιν,Ἡλιούπολιν,1,0,0,28.1,sí
Hercher,PsSocrat#30,spurious,Ps-Socráticos,αἴγυπτον,Αἴγυπτον,1,0,1,30.14,dudoso
Hercher,PsSocrat#30,spurious,Ps-Socráticos,βάττου,Βάττου,1,0,0,30.11,sí
Hercher,PsSocrat#30,spurious,Ps-Socráticos,δαμάστην,Δαμάστην,1,0,0,30.4,sí
Hercher,PsSocrat#30,spurious,Ps-Socráticos,δελφούσ,Δελφοὺς,1,0,0,30.8,sí
Hercher,PsSocrat#30,spurious,Ps-Socráticos,δικαίῳ,Δικαίῳ,1,4,54,30.6,no
Hercher,PsSocrat#30,spurious,Ps-Socráticos,διονυσίου,Διονυσίου,1,0,0,30.10,sí
Hercher,PsSocrat#30,spurious,Ps-Socráticos,διονυσίῳ,Διονυσίῳ,1,0,0,30.13,sí
Hercher,PsSocrat#30,spurious,Ps-Socráticos,δρύοπεσ,Δρύοπες,1,0,0,30.8,sí
Hercher,PsSocrat#30,spurious,Ps-Socráticos,θετταλῶν,Θετταλῶν,1,0,0,30.3,sí
Hercher,PsSocrat#30,spurious,Ps-Socráticos,θετταλῷ,Θετταλῷ,1,0,0,30.13,sí
Hercher,PsSocrat#30,spurious,Ps-Socráticos,θεόπομπον,Θεόπομπον,1,0,0,30.12,sí
Hercher,PsSocrat#30,spurious,Ps-Socráticos,θεόπομποσ,Θεόπομπος,2,0,0,30.12,sí
Hercher,PsSocrat#30,spurious,Ps-Socráticos,θρᾳκῶν,Θρᾳκῶν,1,0,0,30.5,sí
Hercher,PsSocrat#30,spurious,Ps-Socráticos,κλείδην,Κλείδην,1,0,0,30.7,sí
Hercher,PsSocrat#30,spurious,Ps-Socráticos,κλείδου,Κλείδου,1,0,0,30.7,sí
Hercher,PsSocrat#30,spurious,Ps-Socráticos,κορινθίουσ,Κορινθίους,1,0,0,30.6,sí
Hercher,PsSocrat#30,spurious,Ps-Socráticos,κρεσφόντην,Κρεσφόντην,1,0,0,30.6,sí
Hercher,PsSocrat#30,spurious,Ps-Socráticos,κρισαῖοι,Κρισαῖοι,1,0,0,30.8,sí
Hercher,PsSocrat#30,spurious,Ps-Socráticos,κυρηναίουσ,Κυρηναίους,1,0,0,30.11,sí
Hercher,PsSocrat#30,spurious,Ps-Socráticos,λαδίκῃ,Λαδίκῃ,1,0,0,30.7,sí
Hercher,PsSocrat#30,spurious,Ps-Socráticos,λακεδαιμονίων,Λακεδαιμονίων,2,0,0,30.5|30.11,sí
Hercher,PsSocrat#30,spurious,Ps-Socráticos,λακωνικήν,Λακωνικὴν,1,0,0,30.6,sí
Hercher,PsSocrat#30,spurious,Ps-Socráticos,μάγνησ,Μάγνης,1,0,1,30.1,dudoso
Hercher,PsSocrat#30,spurious,Ps-Socráticos,μαγνησίᾳ,Μαγνησίᾳ,1,0,0,30.1,sí
Hercher,PsSocrat#30,spurious,Ps-Socráticos,μακεδονίασ,Μακεδονίας,1,0,0,30.10,sí
Hercher,PsSocrat#30,spurious,Ps-Socráticos,μακεδόνεσ,Μακεδόνες,1,0,0,30.7,sí
Hercher,PsSocrat#30,spurious,Ps-Socráticos,μαρδονίου,Μαρδονίου,1,0,0,30.4,sí
Hercher,PsSocrat#30,spurious,Ps-Socráticos,μεσσήνην,Μεσσήνην,2,0,0,30.6,sí
Hercher,PsSocrat#30,spurious,Ps-Socráticos,μεσσήνῃ,Μεσσήνῃ,1,0,0,30.6,sí
Hercher,PsSocrat#30,spurious,Ps-Socráticos,νέστορι,Νέστορι,1,0,0,30.6,sí
Hercher,PsSocrat#30,spurious,Ps-Socráticos,νηλέα,Νηλέα,1,0,0,30.6,sí
Hercher,PsSocrat#30,spurious,Ps-Socráticos,νηλέωσ,Νηλέως,2,0,0,30.6,sí
Hercher,PsSocrat#30,spurious,Ps-Socráticos,ξέρξου,Ξέρξου,1,0,0,30.3,sí
Hercher,PsSocrat#30,spurious,Ps-Socráticos,πέρσην,Πέρσην,1,0,0,30.14,sí
Hercher,PsSocrat#30,spurious,Ps-Socráticos,παλλήνην,Παλλήνην,2,0,0,30.6,sí
Hercher,PsSocrat#30,spurious,Ps-Socráticos,παλλήνῃ,Παλλήνῃ,1,0,0,30.6,sí
Hercher,PsSocrat#30,spurious,Ps-Socráticos,περδίκκᾳ,Περδίκκᾳ,1,0,0,30.12,sí
Hercher,PsSocrat#30,spurious,Ps-Socráticos,πλάτωνοσ,Πλάτωνος,3,0,0,30.2|30.12,sí
Hercher,PsSocrat#30,spurious,Ps-Socráticos,πλαταιᾶσιν,Πλαταιᾶσιν,1,0,0,30.4,sí
Hercher,PsSocrat#30,spurious,Ps-Socráticos,ποντικόν,Ποντικὸν,1,0,0,30.11,sí
Hercher,PsSocrat#30,spurious,Ps-Socráticos,ποντικόσ,Ποντικὸς,1,0,0,30.14,sí
Hercher,PsSocrat#30,spurious,Ps-Socráticos,ποσειδῶνοσ,Ποσειδῶνος,1,0,0,30.6,sí
Hercher,PsSocrat#30,spurious,Ps-Socráticos,ποτίδαιαν,Ποτίδαιαν,1,0,0,30.6,sí
Hercher,PsSocrat#30,spurious,Ps-Socráticos,πρωτίδασ,Πρωτίδας,1,0,0,30.7,sí
Hercher,PsSocrat#30,spurious,Ps-Socráticos,πυθίοισ,Πυθίοις,1,0,0,30.8,sí
Hercher,PsSocrat#30,spurious,Ps-Socráticos,πυλίου,Πυλίου,1,0,0,30.2,sí
Hercher,PsSocrat#30,spurious,Ps-Socráticos,σιθῶνι,Σιθῶνι,1,0,0,30.6,sí
Hercher,PsSocrat#30,spurious,Ps-Socráticos,σιθῶνοσ,Σιθῶνος,1,0,0,30.7,sí
Hercher,PsSocrat#30,spurious,Ps-Socráticos,σικέιλίασ,Σικέιλίας,1,0,0,30.13,sí
Hercher,PsSocrat#30,spurious,Ps-Socráticos,σπάρτην,Σπάρτην,1,0,0,30.6,sí
Hercher,PsSocrat#30,spurious,Ps-Socráticos,σπάρτῃ,Σπάρτῃ,1,0,0,30.6,sí
Hercher,PsSocrat#30,spurious,Ps-Socráticos,συλέα,Συλέα,1,0,0,30.6,sí
Hercher,PsSocrat#30,spurious,Ps-Socráticos,τηλέγονον,Τηλέγονον,1,0,0,30.7,sí
Hercher,PsSocrat#30,spurious,Ps-Socráticos,τιμοθέου,Τιμοθέου,1,0,0,30.13,sí
Hercher,PsSocrat#30,spurious,Ps-Socráticos,τμῶλον,Τμῶλον,1,0,0,30.7,sí
Hercher,PsSocrat#30,spurious,Ps-Socráticos,τορωναίαν,Τορωναίαν,2,0,0,30.7,sí
Hercher,PsSocrat#30,spurious,Ps-Socráticos,τροίασ,Τροίας,1,0,0,30.6,sí
Hercher,PsSocrat#30,spurious,Ps-Socráticos,τυνδάρεῳ,Τυνδάρεῳ,1,0,0,30.6,sí
Hercher,PsSocrat#30,spurious,Ps-Socráticos,φλεγύαι,Φλεγύαι,1,0,0,30.8,sí
Hercher,PsSocrat#30,spurious,Ps-Socráticos,φυλλίδα,Φυλλίδα,1,0,0,30.6,sí
Hercher,PsSocrat#30,spurious,Ps-Socráticos,φωκέων,Φωκέων,1,0,0,30.8,sí
Hercher,PsSocrat#30,spurious,Ps-Socráticos,χαλκιδέων,Χαλκιδέων,1,0,0,30.5,sí
Hercher,PsSocrat#30,spurious,Ps-Socráticos,χαλκιδεῖσ,Χαλκιδεῖς,2,0,0,30.6|30.7,sí
Hercher,PsSocrat#30,spurious,Ps-Socráticos,χαράττῃ,Χαράττῃ,1,0,0,30.7,sí
Hercher,PsSocrat#30,spurious,Ps-Socráticos,ἀγησιλάῳ,Ἀγησιλάῳ,1,0,0,30.13,sí
Hercher,PsSocrat#30,spurious,Ps-Socráticos,ἀθήνησι,Ἀθήνησι,1,0,0,30.1,sí
Hercher,PsSocrat#30,spurious,Ps-Socráticos,ἀθηναίουσ,Ἀθηναίους,1,0,0,30.6,sí
Hercher,PsSocrat#30,spurious,Ps-Socráticos,ἀθηναίων,Ἀθηναίων,1,1,1,30.5,dudoso
Hercher,PsSocrat#30,spurious,Ps-Socráticos,ἀλέξανδρον,Ἀλέξανδρον,1,0,2,30.3,dudoso
Hercher,PsSocrat#30,spurious,Ps-Socráticos,ἀλέξανδροσ,Ἀλέξανδρος,1,0,1,30.3,dudoso
Hercher,PsSocrat#30,spurious,Ps-Socráticos,ἀλεξάνδρου,Ἀλεξάνδρου,3,0,0,30.3|30.7,sí
Hercher,PsSocrat#30,spurious,Ps-Socráticos,ἀλεξάνδρῳ,Ἀλεξάνδρῳ,1,0,1,30.13,dudoso
Hercher,PsSocrat#30,spurious,Ps-Socráticos,ἀλεύου,Ἀλεύου,1,0,0,30.3,sí
Hercher,PsSocrat#30,spurious,Ps-Socráticos,ἀλκιβιάδησ,Ἀλκιβιάδης,1,0,0,30.10,sí
Hercher,PsSocrat#30,spurious,Ps-Socráticos,ἀλκιβιάδου,Ἀλκιβιάδου,1,0,0,30.9,sí
Hercher,PsSocrat#30,spurious,Ps-Socráticos,ἀλκυονέα,Ἀλκυονέα,1,0,0,30.6,sí
Hercher,PsSocrat#30,spurious,Ps-Socráticos,ἀμβρακίαν,Ἀμβρακίαν,1,0,0,30.7,sí
Hercher,PsSocrat#30,spurious,Ps-Socráticos,ἀμβρακικήν,Ἀμβρακικὴν,1,0,0,30.7,sí
Hercher,PsSocrat#30,spurious,Ps-Socráticos,ἀμφικτυονικῶν,Ἀμφικτυονικῶν,1,0,0,30.8,sí
Hercher,PsSocrat#30,spurious,Ps-Socráticos,ἀμφικτυόνων,Ἀμφικτυόνων,3,0,0,30.8,sí
Hercher,PsSocrat#30,spurious,Ps-Socráticos,ἀμφικτύονεσ,Ἀμφικτύονες,3,0,0,30.8,sí
Hercher,PsSocrat#30,spurious,Ps-Socráticos,ἀμφιπολιτικόν,Ἀμφιπολιτικὸν,1,0,0,30.6,sí
Hercher,PsSocrat#30,spurious,Ps-Socráticos,ἀμφιπολῖτιν,Ἀμφιπολῖτιν,1,0,0,30.6,sí
Hercher,PsSocrat#30,spurious,Ps-Socráticos,ἀμφιπόλεώσ,Ἀμφιπόλεώς,1,0,0,30.14,sí
Hercher,PsSocrat#30,spurious,Ps-Socráticos,ἀμύντασ,Ἀμύντας,1,0,0,30.10,sí
Hercher,PsSocrat#30,spurious,Ps-Socráticos,ἀντίπατρον,Ἀντίπατρον,1,0,0,30.12,sí
Hercher,PsSocrat#30,spurious,Ps-Socráticos,ἀντίπατροσ,Ἀντίπατρος,1,0,0,30.1,sí
Hercher,PsSocrat#30,spurious,Ps-Socráticos,ἀντιπάτρου,Ἀντιπάτρου,2,0,0,30.8|30.14,sí
Hercher,PsSocrat#30,spurious,Ps-Socráticos,ἀντιπάτρῳ,Ἀντιπάτρῳ,1,0,0,30.5,sí
Hercher,PsSocrat#30,spurious,Ps-Socráticos,ἀπόλλωνοσ,Ἀπόλλωνος,1,0,1,30.8,dudoso
Hercher,PsSocrat#30,spurious,Ps-Socráticos,ἀριστοδήμου,Ἀριστοδήμου,1,0,0,30.6,sí
Hercher,PsSocrat#30,spurious,Ps-Socráticos,ἀριστομάχῳ,Ἀριστομάχῳ,1,0,0,30.7,sí
Hercher,PsSocrat#30,spurious,Ps-Socráticos,ἀχαιούσ,Ἀχαιοὺς,1,0,0,30.6,sí
Hercher,PsSocrat#30,spurious,Ps-Socráticos,ἐλλάδα,Ἐλλάδα,3,0,0,30.1|30.3,sí
Hercher,PsSocrat#30,spurious,Ps-Socráticos,ἐρετριεῖσ,Ἐρετριεῖς,1,0,0,30.6,sí
Hercher,PsSocrat#30,spurious,Ps-Socráticos,ἑλλάδα,Ἑλλάδα,1,0,1,30.2,dudoso
Hercher,PsSocrat#30,spurious,Ps-Socráticos,ἑλλήνων,Ἑλλήνων,2,0,0,30.4|30.5,sí
Hercher,PsSocrat#30,spurious,Ps-Socráticos,ἑλληνικάσ,Ἑλληνικὰς,1,0,0,30.1,sí
Hercher,PsSocrat#30,spurious,Ps-Socráticos,ἑλληνικῶν,Ἑλληνικῶν,1,0,0,30.12,sí
Hercher,PsSocrat#30,spurious,Ps-Socráticos,ἕλληνεσ,Ἕλληνες,2,0,0,30.3,sí
Hercher,PsSocrat#30,spurious,Ps-Socráticos,ἕλλησι,Ἕλλησι,1,0,2,30.3,dudoso
Hercher,PsSocrat#30,spurious,Ps-Socráticos,ἠδωνῶν,Ἠδωνῶν,1,0,0,30.7,sí
Hercher,PsSocrat#30,spurious,Ps-Socráticos,ἡλρακλέουσ,Ἡλρακλέους,1,0,0,30.6,sí
Hercher,PsSocrat#30,spurious,Ps-Socráticos,ἡράκλειον,Ἡράκλειον,1,0,0,30.3,sí
Hercher,PsSocrat#30,spurious,Ps-Socráticos,ἡρακελιδῶν,Ἡρακελιδῶν,1,0,0,30.6,sí
Hercher,PsSocrat#30,spurious,Ps-Socráticos,ἡρακλέουσ,Ἡρακλέους,4,0,0,30.3|30.6|30.8|30.14,sí
Hercher,PsSocrat#30,spurious,Ps-Socráticos,ἡρακλειδῶν,Ἡρακλειδῶν,3,0,0,30.5|30.6,sí
Hercher,PsSocrat#30,spurious,Ps-Socráticos,ἡρακλῆσ,Ἡρακλῆς,2,0,0,30.2|30.7,sí
Hercher,PsSocrat#30,spurious,Ps-Socráticos,ἡρόδοτον,Ἡρόδοτον,1,0,0,30.4,sí
Hercher,PsSocrat#30,spurious,Ps-Socráticos,ἰλλυριῶν,Ἰλλυριῶν,1,0,0,30.5,sí
Hercher,PsSocrat#30,spurious,Ps-Socráticos,ἰσοκράτει,Ἰσοκράτει,1,0,0,30.3,sí
Hercher,PsSocrat#30,spurious,Ps-Socráticos,ἰσοκράτησ,Ἰσοκράτης,2,0,0,30.2|30.13,sí
Hercher,PsSocrat#30,spurious,Ps-Socráticos,ἰσοκράτουσ,Ἰσοκράτους,4,0,0,30.1|30.4|30.8|30.11,sí
Hercher,PsSocrat#30,spurious,Ps-Socráticos,ἱπποκόωντα,Ἱπποκόωντα,1,0,0,30.6,sí
Hercher,PsSocrat#30,spurious,Ps-Socráticos,ὀλυνθίοισ,Ὀλυνθίοις,1,0,0,30.5,sí
Hercher,PsSocrat#30,spurious,Ps-Socráticos,ὀλυνθίουσ,Ὀλυνθίους,1,0,0,30.5,sí
Hercher,PsSocrat#30,spurious,Ps-Socráticos,ὀλυνθίων,Ὀλυνθίων,1,0,0,30.4,sí
Hercher,PsSocrat#31-33,spurious,Ps-Socráticos,περδίκκασ,Περδίκκας,1,0,0,31.1,sí
Hercher,PsSocrat#31-33,spurious,Ps-Socráticos,πλάτων,Πλάτων,1,0,0,32.1,sí
Hercher,PsSocrat#31-33,spurious,Ps-Socráticos,πλάτωνα,Πλάτωνα,1,0,0,32.2,sí
Hercher,PsSocrat#31-33,spurious,Ps-Socráticos,πλάτωνι,Πλάτωνι,1,0,0,32.3,sí
Hercher,PsSocrat#31-33,spurious,Ps-Socráticos,πλάτωνοσ,Πλάτωνος,2,0,0,32.1|32.2,sí
Hercher,PsSocrat#31-33,spurious,Ps-Socráticos,ἐνόμιζον,Ἐνόμιζον,1,2,44,32.1,no
Hercher,PsSocrat#31-33,spurious,Ps-Socráticos,ἔδοξέ,Ἔδοξέ,1,0,27,33.1,no
Hercher,PsSocrat#31-33,spurious,Ps-Socráticos,ἡσίοδον,Ἡσίοδον,1,0,0,31.1,sí
Hercher,PsSocrat#34-35,spurious,Ps-Socráticos,γηρυόνῃ,Γηρυόνῃ,1,0,0,35.1,sí
Hercher,PsSocrat#34-35,spurious,Ps-Socráticos,δαναοῖσιν,Δαναοῖσιν,1,0,0,35.1,sí
Hercher,PsSocrat#34-35,spurious,Ps-Socráticos,δελφούσ,Δελφοὺς,1,0,0,35.1,sí
Hercher,PsSocrat#34-35,spurious,Ps-Socráticos,διονυσίῳ,Διονυσίῳ,1,0,0,35.1,sí
Hercher,PsSocrat#34-35,spurious,Ps-Socráticos,μοίριδοσ,Μοίριδος,1,0,0,35.1,sí
Hercher,PsSocrat#34-35,spurious,Ps-Socráticos,οἶμαι,Οἶμαι,1,36,807,34.1,no
Hercher,PsSocrat#34-35,spurious,Ps-Socráticos,πλάτωνα,Πλάτωνα,1,0,0,34.2,sí
Hercher,PsSocrat#34-35,spurious,Ps-Socráticos,πολύξενοσ,Πολύξενος,1,0,0,35.1,sí
Hercher,PsSocrat#34-35,spurious,Ps-Socráticos,συρακουσίοισ,Συρακουσίοις,1,0,0,35.1,sí
Hercher,PsSocrat#34-35,spurious,Ps-Socráticos,φιλιστίωνα,Φιλιστίωνα,1,0,0,35.1,sí
Hercher,PsSocrat#34-35,spurious,Ps-Socráticos,φοίβου,Φοίβου,1,0,0,35.1,sí
Hercher,PsSocrat#34-35,spurious,Ps-Socráticos,ἀπόλλων,Ἀπόλλων,1,0,0,35.1,sí
Hercher,PsSocrat#34-35,spurious,Ps-Socráticos,ἐχεκράτουσ,Ἐχεκράτους,1,0,0,35.1,sí
Hercher,PsSocrat#34-35,spurious,Ps-Socráticos,ἔδοξέ,Ἔδοξέ,1,0,27,35.1,no
Hercher,PsSocrat#36-37,spurious,Ps-Socráticos,βούλομαί,Βούλομαί,1,1,4,36.1,no
Hercher,PsSocrat#36-37,spurious,Ps-Socráticos,βριάρεω,Βριάρεω,1,0,0,36.1,sí
Hercher,PsSocrat#36-37,spurious,Ps-Socráticos,γαρότᾳ,Γαρότᾳ,1,0,0,36.1,sí
Hercher,PsSocrat#36-37,spurious,Ps-Socráticos,γηρυόνου,Γηρυόνου,1,0,0,36.1,sí
Hercher,PsSocrat#36-37,spurious,Ps-Socráticos,κέκροποσ,Κέκροπος,1,0,0,36.1,sí
Hercher,PsSocrat#36-37,spurious,Ps-Socráticos,κλεινία,Κλεινία,1,0,0,37.1,sí
Hercher,PsSocrat#36-37,spurious,Ps-Socráticos,λακεδαίμονα,Λακεδαίμονα,1,0,0,36.1,sí
Hercher,PsSocrat#36-37,spurious,Ps-Socráticos,λακεδαιμονίουσ,Λακεδαιμονίους,1,0,0,36.1,sí
Hercher,PsSocrat#36-37,spurious,Ps-Socráticos,λασθένεια,Λασθένεια,1,0,0,36.1,sí
Hercher,PsSocrat#36-37,spurious,Ps-Socráticos,πολύξενόν,Πολύξενόν,1,0,0,36.1,sí
Hercher,PsSocrat#36-37,spurious,Ps-Socráticos,σικελίαν,Σικελίαν,1,0,0,36.1,sí
Hercher,PsSocrat#36-37,spurious,Ps-Socráticos,σπεύσιπποσ,Σπεύσιππος,1,0,0,36.1,sí
Hercher,PsSocrat#36-37,spurious,Ps-Socráticos,ταῦτά,Ταῦτά,1,13,238,37.1,no
Hercher,PsSocrat#36-37,spurious,Ps-Socráticos,φιλιστίων,Φιλιστίων,1,0,0,36.1,sí
Hercher,PsSocrat#36-37,spurious,Ps-Socráticos,ἀθηναίοισ,Ἀθηναίοις,1,0,0,36.1,sí
Hercher,PsSocrat#36-37,spurious,Ps-Socráticos,ἄδραστοσ,Ἄδραστος,1,0,0,37.1,sí
Hercher,PsSocrat#36-37,spurious,Ps-Socráticos,ἑλλάδοσ,Ἑλλάδος,1,0,0,36.1,sí
Hercher,PsSocrat#36-37,spurious,Ps-Socráticos,ἑρμείαν,Ἑρμείαν,1,0,0,36.1,sí
Hercher,PsSocrat#36-37,spurious,Ps-Socráticos,ἰταλίᾳ,Ἰταλίᾳ,1,0,0,36.1,sí
Hercher,PsSocrat#36-37,spurious,Ps-Socráticos,ἴωνάσ,Ἴωνάς,1,0,0,36.1,sí
Hercher,PsSocrat#8-9,spurious,Ps-Socráticos,γελώων,Γελώων,1,0,0,9.3,sí
Hercher,PsSocrat#8-9,spurious,Ps-Socráticos,διονυσίου,Διονυσίου,2,0,0,8.1|9.1,sí
Hercher,PsSocrat#8-9,spurious,Ps-Socráticos,διονυσίω,Διονυσίω,1,0,0,9.4,sí
Hercher,PsSocrat#8-9,spurious,Ps-Socráticos,κακοδαιμονοῦμεν,Κακοδαιμονοῦμεν,1,0,1,9.1,dudoso
Hercher,PsSocrat#8-9,spurious,Ps-Socráticos,κρητικῶν,Κρητικῶν,1,0,0,9.2,sí
Hercher,PsSocrat#8-9,spurious,Ps-Socráticos,οὐκ,Οὐκ,1,340,11914,8.1,no
Hercher,PsSocrat#8-9,spurious,Ps-Socráticos,σίμωνα,Σίμωνα,1,0,0,9.4,sí
Hercher,PsSocrat#8-9,spurious,Ps-Socráticos,σικελίασ,Σικελίας,1,0,0,8.1,sí
Hercher,PsSocrat#8-9,spurious,Ps-Socráticos,σικελικάσ,Σικελικὰς,1,0,0,9.1,sí
Hercher,PsSocrat#8-9,spurious,Ps-Socráticos,σικελικαῖσ,Σικελικαῖς,1,0,0,8.1,sí
Hercher,PsSocrat#8-9,spurious,Ps-Socráticos,σικελιῶται,Σικελιῶται,1,0,0,9.3,sí
Hercher,PsSocrat#8-9,spurious,Ps-Socráticos,συρακουσῶν,Συρακουσῶν,1,0,0,8.1,sí
Hercher,PsSocrat#8-9,spurious,Ps-Socráticos,συρακούσιοι,Συρακούσιοι,1,0,0,9.3,sí
Hercher,PsSocrat#8-9,spurious,Ps-Socráticos,σωκρατικῶν,Σωκρατικῶν,1,0,0,9.1,sí
Hercher,PsSocrat#8-9,spurious,Ps-Socráticos,τάραντοσ,Τάραντος,1,0,0,9.1,sí
Hercher,PsSocrat#8-9,spurious,Ps-Socráticos,ἀθήναισ,Ἀθήναις,1,0,0,9.2,sí
Hercher,PsSocrat#8-9,spurious,Ps-Socráticos,ἀκραγαντίνων,Ἀκραγαντίνων,1,0,0,9.3,sí
Hercher,PsSocrat#8-9,spurious,Ps-Socráticos,ἀντίκυραν,Ἀντίκυραν,1,0,0,8.1,sí
Hercher,PsSocrat#8-9,spurious,Ps-Socráticos,ἀντίσθενεσ,Ἀντίσθενες,1,0,0,9.1,sí
Hercher,PsSocrat#8-9,spurious,Ps-Socráticos,ἐννεακρούνω,Ἐννεακρούνω,1,0,0,9.2,sí
Hercher,PsSocrat#8-9,spurious,Ps-Socráticos,ἡρακλέα,Ἡρακλέα,1,0,0,9.4,sí
Hercher,PsSolon,spurious,Ps-Solón,οὔτε,Οὔτε,1,167,3572,urn:cts:greekLit:tlg1681.tlg001.1st1K-grc1.2,no
Hercher,PsSolon,spurious,Ps-Solón,πεισίστρατον,Πεισίστρατον,1,0,0,urn:cts:greekLit:tlg1681.tlg001.1st1K-grc1.2,sí
Hercher,PsSolon,spurious,Ps-Solón,πεισιστράτου,Πεισιστράτου,2,0,0,urn:cts:greekLit:tlg1681.tlg001.1st1K-grc1.2|urn:cts:greekLit:tlg1681.tlg001.1st1K-grc1.4,sí
Hercher,PsSolon,spurious,Ps-Solón,πεισιστράτῳ,Πεισιστράτῳ,2,0,0,urn:cts:greekLit:tlg1681.tlg001.1st1K-grc1.2,sí
Hercher,PsSolon,spurious,Ps-Solón,πιστεύω,Πιστεύω,1,1,41,urn:cts:greekLit:tlg1681.tlg001.1st1K-grc1.3,no
Hercher,PsSolon,spurious,Ps-Solón,σόλων,Σόλων,1,0,0,urn:cts:greekLit:tlg1681.tlg001.1st1K-grc1.2,sí
Hercher,PsSolon,spurious,Ps-Solón,σόλωνοσ,Σόλωνος,1,0,0,urn:cts:greekLit:tlg1681.tlg001.1st1K-grc1.2,sí
Hercher,PsSolon,spurious,Ps-Solón,ἀθήναζε,Ἀθήναζε,1,0,0,urn:cts:greekLit:tlg1681.tlg001.1st1K-grc1.3,sí
Hercher,PsSolon,spurious,Ps-Solón,ἀθήνησι,Ἀθήνησι,1,0,0,urn:cts:greekLit:tlg1681.tlg001.1st1K-grc1.4,sí
Hercher,PsSolon,spurious,Ps-Solón,ἀθηναίοισ,Ἀθηναίοις,1,0,0,urn:cts:greekLit:tlg1681.tlg001.1st1K-grc1.3,sí
Hercher,PsSolon,spurious,Ps-Solón,ἀθηναίουσ,Ἀθηναίους,2,0,0,urn:cts:greekLit:tlg1681.tlg001.1st1K-grc1.2,sí
Hercher,PsSolon,spurious,Ps-Solón,ἀθηναίων,Ἀθηναίων,1,1,1,urn:cts:greekLit:tlg1681.tlg001.1st1K-grc1.3,dudoso
Hercher,PsSolon,spurious,Ps-Solón,ἀθηνᾶν,Ἀθηνᾶν,1,0,0,urn:cts:greekLit:tlg1681.tlg001.1st1K-grc1.4,sí
Hercher,PsSolon,spurious,Ps-Solón,ἀπαγγέλλεισ,Ἀπαγγέλλεις,1,0,0,urn:cts:greekLit:tlg1681.tlg001.1st1K-grc1.1,sí
Hercher,PsSolon,spurious,Ps-Solón,ἄγαμαί,Ἄγαμαί,1,0,1,urn:cts:greekLit:tlg1681.tlg001.1st1K-grc1.4,dudoso
Hercher,PsThem#1-2,spurious,Ps-Temístocles,αἰσχύλε,Αἰσχύλε,1,0,0,1,sí
Hercher,PsThem#1-2,spurious,Ps-Temístocles,βοσπόρου,Βοσπόρου,1,0,0,2,sí
Hercher,PsThem#1-2,spurious,Ps-Temístocles,δελφούσ,Δελφοὺς,2,0,0,1,sí
Hercher,PsThem#1-2,spurious,Ps-Temístocles,δελφοῖσ,Δελφοῖς,1,0,0,1,sí
Hercher,PsThem#1-2,spurious,Ps-Temístocles,εὐκράτησ,Εὐκράτης,1,0,0,1,sí
Hercher,PsThem#1-2,spurious,Ps-Temístocles,μελέαγροσ,Μελέαγρος,1,0,0,1,sí
Hercher,PsThem#1-2,spurious,Ps-Temístocles,νεοκλέα,Νεοκλέα,2,0,0,1,sí
Hercher,PsThem#1-2,spurious,Ps-Temístocles,νικίασ,Νικίας,1,0,0,1,sí
Hercher,PsThem#1-2,spurious,Ps-Temístocles,παυσανία,Παυσανία,5,0,0,2,sí
Hercher,PsThem#1-2,spurious,Ps-Temístocles,ἀθήναισ,Ἀθήναις,1,0,0,2,sí
Hercher,PsThem#1-2,spurious,Ps-Temístocles,ἀθήνησι,Ἀθήνησι,1,0,0,1,sí
Hercher,PsThem#1-2,spurious,Ps-Temístocles,ἀθηναίοισ,Ἀθηναίοις,3,0,0,1,sí
Hercher,PsThem#1-2,spurious,Ps-Temístocles,ἀθηναίουσ,Ἀθηναίους,1,0,0,1,sí
Hercher,PsThem#1-2,spurious,Ps-Temístocles,ἀθηναίων,Ἀθηναίων,2,1,1,2,dudoso
Hercher,PsThem#1-2,spurious,Ps-Temístocles,ἀθηναῖοι,Ἀθηναῖοι|Ἀθηναῖοι,3,0,0,2,sí
Hercher,PsThem#1-2,spurious,Ps-Temístocles,ἀθηνῶν,Ἀθηνῶν,1,0,0,2,sí
Hercher,PsThem#1-2,spurious,Ps-Temístocles,ἀπερχόμενοι,Ἀπερχόμενοι,1,0,1,1,dudoso
Hercher,PsThem#1-2,spurious,Ps-Temístocles,ἀργείων,Ἀργείων,1,0,0,1,sí
Hercher,PsThem#1-2,spurious,Ps-Temístocles,ἀργεῖοι,Ἀργεῖοι,1,0,0,2,sí
Hercher,PsThem#1-2,spurious,Ps-Temístocles,ἄργει,Ἄργει,4,0,0,1|2,sí
Hercher,PsThem#1-2,spurious,Ps-Temístocles,ἄργοσ,Ἄργος,2,0,0,1,sí
Hercher,PsThem#1-2,spurious,Ps-Temístocles,ἄργουσ,Ἄργους,3,0,0,1|2,sí
Hercher,PsThem#1-2,spurious,Ps-Temístocles,ἐξωστρακίσμεθα,Ἐξωστρακίσμεθα,1,0,0,2,sí
Hercher,PsThem#1-2,spurious,Ps-Temístocles,ἑλλησπόντου,Ἑλλησπόντου,1,0,0,2,sí
Hercher,PsThem#1-2,spurious,Ps-Temístocles,ἰωνικοῦ,Ἰωνικοῦ,1,0,0,2,sí
Hercher,PsThem#12-13,spurious,Ps-Temístocles,εὔβοιαν,Εὔβοιαν,1,0,0,13,sí
Hercher,PsThem#12-13,spurious,Ps-Temístocles,λακεδαιμονίοισ,Λακεδαιμονίοις,1,0,0,13,sí
Hercher,PsThem#12-13,spurious,Ps-Temístocles,λυσιμάχου,Λυσιμάχου,1,0,0,12,sí
Hercher,PsThem#12-13,spurious,Ps-Temístocles,μήδουσ,Μήδους,1,0,0,13,sí
Hercher,PsThem#12-13,spurious,Ps-Temístocles,μήδων,Μήδων,1,0,0,13,sí
Hercher,PsThem#12-13,spurious,Ps-Temístocles,μεγακλέα,Μεγακλέα,1,0,0,13,sí
Hercher,PsThem#12-13,spurious,Ps-Temístocles,μῆδοι,Μῆδοι,1,0,0,13,sí
Hercher,PsThem#12-13,spurious,Ps-Temístocles,πέρσασ,Πέρσας,1,0,1,12,dudoso
Hercher,PsThem#12-13,spurious,Ps-Temístocles,πολύγνωτε,Πολύγνωτε|Πολύγνωτε,5,0,0,13,sí
Hercher,PsThem#12-13,spurious,Ps-Temístocles,σαλαμῖνι,Σαλαμῖνι,2,0,0,12|13,sí
Hercher,PsThem#12-13,spurious,Ps-Temístocles,ἀθήναισ,Ἀθήναις,1,0,0,13,sí
Hercher,PsThem#12-13,spurious,Ps-Temístocles,ἀθηναίοισ,Ἀθηναίοις,1,0,0,13,sí
Hercher,PsThem#12-13,spurious,Ps-Temístocles,ἀθηναίσισ,Ἀθηναίσις,1,0,0,13,sí
Hercher,PsThem#12-13,spurious,Ps-Temístocles,ἀθηναίων,Ἀθηναίων,2,1,1,13,dudoso
Hercher,PsThem#12-13,spurious,Ps-Temístocles,ἀθηναῖοι,Ἀθηναῖοι,1,0,0,13,sí
Hercher,PsThem#12-13,spurious,Ps-Temístocles,ἀθηνῶν,Ἀθηνῶν|Ἀθηνῶν,3,0,0,13,sí
Hercher,PsThem#12-13,spurious,Ps-Temístocles,ἀργείοισ,Ἀργείοις,1,0,0,13,sí
Hercher,PsThem#12-13,spurious,Ps-Temístocles,ἀργείων,Ἀργείων,1,0,0,13,sí
Hercher,PsThem#12-13,spurious,Ps-Temístocles,ἀργεῖοι,Ἀργεῖοι,1,0,0,13,sí
Hercher,PsThem#12-13,spurious,Ps-Temístocles,ἀριστείδη,Ἀριστείδη,1,0,0,12,sí
Hercher,PsThem#12-13,spurious,Ps-Temístocles,ἀριστείδησ,Ἀριστείδης,1,0,0,12,sí
Hercher,PsThem#12-13,spurious,Ps-Temístocles,ἀττικῇ,Ἀττικῇ,1,0,0,13,sí
Hercher,PsThem#12-13,spurious,Ps-Temístocles,ἤραμεν,Ἤραμεν,1,1,2,12,dudoso
Hercher,PsThem#12-13,spurious,Ps-Temístocles,ἦπου,Ἦπου,1,3,6,13,no
Hercher,PsThem#14-15,spurious,Ps-Temístocles,αὐτόλυκε,Αὐτόλυκε,2,0,0,15,sí
Hercher,PsThem#14-15,spurious,Ps-Temístocles,γογγύλοσ,Γογγύλος,1,0,0,14,sí
Hercher,PsThem#14-15,spurious,Ps-Temístocles,καρῶν,Καρῶν,1,0,0,14,sí
Hercher,PsThem#14-15,spurious,Ps-Temístocles,κολωναί,Κολωναί,1,0,0,14,sí
Hercher,PsThem#14-15,spurious,Ps-Temístocles,λακεδαίμονα,Λακεδαίμονα,1,0,0,14,sí
Hercher,PsThem#14-15,spurious,Ps-Temístocles,λακεδαιμονίων,Λακεδαιμονίων,2,0,0,14,sí
Hercher,PsThem#14-15,spurious,Ps-Temístocles,λακεδαιμόνιον,Λακεδαιμόνιον,1,0,0,14,sí
Hercher,PsThem#14-15,spurious,Ps-Temístocles,λακεδαιμόνιοσ,Λακεδαιμόνιος,1,0,0,14,sí
Hercher,PsThem#14-15,spurious,Ps-Temístocles,μήδοισ,Μήδοις,1,0,0,14,sí
Hercher,PsThem#14-15,spurious,Ps-Temístocles,μναστορίδασ,Μναστορίδας,1,0,0,14,sí
Hercher,PsThem#14-15,spurious,Ps-Temístocles,μῆδοσ,Μῆδος,1,0,0,14,sí
Hercher,PsThem#14-15,spurious,Ps-Temístocles,παυσανία,Παυσανία,2,0,0,14,sí
Hercher,PsThem#14-15,spurious,Ps-Temístocles,πελοποννήσου,Πελοποννήσου,1,0,0,14,sí
Hercher,PsThem#14-15,spurious,Ps-Temístocles,σπάρτῃ,Σπάρτῃ,1,0,0,14,sí
Hercher,PsThem#14-15,spurious,Ps-Temístocles,τρωάσ,Τρωὰς,1,0,0,14,sí
Hercher,PsThem#14-15,spurious,Ps-Temístocles,φρυγῶν,Φρυγῶν,1,0,0,14,sí
Hercher,PsThem#14-15,spurious,Ps-Temístocles,ἀθήναισ,Ἀθήναις,1,0,0,15,sí
Hercher,PsThem#14-15,spurious,Ps-Temístocles,ἀθηναίοισ,Ἀθηναίοις,1,0,0,15,sí
Hercher,PsThem#14-15,spurious,Ps-Temístocles,ἀθηναίουσ,Ἀθηναίους,1,0,0,15,sí
Hercher,PsThem#14-15,spurious,Ps-Temístocles,ἀπολελόγησαι,Ἀπολελόγησαι,1,0,0,14,sí
Hercher,PsThem#14-15,spurious,Ps-Temístocles,ἀρτάβαζοσ,Ἀρτάβαζος,1,0,0,14,sí
Hercher,PsThem#14-15,spurious,Ps-Temístocles,ἀρταβάζῳ,Ἀρταβάζῳ,1,0,0,14,sí
Hercher,PsThem#14-15,spurious,Ps-Temístocles,ἐρετριέων,Ἐρετριέων,1,0,0,14,sí
Hercher,PsThem#14-15,spurious,Ps-Temístocles,ἑλλάδα,Ἑλλάδα,2,0,1,14,dudoso
Hercher,PsThem#14-15,spurious,Ps-Temístocles,ἑλλήνων,Ἑλλήνων,1,0,0,14,sí
Hercher,PsThem#14-15,spurious,Ps-Temístocles,ἑλληνίδα,Ἑλληνίδα,1,0,1,14,dudoso
Hercher,PsThem#14-15,spurious,Ps-Temístocles,ἑλλησπόντῳ,Ἑλλησπόντῳ,1,0,0,14,sí
Hercher,PsThem#14-15,spurious,Ps-Temístocles,ἧσσον,Ἧσσον,1,5,13,15,no
Hercher,PsThem#16,spurious,Ps-Temístocles,αὐτολύκῳ,Αὐτολύκῳ,1,0,0,16,sí
Hercher,PsThem#16,spurious,Ps-Temístocles,εἰώθεισ,Εἰώθεις,1,0,1,16,dudoso
Hercher,PsThem#16,spurious,Ps-Temístocles,λακεδαίμονα,Λακεδαίμονα,2,0,0,16,sí
Hercher,PsThem#16,spurious,Ps-Temístocles,λακεδαιμονίουσ,Λακεδαιμονίους,1,0,0,16,sí
Hercher,PsThem#16,spurious,Ps-Temístocles,μήδοισ,Μήδοις,1,0,0,16,sí
Hercher,PsThem#16,spurious,Ps-Temístocles,μήδουσ,Μήδους,1,0,0,16,sí
Hercher,PsThem#16,spurious,Ps-Temístocles,μῆδοσ,Μῆδος,1,0,0,16,sí
Hercher,PsThem#16,spurious,Ps-Temístocles,παυσανίαν,Παυσανίαν|Παυσανίαν,4,0,0,16,sí
Hercher,PsThem#16,spurious,Ps-Temístocles,παυσανίασ,Παυσανίας,6,0,0,16,sí
Hercher,PsThem#16,spurious,Ps-Temístocles,παυσανίου,Παυσανίου|Παυσανίου,5,0,0,16,sí
Hercher,PsThem#16,spurious,Ps-Temístocles,παυσανίᾳ,Παυσανίᾳ,1,0,0,16,sí
Hercher,PsThem#16,spurious,Ps-Temístocles,πλαταιαῖσ,Πλαταιαῖς,2,0,0,16,sí
Hercher,PsThem#16,spurious,Ps-Temístocles,ταίναρον,Ταίναρον,1,0,0,16,sí
Hercher,PsThem#16,spurious,Ps-Temístocles,χαλκιοίκου,Χαλκιοίκου,1,0,0,16,sí
Hercher,PsThem#16,spurious,Ps-Temístocles,ἀθηνᾶσ,Ἀθηνᾶς,1,0,0,16,sí
Hercher,PsThem#16,spurious,Ps-Temístocles,ἀλκέτα,Ἀλκέτα,4,0,0,16,sí
Hercher,PsThem#16,spurious,Ps-Temístocles,ἀρταβάζῳ,Ἀρταβάζῳ|Ἀρταβάζῳ,2,0,0,16,sí
Hercher,PsThem#16,spurious,Ps-Temístocles,ἀσίαν,Ἀσίαν,2,0,0,16,sí
Hercher,PsThem#16,spurious,Ps-Temístocles,ἐλλάδα,Ἐλλάδα,1,0,0,16,sí
Hercher,PsThem#16,spurious,Ps-Temístocles,ἑλλάδα,Ἑλλάδα|Ἑλλάδα,2,0,1,16,dudoso
Hercher,PsThem#16,spurious,Ps-Temístocles,ἑλλήνων,Ἑλλήνων,2,0,0,16,sí
Hercher,PsThem#16,spurious,Ps-Temístocles,ἑλλησπόντῳ,Ἑλλησπόντῳ|Ἑλλησπόντῳ,2,0,0,16,sí
Hercher,PsThem#16,spurious,Ps-Temístocles,ἕλλην,Ἕλλην,1,0,0,16,sí
Hercher,PsThem#16,spurious,Ps-Temístocles,ἕλληνα,Ἕλληνα,1,0,0,16,sí
Hercher,PsThem#17-19,spurious,Ps-Temístocles,αὐτόλυκοσ,Αὐτόλυκος,2,0,0,19,sí
Hercher,PsThem#17-19,spurious,Ps-Temístocles,δωρικόν,Δωρικὸν,1,0,0,18,sí
Hercher,PsThem#17-19,spurious,Ps-Temístocles,κέρκυραν,Κέρκυραν,1,0,0,17,sí
Hercher,PsThem#17-19,spurious,Ps-Temístocles,κερκυραῖοι,Κερκυραῖοι,1,0,0,17,sí
Hercher,PsThem#17-19,spurious,Ps-Temístocles,κυλλήνησ,Κυλλήνης,1,0,0,17,sí
Hercher,PsThem#17-19,spurious,Ps-Temístocles,πολύγνωτοσ,Πολύγνωτος,1,0,0,18,sí
Hercher,PsThem#17-19,spurious,Ps-Temístocles,τήν,Τὴν,1,665,37211,18,no
Hercher,PsThem#17-19,spurious,Ps-Temístocles,ἀθήναισ,Ἀθήναις,1,0,0,19,sí
Hercher,PsThem#17-19,spurious,Ps-Temístocles,ἀθηναίουσ,Ἀθηναίους,1,0,0,18,sí
Hercher,PsThem#17-19,spurious,Ps-Temístocles,ἀθηναῖοι,Ἀθηναῖοι,1,0,0,18,sí
Hercher,PsThem#17-19,spurious,Ps-Temístocles,ἀνταγόρα,Ἀνταγόρα,2,0,0,19,sí
Hercher,PsThem#17-19,spurious,Ps-Temístocles,ἀνταγόρασ,Ἀνταγόρας,1,0,0,19,sí
Hercher,PsThem#17-19,spurious,Ps-Temístocles,ἀριστείδη,Ἀριστείδη,1,0,0,18,sí
Hercher,PsThem#17-19,spurious,Ps-Temístocles,ἀριστείδησ,Ἀριστείδης,2,0,0,19,sí
Hercher,PsThem#17-19,spurious,Ps-Temístocles,ἀριστείδῃ,Ἀριστείδῃ,1,0,0,19,sí
Hercher,PsThem#17-19,spurious,Ps-Temístocles,ἀριστειδη,Ἀριστειδη,1,0,0,19,sí
Hercher,PsThem#17-19,spurious,Ps-Temístocles,ἀφίγμεθα,Ἀφίγμεθα,1,1,4,17,no
Hercher,PsThem#17-19,spurious,Ps-Temístocles,ἐπηγγέλλεσθέ,Ἐπηγγέλλεσθέ,1,0,0,19,sí
Hercher,PsThem#17-19,spurious,Ps-Temístocles,ἑλλήνων,Ἑλλήνων|Ἑλλήνων,2,0,0,18,sí
Hercher,PsThem#17-19,spurious,Ps-Temístocles,ἰωνικοῦ,Ἰωνικοῦ,1,0,0,18,sí
Hercher,PsThem#20-21,spurious,Ps-Temístocles,αὐσόνιον,Αὐσόνιον,1,0,0,20,sí
Hercher,PsThem#20-21,spurious,Ps-Temístocles,βάξον,Βάξον,1,0,0,20,sí
Hercher,PsThem#20-21,spurious,Ps-Temístocles,βαργυλιήτησ,Βαργυλιήτης,1,0,0,20,sí
Hercher,PsThem#20-21,spurious,Ps-Temístocles,γέλων,Γέλων,1,0,0,20,sí
Hercher,PsThem#20-21,spurious,Ps-Temístocles,γέλωνα,Γέλωνα,1,0,0,20,sí
Hercher,PsThem#20-21,spurious,Ps-Temístocles,γελῶν,Γελῶν,1,1,15,20,no
Hercher,PsThem#20-21,spurious,Ps-Temístocles,δαρεῖοσ,Δαρεῖος,1,0,0,21,sí
Hercher,PsThem#20-21,spurious,Ps-Temístocles,διοπείθησ,Διοπείθης,1,0,0,20,sí
Hercher,PsThem#20-21,spurious,Ps-Temístocles,εὐρώπησ,Εὐρώπης,1,0,0,20,sí
Hercher,PsThem#20-21,spurious,Ps-Temístocles,θεμιστοκλέα,Θεμιστοκλέα|Θεμιστοκλέα,5,0,0,20,sí
Hercher,PsThem#20-21,spurious,Ps-Temístocles,θεμιστοκλέουσ,Θεμιστοκλέους,1,0,0,20,sí
Hercher,PsThem#20-21,spurious,Ps-Temístocles,θεμιστοκλεῖ,Θεμιστοκλεῖ|Θεμιστοκλεῖ,2,0,0,20,sí
Hercher,PsThem#20-21,spurious,Ps-Temístocles,θεμιστοκλῆσ,Θεμιστοκλῆς,1,0,0,20,sí
Hercher,PsThem#20-21,spurious,Ps-Temístocles,θεμιστόκλεισ,Θεμιστόκλεις,1,0,0,20,sí
Hercher,PsThem#20-21,spurious,Ps-Temístocles,θεσπρωτῶν,Θεσπρωτῶν,1,0,0,20,sí
Hercher,PsThem#20-21,spurious,Ps-Temístocles,κέρκυραν,Κέρκυραν,2,0,0,20,sí
Hercher,PsThem#20-21,spurious,Ps-Temístocles,καρίασ,Καρίας,1,0,0,20,sí
Hercher,PsThem#20-21,spurious,Ps-Temístocles,κεγχρέαθεν,Κεγχρέαθεν,1,0,0,21,sí
Hercher,PsThem#20-21,spurious,Ps-Temístocles,κερκυραίουσ,Κερκυραίους,1,0,0,20,sí
Hercher,PsThem#20-21,spurious,Ps-Temístocles,κερκυραῖοι,Κερκυραῖοι,2,0,0,20,sí
Hercher,PsThem#20-21,spurious,Ps-Temístocles,κερκύρᾳ,Κερκύρᾳ,1,0,0,20,sí
Hercher,PsThem#20-21,spurious,Ps-Temístocles,κορίνθου,Κορίνθου,1,0,0,21,sí
Hercher,PsThem#20-21,spurious,Ps-Temístocles,κυλλήνην,Κυλλήνην,1,0,0,20,sí
Hercher,PsThem#20-21,spurious,Ps-Temístocles,λάμψακον,Λάμψακον,1,0,0,20,sí
Hercher,PsThem#20-21,spurious,Ps-Temístocles,λάμψακόν,Λάμψακόν,1,0,0,20,sí
Hercher,PsThem#20-21,spurious,Ps-Temístocles,λακεδαιμονίοισ,Λακεδαιμονίοις,1,0,0,20,sí
Hercher,PsThem#20-21,spurious,Ps-Temístocles,λακεδαιμονίουσ,Λακεδαιμονίους,1,0,0,20,sí
Hercher,PsThem#20-21,spurious,Ps-Temístocles,λακεδαιμονίων,Λακεδαιμονίων,1,0,0,20,sí
Hercher,PsThem#20-21,spurious,Ps-Temístocles,λακεδαιμόνιοι,Λακεδαιμόνιοι,2,0,0,20,sí
Hercher,PsThem#20-21,spurious,Ps-Temístocles,λευκαδίων,Λευκαδίων,1,0,0,20,sí
Hercher,PsThem#20-21,spurious,Ps-Temístocles,μάξον,Μάξον,1,0,0,20,sí
Hercher,PsThem#20-21,spurious,Ps-Temístocles,μήδουσ,Μήδους,1,0,0,20,sí
Hercher,PsThem#20-21,spurious,Ps-Temístocles,μήδων,Μήδων,2,0,0,20,sí
Hercher,PsThem#20-21,spurious,Ps-Temístocles,μαγνησίαν,Μαγνησίαν,2,0,0,20,sí
Hercher,PsThem#20-21,spurious,Ps-Temístocles,μαγνησίᾳ,Μαγνησίᾳ,1,0,0,20,sí
Hercher,PsThem#20-21,spurious,Ps-Temístocles,μαιάνδρῳ,Μαιάνδρῳ,1,0,0,20,sí
Hercher,PsThem#20-21,spurious,Ps-Temístocles,μακεδονίαν,Μακεδονίαν,1,0,0,20,sí
Hercher,PsThem#20-21,spurious,Ps-Temístocles,μακεδόνων,Μακεδόνων,1,0,0,20,sí
Hercher,PsThem#20-21,spurious,Ps-Temístocles,μελέαγροσ,Μελέαγρος,1,0,0,20,sí
Hercher,PsThem#20-21,spurious,Ps-Temístocles,μολοσσούσ,Μολοσσοὺς|Μολοσσοὺς,2,0,0,20,sí
Hercher,PsThem#20-21,spurious,Ps-Temístocles,μολοσσῶν,Μολοσσῶν,2,0,0,20,sí
Hercher,PsThem#20-21,spurious,Ps-Temístocles,μολυσσούσ,Μολυσσοὺς,1,0,0,20,sí
Hercher,PsThem#20-21,spurious,Ps-Temístocles,μυοῦντα,Μυοῦντα|Μυοῦντα,2,0,0,20,sí
Hercher,PsThem#20-21,spurious,Ps-Temístocles,μῆδοι,Μῆδοι,2,0,0,20,sí
Hercher,PsThem#20-21,spurious,Ps-Temístocles,νάξου,Νάξου,1,0,0,20,sí
Hercher,PsThem#20-21,spurious,Ps-Temístocles,νικίασ,Νικίας,1,0,0,20,sí
Hercher,PsThem#20-21,spurious,Ps-Temístocles,ξέρξου,Ξέρξου,1,0,0,21,sí
Hercher,PsThem#20-21,spurious,Ps-Temístocles,ξέρξῃ,Ξέρξῃ,1,0,0,20,sí
Hercher,PsThem#20-21,spurious,Ps-Temístocles,πέρσαισ,Πέρσαις,1,0,1,21,dudoso
Hercher,PsThem#20-21,spurious,Ps-Temístocles,παυσανίαν,Παυσανίαν,1,0,0,20,sí
Hercher,PsThem#20-21,spurious,Ps-Temístocles,παυσανίου,Παυσανίου,2,0,0,20,sí
Hercher,PsThem#20-21,spurious,Ps-Temístocles,παυσανίᾳ,Παυσανίᾳ,1,0,0,20,sí
Hercher,PsThem#20-21,spurious,Ps-Temístocles,πελοποννήσου,Πελοποννήσου,1,0,0,20,sí
Hercher,PsThem#20-21,spurious,Ps-Temístocles,περσίδοσ,Περσίδος,1,0,0,20,sí
Hercher,PsThem#20-21,spurious,Ps-Temístocles,περσικήν,Περσικὴν,1,0,0,20,sí
Hercher,PsThem#20-21,spurious,Ps-Temístocles,περσῶν,Περσῶν,3,0,0,20,sí
Hercher,PsThem#20-21,spurious,Ps-Temístocles,πολύγνωτε,Πολύγνωτε|Πολύγνωτε,2,0,0,20,sí
Hercher,PsThem#20-21,spurious,Ps-Temístocles,πύδναν,Πύδναν,1,0,0,20,sí
Hercher,PsThem#20-21,spurious,Ps-Temístocles,σαλαμῖνα,Σαλαμῖνα,1,0,0,20,sí
Hercher,PsThem#20-21,spurious,Ps-Temístocles,σαλαμῖνι,Σαλαμῖνι,2,0,0,20,sí
Hercher,PsThem#20-21,spurious,Ps-Temístocles,σικελίαν,Σικελίαν,1,0,0,20,sí
Hercher,PsThem#20-21,spurious,Ps-Temístocles,συρακοσίων,Συρακοσίων,1,0,0,20,sí
Hercher,PsThem#20-21,spurious,Ps-Temístocles,ταῦτ’,Ταῦτ’,1,16,493,20,no
Hercher,PsThem#20-21,spurious,Ps-Temístocles,τῶν,Τῶν,1,724,41409,21,no
Hercher,PsThem#20-21,spurious,Ps-Temístocles,φρυγίᾳ,Φρυγίᾳ,1,0,0,20,sí
Hercher,PsThem#20-21,spurious,Ps-Temístocles,φρύγασ,Φρύγας,1,0,0,20,sí
Hercher,PsThem#20-21,spurious,Ps-Temístocles,χαλκίοικοσ,Χαλκίοικος,1,0,0,20,sí
Hercher,PsThem#20-21,spurious,Ps-Temístocles,ἀδμήτου,Ἀδμήτου,3,0,0,20|21,sí
Hercher,PsThem#20-21,spurious,Ps-Temístocles,ἀδμήτῳ,Ἀδμήτῳ|Ἀδμήτῳ,2,0,0,20,sí
Hercher,PsThem#20-21,spurious,Ps-Temístocles,ἀθήνασ,Ἀθήνας,1,0,0,20,sí
Hercher,PsThem#20-21,spurious,Ps-Temístocles,ἀθηναίοισ,Ἀθηναίοις,2,0,0,20,sí
Hercher,PsThem#20-21,spurious,Ps-Temístocles,ἀθηναίουσ,Ἀθηναίους|Ἀθηναίους,2,0,0,20,sí
Hercher,PsThem#20-21,spurious,Ps-Temístocles,ἀθηναίων,Ἀθηναίων|Ἀθηναίων,2,1,1,20,dudoso
Hercher,PsThem#20-21,spurious,Ps-Temístocles,ἀθηναῖε,Ἀθηναῖε,1,0,0,20,sí
Hercher,PsThem#20-21,spurious,Ps-Temístocles,ἀθηναῖοι,Ἀθηναῖοι,3,0,0,20,sí
Hercher,PsThem#20-21,spurious,Ps-Temístocles,ἀθηναῖον,Ἀθηναῖον,1,0,0,20,sí
Hercher,PsThem#20-21,spurious,Ps-Temístocles,ἀλέξανδρον,Ἀλέξανδρον,1,0,2,20,dudoso
Hercher,PsThem#20-21,spurious,Ps-Temístocles,ἀλεξάνδρου,Ἀλεξάνδρου,1,0,0,20,sí
Hercher,PsThem#20-21,spurious,Ps-Temístocles,ἀργείοισ,Ἀργείοις,1,0,0,20,sí
Hercher,PsThem#20-21,spurious,Ps-Temístocles,ἀρτάβαζον,Ἀρτάβαζον,2,0,0,20,sí
Hercher,PsThem#20-21,spurious,Ps-Temístocles,ἀρτάβαζοσ,Ἀρτάβαζος,1,0,0,20,sí
Hercher,PsThem#20-21,spurious,Ps-Temístocles,ἀρταβάζου,Ἀρταβάζου,1,0,0,20,sí
Hercher,PsThem#20-21,spurious,Ps-Temístocles,ἀρτεμίσιον,Ἀρτεμίσιον,1,0,0,20,sí
Hercher,PsThem#20-21,spurious,Ps-Temístocles,ἀρτεμισίῳ,Ἀρτεμισίῳ,1,0,0,20,sí
Hercher,PsThem#20-21,spurious,Ps-Temístocles,ἀσσύρια,Ἀσσύρια,1,0,0,21,sí
Hercher,PsThem#20-21,spurious,Ps-Temístocles,ἄδμητε,Ἄδμητε,2,0,0,20,sí
Hercher,PsThem#20-21,spurious,Ps-Temístocles,ἄδμητοσ,Ἄδμητος,1,0,0,20,sí
Hercher,PsThem#20-21,spurious,Ps-Temístocles,ἄργουσ,Ἄργους,2,0,0,20,sí
Hercher,PsThem#20-21,spurious,Ps-Temístocles,ἐρινύσ,Ἐρινύς,1,0,1,20,dudoso
Hercher,PsThem#20-21,spurious,Ps-Temístocles,ἑλλάδα,Ἑλλάδα,1,0,1,20,dudoso
Hercher,PsThem#20-21,spurious,Ps-Temístocles,ἑλλάδοσ,Ἑλλάδος,1,0,0,20,sí
Hercher,PsThem#20-21,spurious,Ps-Temístocles,ἑλλήνων,Ἑλλήνων,1,0,0,20,sí
Hercher,PsThem#20-21,spurious,Ps-Temístocles,ἑλληνικοῦ,Ἑλληνικοῦ,1,0,0,20,sí
Hercher,PsThem#20-21,spurious,Ps-Temístocles,ἑλληνων,Ἑλληνων,1,0,0,20,sí
Hercher,PsThem#20-21,spurious,Ps-Temístocles,ἑστιαιέωσ,Ἑστιαιέως,1,0,0,20,sí
Hercher,PsThem#20-21,spurious,Ps-Temístocles,ἔφεσον,Ἔφεσον,1,0,0,20,sí
Hercher,PsThem#20-21,spurious,Ps-Temístocles,ἕλληηνασ,Ἕλληηνας,1,0,0,20,sí
Hercher,PsThem#20-21,spurious,Ps-Temístocles,ἕλληνασ,Ἕλληνας,2,0,0,20,sí
Hercher,PsThem#20-21,spurious,Ps-Temístocles,ἕλληνεσ,Ἕλληνες,2,0,0,20,sí
Hercher,PsThem#20-21,spurious,Ps-Temístocles,ἠπείρῳ,Ἠπείρῳ,1,0,7,20,no
Hercher,PsThem#20-21,spurious,Ps-Temístocles,ἡλείων,Ἡλείων,1,0,0,20,sí
Hercher,PsThem#20-21,spurious,Ps-Temístocles,ἤπειρον,Ἤπειρον,1,0,18,20,no
Hercher,PsThem#20-21,spurious,Ps-Temístocles,ἰωνίαν,Ἰωνίαν,1,0,0,20,sí
Hercher,PsThem#20-21,spurious,Ps-Temístocles,ἱέρωνα,Ἱέρωνα,1,0,0,20,sí
Hercher,PsThem#3-4,spurious,Ps-Temístocles,δί’,Δί’,1,0,0,4,sí
Hercher,PsThem#3-4,spurious,Ps-Temístocles,κάλλαισχροσ,Κάλλαισχρος,1,0,0,4,sí
Hercher,PsThem#3-4,spurious,Ps-Temístocles,κέρκυραν,Κέρκυραν,1,0,0,3,sí
Hercher,PsThem#3-4,spurious,Ps-Temístocles,κλεοφάντου,Κλεοφάντου,1,0,0,4,sí
Hercher,PsThem#3-4,spurious,Ps-Temístocles,κλεόφαντον,Κλεόφαντον,1,0,0,4,sí
Hercher,PsThem#3-4,spurious,Ps-Temístocles,κυλωνείου,Κυλωνείου,1,0,0,4,sí
Hercher,PsThem#3-4,spurious,Ps-Temístocles,λακεδαίμονοσ,Λακεδαίμονος,1,0,0,4,sí
Hercher,PsThem#3-4,spurious,Ps-Temístocles,λακεδαιμονίοισ,Λακεδαιμονίοις,1,0,0,4,sí
Hercher,PsThem#3-4,spurious,Ps-Temístocles,λακεδαιμονίουσ,Λακεδαιμονίους,2,0,0,4,sí
Hercher,PsThem#3-4,spurious,Ps-Temístocles,λακεδαιμονίων,Λακεδαιμονίων,2,0,0,3|4,sí
Hercher,PsThem#3-4,spurious,Ps-Temístocles,λακεδαιμόνιοι,Λακεδαιμόνιοι|Λακεδαιμόνιοι,4,0,0,3|4,sí
Hercher,PsThem#3-4,spurious,Ps-Temístocles,λακωνικούσ,Λακωνικοὺς,1,0,0,4,sí
Hercher,PsThem#3-4,spurious,Ps-Temístocles,λυσικλέα,Λυσικλέα,1,0,0,4,sí
Hercher,PsThem#3-4,spurious,Ps-Temístocles,οὐ,Οὐ,1,362,13518,4,no
Hercher,PsThem#3-4,spurious,Ps-Temístocles,παυσανίαν,Παυσανίαν,1,0,0,4,sí
Hercher,PsThem#3-4,spurious,Ps-Temístocles,παυσανίασ,Παυσανίας,1,0,0,3,sí
Hercher,PsThem#3-4,spurious,Ps-Temístocles,παυσανίου,Παυσανίου,2,0,0,4,sí
Hercher,PsThem#3-4,spurious,Ps-Temístocles,παυσανίᾳ,Παυσανίᾳ,1,0,0,4,sí
Hercher,PsThem#3-4,spurious,Ps-Temístocles,πολύγνωτε,Πολύγνωτε|Πολύγνωτε,3,0,0,3,sí
Hercher,PsThem#3-4,spurious,Ps-Temístocles,σίκιννοσ,Σίκιννος,1,0,0,4,sí
Hercher,PsThem#3-4,spurious,Ps-Temístocles,σπαρτιάταισ,Σπαρτιάταις,2,0,0,4,sí
Hercher,PsThem#3-4,spurious,Ps-Temístocles,φεύγομεν,Φεύγομεν,1,3,12,3,no
Hercher,PsThem#3-4,spurious,Ps-Temístocles,ἀθήνησι,Ἀθήνησι,1,0,0,4,sí
Hercher,PsThem#3-4,spurious,Ps-Temístocles,ἀθήνησιν,Ἀθήνησιν,1,0,0,4,sí
Hercher,PsThem#3-4,spurious,Ps-Temístocles,ἀθηναίοισ,Ἀθηναίοις,4,0,0,4,sí
Hercher,PsThem#3-4,spurious,Ps-Temístocles,ἀθηναίουσ,Ἀθηναίους,3,0,0,4,sí
Hercher,PsThem#3-4,spurious,Ps-Temístocles,ἀθηναίων,Ἀθηναίων|Ἀθηναίων,4,1,1,4,dudoso
Hercher,PsThem#3-4,spurious,Ps-Temístocles,ἀθηναῖοι,Ἀθηναῖοι|Ἀθηναῖοι,2,0,0,3|4,sí
Hercher,PsThem#3-4,spurious,Ps-Temístocles,ἀλωπεκῆθεν,Ἀλωπεκῆθεν,1,0,0,4,sí
Hercher,PsThem#3-4,spurious,Ps-Temístocles,ἀριστείδου,Ἀριστείδου,1,0,0,3,sí
Hercher,PsThem#3-4,spurious,Ps-Temístocles,ἁβρώνιχε,Ἁβρώνιχε|Ἁβρώνιχε,3,0,0,4,sí
Hercher,PsThem#3-4,spurious,Ps-Temístocles,ἄργει,Ἄργει,1,0,0,3,sí
Hercher,PsThem#3-4,spurious,Ps-Temístocles,ἄργοσ,Ἄργος,1,0,0,4,sí
Hercher,PsThem#3-4,spurious,Ps-Temístocles,ἄργουσ,Ἄργους,1,0,0,3,sí
Hercher,PsThem#3-4,spurious,Ps-Temístocles,ἕλληνασ,Ἕλληνας,2,0,0,4,sí
Hercher,PsThem#5-6,spurious,Ps-Temístocles,κορίνθῳ,Κορίνθῳ,1,0,0,6,sí
Hercher,PsThem#5-6,spurious,Ps-Temístocles,κορινθίου,Κορινθίου,1,0,0,6,sí
Hercher,PsThem#5-6,spurious,Ps-Temístocles,κρατησίπολισ,Κρατησίπολις,1,0,0,5,sí
Hercher,PsThem#5-6,spurious,Ps-Temístocles,κρατησιπόλιδι,Κρατησιπόλιδι,2,0,0,5,sí
Hercher,PsThem#5-6,spurious,Ps-Temístocles,λακεδαιμονίουσ,Λακεδαιμονίους,1,0,0,5,sí
Hercher,PsThem#5-6,spurious,Ps-Temístocles,μακεδόνοσ,Μακεδόνος,1,0,0,5,sí
Hercher,PsThem#5-6,spurious,Ps-Temístocles,μείδωνα,Μείδωνα,1,0,0,6,sí
Hercher,PsThem#5-6,spurious,Ps-Temístocles,πύδναν,Πύδναν,1,0,0,5,sí
Hercher,PsThem#5-6,spurious,Ps-Temístocles,στρατολάῳ,Στρατολάῳ,1,0,0,5,sí
Hercher,PsThem#5-6,spurious,Ps-Temístocles,τά,Τὰ,1,498,23249,5,no
Hercher,PsThem#5-6,spurious,Ps-Temístocles,τίβιοσ,Τίβιος,2,0,0,6,sí
Hercher,PsThem#5-6,spurious,Ps-Temístocles,φιλοστέφανε,Φιλοστέφανε|Φιλοστέφανε,2,0,0,6,sí
Hercher,PsThem#5-6,spurious,Ps-Temístocles,φιλοστεφάνου,Φιλοστεφάνου,1,0,0,6,sí
Hercher,PsThem#5-6,spurious,Ps-Temístocles,χάονασ,Χάονας,1,0,0,5,sí
Hercher,PsThem#5-6,spurious,Ps-Temístocles,ἀδμήτου,Ἀδμήτου,1,0,0,5,sí
Hercher,PsThem#5-6,spurious,Ps-Temístocles,ἀδμήτῳ,Ἀδμήτῳ,1,0,0,5,sí
Hercher,PsThem#5-6,spurious,Ps-Temístocles,ἀθήνηθεν,Ἀθήνηθεν,1,0,0,6,sí
Hercher,PsThem#5-6,spurious,Ps-Temístocles,ἀθηναίουσ,Ἀθηναίους,2,0,0,5|6,sí
Hercher,PsThem#5-6,spurious,Ps-Temístocles,ἀλεξάνδρου,Ἀλεξάνδρου,1,0,0,5,sí
Hercher,PsThem#5-6,spurious,Ps-Temístocles,ἀνιῶμαι,Ἀνιῶμαι,1,0,3,6,no
Hercher,PsThem#5-6,spurious,Ps-Temístocles,ἀρύββασ,Ἀρύββας,1,0,0,5,sí
Hercher,PsThem#5-6,spurious,Ps-Temístocles,ἀσίαν,Ἀσίαν,1,0,0,5,sí
Hercher,PsThem#5-6,spurious,Ps-Temístocles,ἄδμητον,Ἄδμητον,1,0,0,5,sí
Hercher,PsThem#5-6,spurious,Ps-Temístocles,ἄδμητοσ,Ἄδμητος,1,0,0,5,sí
Hercher,PsThem#5-6,spurious,Ps-Temístocles,ἄργοθεν,Ἄργοθεν,1,0,0,5,sí
Hercher,PsThem#5-6,spurious,Ps-Temístocles,ἑλλάδοσ,Ἑλλάδος,1,0,0,6,sí
Hercher,PsThem#5-6,spurious,Ps-Temístocles,ἔφεσον,Ἔφεσον,1,0,0,6,sí
Hercher,PsThem#5-6,spurious,Ps-Temístocles,ἰσθμίοισ,Ἰσθμίοις,1,0,0,6,sí
Hercher,PsThem#7-8,spurious,Ps-Temístocles,γέλωνόσ,Γέλωνός,1,0,0,7,sí
Hercher,PsThem#7-8,spurious,Ps-Temístocles,γλαύκωνοσ,Γλαύκωνος,1,0,0,8,sí
Hercher,PsThem#7-8,spurious,Ps-Temístocles,δήλου,Δήλου,1,0,2,8,dudoso
Hercher,PsThem#7-8,spurious,Ps-Temístocles,δί’,Δί’,1,0,0,8,sí
Hercher,PsThem#7-8,spurious,Ps-Temístocles,δελφῶν,Δελφῶν,1,0,0,8,sí
Hercher,PsThem#7-8,spurious,Ps-Temístocles,ζεῦ,Ζεῦ,1,0,1,8,dudoso
Hercher,PsThem#7-8,spurious,Ps-Temístocles,θεμιστοκλέα,Θεμιστοκλέα,1,0,0,8,sí
Hercher,PsThem#7-8,spurious,Ps-Temístocles,θεμιστοκλῆσ,Θεμιστοκλῆς,1,0,0,8,sí
Hercher,PsThem#7-8,spurious,Ps-Temístocles,θεμιστόκλεισ,Θεμιστόκλεις,1,0,0,8,sí
Hercher,PsThem#7-8,spurious,Ps-Temístocles,λέαγρε,Λέαγρε|Λέαγρε,5,0,0,8,sí
Hercher,PsThem#7-8,spurious,Ps-Temístocles,λέαγροσ,Λέαγρος|Λέαγρος,2,0,0,8,sí
Hercher,PsThem#7-8,spurious,Ps-Temístocles,λεωβώτησ,Λεωβώτης,1,0,0,8,sí
Hercher,PsThem#7-8,spurious,Ps-Temístocles,λύσανδροσ,Λύσανδρος,1,0,0,8,sí
Hercher,PsThem#7-8,spurious,Ps-Temístocles,μένυλλοσ,Μένυλλος,1,0,0,7,sí
Hercher,PsThem#7-8,spurious,Ps-Temístocles,μείδωνοσ,Μείδωνος,1,0,0,7,sí
Hercher,PsThem#7-8,spurious,Ps-Temístocles,νεοκλῆσ,Νεοκλῆς,1,0,0,8,sí
Hercher,PsThem#7-8,spurious,Ps-Temístocles,ξάνθου,Ξάνθου,1,0,0,8,sí
Hercher,PsThem#7-8,spurious,Ps-Temístocles,παμφίλου,Παμφίλου,1,0,0,7,sí
Hercher,PsThem#7-8,spurious,Ps-Temístocles,πειραιᾶ,Πειραιᾶ,1,0,0,7,sí
Hercher,PsThem#7-8,spurious,Ps-Temístocles,πρασιεύσ,Πρασιεὺς,1,0,0,8,sí
Hercher,PsThem#7-8,spurious,Ps-Temístocles,προνάπησ,Προνάπης,1,0,0,8,sí
Hercher,PsThem#7-8,spurious,Ps-Temístocles,πύθιοσ,Πύθιος,1,0,0,8,sí
Hercher,PsThem#7-8,spurious,Ps-Temístocles,σκαμβωνίδησ,Σκαμβωνίδης,1,0,0,8,sí
Hercher,PsThem#7-8,spurious,Ps-Temístocles,συρακοσίου,Συρακοσίου,1,0,0,7,sí
Hercher,PsThem#7-8,spurious,Ps-Temístocles,τίβιοσ,Τίβιος,1,0,0,7,sí
Hercher,PsThem#7-8,spurious,Ps-Temístocles,τιβίου,Τιβίου,1,0,0,7,sí
Hercher,PsThem#7-8,spurious,Ps-Temístocles,τισίνικοσ,Τισίνικος,1,0,0,8,sí
Hercher,PsThem#7-8,spurious,Ps-Temístocles,φαιδρίασ,Φαιδρίας,1,0,0,8,sí
Hercher,PsThem#7-8,spurious,Ps-Temístocles,φιλοστέφανε,Φιλοστέφανε,2,0,0,7,sí
Hercher,PsThem#7-8,spurious,Ps-Temístocles,χαλκιδεύσ,Χαλκιδεὺς,1,0,0,7,sí
Hercher,PsThem#7-8,spurious,Ps-Temístocles,ἀγρυλεύσ,Ἀγρυλεύς,1,0,0,8,sí
Hercher,PsThem#7-8,spurious,Ps-Temístocles,ἀθήνασ,Ἀθήνας,1,0,0,8,sí
Hercher,PsThem#7-8,spurious,Ps-Temístocles,ἀθήνησιν,Ἀθήνησιν,1,0,0,8,sí
Hercher,PsThem#7-8,spurious,Ps-Temístocles,ἀθηναίοισ,Ἀθηναίοις,2,0,0,8,sí
Hercher,PsThem#7-8,spurious,Ps-Temístocles,ἀθηναίουσ,Ἀθηναίους,1,0,0,8,sí
Hercher,PsThem#7-8,spurious,Ps-Temístocles,ἀθηναίων,Ἀθηναίων,2,1,1,8,dudoso
Hercher,PsThem#7-8,spurious,Ps-Temístocles,ἀθηναῖοί,Ἀθηναῖοί,1,0,0,8,sí
Hercher,PsThem#7-8,spurious,Ps-Temístocles,ἀθηναῖοι,Ἀθηναῖοι,1,0,0,7,sí
Hercher,PsThem#7-8,spurious,Ps-Temístocles,ἀθηνᾶ,Ἀθηνᾶ,1,0,0,8,sí
Hercher,PsThem#7-8,spurious,Ps-Temístocles,ἀλκμεωνίδησ,Ἀλκμεωνίδης,1,0,0,8,sí
Hercher,PsThem#7-8,spurious,Ps-Temístocles,ἀριστείδησ,Ἀριστείδης,1,0,0,8,sí
Hercher,PsThem#7-8,spurious,Ps-Temístocles,ἐφέσου,Ἐφέσου,1,0,0,8,sí
Hercher,PsThem#7-8,spurious,Ps-Temístocles,ἑλλάδι,Ἑλλάδι,1,0,2,8,dudoso
Hercher,PsThem#7-8,spurious,Ps-Temístocles,ἑλλάδοσ,Ἑλλάδος,1,0,0,8,sí
Hercher,PsThem#7-8,spurious,Ps-Temístocles,ἑλλήνων,Ἑλλήνων,1,0,0,8,sí
Hercher,PsThem#7-8,spurious,Ps-Temístocles,ἔφεσον,Ἔφεσον,1,0,0,7,sí
Hercher,PsThem#7-8,spurious,Ps-Temístocles,ἕλληνασ,Ἕλληνας,1,0,0,8,sí
Hercher,PsThem#7-8,spurious,Ps-Temístocles,ἕλληνεσ,Ἕλληνες,1,0,0,8,sí
Hercher,PsThem#7-8,spurious,Ps-Temístocles,ἦπου,Ἦπου,1,3,6,8,no
Hercher,PsThem#7-8,spurious,Ps-Temístocles,ἧκέ,Ἧκέ,1,1,11,7,no
Hercher,PsThem#7-8,spurious,Ps-Temístocles,ὀλυμπίαζε,Ὀλυμπίαζε,1,0,0,8,sí
Hercher,PsThem#7-8,spurious,Ps-Temístocles,ὑπερβορέουσ,Ὑπερβορέους,1,0,0,8,sí
Hercher,PsThem#9-11,spurious,Ps-Temístocles,αἰγινήτην,Αἰγινήτην,1,0,0,11,sí
Hercher,PsThem#9-11,spurious,Ps-Temístocles,αἰσχύλου,Αἰσχύλου,1,0,0,11,sí
Hercher,PsThem#9-11,spurious,Ps-Temístocles,δόρκωνα,Δόρκωνα,1,0,0,11,sí
Hercher,PsThem#9-11,spurious,Ps-Temístocles,εἰ,Εἰ,1,362,10237,11,no
Hercher,PsThem#9-11,spurious,Ps-Temístocles,εὐβοίᾳ,Εὐβοίᾳ,1,0,0,9,sí
Hercher,PsThem#9-11,spurious,Ps-Temístocles,εὐξίθεοσ,Εὐξίθεος,1,0,0,10,sí
Hercher,PsThem#9-11,spurious,Ps-Temístocles,εὐφορίωνοσ,Εὐφορίωνος,1,0,0,11,sí
Hercher,PsThem#9-11,spurious,Ps-Temístocles,θεμιστοκλέασ,Θεμιστοκλέας,1,0,0,9,sí
Hercher,PsThem#9-11,spurious,Ps-Temístocles,καλλία,Καλλία,2,0,0,9,sí
Hercher,PsThem#9-11,spurious,Ps-Temístocles,κυνεγείρου,Κυνεγείρου,1,0,0,11,sí
Hercher,PsThem#9-11,spurious,Ps-Temístocles,λακρατίδην,Λακρατίδην,1,0,0,11,sí
Hercher,PsThem#9-11,spurious,Ps-Temístocles,μή,Μὴ,1,475,15198,9,no
Hercher,PsThem#9-11,spurious,Ps-Temístocles,μαραθωνιακῷ,Μαραθωνιακῷ,1,0,0,11,sí
Hercher,PsThem#9-11,spurious,Ps-Temístocles,μαραθῶνι,Μαραθῶνι,1,0,0,9,sí
Hercher,PsThem#9-11,spurious,Ps-Temístocles,μόλωνα,Μόλωνα,1,0,0,11,sí
Hercher,PsThem#9-11,spurious,Ps-Temístocles,πέρσασ,Πέρσας,1,0,1,9,dudoso
Hercher,PsThem#9-11,spurious,Ps-Temístocles,περσῶν,Περσῶν,1,0,0,9,sí
Hercher,PsThem#9-11,spurious,Ps-Temístocles,σαλαμῖνι,Σαλαμῖνι,1,0,0,9,sí
Hercher,PsThem#9-11,spurious,Ps-Temístocles,στράτιππον,Στράτιππον,1,0,0,11,sí
Hercher,PsThem#9-11,spurious,Ps-Temístocles,τεθάρρηταί,Τεθάρρηταί,1,0,0,10,sí
Hercher,PsThem#9-11,spurious,Ps-Temístocles,τιθωνοῦ,Τιθωνοῦ,1,0,0,11,sí
Hercher,PsThem#9-11,spurious,Ps-Temístocles,τροιζήνιον,Τροιζήνιον,1,0,0,11,sí
Hercher,PsThem#9-11,spurious,Ps-Temístocles,ἀθηναίοισ,Ἀθηναίοις,1,0,0,9,sí
Hercher,PsThem#9-11,spurious,Ps-Temístocles,ἀθηναίουσ,Ἀθηναίους,2,0,0,9|11,sí
Hercher,PsThem#9-11,spurious,Ps-Temístocles,ἀθηναίων,Ἀθηναίων,2,1,1,9|11,dudoso
Hercher,PsThem#9-11,spurious,Ps-Temístocles,ἀλκιβιάδην,Ἀλκιβιάδην,1,0,0,11,sí
Hercher,PsThem#9-11,spurious,Ps-Temístocles,ἀμεινίου,Ἀμεινίου,1,0,0,11,sí
Hercher,PsThem#9-11,spurious,Ps-Temístocles,ἀριστείδην,Ἀριστείδην,2,0,0,9|11,sí
Hercher,PsThem#9-11,spurious,Ps-Temístocles,ἁβρώνιχε,Ἁβρώνιχε,1,0,0,10,sí
Hercher,PsThem#9-11,spurious,Ps-Temístocles,ἐπιδαύριον,Ἐπιδαύριον,1,0,0,11,sí
Hercher,PsThem#9-11,spurious,Ps-Temístocles,ἑλλήνων,Ἑλλήνων,2,0,0,11,sí
Hercher,PsThem#9-11,spurious,Ps-Temístocles,ἑρμοκλέα,Ἑρμοκλέα,1,0,0,11,sí
Ignacio,IgnEf,genuine,Ignacio,βούρρου,Βούρρου,1,0,0,2:1,sí
Ignacio,IgnEf,genuine,Ignacio,βούρρῳ,Βούρρῳ,1,0,0,2:1,sí
Ignacio,IgnEf,genuine,Ignacio,δαυείδ,Δαυείδ,2,0,0,18:2|20:2,sí
Ignacio,IgnEf,genuine,Ignacio,διά,Διὰ,1,40,9351,17:1,no
Ignacio,IgnEf,genuine,Ignacio,εἰ,Εἰ,1,11,10237,5:1,no
Ignacio,IgnEf,genuine,Ignacio,εἰώθασιν,Εἰώθασιν,1,0,31,7:1,no
Ignacio,IgnEf,genuine,Ignacio,εὔπλῳ,Εὔπλῳ,1,0,0,2:1,sí
Ignacio,IgnEf,genuine,Ignacio,θεοφόροσ,Θεοφόρος,1,0,1,0:1,dudoso
Ignacio,IgnEf,genuine,Ignacio,καί,Καὶ,3,391,157796,6:1|10:1|19:1,no
Ignacio,IgnEf,genuine,Ignacio,κρόκοσ,Κρόκος,1,0,1,2:1,dudoso
Ignacio,IgnEf,genuine,Ignacio,μή,Μὴ,2,62,15198,8:1|16:1,no
Ignacio,IgnEf,genuine,Ignacio,μαρίασ,Μαρίας,3,0,0,7:2|18:2|19:1,sí
Ignacio,IgnEf,genuine,Ignacio,οἶδα,Οἶδα,1,4,403,12:1,no
Ignacio,IgnEf,genuine,Ignacio,οὐ,Οὐ,1,37,13518,3:1,no
Ignacio,IgnEf,genuine,Ignacio,παύλου,Παύλου,1,0,0,12:2,sí
Ignacio,IgnEf,genuine,Ignacio,περί,Περὶ,1,18,11327,2:1,no
Ignacio,IgnEf,genuine,Ignacio,περίψημα,Περίψημα,1,1,4,18:1,no
Ignacio,IgnEf,genuine,Ignacio,πολύκαρπον,Πολύκαρπον,1,0,0,21:1,sí
Ignacio,IgnEf,genuine,Ignacio,σατανᾶ,Σατανᾶ,1,0,11,13:1,no
Ignacio,IgnEf,genuine,Ignacio,σμύρναν,Σμύρναν,1,0,3,21:1,no
Ignacio,IgnEf,genuine,Ignacio,σπουδάζετε,Σπουδάζετε,1,1,4,13:1,no
Ignacio,IgnEf,genuine,Ignacio,συρίασ,Συρίας,1,0,0,1:2,sí
Ignacio,IgnEf,genuine,Ignacio,συρίᾳ,Συρίᾳ,1,0,0,21:2,sí
Ignacio,IgnEf,genuine,Ignacio,φρόντωνι,Φρόντωνι,1,0,0,2:1,sí
Ignacio,IgnEf,genuine,Ignacio,χριστιανῶν,Χριστιανῶν,1,0,1,11:2,dudoso
Ignacio,IgnEf,genuine,Ignacio,χριστοῦ,Χριστοῦ,9,0,4,0:1|2:1|3:2|4:2|6:2|9:1|9:2|11:2|14:2,no
Ignacio,IgnEf,genuine,Ignacio,χριστόν,Χριστόν|Χριστὸν,4,0,3,1:3|2:2|14:1|20:1,no
Ignacio,IgnEf,genuine,Ignacio,χριστόσ,Χριστός|Χριστὸς,9,0,7,3:2|4:1|5:1|7:2|16:2|17:2|18:2|20:1|21:1,no
Ignacio,IgnEf,genuine,Ignacio,χριστῷ,Χριστῷ,11,0,3,0:1|1:1|3:1|5:1|8:2|10:3|11:1|12:2|20:2|21:2,no
Ignacio,IgnEf,genuine,Ignacio,ἀντίψυχον,Ἀντίψυχον,1,3,14,21:1,no
Ignacio,IgnEf,genuine,Ignacio,ἀποδεξάμενοσ,Ἀποδεξάμενος,1,1,21,1:1,no
Ignacio,IgnEf,genuine,Ignacio,ἀσίασ,Ἀσίας,1,0,0,0:1,sí
Ignacio,IgnEf,genuine,Ignacio,ἄμεινόν,Ἄμεινόν,1,0,5,15:1,no
Ignacio,IgnEf,genuine,Ignacio,ἐάν,Ἐάν,1,29,2572,20:1,no
Ignacio,IgnEf,genuine,Ignacio,ἐφέσῳ,Ἐφέσῳ,1,0,0,0:1,sí
Ignacio,IgnEf,genuine,Ignacio,ἐφεσίων,Ἐφεσίων,2,0,0,8:1|11:2,sí
Ignacio,IgnEf,genuine,Ignacio,ἔγνων,Ἔγνων,1,7,60,9:1,no
Ignacio,IgnEf,genuine,Ignacio,ἔσχατοι,Ἔσχατοι,1,0,9,11:1,no
Ignacio,IgnEf,genuine,Ignacio,ἰγνάτιοσ,Ἰγνάτιος,1,0,0,0:1,sí
Ignacio,IgnEf,genuine,Ignacio,ἰησοῦ,Ἰησοῦ,20,0,1,0:1|1:1|2:1|3:1|3:2|4:2|5:1|6:2|8:2|9:1|9:2|10:3|11:1|11:2|12:2|15:2|20:2|21:2,dudoso
Ignacio,IgnEf,genuine,Ignacio,ἰησοῦν,Ἰησοῦν,4,0,1,1:3|2:2|14:1|20:1,dudoso
Ignacio,IgnEf,genuine,Ignacio,ἰησοῦσ,Ἰησοῦς,9,0,1,3:2|4:1|5:1|7:2|16:2|17:2|18:2|20:1|21:1,dudoso
Ignacio,IgnEf,genuine,Ignacio,ὀνήσιμοσ,Ὀνήσιμος,1,0,0,6:2,sí
Ignacio,IgnEf,genuine,Ignacio,ὀνησίμῳ,Ὀνησίμῳ,2,0,0,1:3|2:1,sí
Ignacio,IgnEf,genuine,Ignacio,ὅθεν,Ὅθεν,1,9,635,4:1,no
Ignacio,IgnEf,genuine,Ignacio,ὑπερηφάνοισ,Ὑπερηφάνοις,1,0,3,5:3,no
Ignacio,IgnEf,genuine,Ignacio,ὧν,Ὧν,1,11,4126,14:1,no
Ignacio,IgnEf,genuine,Ignacio,ῥώμην,Ῥώμην,1,0,50,21:2,no
Ignacio,IgnEf,genuine,Ignacio,ῥώμῃ,Ῥώμῃ,1,0,56,1:2,no
Ignacio,IgnEsm,genuine,Ignacio,βούρρου,Βούρρου,1,0,0,12:1,sí
Ignacio,IgnEsm,genuine,Ignacio,δάφνον,Δάφνον,1,0,0,13:2,sí
Ignacio,IgnEsm,genuine,Ignacio,δαυείδ,Δαυεὶδ,1,0,0,1:1,sí
Ignacio,IgnEsm,genuine,Ignacio,δοξάζω,Δοξάζω,1,0,1,1:1,dudoso
Ignacio,IgnEsm,genuine,Ignacio,εὐχαριστίασ,Εὐχαριστίας,1,0,57,7:1,no
Ignacio,IgnEsm,genuine,Ignacio,εὔλογόν,Εὔλογόν,1,1,6,9:1,no
Ignacio,IgnEsm,genuine,Ignacio,εὔτεκνον,Εὔτεκνον,1,0,0,13:2,sí
Ignacio,IgnEsm,genuine,Ignacio,θεοφόροσ,Θεοφόρος,1,0,1,0:1,dudoso
Ignacio,IgnEsm,genuine,Ignacio,λάβετε,Λάβετε,1,0,14,3:2,no
Ignacio,IgnEsm,genuine,Ignacio,μηδείσ,Μηδεὶς,1,5,218,6:1,no
Ignacio,IgnEsm,genuine,Ignacio,μωύσεωσ,Μωύσεως,1,0,0,5:1,sí
Ignacio,IgnEsm,genuine,Ignacio,πάντεσ,Πάντες,1,10,1113,8:1,no
Ignacio,IgnEsm,genuine,Ignacio,πέτρον,Πέτρον,1,0,1,3:2,dudoso
Ignacio,IgnEsm,genuine,Ignacio,πιλάτου,Πιλάτου,1,0,0,1:2,sí
Ignacio,IgnEsm,genuine,Ignacio,ποντίου,Ποντίου,1,0,0,1:2,sí
Ignacio,IgnEsm,genuine,Ignacio,σμύρνῃ,Σμύρνῃ,1,0,0,0:1,sí
Ignacio,IgnEsm,genuine,Ignacio,συρίασ,Συρίας,1,0,0,11:1,sí
Ignacio,IgnEsm,genuine,Ignacio,συρίᾳ,Συρίᾳ,1,0,0,11:2,sí
Ignacio,IgnEsm,genuine,Ignacio,ταουΐασ,Ταουΐας,1,0,0,13:2,sí
Ignacio,IgnEsm,genuine,Ignacio,ταῦτα,Ταῦτα,2,8,5633,2:1|4:1,no
Ignacio,IgnEsm,genuine,Ignacio,τρωάδι,Τρωάδι,1,0,0,12:1,sí
Ignacio,IgnEsm,genuine,Ignacio,φίλων,Φίλων,1,0,398,13:1,no
Ignacio,IgnEsm,genuine,Ignacio,φίλωνα,Φίλωνα,1,0,0,10:1,sí
Ignacio,IgnEsm,genuine,Ignacio,χριστοῦ,Χριστοῦ,8,0,4,0:1|1:1|4:2|6:1|6:2|7:1|12:2,no
Ignacio,IgnEsm,genuine,Ignacio,χριστόν,Χριστὸν,1,0,3,1:1,no
Ignacio,IgnEsm,genuine,Ignacio,χριστόσ,Χριστός|Χριστὸς,5,0,7,4:1|8:1|8:2|9:2|10:2,no
Ignacio,IgnEsm,genuine,Ignacio,ἀγαθόπουν,Ἀγαθόπουν,1,0,0,10:1,sí
Ignacio,IgnEsm,genuine,Ignacio,ἀντιοχείᾳ,Ἀντιοχείᾳ,1,0,0,11:1,sí
Ignacio,IgnEsm,genuine,Ignacio,ἀσίασ,Ἀσίας,1,0,0,0:1,sí
Ignacio,IgnEsm,genuine,Ignacio,ἀσπάζεται,Ἀσπάζεται,1,3,36,12:1,no
Ignacio,IgnEsm,genuine,Ignacio,ἀσπάζομαι,Ἀσπάζομαι,1,12,52,13:1,no
Ignacio,IgnEsm,genuine,Ignacio,ἄλκην,Ἄλκην,1,0,0,13:2,sí
Ignacio,IgnEsm,genuine,Ignacio,ἐγώ,Ἐγὼ,1,21,2308,3:1,no
Ignacio,IgnEsm,genuine,Ignacio,ἐφεσίοισ,Ἐφεσίοις,1,0,0,12:1,sí
Ignacio,IgnEsm,genuine,Ignacio,ἡ,Ἡ,1,42,13248,11:1,no
Ignacio,IgnEsm,genuine,Ignacio,ἡρώδου,Ἡρώδου,1,0,0,1:2,sí
Ignacio,IgnEsm,genuine,Ignacio,ἰγνάτιοσ,Ἰγνάτιος,1,0,0,0:1,sí
Ignacio,IgnEsm,genuine,Ignacio,ἰησοῦ,Ἰησοῦ,6,0,1,0:1|1:1|4:2|6:2|7:1|12:2,dudoso
Ignacio,IgnEsm,genuine,Ignacio,ἰησοῦν,Ἰησοῦν,1,0,1,1:1,dudoso
Ignacio,IgnEsm,genuine,Ignacio,ἰησοῦσ,Ἰησοῦς,5,0,1,4:1|8:1|8:2|9:2|10:2,dudoso
Ignacio,IgnEsm,genuine,Ignacio,ἰουδαίοισ,Ἰουδαίοις,1,0,0,1:2,sí
Ignacio,IgnEsm,genuine,Ignacio,ἰωάννου,Ἰωάννου,1,0,0,1:1,sí
Ignacio,IgnEsm,genuine,Ignacio,ὅν,Ὅν,1,10,1562,5:1,no
Ignacio,IgnEsm,genuine,Ignacio,ῥέον,Ῥέον,1,0,12,10:1,no
Ignacio,IgnFil,genuine,Ignacio,βούρρου,Βούρρου,1,0,0,11:2,sí
Ignacio,IgnFil,genuine,Ignacio,εἰ,Εἰ,1,11,10237,7:1,no
Ignacio,IgnFil,genuine,Ignacio,θεοφόροσ,Θεοφόρος,1,0,1,0:1,dudoso
Ignacio,IgnFil,genuine,Ignacio,καλοί,Καλοὶ,1,0,34,9:1,no
Ignacio,IgnFil,genuine,Ignacio,κιλικίασ,Κιλικίας,1,0,0,11:1,sí
Ignacio,IgnFil,genuine,Ignacio,περί,Περὶ,1,18,11327,11:1,no
Ignacio,IgnFil,genuine,Ignacio,σμυρναίων,Σμυρναίων,1,0,0,11:2,sí
Ignacio,IgnFil,genuine,Ignacio,σπουδάσατε,Σπουδάσατε,1,0,5,4:1,no
Ignacio,IgnFil,genuine,Ignacio,συρίασ,Συρίας,2,0,0,10:1|11:1,sí
Ignacio,IgnFil,genuine,Ignacio,τέκνα,Τέκνα,1,0,279,2:1,no
Ignacio,IgnFil,genuine,Ignacio,τρωάδι,Τρωάδι,1,0,0,11:2,sí
Ignacio,IgnFil,genuine,Ignacio,τῷ,Τῷ,1,73,18238,7:1,no
Ignacio,IgnFil,genuine,Ignacio,φίλωνοσ,Φίλωνος,1,0,0,11:1,sí
Ignacio,IgnFil,genuine,Ignacio,φιλαδελφίᾳ,Φιλαδελφίᾳ,1,0,3,0:1,no
Ignacio,IgnFil,genuine,Ignacio,χριστοῦ,Χριστοῦ,13,0,4,0:1|1:1|3:2|4:1|5:2|6:1|7:2|8:1|9:2|11:1,no
Ignacio,IgnFil,genuine,Ignacio,χριστόν,Χριστὸν,1,0,3,3:2,no
Ignacio,IgnFil,genuine,Ignacio,χριστόσ,Χριστός,4,0,7,3:1|5:1|8:2|11:2,no
Ignacio,IgnFil,genuine,Ignacio,χριστῷ,Χριστῷ,3,0,3,10:1|10:2|11:2,no
Ignacio,IgnFil,genuine,Ignacio,χωρίσ,Χωρὶς,1,10,477,7:2,no
Ignacio,IgnFil,genuine,Ignacio,ἀβραάμ,Ἀβραὰμ,1,0,7,9:1,no
Ignacio,IgnFil,genuine,Ignacio,ἀγαθόποδι,Ἀγαθόποδι,1,0,0,11:1,sí
Ignacio,IgnFil,genuine,Ignacio,ἀδελφοί,Ἀδελφοί,1,4,199,5:1,no
Ignacio,IgnFil,genuine,Ignacio,ἀντιοχείᾳ,Ἀντιοχείᾳ,1,0,0,10:1,sí
Ignacio,IgnFil,genuine,Ignacio,ἀπέχεσθε,Ἀπέχεσθε,1,1,9,3:1,no
Ignacio,IgnFil,genuine,Ignacio,ἀσίασ,Ἀσίας,1,0,0,0:1,sí
Ignacio,IgnFil,genuine,Ignacio,ἐάν,Ἐὰν,1,29,2572,6:1,no
Ignacio,IgnFil,genuine,Ignacio,ἐγώ,Ἐγὼ,1,21,2308,8:1,no
Ignacio,IgnFil,genuine,Ignacio,ἐπειδή,Ἐπειδὴ,1,0,1055,10:1,no
Ignacio,IgnFil,genuine,Ignacio,ἐφεσίων,Ἐφεσίων,1,0,0,11:2,sí
Ignacio,IgnFil,genuine,Ignacio,ἰακώβ,Ἰακὼβ,1,0,5,9:1,no
Ignacio,IgnFil,genuine,Ignacio,ἰγνάτιοσ,Ἰγνάτιος,1,0,0,0:1,sí
Ignacio,IgnFil,genuine,Ignacio,ἰησοῦ,Ἰησοῦ,17,0,1,0:1|1:1|3:2|4:1|5:1|5:2|6:1|7:2|8:1|9:2|10:1|10:2|11:1|11:2,dudoso
Ignacio,IgnFil,genuine,Ignacio,ἰησοῦν,Ἰησοῦν,1,0,1,3:2,dudoso
Ignacio,IgnFil,genuine,Ignacio,ἰησοῦσ,Ἰησοῦς,4,0,1,3:1|5:1|8:2|11:2,dudoso
Ignacio,IgnFil,genuine,Ignacio,ἰσαάκ,Ἰσαὰκ,1,0,2,9:1,dudoso
Ignacio,IgnFil,genuine,Ignacio,ὅν,Ὃν,1,10,1562,1:1,no
Ignacio,IgnFil,genuine,Ignacio,ῥέῳ,Ῥέῳ,1,0,0,11:1,sí
Ignacio,IgnMagn,genuine,Ignacio,βάσσου,Βάσσου,1,0,0,2:1,sí
Ignacio,IgnMagn,genuine,Ignacio,γνούσ,Γνοὺς,1,0,80,1:1,no
Ignacio,IgnMagn,genuine,Ignacio,δαμᾶ,Δαμᾶ,1,0,0,2:1,sí
Ignacio,IgnMagn,genuine,Ignacio,εἰ,Εἰ,1,11,10237,9:1,no
Ignacio,IgnMagn,genuine,Ignacio,εἰδώσ,Εἰδώς,1,3,302,14:1,no
Ignacio,IgnMagn,genuine,Ignacio,ζωτίωνοσ,Ζωτίωνος,1,0,0,2:1,sí
Ignacio,IgnMagn,genuine,Ignacio,θεοφόροσ,Θεοφόρος,1,0,1,0:1,dudoso
Ignacio,IgnMagn,genuine,Ignacio,καί,Καὶ,1,391,157796,3:1,no
Ignacio,IgnMagn,genuine,Ignacio,μή,Μὴ,2,62,15198,8:1|10:1,no
Ignacio,IgnMagn,genuine,Ignacio,μαγνησίᾳ,Μαγνησίᾳ,1,0,0,0:1,sí
Ignacio,IgnMagn,genuine,Ignacio,μαιάνδρῳ,Μαιάνδρῳ,1,0,0,0:1,sí
Ignacio,IgnMagn,genuine,Ignacio,πιλάτου,Πιλάτου,1,0,0,11:1,sí
Ignacio,IgnMagn,genuine,Ignacio,πολυκάρπῳ,Πολυκάρπῳ,1,0,0,15:1,sí
Ignacio,IgnMagn,genuine,Ignacio,ποντίου,Ποντίου,1,0,0,11:1,sí
Ignacio,IgnMagn,genuine,Ignacio,πρέπον,Πρέπον,1,5,95,4:1,no
Ignacio,IgnMagn,genuine,Ignacio,σμυρναίων,Σμυρναίων,1,0,0,15:1,sí
Ignacio,IgnMagn,genuine,Ignacio,σμύρνησ,Σμύρνης,1,0,9,15:1,no
Ignacio,IgnMagn,genuine,Ignacio,σπουδάζετε,Σπουδάζετε,1,1,4,13:1,no
Ignacio,IgnMagn,genuine,Ignacio,συρίᾳ,Συρίᾳ,2,0,0,14:1,sí
Ignacio,IgnMagn,genuine,Ignacio,ταῦτα,Ταῦτα,1,8,5633,11:1,no
Ignacio,IgnMagn,genuine,Ignacio,χριστιανισμόν,Χριστιανισμόν|Χριστιανισμὸν,2,1,25,10:1|10:3,no
Ignacio,IgnMagn,genuine,Ignacio,χριστιανισμόσ,Χριστιανισμὸς,1,0,2,10:3,dudoso
Ignacio,IgnMagn,genuine,Ignacio,χριστιανούσ,Χριστιανούς,1,0,1,4:1,dudoso
Ignacio,IgnMagn,genuine,Ignacio,χριστοῦ,Χριστοῦ,10,0,4,1:1|1:2|2:1|3:1|5:2|6:1|8:2|9:1|11:1|15:1,no
Ignacio,IgnMagn,genuine,Ignacio,χριστόν,Χριστόν|Χριστὸν,4,0,3,7:2|8:2|10:3|12:1,no
Ignacio,IgnMagn,genuine,Ignacio,χριστόσ,Χριστός|Χριστὸς,4,0,7,7:1|10:2|13:2|15:1,no
Ignacio,IgnMagn,genuine,Ignacio,χριστῷ,Χριστῷ,4,0,3,0:1|6:2|13:2,no
Ignacio,IgnMagn,genuine,Ignacio,ἀπολλωνίου,Ἀπολλωνίου,1,0,0,2:1,sí
Ignacio,IgnMagn,genuine,Ignacio,ἀσπάζονται,Ἀσπάζονται,1,1,9,15:1,no
Ignacio,IgnMagn,genuine,Ignacio,ἐπεί,Ἐπεὶ,3,7,2085,2:1|5:1|6:1,no
Ignacio,IgnMagn,genuine,Ignacio,ἐφέσιοι,Ἐφέσιοι,1,0,0,15:1,sí
Ignacio,IgnMagn,genuine,Ignacio,ἰγνάτιοσ,Ἰγνάτιος,1,0,0,0:1,sí
Ignacio,IgnMagn,genuine,Ignacio,ἰησοῦ,Ἰησοῦ,14,0,1,0:1|1:1|1:2|2:1|3:1|5:2|6:1|6:2|8:2|9:1|11:1|15:1,dudoso
Ignacio,IgnMagn,genuine,Ignacio,ἰησοῦν,Ἰησοῦν,4,0,1,7:2|8:2|10:3|12:1,dudoso
Ignacio,IgnMagn,genuine,Ignacio,ἰησοῦσ,Ἰησοῦς,4,0,1,7:1|10:2|13:2|15:1,dudoso
Ignacio,IgnMagn,genuine,Ignacio,ἰουδαϊσμόν,Ἰουδαϊσμὸν,2,2,6,8:1|10:3,no
Ignacio,IgnMagn,genuine,Ignacio,ἰουδαϊσμόσ,Ἰουδαϊσμὸς,1,0,1,10:3,dudoso
Ignacio,IgnMagn,genuine,Ignacio,ὀναίμην,Ὀναίμην,1,5,23,12:1,no
Ignacio,IgnMagn,genuine,Ignacio,ὥσπερ,Ὥσπερ,1,15,3069,7:1,no
Ignacio,IgnPol,genuine,Ignacio,θεοφόροσ,Θεοφόρος,1,0,1,0:1,dudoso
Ignacio,IgnPol,genuine,Ignacio,καλούσ,Καλοὺς,1,0,50,2:1,no
Ignacio,IgnPol,genuine,Ignacio,νεάπολιν,Νεάπολιν,1,0,0,8:1,sí
Ignacio,IgnPol,genuine,Ignacio,οἱ,Οἱ,1,27,11593,3:1,no
Ignacio,IgnPol,genuine,Ignacio,πολυκάρπου,Πολυκάρπου,1,0,0,8:2,sí
Ignacio,IgnPol,genuine,Ignacio,πολυκάρπῳ,Πολυκάρπῳ,1,0,0,0:1,sí
Ignacio,IgnPol,genuine,Ignacio,πολύκαρπε,Πολύκαρπε,1,0,0,7:2,sí
Ignacio,IgnPol,genuine,Ignacio,σμυρναίων,Σμυρναίων,1,0,0,0:1,sí
Ignacio,IgnPol,genuine,Ignacio,συρίαν,Συρίαν,2,0,1,7:2|8:2,dudoso
Ignacio,IgnPol,genuine,Ignacio,συρίασ,Συρίας,1,0,0,7:1,sí
Ignacio,IgnPol,genuine,Ignacio,τάσ,Τὰς,1,18,11100,5:1,no
Ignacio,IgnPol,genuine,Ignacio,τρωάδοσ,Τρωάδος,1,0,0,8:1,sí
Ignacio,IgnPol,genuine,Ignacio,τῷ,Τῷ,1,73,18238,6:1,no
Ignacio,IgnPol,genuine,Ignacio,χριστιανόσ,Χριστιανὸς,1,0,2,7:3,dudoso
Ignacio,IgnPol,genuine,Ignacio,χριστοῦ,Χριστοῦ,2,0,4,0:1|5:1,no
Ignacio,IgnPol,genuine,Ignacio,χριστῷ,Χριστῷ,1,0,3,8:3,no
Ignacio,IgnPol,genuine,Ignacio,χῆραι,Χῆραι,1,0,7,4:1,no
Ignacio,IgnPol,genuine,Ignacio,ἀντιοχείᾳ,Ἀντιοχείᾳ,1,0,0,7:1,sí
Ignacio,IgnPol,genuine,Ignacio,ἀποδεχόμενόσ,Ἀποδεχόμενός,1,0,0,1:1,sí
Ignacio,IgnPol,genuine,Ignacio,ἄλκην,Ἄλκην,1,0,0,8:3,sí
Ignacio,IgnPol,genuine,Ignacio,ἄτταλον,Ἄτταλον,1,0,0,8:2,sí
Ignacio,IgnPol,genuine,Ignacio,ἐπεί,Ἐπεὶ,1,7,2085,8:1,no
Ignacio,IgnPol,genuine,Ignacio,ἐπειδή,Ἐπειδὴ,1,0,1055,7:1,no
Ignacio,IgnPol,genuine,Ignacio,ἐπιτρόπου,Ἐπιτρόπου,1,0,13,8:2,no
Ignacio,IgnPol,genuine,Ignacio,ἰγνάτιοσ,Ἰγνάτιος,1,0,0,0:1,sí
Ignacio,IgnPol,genuine,Ignacio,ἰησοῦ,Ἰησοῦ,3,0,1,0:1|5:1|8:3,dudoso
Ignacio,IgnRom,genuine,Ignacio,γράφω,Γράφω,1,9,57,10:1,no
Ignacio,IgnRom,genuine,Ignacio,δαυείδ,Δαυείδ,1,0,0,7:3,sí
Ignacio,IgnRom,genuine,Ignacio,δεῦρο,Δεῦρο,1,0,114,7:2,no
Ignacio,IgnRom,genuine,Ignacio,θεοφόροσ,Θεοφόρος,1,0,1,0:1,dudoso
Ignacio,IgnRom,genuine,Ignacio,κρόκοσ,Κρόκος,1,0,1,10:1,dudoso
Ignacio,IgnRom,genuine,Ignacio,μνημονεύετε,Μνημονεύετε,1,1,6,9:1,no
Ignacio,IgnRom,genuine,Ignacio,οὐ,Οὐ,1,37,13518,2:1,no
Ignacio,IgnRom,genuine,Ignacio,οὐδέν,Οὐδέν,1,11,3764,6:1,no
Ignacio,IgnRom,genuine,Ignacio,οὐδέποτε,Οὐδέποτε,1,0,156,3:1,no
Ignacio,IgnRom,genuine,Ignacio,οὐκέτι,Οὐκέτι,1,1,507,8:1,no
Ignacio,IgnRom,genuine,Ignacio,πέτροσ,Πέτρος,1,0,2,4:3,dudoso
Ignacio,IgnRom,genuine,Ignacio,παῦλοσ,Παῦλος,1,0,2,4:3,dudoso
Ignacio,IgnRom,genuine,Ignacio,σεπτεμβρίων,Σεπτεμβρίων,1,0,0,10:3,sí
Ignacio,IgnRom,genuine,Ignacio,σμύρνησ,Σμύρνης,1,0,9,10:1,no
Ignacio,IgnRom,genuine,Ignacio,συρίασ,Συρίας,3,0,0,2:2|5:1|10:2,sí
Ignacio,IgnRom,genuine,Ignacio,συρίᾳ,Συρίᾳ,1,0,0,9:1,sí
Ignacio,IgnRom,genuine,Ignacio,χριστιανισμόσ,Χριστιανισμός,1,0,2,3:3,dudoso
Ignacio,IgnRom,genuine,Ignacio,χριστιανόσ,Χριστιανὸς,1,0,2,3:2,dudoso
Ignacio,IgnRom,genuine,Ignacio,χριστοῦ,Χριστοῦ,11,0,4,0:1|4:1|4:2|4:3|5:3|7:3|9:3|10:3,no
Ignacio,IgnRom,genuine,Ignacio,χριστόν,Χριστόν|Χριστὸν,3,0,3,4:2|6:1|7:1,no
Ignacio,IgnRom,genuine,Ignacio,χριστόσ,Χριστὸς,3,0,7,3:3|8:2|9:1,no
Ignacio,IgnRom,genuine,Ignacio,χριστῷ,Χριστῷ,3,0,3,0:1|1:1|2:2,no
Ignacio,IgnRom,genuine,Ignacio,ἀπό,Ἀπὸ,1,22,6241,5:1,no
Ignacio,IgnRom,genuine,Ignacio,ἐγώ,Ἐγὼ,1,21,2308,4:1,no
Ignacio,IgnRom,genuine,Ignacio,ἐπεί,Ἐπεὶ,1,7,2085,1:1,no
Ignacio,IgnRom,genuine,Ignacio,ἐφεσίων,Ἐφεσίων,1,0,0,10:1,sí
Ignacio,IgnRom,genuine,Ignacio,ἰγνάτιοσ,Ἰγνάτιος,1,0,0,0:1,sí
Ignacio,IgnRom,genuine,Ignacio,ἰησοῦ,Ἰησοῦ,13,0,1,0:1|1:1|2:2|4:2|4:3|5:3|7:3|9:3|10:3,dudoso
Ignacio,IgnRom,genuine,Ignacio,ἰησοῦν,Ἰησοῦν,2,0,1,6:1|7:1,dudoso
Ignacio,IgnRom,genuine,Ignacio,ἰησοῦσ,Ἰησοῦς,3,0,1,3:3|8:2|9:1,dudoso
Ignacio,IgnRom,genuine,Ignacio,ὁ,Ὁ,1,70,25257,7:1,no
Ignacio,IgnRom,genuine,Ignacio,ῥωμαίων,Ῥωμαίων,1,0,0,0:1,sí
Ignacio,IgnRom,genuine,Ignacio,ῥώμην,Ῥώμην,1,0,50,10:2,no
Ignacio,IgnRom,genuine,Ignacio,ῥώμησ,Ῥώμης,1,0,45,5:1,no
Ignacio,IgnTral,genuine,Ignacio,δαυείδ,Δαυείδ,1,0,0,9:1,sí
Ignacio,IgnTral,genuine,Ignacio,εἰ,Εἰ,1,11,10237,10:1,no
Ignacio,IgnTral,genuine,Ignacio,θεοφόροσ,Θεοφόρος,1,0,1,0:1,dudoso
Ignacio,IgnTral,genuine,Ignacio,κωφώθητε,Κωφώθητε,1,0,0,9:1,sí
Ignacio,IgnTral,genuine,Ignacio,μή,Μὴ,1,62,15198,5:1,no
Ignacio,IgnTral,genuine,Ignacio,μαρίασ,Μαρίας,1,0,0,9:1,sí
Ignacio,IgnTral,genuine,Ignacio,οὐαί,Οὐαὶ,1,0,39,8:2,no
Ignacio,IgnTral,genuine,Ignacio,οὐκ,Οὐκ,1,31,11914,8:1,no
Ignacio,IgnTral,genuine,Ignacio,παρακαλῶ,Παρακαλῶ,1,4,69,6:1,no
Ignacio,IgnTral,genuine,Ignacio,πιλάτου,Πιλάτου,1,0,0,9:1,sí
Ignacio,IgnTral,genuine,Ignacio,πολλά,Πολλὰ,1,1,1644,4:1,no
Ignacio,IgnTral,genuine,Ignacio,πολύβιοσ,Πολύβιος,1,0,0,1:1,sí
Ignacio,IgnTral,genuine,Ignacio,ποντίου,Ποντίου,1,0,0,9:1,sí
Ignacio,IgnTral,genuine,Ignacio,σμυρναίων,Σμυρναίων,1,0,0,13:1,sí
Ignacio,IgnTral,genuine,Ignacio,σμύρνησ,Σμύρνης,1,0,9,12:1,no
Ignacio,IgnTral,genuine,Ignacio,σμύρνῃ,Σμύρνῃ,1,0,0,1:1,sí
Ignacio,IgnTral,genuine,Ignacio,συρίᾳ,Συρίᾳ,1,0,0,13:1,sí
Ignacio,IgnTral,genuine,Ignacio,τράλλεσιν,Τράλλεσιν,1,0,0,0:1,sí
Ignacio,IgnTral,genuine,Ignacio,φεύγετε,Φεύγετε,1,4,28,11:1,no
Ignacio,IgnTral,genuine,Ignacio,φυλάττεσθε,Φυλάττεσθε,1,0,2,7:1,dudoso
Ignacio,IgnTral,genuine,Ignacio,χριστοῦ,Χριστοῦ,11,0,4,0:1|1:1|2:2|2:3|6:1|7:1|8:1|9:1|12:2,no
Ignacio,IgnTral,genuine,Ignacio,χριστόν,Χριστόν|Χριστὸν,3,0,3,2:1|3:1|6:2,no
Ignacio,IgnTral,genuine,Ignacio,χριστῷ,Χριστῷ,5,0,3,1:1|2:1|9:2|13:2|13:3,no
Ignacio,IgnTral,genuine,Ignacio,ἀσίασ,Ἀσίας,1,0,0,0:1,sí
Ignacio,IgnTral,genuine,Ignacio,ἀσπάζεται,Ἀσπάζεται,1,3,36,13:1,no
Ignacio,IgnTral,genuine,Ignacio,ἀσπάζομαι,Ἀσπάζομαι,1,12,52,12:1,no
Ignacio,IgnTral,genuine,Ignacio,ἄμωμον,Ἄμωμον,1,0,15,1:1,no
Ignacio,IgnTral,genuine,Ignacio,ἐφεσίων,Ἐφεσίων,1,0,0,13:1,sí
Ignacio,IgnTral,genuine,Ignacio,ἰγνάτιοσ,Ἰγνάτιος,1,0,0,0:1,sí
Ignacio,IgnTral,genuine,Ignacio,ἰησοῦ,Ἰησοῦ,16,0,1,0:1|1:1|2:1|2:2|2:3|6:1|7:1|8:1|9:1|9:2|12:2|13:2|13:3,dudoso
Ignacio,IgnTral,genuine,Ignacio,ἰησοῦν,Ἰησοῦν,3,0,1,2:1|3:1|6:2,dudoso
Ignacio,IgnTral,genuine,Ignacio,ὁμοίωσ,Ὁμοίως,1,4,823,3:1,no
Ignacio,IgnTral,genuine,Ignacio,ὅταν,Ὅταν,1,9,1871,2:1,no
Juliano,Jul_Ep#16,genuine,Juliano,γυάρων,Γυάρων,1,0,0,16.1,sí
Juliano,Jul_Ep#16,genuine,Juliano,δεξάμενόσ,Δεξάμενός,1,0,1,16.1,dudoso
Juliano,Jul_Ep#16,genuine,Juliano,μουσωνίῳ,Μουσωνίῳ,1,0,0,16.1,sí
Juliano,Jul_Ep#16,genuine,Juliano,νέρων,Νέρων,1,0,0,16.1,sí
Juliano,Jul_Ep#16,genuine,Juliano,σωκράτει,Σωκράτει,1,0,0,16.1,sí
Juliano,Jul_Ep#16,genuine,Juliano,ἀμφίονα,Ἀμφίονα,1,0,0,16.1,sí
Juliano,Jul_Ep#16,genuine,Juliano,ἑλλάδοσ,Ἑλλάδος,1,0,0,16.1,sí
Juliano,Jul_Ep#18,genuine,Juliano,γαλιλαίων,Γαλιλαίων,1,0,0,18.1,sí
Juliano,Jul_Ep#18,genuine,Juliano,δία,Δία,1,0,1,18.1,dudoso
Juliano,Jul_Ep#18,genuine,Juliano,διδυμαίου,Διδυμαίου,2,0,0,18.1,sí
Juliano,Jul_Ep#18,genuine,Juliano,οὐκέθ’,Οὐκέθ’,1,0,26,18.1,no
Juliano,Jul_Ep#18,genuine,Juliano,ἀθανάτων,Ἀθανάτων,1,0,27,18.1,no
Juliano,Jul_Ep#18,genuine,Juliano,ἀντία,Ἀντία,1,0,0,18.1,sí
Juliano,Jul_Ep#18,genuine,Juliano,ἕλληνασ,Ἕλληνας,1,0,0,18.1,sí
Juliano,Jul_Ep#18,genuine,Juliano,ὁμήρῳ,Ὁμήρῳ,1,0,0,18.1,sí
Juliano,Jul_Ep#18,genuine,Juliano,ὅσσοι,Ὅσσοι,2,0,0,18.1,sí
Juliano,Jul_Ep#18,genuine,Juliano,ὧν,Ὧν,1,44,4126,18.1,no
Juliano,Jul_Ep#19,genuine,Juliano,βαδίσωμεν,Βαδίσωμεν,1,0,0,19.2,sí
Juliano,Jul_Ep#19,genuine,Juliano,γαλιλαίων,Γαλιλαίων,1,0,0,19.1,sí
Juliano,Jul_Ep#19,genuine,Juliano,γαλιλαῖοι,Γαλιλαῖοι,1,0,0,19.3,sí
Juliano,Jul_Ep#19,genuine,Juliano,δύο,Δύο,1,9,1288,19.3,no
Juliano,Jul_Ep#19,genuine,Juliano,καί,Καὶ,1,1104,157796,19.2,no
Juliano,Jul_Ep#19,genuine,Juliano,κωνσταντίου,Κωνσταντίου,1,0,0,19.1,sí
Juliano,Jul_Ep#19,genuine,Juliano,πηγάσιον,Πηγάσιον,3,0,0,19.1|19.2|19.3,sí
Juliano,Jul_Ep#19,genuine,Juliano,τί,Τί,1,33,4801,19.2,no
Juliano,Jul_Ep#19,genuine,Juliano,τρῳάδοσ,Τρῳάδος,1,0,0,19.1,sí
Juliano,Jul_Ep#19,genuine,Juliano,ἀθηνᾶσ,Ἀθηνᾶς,1,0,0,19.2,sí
Juliano,Jul_Ep#19,genuine,Juliano,ἀφόβιοσ,Ἀφόβιος,1,0,0,19.3,sí
Juliano,Jul_Ep#19,genuine,Juliano,ἀχίλλειον,Ἀχίλλειον,1,0,0,19.3,sí
Juliano,Jul_Ep#19,genuine,Juliano,ἀχιλλέα,Ἀχιλλέα,1,0,0,19.2,sí
Juliano,Jul_Ep#19,genuine,Juliano,ἀχιλλεύσ,Ἀχιλλεὺς,1,0,0,19.2,sí
Juliano,Jul_Ep#19,genuine,Juliano,ἕκτοροσ,Ἕκτορος,2,0,0,19.2,sí
Juliano,Jul_Ep#19,genuine,Juliano,ἡρῷόν,Ἡρῷόν,1,0,0,19.2,sí
Juliano,Jul_Ep#19,genuine,Juliano,ἥλιον,Ἥλιον,1,0,204,19.3,no
Juliano,Jul_Ep#19,genuine,Juliano,ἰλιάδοσ,Ἰλιάδος,1,0,0,19.2,sí
Juliano,Jul_Ep#19,genuine,Juliano,ἰλιεῖσ,Ἰλιεῖς,1,0,0,19.2,sí
Juliano,Jul_Ep#19,genuine,Juliano,ἴλιον,Ἴλιον,1,0,0,19.1,sí
Juliano,Jul_Ep#20,genuine,Juliano,αὐτόσ,Αὐτὸς,1,32,3708,20.1,no
Juliano,Jul_Ep#20,genuine,Juliano,γαλιλαίασ,Γαλιλαίας,1,0,0,20.2,sí
Juliano,Jul_Ep#20,genuine,Juliano,τί,Τί,1,33,4801,20.2,no
Juliano,Jul_Ep#20,genuine,Juliano,ἀσίαν,Ἀσίαν,1,0,0,20.2,sí
Juliano,Jul_Ep#20,genuine,Juliano,ἐμοί,Ἐμοὶ,1,34,1036,20.1,no
Juliano,Jul_Ep#20,genuine,Juliano,ἰουδαίων,Ἰουδαίων,1,0,0,20.2,sí
Juliano,Jul_Ep#21,genuine,Juliano,αἰγύπτου,Αἰγύπτου,2,0,0,21.1|21.2,sí
Juliano,Jul_Ep#21,genuine,Juliano,γεωργίῳ,Γεωργίῳ,2,0,0,21.1,sí
Juliano,Jul_Ep#21,genuine,Juliano,γεώργιον,Γεώργιον,1,0,5,21.1,no
Juliano,Jul_Ep#21,genuine,Juliano,γεώργιοσ,Γεώργιος,1,0,0,21.2,sí
Juliano,Jul_Ep#21,genuine,Juliano,εἰ,Εἰ,1,113,10237,21.1,no
Juliano,Jul_Ep#21,genuine,Juliano,εὐτύχημα,Εὐτύχημα,1,0,10,21.2,no
Juliano,Jul_Ep#21,genuine,Juliano,κωνστάντιον,Κωνστάντιον,2,0,0,21.1,sí
Juliano,Jul_Ep#21,genuine,Juliano,παραβάλλετε,Παραβάλλετε,1,0,0,21.2,sí
Juliano,Jul_Ep#21,genuine,Juliano,προτεθήτω,Προτεθήτω,1,0,2,21.3,dudoso
Juliano,Jul_Ep#21,genuine,Juliano,σάραπιν,Σάραπιν,1,0,0,21.1,sí
Juliano,Jul_Ep#21,genuine,Juliano,σάραπισ,Σάραπις,1,0,0,21.1,sí
Juliano,Jul_Ep#21,genuine,Juliano,σαράπιδοσ,Σαράπιδος,1,0,0,21.1,sí
Juliano,Jul_Ep#21,genuine,Juliano,ἀλέξανδρον,Ἀλέξανδρον,1,0,2,21.1,dudoso
Juliano,Jul_Ep#21,genuine,Juliano,ἀλεξανδρεῖσ,Ἀλεξανδρεῖς,1,0,0,21.2,sí
Juliano,Jul_Ep#21,genuine,Juliano,ἀλεξανδρεῦσιν,Ἀλεξανδρεῦσιν,1,0,0,21.3,sí
Juliano,Jul_Ep#21,genuine,Juliano,ἕλληνεσ,Ἕλληνες,1,0,0,21.2,sí
Juliano,Jul_Ep#22,genuine,Juliano,γαλατίαν,Γαλατίαν,2,0,0,22.1,sí
Juliano,Jul_Ep#22,genuine,Juliano,γαλιλαῖοι,Γαλιλαῖοι,1,0,0,22.1,sí
Juliano,Jul_Ep#22,genuine,Juliano,διόσ,Διός,1,0,2,22.1,dudoso
Juliano,Jul_Ep#22,genuine,Juliano,εὔμαιον,Εὔμαιον,1,0,0,22.1,sí
Juliano,Jul_Ep#22,genuine,Juliano,πεσσινοῦντι,Πεσσινοῦντι,1,0,0,22.3,sí
Juliano,Jul_Ep#22,genuine,Juliano,τούσ,Τοὺς,1,222,16009,22.2,no
Juliano,Jul_Ep#22,genuine,Juliano,τῇ,Τῇ,1,72,10633,22.3,no
Juliano,Jul_Ep#22,genuine,Juliano,ἀδράστεια,Ἀδράστεια,1,0,0,22.1,sí
Juliano,Jul_Ep#22,genuine,Juliano,ἑλληνικάσ,Ἑλληνικὰς,1,0,0,22.1,sí
Juliano,Jul_Ep#22,genuine,Juliano,ἑλληνικούσ,Ἑλληνικοὺς,1,0,0,22.1,sí
Juliano,Jul_Ep#22,genuine,Juliano,ἑλληνισμόσ,Ἑλληνισμὸς,1,0,0,22.1,sí
Juliano,Jul_Ep#22,genuine,Juliano,ἑλληνιστάσ,Ἑλληνιστὰς,1,0,0,22.1,sí
Juliano,Jul_Ep#22,genuine,Juliano,ἰουδαίων,Ἰουδαίων,1,0,0,22.1,sí
Juliano,Jul_Ep#22,genuine,Juliano,ὁ,Ὁ,1,130,25257,22.1,no
Juliano,Jul_Ep#22,genuine,Juliano,ὅμηροσ,Ὅμηρος,1,0,1,22.1,dudoso
Juliano,Jul_Ep#25,genuine,Juliano,βιθυνίᾳ,Βιθυνίᾳ,1,0,0,25.1,sí
Juliano,Jul_Ep#25,genuine,Juliano,διονύσου,Διονύσου,1,0,0,25.1,sí
Juliano,Jul_Ep#25,genuine,Juliano,διόνυσον,Διόνυσον,1,0,0,25.1,sí
Juliano,Jul_Ep#25,genuine,Juliano,νηρέωσ,Νηρέως,1,0,0,25.1,sí
Juliano,Jul_Ep#25,genuine,Juliano,πίνδαρον,Πίνδαρον,1,0,0,25.1,sí
Juliano,Jul_Ep#25,genuine,Juliano,προποντίδα,Προποντίδα,1,0,0,25.1,sí
Juliano,Jul_Ep#25,genuine,Juliano,συγκτησείδιον,Συγκτησείδιον,1,0,0,25.1,sí
Juliano,Jul_Ep#25,genuine,Juliano,χάριτασ,Χάριτας,1,1,100,25.1,no
Juliano,Jul_Ep#25,genuine,Juliano,ὁμήρῳ,Ὁμήρῳ,1,0,0,25.1,sí
Juliano,Jul_Ep#26,genuine,Juliano,οὐ,Οὐ,1,126,13518,26.1,no
Juliano,Jul_Ep#26,genuine,Juliano,ταῦτα,Ταῦτα,1,57,5633,26.2,no
Juliano,Jul_Ep#26,genuine,Juliano,ἀστυδάμασ,Ἀστυδάμας,1,0,0,26.2,sí
Juliano,Jul_Ep#26,genuine,Juliano,ἡ,Ἡ,1,55,13248,26.1,no
Juliano,Jul_Ep#26,genuine,Juliano,ὦ,Ὦ,1,7,1508,26.1,no
Juliano,Jul_Ep#28,genuine,Juliano,δελφοί,Δελφοὶ,1,0,0,28.2,sí
Juliano,Jul_Ep#28,genuine,Juliano,δελφοίδιά,Δελφοὶδιὰ,1,0,0,28.2,sí
Juliano,Jul_Ep#28,genuine,Juliano,δελφῶν,Δελφῶν,1,0,0,28.2,sí
Juliano,Jul_Ep#28,genuine,Juliano,διογένησ,Διογένης,1,0,0,28.4,sí
Juliano,Jul_Ep#28,genuine,Juliano,καίτοι,Καίτοι,1,16,833,28.3,no
Juliano,Jul_Ep#28,genuine,Juliano,κορίνθιοι,Κορίνθιοι,4,0,0,28.2|28.3,sí
Juliano,Jul_Ep#28,genuine,Juliano,κορινθίοισ,Κορινθίοις,2,0,0,28.2|28.3,sí
Juliano,Jul_Ep#28,genuine,Juliano,κορινθίουσ,Κορινθίους,2,0,0,28.2|28.3,sí
Juliano,Jul_Ep#28,genuine,Juliano,κόρινθον,Κόρινθον,1,0,0,28.3,sí
Juliano,Jul_Ep#28,genuine,Juliano,λακεδαιμονίοισ,Λακεδαιμονίοις,2,0,0,28.1,sí
Juliano,Jul_Ep#28,genuine,Juliano,λαμπρίασ,Λαμπρίας,1,0,0,28.4,sí
Juliano,Jul_Ep#28,genuine,Juliano,μακεδόνασ,Μακεδόνας,1,0,0,28.1,sí
Juliano,Jul_Ep#28,genuine,Juliano,μακεδόνων,Μακεδόνων,1,0,0,28.1,sí
Juliano,Jul_Ep#28,genuine,Juliano,νέμεα,Νέμεα,1,0,0,28.2,sí
Juliano,Jul_Ep#28,genuine,Juliano,νεμέων,Νεμέων,1,0,0,28.2,sí
Juliano,Jul_Ep#28,genuine,Juliano,πέρσασ,Πέρσας,1,0,1,28.1,dudoso
Juliano,Jul_Ep#28,genuine,Juliano,περσικοῦ,Περσικοῦ,1,0,0,28.1,sí
Juliano,Jul_Ep#28,genuine,Juliano,πύθια,Πύθια,1,0,0,28.2,sí
Juliano,Jul_Ep#28,genuine,Juliano,τρωικοῦ,Τρωικοῦ,1,0,0,28.1,sí
Juliano,Jul_Ep#28,genuine,Juliano,φιλίππου,Φιλίππου,1,0,0,28.1,sí
Juliano,Jul_Ep#28,genuine,Juliano,ἀθηναίοισ,Ἀθηναίοις,1,0,0,28.1,sí
Juliano,Jul_Ep#28,genuine,Juliano,ἀλεξάνδρου,Ἀλεξάνδρου,1,0,0,28.1,sí
Juliano,Jul_Ep#28,genuine,Juliano,ἀλλά,Ἀλλὰ,1,71,8862,28.4,no
Juliano,Jul_Ep#28,genuine,Juliano,ἀργείοισ,Ἀργείοις,3,0,0,28.2|28.3,sí
Juliano,Jul_Ep#28,genuine,Juliano,ἀργείων,Ἀργείων,2,0,0,28.1|28.3,sí
Juliano,Jul_Ep#28,genuine,Juliano,ἀργεῖοι,Ἀργεῖοι,3,0,0,28.2,sí
Juliano,Jul_Ep#28,genuine,Juliano,ἄργοσ,Ἄργος,1,0,0,28.3,sí
Juliano,Jul_Ep#28,genuine,Juliano,ἄτοπον,Ἄτοπον,1,4,232,28.5,no
Juliano,Jul_Ep#28,genuine,Juliano,ἑλλάδα,Ἑλλάδα,3,0,1,28.1|28.2|28.3,dudoso
Juliano,Jul_Ep#28,genuine,Juliano,ἑλλάδοσ,Ἑλλάδος,3,0,0,28.1|28.3,sí
Juliano,Jul_Ep#28,genuine,Juliano,ἑλληνικήν,Ἑλληνικὴν,1,0,2,28.2,dudoso
Juliano,Jul_Ep#28,genuine,Juliano,ἠλείων,Ἠλείων,1,0,0,28.2,sí
Juliano,Jul_Ep#28,genuine,Juliano,ἠλεῖοι,Ἠλεῖοι,2,0,0,28.2,sí
Juliano,Jul_Ep#28,genuine,Juliano,ἡρακλειδῶν,Ἡρακλειδῶν,1,0,0,28.1,sí
Juliano,Jul_Ep#28,genuine,Juliano,ἰσθμῷ,Ἰσθμῷ,1,0,2,28.2,dudoso
Juliano,Jul_Ep#28,genuine,Juliano,ἴσθμια,Ἴσθμια,1,0,0,28.2,sí
Juliano,Jul_Ep#28,genuine,Juliano,ὀλύμπια,Ὀλύμπια,1,0,2,28.2,dudoso
Juliano,Jul_Ep#28,genuine,Juliano,ὑπέρ,Ὑπὲρ,1,78,2894,28.1,no
Juliano,Jul_Ep#28,genuine,Juliano,ῥωμαίοισ,Ῥωμαίοις,1,0,0,28.1,sí
Juliano,Jul_Ep#28,genuine,Juliano,ῥωμαϊκήν,Ῥωμαϊκὴν,1,0,0,28.3,sí
Juliano,Jul_Ep#29,genuine,Juliano,δαφναίουσ,Δαφναίους,1,0,0,29.3,sí
Juliano,Jul_Ep#29,genuine,Juliano,εἰ,Εἰ,1,113,10237,29.1,no
Juliano,Jul_Ep#29,genuine,Juliano,λαυρίκιον,Λαυρίκιον,1,0,0,29.4,sí
Juliano,Jul_Ep#29,genuine,Juliano,λαυρίκιοσ,Λαυρίκιος,1,0,0,29.4,sí
Juliano,Jul_Ep#29,genuine,Juliano,λυκάμβου,Λυκάμβου,1,0,0,29.4,sí
Juliano,Jul_Ep#29,genuine,Juliano,περί,Περὶ,2,92,11327,29.2|29.4,no
Juliano,Jul_Ep#29,genuine,Juliano,πλάτωνοσ,Πλάτωνος,1,0,0,29.1,sí
Juliano,Jul_Ep#29,genuine,Juliano,συρίαν,Συρίαν,1,0,1,29.1,dudoso
Juliano,Jul_Ep#29,genuine,Juliano,τῶν,Τῶν,1,366,41409,29.5,no
Juliano,Jul_Ep#29,genuine,Juliano,ἀρχίλοχοσ,Ἀρχίλοχος,1,0,0,29.4,sí
Juliano,Jul_Ep#29,genuine,Juliano,ὁμηρου,Ὁμηρου,1,0,0,29.1,sí
Juliano,Jul_Ep#30,genuine,Juliano,κωνσταντίῳ,Κωνσταντίῳ,1,0,0,30.1,sí
Juliano,Jul_Ep#30,genuine,Juliano,πυθαγόρειον,Πυθαγόρειον,1,0,0,30.1,sí
Juliano,Jul_Ep#30,genuine,Juliano,ἄλπεισ,Ἄλπεις,1,0,0,30.1,sí
Juliano,Jul_Ep#30,genuine,Juliano,ἐγώ,Ἐγὼ,1,67,2308,30.1,no
Juliano,Jul_Ep#30,genuine,Juliano,ὑπεδεξάμην,Ὑπεδεξάμην,1,1,4,30.2,no
Juliano,Jul_Ep#32,genuine,Juliano,μάξιμον,Μάξιμον,1,0,0,32.1,sí
Juliano,Jul_Ep#32,genuine,Juliano,μυγδονίου,Μυγδονίου,1,0,0,32.1,sí
Juliano,Jul_Ep#32,genuine,Juliano,σελεύκου,Σελεύκου,1,0,0,32.1,sí
Juliano,Jul_Ep#32,genuine,Juliano,τό,Τὸ,1,248,40665,32.1,no
Juliano,Jul_Ep#36,genuine,Juliano,γαλιλαίων,Γαλιλαίων,1,0,0,36.1,sí
Juliano,Jul_Ep#36,genuine,Juliano,δημοσθένει,Δημοσθένει,1,0,0,36.1,sí
Juliano,Jul_Ep#36,genuine,Juliano,θουκυδίδῃ,Θουκυδίδῃ,1,0,0,36.1,sí
Juliano,Jul_Ep#36,genuine,Juliano,λουκᾶν,Λουκᾶν,1,0,0,36.1,sí
Juliano,Jul_Ep#36,genuine,Juliano,λυσίᾳ,Λυσίᾳ,1,0,0,36.1,sí
Juliano,Jul_Ep#36,genuine,Juliano,ματθαῖον,Ματθαῖον,1,0,0,36.1,sí
Juliano,Jul_Ep#36,genuine,Juliano,μουσῶν,Μουσῶν,1,0,4,36.1,no
Juliano,Jul_Ep#36,genuine,Juliano,παιδείαν,Παιδείαν,1,2,114,36.1,no
Juliano,Jul_Ep#36,genuine,Juliano,ἑρμοῦ,Ἑρμοῦ,1,0,0,36.1,sí
Juliano,Jul_Ep#36,genuine,Juliano,ἡροδότῳ,Ἡροδότῳ,1,0,0,36.1,sí
Juliano,Jul_Ep#36,genuine,Juliano,ἡσίοδοσ,Ἡσίοδος,1,0,0,36.1,sí
Juliano,Jul_Ep#36,genuine,Juliano,ἡσιόδῳ,Ἡσιόδῳ,1,0,0,36.1,sí
Juliano,Jul_Ep#36,genuine,Juliano,ἰσοκράτει,Ἰσοκράτει,1,0,0,36.1,sí
Juliano,Jul_Ep#36,genuine,Juliano,ὁμήρῳ,Ὁμήρῳ,1,0,0,36.1,sí
Juliano,Jul_Ep#36,genuine,Juliano,ὅμηροσ,Ὅμηρος,1,0,1,36.1,dudoso
Juliano,Jul_Ep#4,genuine,Juliano,οἵου,Οἵου,1,0,18,4.1,no
Juliano,Jul_Ep#4,genuine,Juliano,πάντη,Πάντη,1,4,181,4.3,no
Juliano,Jul_Ep#4,genuine,Juliano,περιπατητικά,Περιπατητικὰ,1,0,0,4.3,sí
Juliano,Jul_Ep#4,genuine,Juliano,πλάτωνοσ,Πλάτωνος,1,0,0,4.3,sí
Juliano,Jul_Ep#4,genuine,Juliano,σαλούστιον,Σαλούστιον,1,0,0,4.3,sí
Juliano,Jul_Ep#4,genuine,Juliano,στωικῶν,Στωικῶν,1,0,0,4.3,sí
Juliano,Jul_Ep#4,genuine,Juliano,τῶν,Τῶν,1,366,41409,4.1,no
Juliano,Jul_Ep#4,genuine,Juliano,ἀριστοτέλουσ,Ἀριστοτέλους,1,0,0,4.3,sí
Juliano,Jul_Ep#4,genuine,Juliano,ὅμηροσ,Ὅμηρος,1,0,1,4.1,dudoso
Juliano,Jul_Ep#4,genuine,Juliano,ὅρα,Ὅρα,1,2,163,4.1,no
Juliano,Jul_Ep#41,genuine,Juliano,αὐγούστων,Αὐγούστων,1,0,0,41.4,sí
Juliano,Jul_Ep#41,genuine,Juliano,βιθυνίᾳ,Βιθυνίᾳ,1,0,0,41.1,sí
Juliano,Jul_Ep#41,genuine,Juliano,βοστρηνῶν,Βοστρηνῶν,1,0,0,41.3,sí
Juliano,Jul_Ep#41,genuine,Juliano,γαλατίᾳ,Γαλατίᾳ,1,0,0,41.1,sí
Juliano,Jul_Ep#41,genuine,Juliano,γαλιλαίων,Γαλιλαίων,2,0,0,41.1|41.3,sí
Juliano,Jul_Ep#41,genuine,Juliano,καίτοι,Καίτοι,1,16,833,41.3,no
Juliano,Jul_Ep#41,genuine,Juliano,καλανδῶν,Καλανδῶν,1,0,9,41.4,no
Juliano,Jul_Ep#41,genuine,Juliano,κυζίκῳ,Κυζίκῳ,1,0,0,41.1,sí
Juliano,Jul_Ep#41,genuine,Juliano,παφλαγονίᾳ,Παφλαγονίᾳ,1,0,0,41.1,sí
Juliano,Jul_Ep#41,genuine,Juliano,σαμοσάτοισ,Σαμοσάτοις,1,0,0,41.1,sí
Juliano,Jul_Ep#41,genuine,Juliano,τά,Τὰ,1,184,23249,41.2,no
Juliano,Jul_Ep#41,genuine,Juliano,τίτον,Τίτον,1,0,0,41.3,sí
Juliano,Jul_Ep#41,genuine,Juliano,ταῦτα,Ταῦτα,1,57,5633,41.3,no
Juliano,Jul_Ep#41,genuine,Juliano,χριστιανῶν,Χριστιανῶν,1,0,1,41.3,dudoso
Juliano,Jul_Ep#41,genuine,Juliano,ἀντιοχείᾳ,Ἀντιοχείᾳ,1,0,0,41.4,sí
Juliano,Jul_Ep#41,genuine,Juliano,ἐδόθη,Ἐδόθη,1,1,44,41.4,no
Juliano,Jul_Ep#41,genuine,Juliano,ἑλλήνων,Ἑλλήνων,1,0,0,41.3,sí
Juliano,Jul_Ep#41,genuine,Juliano,ὤιμην,Ὤιμην,1,0,1,41.1,dudoso
Juliano,Jul_Ep#47,genuine,Juliano,αἰγυπτίοισ,Αἰγυπτίοις,1,0,0,47.2,sí
Juliano,Jul_Ep#47,genuine,Juliano,αἰγυπτίων,Αἰγυπτίων,1,0,0,47.2,sí
Juliano,Jul_Ep#47,genuine,Juliano,αἰγύπτου,Αἰγύπτου,3,0,0,47.1|47.2|47.4,sí
Juliano,Jul_Ep#47,genuine,Juliano,αἰγύπτῳ,Αἰγύπτῳ,1,0,0,47.2,sí
Juliano,Jul_Ep#47,genuine,Juliano,γαλιλαίων,Γαλιλαίων,2,0,0,47.1|47.2,sí
Juliano,Jul_Ep#47,genuine,Juliano,γαλιλαῖοσ,Γαλιλαῖος,1,0,0,47.2,sí
Juliano,Jul_Ep#47,genuine,Juliano,δία,Δία,1,0,1,47.2,dudoso
Juliano,Jul_Ep#47,genuine,Juliano,εἰ,Εἰ,2,113,10237,47.1|47.4,no
Juliano,Jul_Ep#47,genuine,Juliano,καίσαροσ,Καίσαρος,1,1,4,47.2,no
Juliano,Jul_Ep#47,genuine,Juliano,λάγου,Λάγου,1,0,0,47.2,sí
Juliano,Jul_Ep#47,genuine,Juliano,λίαν,Λίαν,1,12,281,47.2,no
Juliano,Jul_Ep#47,genuine,Juliano,μακεδών,Μακεδών,1,0,0,47.2,sí
Juliano,Jul_Ep#47,genuine,Juliano,προτεθήτω,Προτεθήτω,1,0,2,47.5,dudoso
Juliano,Jul_Ep#47,genuine,Juliano,πτολεμαίουσ,Πτολεμαίους,1,0,0,47.2,sí
Juliano,Jul_Ep#47,genuine,Juliano,πτολεμαῖοι,Πτολεμαῖοι,1,0,0,47.2,sí
Juliano,Jul_Ep#47,genuine,Juliano,πτολεμαῖοσ,Πτολεμαῖος,1,0,0,47.2,sí
Juliano,Jul_Ep#47,genuine,Juliano,σαράπιδοσ,Σαράπιδος,2,0,0,47.1|47.2,sí
Juliano,Jul_Ep#47,genuine,Juliano,σεβαστοῦ,Σεβαστοῦ,1,0,0,47.2,sí
Juliano,Jul_Ep#47,genuine,Juliano,σεβαστόσ,Σεβαστὸς,1,0,0,47.2,sí
Juliano,Jul_Ep#47,genuine,Juliano,σελήνην,Σελήνην,1,1,97,47.3,no
Juliano,Jul_Ep#47,genuine,Juliano,τά,Τὰ,1,184,23249,47.3,no
Juliano,Jul_Ep#47,genuine,Juliano,ἀθανάσιον,Ἀθανάσιον,2,0,0,47.1|47.4,sí
Juliano,Jul_Ep#47,genuine,Juliano,ἀθανασίου,Ἀθανασίου,1,0,0,47.4,sí
Juliano,Jul_Ep#47,genuine,Juliano,ἀθανασίῳ,Ἀθανασίῳ,1,0,0,47.4,sí
Juliano,Jul_Ep#47,genuine,Juliano,ἀλέξανδροσ,Ἀλέξανδρος,2,0,1,47.2,dudoso
Juliano,Jul_Ep#47,genuine,Juliano,ἀλεξάνδρου,Ἀλεξάνδρου,1,0,0,47.1,sí
Juliano,Jul_Ep#47,genuine,Juliano,ἀλεξανδρέων,Ἀλεξανδρέων,1,0,0,47.2,sí
Juliano,Jul_Ep#47,genuine,Juliano,ἀλεξανδρεῖσ,Ἀλεξανδρεῖς,3,0,0,47.2,sí
Juliano,Jul_Ep#47,genuine,Juliano,ἀλεξανδρεῦσιν,Ἀλεξανδρεῦσιν,1,0,0,47.5,sí
Juliano,Jul_Ep#47,genuine,Juliano,ἄνδρεσ,Ἄνδρες,1,4,303,47.2,no
Juliano,Jul_Ep#47,genuine,Juliano,ἄρειοσ,Ἄρειος,2,0,0,47.2,sí
Juliano,Jul_Ep#47,genuine,Juliano,ἑβραίουσ,Ἑβραίους,1,0,0,47.2,sí
Juliano,Jul_Ep#47,genuine,Juliano,ἑβραίων,Ἑβραίων,1,0,0,47.2,sí
Juliano,Jul_Ep#47,genuine,Juliano,ἡλίου,Ἡλίου,1,3,234,47.3,no
Juliano,Jul_Ep#47,genuine,Juliano,ἥλιον,Ἥλιον,1,0,204,47.3,no
Juliano,Jul_Ep#47,genuine,Juliano,ἰησοῦ,Ἰησοῦ,1,0,1,47.2,dudoso
Juliano,Jul_Ep#47,genuine,Juliano,ἰησοῦν,Ἰησοῦν,1,0,1,47.3,dudoso
Juliano,Jul_Ep#47,genuine,Juliano,ἴσιδι,Ἴσιδι,1,0,0,47.1,sí
Juliano,Jul_Ep#47,genuine,Juliano,ὀλυμπίων,Ὀλυμπίων,1,0,6,47.3,no
Juliano,Jul_Ep#47,genuine,Juliano,ῥωμαίοισ,Ῥωμαίοις,1,0,0,47.2,sí
Juliano,Jul_Ep#47,genuine,Juliano,ῥωμαῖοι,Ῥωμαῖοι,1,0,0,47.2,sí
Juliano,Jul_Ep#48,genuine,Juliano,αἰγύπτια,Αἰγύπτια,1,0,0,48.1,sí
Juliano,Jul_Ep#48,genuine,Juliano,κωνστάντιοσ,Κωνστάντιος,1,0,0,48.1,sí
Juliano,Jul_Ep#48,genuine,Juliano,κωνσταντίνου,Κωνσταντίνου,1,0,0,48.1,sí
Juliano,Jul_Ep#48,genuine,Juliano,πόντον,Πόντον,1,0,28,48.1,no
Juliano,Jul_Ep#48,genuine,Juliano,ὀβελόν,Ὀβελὸν,1,0,1,48.1,dudoso
Juliano,Jul_Ep#50,genuine,Juliano,αἰγύπτῳ,Αἰγύπτῳ,1,0,0,50.5,sí
Juliano,Jul_Ep#50,genuine,Juliano,βαβρίου,Βαβρίου,1,0,0,50.1,sí
Juliano,Jul_Ep#50,genuine,Juliano,γαλῆ,Γαλῆ,1,0,0,50.1,sí
Juliano,Jul_Ep#50,genuine,Juliano,δίσ,Δὶς,1,1,112,50.4,no
Juliano,Jul_Ep#50,genuine,Juliano,διονύσιε,Διονύσιε,2,0,0,50.2|50.3,sí
Juliano,Jul_Ep#50,genuine,Juliano,διονύσιον,Διονύσιον,1,0,0,50.2,sí
Juliano,Jul_Ep#50,genuine,Juliano,διόσ,Διός,1,0,2,50.3,dudoso
Juliano,Jul_Ep#50,genuine,Juliano,εὐριπίδειον,Εὐριπίδειον,1,0,0,50.3,sí
Juliano,Jul_Ep#50,genuine,Juliano,εὐφράτου,Εὐφράτου,1,0,0,50.5,sí
Juliano,Jul_Ep#50,genuine,Juliano,θερσίτησ,Θερσίτης,1,0,0,50.3,sí
Juliano,Jul_Ep#50,genuine,Juliano,θερσίτου,Θερσίτου,1,0,0,50.3,sí
Juliano,Jul_Ep#50,genuine,Juliano,κάλλιποσ,Κάλλιπος,1,0,0,50.2,sí
Juliano,Jul_Ep#50,genuine,Juliano,καλλισθένη,Καλλισθένη,1,0,0,50.5,sí
Juliano,Jul_Ep#50,genuine,Juliano,κινύρου,Κινύρου,1,0,0,50.4,sí
Juliano,Jul_Ep#50,genuine,Juliano,κλεῖτοσ,Κλεῖτος,1,0,0,50.5,sí
Juliano,Jul_Ep#50,genuine,Juliano,κώνσταντι,Κώνσταντι,1,0,0,50.1,sí
Juliano,Jul_Ep#50,genuine,Juliano,κώνσταντοσ,Κώνσταντος,1,0,0,50.6,sí
Juliano,Jul_Ep#50,genuine,Juliano,λακωνικῶσ,Λακωνικῶς,1,0,0,50.4,sí
Juliano,Jul_Ep#50,genuine,Juliano,μαγνεντίου,Μαγνεντίου,1,0,0,50.6,sí
Juliano,Jul_Ep#50,genuine,Juliano,μαγνεντίῳ,Μαγνεντίῳ,1,0,0,50.1,sí
Juliano,Jul_Ep#50,genuine,Juliano,μώμου,Μώμου,1,0,2,50.4,dudoso
Juliano,Jul_Ep#50,genuine,Juliano,μῶμοσ,Μῶμος,1,0,3,50.4,no
Juliano,Jul_Ep#50,genuine,Juliano,νείλου,Νείλου,1,0,0,50.5,sí
Juliano,Jul_Ep#50,genuine,Juliano,νεῖλον,Νεῖλον,1,0,0,50.2,sí
Juliano,Jul_Ep#50,genuine,Juliano,παρμενίων,Παρμενίων,1,0,0,50.5,sí
Juliano,Jul_Ep#50,genuine,Juliano,παρμενίωνοσ,Παρμενίωνος,1,0,0,50.5,sí
Juliano,Jul_Ep#50,genuine,Juliano,πλάτων,Πλάτων,1,0,0,50.1,sí
Juliano,Jul_Ep#50,genuine,Juliano,πλάτωνα,Πλάτωνα,2,0,0,50.1|50.2,sí
Juliano,Jul_Ep#50,genuine,Juliano,σαρδαναπάλου,Σαρδαναπάλου,1,0,0,50.4,sí
Juliano,Jul_Ep#50,genuine,Juliano,συμμάχου,Συμμάχου,1,0,3,50.2,no
Juliano,Jul_Ep#50,genuine,Juliano,τελείαν,Τελείαν,1,0,45,50.8,no
Juliano,Jul_Ep#50,genuine,Juliano,τιθωνοῦ,Τιθωνοῦ,1,0,0,50.4,sí
Juliano,Jul_Ep#50,genuine,Juliano,φαίδωνα,Φαίδωνα,1,0,0,50.2,sí
Juliano,Jul_Ep#50,genuine,Juliano,φιλώτασ,Φιλώτας,1,0,0,50.5,sí
Juliano,Jul_Ep#50,genuine,Juliano,χαρίτων,Χαρίτων,1,1,40,50.1,no
Juliano,Jul_Ep#50,genuine,Juliano,ἀγαμέμνονι,Ἀγαμέμνονι,1,0,0,50.3,sí
Juliano,Jul_Ep#50,genuine,Juliano,ἀδραστείασ,Ἀδραστείας,1,0,0,50.4,sí
Juliano,Jul_Ep#50,genuine,Juliano,ἀθηναῖοσ,Ἀθηναῖος,1,0,0,50.2,sí
Juliano,Jul_Ep#50,genuine,Juliano,ἀλέξανδρον,Ἀλέξανδρον,1,0,2,50.5,dudoso
Juliano,Jul_Ep#50,genuine,Juliano,ἀλέξανδροσ,Ἀλέξανδρος,2,0,1,50.5,dudoso
Juliano,Jul_Ep#50,genuine,Juliano,ἀλλά,Ἀλλὰ,2,71,8862,50.2|50.3,no
Juliano,Jul_Ep#50,genuine,Juliano,ἀλλ’,Ἀλλ’,3,60,7239,50.5|50.6|50.7,no
Juliano,Jul_Ep#50,genuine,Juliano,ἀμείνων,Ἀμείνων,1,2,71,50.1,no
Juliano,Jul_Ep#50,genuine,Juliano,ἀσκληπιαδῶν,Ἀσκληπιαδῶν,1,0,0,50.2,sí
Juliano,Jul_Ep#50,genuine,Juliano,ἀστυδάμασ,Ἀστυδάμας,1,0,0,50.1,sí
Juliano,Jul_Ep#50,genuine,Juliano,ἀττικῶν,Ἀττικῶν,1,0,0,50.4,sí
Juliano,Jul_Ep#50,genuine,Juliano,ἀφροδίτησ,Ἀφροδίτης,2,0,4,50.1|50.4,no
Juliano,Jul_Ep#50,genuine,Juliano,ἆρα,Ἆρα,1,3,152,50.4,no
Juliano,Jul_Ep#50,genuine,Juliano,ἑρμόλαοσ,Ἑρμόλαος,2,0,0,50.5,sí
Juliano,Jul_Ep#50,genuine,Juliano,ἔσφηλαν,Ἔσφηλαν,1,0,0,50.2,sí
Juliano,Jul_Ep#50,genuine,Juliano,ἕκτορα,Ἕκτορα,1,0,0,50.5,sí
Juliano,Jul_Ep#50,genuine,Juliano,ἕλλησιν,Ἕλλησιν,1,0,0,50.3,sí
Juliano,Jul_Ep#50,genuine,Juliano,ἠλεῖον,Ἠλεῖον,1,0,0,50.2,sí
Juliano,Jul_Ep#50,genuine,Juliano,ἤλεκτραν,Ἤλεκτραν,1,0,0,50.3,sí
Juliano,Jul_Ep#50,genuine,Juliano,ἰουλιανόσ,Ἰουλιανὸς,1,0,0,50.2,sí
Juliano,Jul_Ep#50,genuine,Juliano,ἱπποκράτησ,Ἱπποκράτης,1,0,0,50.2,sí
Juliano,Jul_Ep#50,genuine,Juliano,ὀδυσσεύσ,Ὀδυσσεὺς,1,0,0,50.3,sí
Juliano,Jul_Ep#50,genuine,Juliano,ῥώμην,Ῥώμην,1,0,50,50.7,no
Juliano,Jul_Ep#51,genuine,Juliano,κωνστάντιοσ,Κωνστάντιος,1,0,0,51.1,sí
Juliano,Jul_Ep#51,genuine,Juliano,πάνυ,Πάνυ,1,16,703,51.1,no
Juliano,Jul_Ep#51,genuine,Juliano,περσῶν,Περσῶν,1,0,0,51.1,sí
Juliano,Jul_Ep#51,genuine,Juliano,ἱερουσαλήμ,Ἱερουσαλὴμ,1,0,2,51.1,dudoso
Juliano,Jul_Ep#51,genuine,Juliano,ἴουλον,Ἴουλον,1,0,0,51.1,sí
Juliano,Jul_Ep#53,genuine,Juliano,παύλου,Παύλου,1,0,0,53.1,sí
Juliano,Jul_Ep#53,genuine,Juliano,ἀνέγνων,Ἀνέγνων,1,1,20,53.2,no
Juliano,Jul_Ep#53,genuine,Juliano,ἀποδέδωκασ,Ἀποδέδωκας,1,0,0,53.1,sí
Juliano,Jul_Ep#53,genuine,Juliano,ἀριστοφάνει,Ἀριστοφάνει,1,0,0,53.1,sí
Juliano,Jul_Ep#53,genuine,Juliano,ἀριστοφάνουσ,Ἀριστοφάνους,1,0,0,53.1,sí
Juliano,Jul_Ep#53,genuine,Juliano,ἑλλήνων,Ἑλλήνων,1,0,0,53.1,sí
Juliano,Jul_Ep#56,genuine,Juliano,οὐκ,Οὐκ,1,112,11914,56.3,no
Juliano,Jul_Ep#56,genuine,Juliano,οὐκοῦν,Οὐκοῦν,1,1,331,56.2,no
Juliano,Jul_Ep#56,genuine,Juliano,τοῖσ,Τοῖς,1,164,17116,56.4,no
Juliano,Jul_Ep#56,genuine,Juliano,χρῆν,Χρῆν,1,2,45,56.1,no
Juliano,Jul_Ep#56,genuine,Juliano,ὀλυμπίοισ,Ὀλυμπίοις,2,0,0,56.3|56.4,sí
Juliano,Jul_Ep#57,genuine,Juliano,γάλλων,Γάλλων,1,0,0,57.1,sí
Juliano,Jul_Ep#57,genuine,Juliano,κωνσταντίου,Κωνσταντίου,1,0,0,57.1,sí
Juliano,Jul_Ep#57,genuine,Juliano,κωνσταντῖνον,Κωνσταντῖνον,1,0,0,57.1,sí
Juliano,Jul_Ep#57,genuine,Juliano,νισιβίων,Νισιβίων,1,0,0,57.1,sí
Juliano,Jul_Ep#57,genuine,Juliano,παρθυαίων,Παρθυαίων,1,0,0,57.1,sí
Juliano,Jul_Ep#57,genuine,Juliano,περσικῆσ,Περσικῆς,2,0,0,57.1,sí
Juliano,Jul_Ep#57,genuine,Juliano,φραγκῶν,Φραγκῶν,1,0,0,57.1,sí
Juliano,Jul_Ep#57,genuine,Juliano,ἀρμενίων,Ἀρμενίων,1,0,0,57.1,sí
Juliano,Jul_Ep#57,genuine,Juliano,ἀρσάκιε,Ἀρσάκιε,1,0,0,57.1,sí
Juliano,Jul_Ep#57,genuine,Juliano,ἄρεωσ,Ἄρεως,1,0,0,57.1,sí
Juliano,Jul_Ep#57,genuine,Juliano,ἐπείχθητι,Ἐπείχθητι,1,0,0,57.1,sí
Juliano,Jul_Ep#57,genuine,Juliano,ἰουλιανόν,Ἰουλιανόν,1,0,0,57.1,sí
Juliano,Jul_Ep#57,genuine,Juliano,ἰταλῶν,Ἰταλῶν,1,0,0,57.1,sí
Juliano,Jul_Ep#58,genuine,Juliano,βάτναι,Βάτναι,2,0,0,58.3,sí
Juliano,Jul_Ep#58,genuine,Juliano,βάτναισ,Βάτναις,1,0,0,58.3,sí
Juliano,Jul_Ep#58,genuine,Juliano,βάτνασ,Βάτνας,1,0,0,58.4,sí
Juliano,Jul_Ep#58,genuine,Juliano,βέρροιαν,Βέρροιαν,1,0,0,58.2,sí
Juliano,Jul_Ep#58,genuine,Juliano,δάφνην,Δάφνην,1,0,1,58.3,dudoso
Juliano,Jul_Ep#58,genuine,Juliano,δάφνησ,Δάφνης,1,0,13,58.3,no
Juliano,Jul_Ep#58,genuine,Juliano,δάφνῃ,Δάφνῃ,1,0,3,58.3,no
Juliano,Jul_Ep#58,genuine,Juliano,διί,Διὶ,1,0,0,58.2,sí
Juliano,Jul_Ep#58,genuine,Juliano,ζεύσ,Ζεὺς,1,0,0,58.2,sí
Juliano,Jul_Ep#58,genuine,Juliano,θετταλικοῖσ,Θετταλικοῖς,1,0,0,58.3,sí
Juliano,Jul_Ep#58,genuine,Juliano,λαέρτου,Λαέρτου,1,0,0,58.4,sí
Juliano,Jul_Ep#58,genuine,Juliano,λιτάρβων,Λιτάρβων,2,0,0,58.1|58.2,sí
Juliano,Jul_Ep#58,genuine,Juliano,μέχρι,Μέχρι,1,3,1076,58.1,no
Juliano,Jul_Ep#58,genuine,Juliano,πηλίῳ,Πηλίῳ,1,0,0,58.3,sí
Juliano,Jul_Ep#58,genuine,Juliano,σαρακηνούσ,Σαρακηνοὺς,1,0,0,58.5,sí
Juliano,Jul_Ep#58,genuine,Juliano,σώπατροσ,Σώπατρος,1,0,0,58.4,sí
Juliano,Jul_Ep#58,genuine,Juliano,τάσ,Τὰς,1,75,11100,58.4,no
Juliano,Jul_Ep#58,genuine,Juliano,τέμπεσιν,Τέμπεσιν,1,0,1,58.3,dudoso
Juliano,Jul_Ep#58,genuine,Juliano,ταῦτα,Ταῦτα,1,57,5633,58.5,no
Juliano,Jul_Ep#58,genuine,Juliano,χαλκίδοσ,Χαλκίδος,1,0,0,58.1,sí
Juliano,Jul_Ep#58,genuine,Juliano,ἀλκίνου,Ἀλκίνου,1,0,0,58.4,sí
Juliano,Jul_Ep#58,genuine,Juliano,ἀντιοχικῶν,Ἀντιοχικῶν,1,0,0,58.1,sí
Juliano,Jul_Ep#58,genuine,Juliano,ἀπό,Ἀπὸ,1,17,6241,58.2,no
Juliano,Jul_Ep#58,genuine,Juliano,ἑλληνικόν,Ἑλληνικόν,1,0,0,58.3,sí
Juliano,Jul_Ep#58,genuine,Juliano,ἔνθεν,Ἔνθεν,1,1,156,58.3,no
Juliano,Jul_Ep#58,genuine,Juliano,ἰαμβλίχου,Ἰαμβλίχου,1,0,0,58.4,sí
Juliano,Jul_Ep#58,genuine,Juliano,ἱερᾶσ,Ἱερᾶς,2,1,61,58.4|58.5,no
Juliano,Jul_Ep#58,genuine,Juliano,ὀλύμπου,Ὀλύμπου,1,0,0,58.3,sí
Juliano,Jul_Ep#58,genuine,Juliano,ὄσσῃ,Ὄσσῃ,1,0,0,58.3,sí
Juliano,Jul_Ep#63,genuine,Juliano,γλαύκῳ,Γλαύκῳ,1,0,0,63.1,sí
Juliano,Jul_Ep#63,genuine,Juliano,διομήδησ,Διομήδης,1,0,0,63.1,sí
Juliano,Jul_Ep#63,genuine,Juliano,μούσασ,Μούσας,1,0,2,63.1,dudoso
Juliano,Jul_Ep#63,genuine,Juliano,πινδάρῳ,Πινδάρῳ,1,0,0,63.1,sí
Juliano,Jul_Ep#63,genuine,Juliano,σαπφώ,Σαπφὼ,1,0,0,63.1,sí
Juliano,Jul_Ep#63,genuine,Juliano,ὅμηροσ,Ὅμηρος,1,0,1,63.1,dudoso
Juliano,Jul_Ep#67,genuine,Juliano,τηλέμαχε,Τηλέμαχε,1,0,0,67.1,sí
Juliano,Jul_Ep#67,genuine,Juliano,φαίακασ,Φαίακας,1,0,0,67.1,sí
Juliano,Jul_Ep#67,genuine,Juliano,φειδίασ,Φειδίας,1,0,0,67.1,sí
Juliano,Jul_Ep#67,genuine,Juliano,ἀθήνησιν,Ἀθήνησιν,1,0,0,67.1,sí
Juliano,Jul_Ep#67,genuine,Juliano,ἀλέξανδρον,Ἀλέξανδρον,1,0,2,67.1,dudoso
Juliano,Jul_Ep#67,genuine,Juliano,ἀλέξανδροσ,Ἀλέξανδρος,1,0,1,67.1,dudoso
Juliano,Jul_Ep#67,genuine,Juliano,ἑρμοῦ,Ἑρμοῦ,1,0,0,67.1,sí
Juliano,Jul_Ep#67,genuine,Juliano,ἦλθεσ,Ἦλθες,1,0,27,67.1,no
Juliano,Jul_Ep#67,genuine,Juliano,ὀδυσσέα,Ὀδυσσέα,1,0,0,67.1,sí
Juliano,Jul_Ep#67,genuine,Juliano,ὀλυμπίασι,Ὀλυμπίασι,1,0,0,67.1,sí
Juliano,Jul_Ep#67,genuine,Juliano,ὁμήρου,Ὁμήρου,1,0,0,67.1,sí
Juliano,Jul_Ep#69,genuine,Juliano,δαρείου,Δαρείου,1,0,0,69.1,sí
Juliano,Jul_Ep#69,genuine,Juliano,δαρείῳ,Δαρείῳ,1,0,0,69.1,sí
Juliano,Jul_Ep#69,genuine,Juliano,δαρεῖον,Δαρεῖον,2,0,0,69.1,sí
Juliano,Jul_Ep#69,genuine,Juliano,δημόκριτον,Δημόκριτον,3,0,0,69.1,sí
Juliano,Jul_Ep#69,genuine,Juliano,λάκαινα,Λάκαινα,1,0,0,69.1,sí
Juliano,Jul_Ep#69,genuine,Juliano,οὐκ,Οὐκ,1,112,11914,69.1,no
Juliano,Jul_Ep#69,genuine,Juliano,τί,Τί,1,33,4801,69.1,no
Juliano,Jul_Ep#69,genuine,Juliano,τηλεμάχῳ,Τηλεμάχῳ,1,0,0,69.1,sí
Juliano,Jul_Ep#69,genuine,Juliano,ἀβδηρίτην,Ἀβδηρίτην,1,0,0,69.1,sí
Juliano,Jul_Ep#69,genuine,Juliano,ἀσίασ,Ἀσίας,1,0,0,69.1,sí
Juliano,Jul_Ep#69,genuine,Juliano,ἕλληνα,Ἕλληνα,1,0,0,69.1,sí
Juliano,Jul_Ep#69,genuine,Juliano,ἱμέριοσ,Ἱμέριος,1,0,0,69.1,sí
Juliano,Jul_Ep#8,genuine,Juliano,βισεντίωνα,Βισεντίωνα,1,0,0,8.1,sí
Juliano,Jul_Ep#8,genuine,Juliano,γαλατικούσ,Γαλατικοὺς,1,0,0,8.1,sí
Juliano,Jul_Ep#8,genuine,Juliano,δοῦβισ,Δοῦβις,1,0,0,8.1,sí
Juliano,Jul_Ep#8,genuine,Juliano,εὐάγριοσ,Εὐάγριος,1,0,0,8.2,sí
Juliano,Jul_Ep#8,genuine,Juliano,ζεύσ,Ζεύς,1,0,0,8.1,sí
Juliano,Jul_Ep#8,genuine,Juliano,κελτῶν,Κελτῶν,1,0,0,8.1,sí
Juliano,Jul_Ep#8,genuine,Juliano,πάντα,Πάντα,1,34,4066,8.1,no
Juliano,Jul_Ep#8,genuine,Juliano,πολλά,Πολλὰ,1,23,1644,8.3,no
Juliano,Jul_Ep#8,genuine,Juliano,ἀθηνᾶσ,Ἀθηνᾶς,1,0,0,8.1,sí
Juliano,Jul_Ep#8,genuine,Juliano,ἀλλ’,Ἀλλ’,1,60,7239,8.2,no
Juliano,Jul_Ep#8,genuine,Juliano,ἑλλάδοσ,Ἑλλάδος,1,0,0,8.1,sí
Juliano,Jul_Ep#8,genuine,Juliano,ἥλιοσ,Ἥλιος,1,1,180,8.1,no
Juliano,Jul_Ep#8,genuine,Juliano,ἰλλυριούσ,Ἰλλυριοὺς,1,0,0,8.1,sí
Juliano,Jul_EpAth,genuine,Juliano,βίενναν,Βίενναν,1,0,0,urn:cts:greekLit:tlg2003.tlg005.perseus-grc2.10,sí
Juliano,Jul_EpAth,genuine,Juliano,βοσέγου,Βοσέγου,1,0,0,urn:cts:greekLit:tlg2003.tlg005.perseus-grc2.8,sí
Juliano,Jul_EpAth,genuine,Juliano,βρεττανίαισ,Βρεττανίαις,1,0,0,urn:cts:greekLit:tlg2003.tlg005.perseus-grc2.10,sí
Juliano,Jul_EpAth,genuine,Juliano,βρεττανίδοσ,Βρεττανίδος,1,0,0,urn:cts:greekLit:tlg2003.tlg005.perseus-grc2.8,sí
Juliano,Jul_EpAth,genuine,Juliano,βριγαντίᾳ,Βριγαντίᾳ,1,0,0,urn:cts:greekLit:tlg2003.tlg005.perseus-grc2.12,sí
Juliano,Jul_EpAth,genuine,Juliano,γάλλοισ,Γάλλοις,1,0,0,urn:cts:greekLit:tlg2003.tlg005.perseus-grc2.7,sí
Juliano,Jul_EpAth,genuine,Juliano,γάλλον,Γάλλον,1,0,0,urn:cts:greekLit:tlg2003.tlg005.perseus-grc2.3,sí
Juliano,Jul_EpAth,genuine,Juliano,γαλατίαν,Γαλατίαν,1,0,0,urn:cts:greekLit:tlg2003.tlg005.perseus-grc2.8,sí
Juliano,Jul_EpAth,genuine,Juliano,γαλατίασ,Γαλατίας,2,0,0,urn:cts:greekLit:tlg2003.tlg005.perseus-grc2.8|urn:cts:greekLit:tlg2003.tlg005.perseus-grc2.10,sí
Juliano,Jul_EpAth,genuine,Juliano,γαλλίαισ,Γαλλίαις,1,0,0,urn:cts:greekLit:tlg2003.tlg005.perseus-grc2.13,sí
Juliano,Jul_EpAth,genuine,Juliano,γαλλίασ,Γαλλίας,1,0,0,urn:cts:greekLit:tlg2003.tlg005.perseus-grc2.12,sí
Juliano,Jul_EpAth,genuine,Juliano,γαλλικούσ,Γαλλικοὺς,1,0,0,urn:cts:greekLit:tlg2003.tlg005.perseus-grc2.12,sí
Juliano,Jul_EpAth,genuine,Juliano,γαλλιῶν,Γαλλιῶν,4,0,0,urn:cts:greekLit:tlg2003.tlg005.perseus-grc2.10|urn:cts:greekLit:tlg2003.tlg005.perseus-grc2.12,sí
Juliano,Jul_EpAth,genuine,Juliano,γαυδέντιον,Γαυδέντιον,1,0,0,urn:cts:greekLit:tlg2003.tlg005.perseus-grc2.10,sí
Juliano,Jul_EpAth,genuine,Juliano,γερμανῶν,Γερμανῶν,1,0,0,urn:cts:greekLit:tlg2003.tlg005.perseus-grc2.7,sí
Juliano,Jul_EpAth,genuine,Juliano,γιντωνίῳ,Γιντωνίῳ,1,0,0,urn:cts:greekLit:tlg2003.tlg005.perseus-grc2.10,sí
Juliano,Jul_EpAth,genuine,Juliano,δία,Δία,3,0,1,urn:cts:greekLit:tlg2003.tlg005.perseus-grc2.1|urn:cts:greekLit:tlg2003.tlg005.perseus-grc2.8|urn:cts:greekLit:tlg2003.tlg005.perseus-grc2.11,dudoso
Juliano,Jul_EpAth,genuine,Juliano,δεκέντιοσ,Δεκέντιος,1,0,0,urn:cts:greekLit:tlg2003.tlg005.perseus-grc2.10,sí
Juliano,Jul_EpAth,genuine,Juliano,δηιόκησ,Δηιόκης,1,0,0,urn:cts:greekLit:tlg2003.tlg005.perseus-grc2.1,sí
Juliano,Jul_EpAth,genuine,Juliano,δυνάμιοσ,Δυνάμιος,1,0,0,urn:cts:greekLit:tlg2003.tlg005.perseus-grc2.5,sí
Juliano,Jul_EpAth,genuine,Juliano,εἶτα,Εἶτα,1,18,1085,urn:cts:greekLit:tlg2003.tlg005.perseus-grc2.6,no
Juliano,Jul_EpAth,genuine,Juliano,εὐσεβία,Εὐσεβία,2,0,0,urn:cts:greekLit:tlg2003.tlg005.perseus-grc2.5|urn:cts:greekLit:tlg2003.tlg005.perseus-grc2.6,sí
Juliano,Jul_EpAth,genuine,Juliano,εὐσεβίαν,Εὐσεβίαν,1,0,0,urn:cts:greekLit:tlg2003.tlg005.perseus-grc2.4,sí
Juliano,Jul_EpAth,genuine,Juliano,εὐσεβίασ,Εὐσεβίας,1,0,0,urn:cts:greekLit:tlg2003.tlg005.perseus-grc2.5,sí
Juliano,Jul_EpAth,genuine,Juliano,ζεύσ,Ζεύς,1,0,0,urn:cts:greekLit:tlg2003.tlg005.perseus-grc2.11,sí
Juliano,Jul_EpAth,genuine,Juliano,θεμιστοκλέουσ,Θεμιστοκλέους,1,0,0,urn:cts:greekLit:tlg2003.tlg005.perseus-grc2.1,sí
Juliano,Jul_EpAth,genuine,Juliano,θετταλική,Θετταλικὴ,1,0,0,urn:cts:greekLit:tlg2003.tlg005.perseus-grc2.5,sí
Juliano,Jul_EpAth,genuine,Juliano,καί,Καὶ,2,1104,157796,urn:cts:greekLit:tlg2003.tlg005.perseus-grc2.3|urn:cts:greekLit:tlg2003.tlg005.perseus-grc2.9,no
Juliano,Jul_EpAth,genuine,Juliano,καίσαροσ,Καίσαρος,1,1,4,urn:cts:greekLit:tlg2003.tlg005.perseus-grc2.3,no
Juliano,Jul_EpAth,genuine,Juliano,καππαδοκίᾳ,Καππαδοκίᾳ,2,0,0,urn:cts:greekLit:tlg2003.tlg005.perseus-grc2.3|urn:cts:greekLit:tlg2003.tlg005.perseus-grc2.5,sí
Juliano,Jul_EpAth,genuine,Juliano,κελτίδοσ,Κελτίδος,1,0,0,urn:cts:greekLit:tlg2003.tlg005.perseus-grc2.8,sí
Juliano,Jul_EpAth,genuine,Juliano,κελτούσ,Κελτούς,1,0,0,urn:cts:greekLit:tlg2003.tlg005.perseus-grc2.10,sí
Juliano,Jul_EpAth,genuine,Juliano,κελτοῖσ,Κελτοῖς,3,0,0,urn:cts:greekLit:tlg2003.tlg005.perseus-grc2.7|urn:cts:greekLit:tlg2003.tlg005.perseus-grc2.10,sí
Juliano,Jul_EpAth,genuine,Juliano,κελτῶν,Κελτῶν,4,0,0,urn:cts:greekLit:tlg2003.tlg005.perseus-grc2.5|urn:cts:greekLit:tlg2003.tlg005.perseus-grc2.7|urn:cts:greekLit:tlg2003.tlg005.perseus-grc2.13,sí
Juliano,Jul_EpAth,genuine,Juliano,κοττίασ,Κοττίας,1,0,0,urn:cts:greekLit:tlg2003.tlg005.perseus-grc2.12,sí
Juliano,Jul_EpAth,genuine,Juliano,κουάδων,Κουάδων,1,0,0,urn:cts:greekLit:tlg2003.tlg005.perseus-grc2.8,sí
Juliano,Jul_EpAth,genuine,Juliano,κωνστάντιον,Κωνστάντιον,3,0,0,urn:cts:greekLit:tlg2003.tlg005.perseus-grc2.8|urn:cts:greekLit:tlg2003.tlg005.perseus-grc2.10|urn:cts:greekLit:tlg2003.tlg005.perseus-grc2.12,sí
Juliano,Jul_EpAth,genuine,Juliano,κωνστάντιοσ,Κωνστάντιος,5,0,0,urn:cts:greekLit:tlg2003.tlg005.perseus-grc2.4|urn:cts:greekLit:tlg2003.tlg005.perseus-grc2.7|urn:cts:greekLit:tlg2003.tlg005.perseus-grc2.8|urn:cts:greekLit:tlg2003.tlg005.perseus-grc2.10,sí
Juliano,Jul_EpAth,genuine,Juliano,κωνσταντίου,Κωνσταντίου,4,0,0,urn:cts:greekLit:tlg2003.tlg005.perseus-grc2.10|urn:cts:greekLit:tlg2003.tlg005.perseus-grc2.11,sí
Juliano,Jul_EpAth,genuine,Juliano,κωνσταντίῳ,Κωνσταντίῳ,5,0,0,urn:cts:greekLit:tlg2003.tlg005.perseus-grc2.3|urn:cts:greekLit:tlg2003.tlg005.perseus-grc2.8|urn:cts:greekLit:tlg2003.tlg005.perseus-grc2.11,sí
Juliano,Jul_EpAth,genuine,Juliano,λακεδαιμονίων,Λακεδαιμονίων,1,0,0,urn:cts:greekLit:tlg2003.tlg005.perseus-grc2.1,sí
Juliano,Jul_EpAth,genuine,Juliano,λουκιλιανόν,Λουκιλιανὸν,1,0,0,urn:cts:greekLit:tlg2003.tlg005.perseus-grc2.10,sí
Juliano,Jul_EpAth,genuine,Juliano,λουππικίνῳ,Λουππικίνῳ,1,0,0,urn:cts:greekLit:tlg2003.tlg005.perseus-grc2.10,sí
Juliano,Jul_EpAth,genuine,Juliano,λουππικῖνον,Λουππικῖνον,3,0,0,urn:cts:greekLit:tlg2003.tlg005.perseus-grc2.8|urn:cts:greekLit:tlg2003.tlg005.perseus-grc2.10,sí
Juliano,Jul_EpAth,genuine,Juliano,μήδοισ,Μήδοις,1,0,0,urn:cts:greekLit:tlg2003.tlg005.perseus-grc2.1,sí
Juliano,Jul_EpAth,genuine,Juliano,μακρόν,Μακρόν,1,1,65,urn:cts:greekLit:tlg2003.tlg005.perseus-grc2.8,no
Juliano,Jul_EpAth,genuine,Juliano,μαρῖνον,Μαρῖνον,1,0,0,urn:cts:greekLit:tlg2003.tlg005.perseus-grc2.5,sí
Juliano,Jul_EpAth,genuine,Juliano,μεδιόλανον,Μεδιόλανον,1,0,0,urn:cts:greekLit:tlg2003.tlg005.perseus-grc2.6,sí
Juliano,Jul_EpAth,genuine,Juliano,μηδικά,Μηδικὰ,1,0,0,urn:cts:greekLit:tlg2003.tlg005.perseus-grc2.1,sí
Juliano,Jul_EpAth,genuine,Juliano,νεβρίδιοσ,Νεβρίδιος,1,0,0,urn:cts:greekLit:tlg2003.tlg005.perseus-grc2.10,sí
Juliano,Jul_EpAth,genuine,Juliano,νῦν,Νῦν,2,60,3035,urn:cts:greekLit:tlg2003.tlg005.perseus-grc2.6|urn:cts:greekLit:tlg2003.tlg005.perseus-grc2.10,no
Juliano,Jul_EpAth,genuine,Juliano,οὐ,Οὐ,1,126,13518,urn:cts:greekLit:tlg2003.tlg005.perseus-grc2.7,no
Juliano,Jul_EpAth,genuine,Juliano,οὐκοῦν,Οὐκοῦν,1,1,331,urn:cts:greekLit:tlg2003.tlg005.perseus-grc2.2,no
Juliano,Jul_EpAth,genuine,Juliano,οὕτω,Οὕτω,1,32,2042,urn:cts:greekLit:tlg2003.tlg005.perseus-grc2.6,no
Juliano,Jul_EpAth,genuine,Juliano,πέρσαισ,Πέρσαις,1,0,1,urn:cts:greekLit:tlg2003.tlg005.perseus-grc2.3,dudoso
Juliano,Jul_EpAth,genuine,Juliano,πέρσασ,Πέρσας,1,0,1,urn:cts:greekLit:tlg2003.tlg005.perseus-grc2.3,dudoso
Juliano,Jul_EpAth,genuine,Juliano,παραγενόμενον,Παραγενόμενον,1,0,22,urn:cts:greekLit:tlg2003.tlg005.perseus-grc2.5,no
Juliano,Jul_EpAth,genuine,Juliano,παῦλον,Παῦλον,1,0,0,urn:cts:greekLit:tlg2003.tlg005.perseus-grc2.10,sí
Juliano,Jul_EpAth,genuine,Juliano,πεντάδιοσ,Πεντάδιος,2,0,0,urn:cts:greekLit:tlg2003.tlg005.perseus-grc2.10,sí
Juliano,Jul_EpAth,genuine,Juliano,πετουλάντασ,Πετουλάντας,1,0,0,urn:cts:greekLit:tlg2003.tlg005.perseus-grc2.10,sí
Juliano,Jul_EpAth,genuine,Juliano,πολλῆσ,Πολλῆς,1,5,282,urn:cts:greekLit:tlg2003.tlg005.perseus-grc2.11,no
Juliano,Jul_EpAth,genuine,Juliano,πολλῶν,Πολλῶν,1,20,973,urn:cts:greekLit:tlg2003.tlg005.perseus-grc2.1,no
Juliano,Jul_EpAth,genuine,Juliano,σίρμιον,Σίρμιον,1,0,0,urn:cts:greekLit:tlg2003.tlg005.perseus-grc2.5,sí
Juliano,Jul_EpAth,genuine,Juliano,σαλίων,Σαλίων,1,0,0,urn:cts:greekLit:tlg2003.tlg005.perseus-grc2.8,sí
Juliano,Jul_EpAth,genuine,Juliano,σαλούστιον,Σαλούστιον,2,0,0,urn:cts:greekLit:tlg2003.tlg005.perseus-grc2.9|urn:cts:greekLit:tlg2003.tlg005.perseus-grc2.10,sí
Juliano,Jul_EpAth,genuine,Juliano,σαυροματῶν,Σαυροματῶν,1,0,0,urn:cts:greekLit:tlg2003.tlg005.perseus-grc2.8,sí
Juliano,Jul_EpAth,genuine,Juliano,σελήνησ,Σελήνης,1,1,79,urn:cts:greekLit:tlg2003.tlg005.perseus-grc2.5,no
Juliano,Jul_EpAth,genuine,Juliano,σιλουανόν,Σιλουανὸν,2,0,0,urn:cts:greekLit:tlg2003.tlg005.perseus-grc2.5,sí
Juliano,Jul_EpAth,genuine,Juliano,σκύθαισ,Σκύθαις,1,0,0,urn:cts:greekLit:tlg2003.tlg005.perseus-grc2.1,sí
Juliano,Jul_EpAth,genuine,Juliano,συνέβη,Συνέβη,1,3,251,urn:cts:greekLit:tlg2003.tlg005.perseus-grc2.6,no
Juliano,Jul_EpAth,genuine,Juliano,σωκράτησ,Σωκράτης,1,0,0,urn:cts:greekLit:tlg2003.tlg005.perseus-grc2.6,sí
Juliano,Jul_EpAth,genuine,Juliano,ταύρου,Ταύρου,1,0,15,urn:cts:greekLit:tlg2003.tlg005.perseus-grc2.12,no
Juliano,Jul_EpAth,genuine,Juliano,ταῦτα,Ταῦτα,2,57,5633,urn:cts:greekLit:tlg2003.tlg005.perseus-grc2.13,no
Juliano,Jul_EpAth,genuine,Juliano,τούτων,Τούτων,1,34,3648,urn:cts:greekLit:tlg2003.tlg005.perseus-grc2.9,no
Juliano,Jul_EpAth,genuine,Juliano,τράλλεσι,Τράλλεσι,1,0,0,urn:cts:greekLit:tlg2003.tlg005.perseus-grc2.3,sí
Juliano,Jul_EpAth,genuine,Juliano,τριακοσίουσ,Τριακοσίους,1,0,35,urn:cts:greekLit:tlg2003.tlg005.perseus-grc2.7,no
Juliano,Jul_EpAth,genuine,Juliano,τό,Τὸ,1,248,40665,urn:cts:greekLit:tlg2003.tlg005.perseus-grc2.8,no
Juliano,Jul_EpAth,genuine,Juliano,φλωρέντιον,Φλωρέντιον,2,0,0,urn:cts:greekLit:tlg2003.tlg005.perseus-grc2.10,sí
Juliano,Jul_EpAth,genuine,Juliano,φλωρέντιοσ,Φλωρέντιος,2,0,0,urn:cts:greekLit:tlg2003.tlg005.perseus-grc2.8|urn:cts:greekLit:tlg2003.tlg005.perseus-grc2.10,sí
Juliano,Jul_EpAth,genuine,Juliano,φῆλιξ,Φῆλιξ,1,0,0,urn:cts:greekLit:tlg2003.tlg005.perseus-grc2.5,sí
Juliano,Jul_EpAth,genuine,Juliano,χαμάβουσ,Χαμάβους,1,0,0,urn:cts:greekLit:tlg2003.tlg005.perseus-grc2.8,sí
Juliano,Jul_EpAth,genuine,Juliano,χνοδομαρίου,Χνοδομαρίου,1,0,0,urn:cts:greekLit:tlg2003.tlg005.perseus-grc2.8,sí
Juliano,Jul_EpAth,genuine,Juliano,ἀγριππίναν,Ἀγριππίναν,1,0,0,urn:cts:greekLit:tlg2003.tlg005.perseus-grc2.8,sí
Juliano,Jul_EpAth,genuine,Juliano,ἀθήναισ,Ἀθήναις,1,0,0,urn:cts:greekLit:tlg2003.tlg005.perseus-grc2.13,sí
Juliano,Jul_EpAth,genuine,Juliano,ἀθήνησι,Ἀθήνησι,1,0,0,urn:cts:greekLit:tlg2003.tlg005.perseus-grc2.5,sí
Juliano,Jul_EpAth,genuine,Juliano,ἀθηναῖοι,Ἀθηναῖοι,1,0,0,urn:cts:greekLit:tlg2003.tlg005.perseus-grc2.13,sí
Juliano,Jul_EpAth,genuine,Juliano,ἀθηνᾶ,Ἀθηνᾶ,1,0,0,urn:cts:greekLit:tlg2003.tlg005.perseus-grc2.11,sí
Juliano,Jul_EpAth,genuine,Juliano,ἀθηνᾶν,Ἀθηνᾶν,1,0,0,urn:cts:greekLit:tlg2003.tlg005.perseus-grc2.5,sí
Juliano,Jul_EpAth,genuine,Juliano,ἀλλά,Ἀλλὰ,1,71,8862,urn:cts:greekLit:tlg2003.tlg005.perseus-grc2.12,no
Juliano,Jul_EpAth,genuine,Juliano,ἀλλ’,Ἀλλ’,1,60,7239,urn:cts:greekLit:tlg2003.tlg005.perseus-grc2.5,no
Juliano,Jul_EpAth,genuine,Juliano,ἀνάχαρσισ,Ἀνάχαρσις,1,0,0,urn:cts:greekLit:tlg2003.tlg005.perseus-grc2.1,sí
Juliano,Jul_EpAth,genuine,Juliano,ἀργέντορα,Ἀργέντορα,1,0,0,urn:cts:greekLit:tlg2003.tlg005.perseus-grc2.8,sí
Juliano,Jul_EpAth,genuine,Juliano,ἀριστείδην,Ἀριστείδην,2,0,0,urn:cts:greekLit:tlg2003.tlg005.perseus-grc2.1,sí
Juliano,Jul_EpAth,genuine,Juliano,ἀφρικανόν,Ἀφρικανὸν,1,0,0,urn:cts:greekLit:tlg2003.tlg005.perseus-grc2.5,sí
Juliano,Jul_EpAth,genuine,Juliano,ἄβαρίσ,Ἄβαρίς,1,0,0,urn:cts:greekLit:tlg2003.tlg005.perseus-grc2.1,sí
Juliano,Jul_EpAth,genuine,Juliano,ἄλπεισ,Ἄλπεις,1,0,0,urn:cts:greekLit:tlg2003.tlg005.perseus-grc2.12,sí
Juliano,Jul_EpAth,genuine,Juliano,ἄνδρεσ,Ἄνδρες,1,4,303,urn:cts:greekLit:tlg2003.tlg005.perseus-grc2.11,no
Juliano,Jul_EpAth,genuine,Juliano,ἄρησ,Ἄρης,1,0,0,urn:cts:greekLit:tlg2003.tlg005.perseus-grc2.11,sí
Juliano,Jul_EpAth,genuine,Juliano,ἐνταῦθα,Ἐνταῦθα,1,12,778,urn:cts:greekLit:tlg2003.tlg005.perseus-grc2.10,no
Juliano,Jul_EpAth,genuine,Juliano,ἐντεῦθεν,Ἐντεῦθεν,1,4,272,urn:cts:greekLit:tlg2003.tlg005.perseus-grc2.4,no
Juliano,Jul_EpAth,genuine,Juliano,ἐξ,Ἐξ,1,34,3906,urn:cts:greekLit:tlg2003.tlg005.perseus-grc2.7,no
Juliano,Jul_EpAth,genuine,Juliano,ἐπίκτητόν,Ἐπίκτητόν,1,0,1,urn:cts:greekLit:tlg2003.tlg005.perseus-grc2.12,dudoso
Juliano,Jul_EpAth,genuine,Juliano,ἑλλάδα,Ἑλλάδα,1,0,1,urn:cts:greekLit:tlg2003.tlg005.perseus-grc2.5,dudoso
Juliano,Jul_EpAth,genuine,Juliano,ἑλλάδοσ,Ἑλλάδος,2,0,0,urn:cts:greekLit:tlg2003.tlg005.perseus-grc2.1|urn:cts:greekLit:tlg2003.tlg005.perseus-grc2.5,sí
Juliano,Jul_EpAth,genuine,Juliano,ἑλλήνων,Ἑλλήνων,2,0,0,urn:cts:greekLit:tlg2003.tlg005.perseus-grc2.1|urn:cts:greekLit:tlg2003.tlg005.perseus-grc2.13,sí
Juliano,Jul_EpAth,genuine,Juliano,ἕλληνασ,Ἕλληνας,1,0,0,urn:cts:greekLit:tlg2003.tlg005.perseus-grc2.1,sí
Juliano,Jul_EpAth,genuine,Juliano,ἕλλησι,Ἕλλησι,1,0,2,urn:cts:greekLit:tlg2003.tlg005.perseus-grc2.2,dudoso
Juliano,Jul_EpAth,genuine,Juliano,ἕλλησιν,Ἕλλησιν,2,0,0,urn:cts:greekLit:tlg2003.tlg005.perseus-grc2.1|urn:cts:greekLit:tlg2003.tlg005.perseus-grc2.4,sí
Juliano,Jul_EpAth,genuine,Juliano,ἡλίου,Ἡλίου,1,3,234,urn:cts:greekLit:tlg2003.tlg005.perseus-grc2.5,no
Juliano,Jul_EpAth,genuine,Juliano,ἡράκλεισ,Ἡράκλεις,2,0,0,urn:cts:greekLit:tlg2003.tlg005.perseus-grc2.4|urn:cts:greekLit:tlg2003.tlg005.perseus-grc2.7,sí
Juliano,Jul_EpAth,genuine,Juliano,ἥλιοσ,Ἥλιος,1,1,180,urn:cts:greekLit:tlg2003.tlg005.perseus-grc2.11,no
Juliano,Jul_EpAth,genuine,Juliano,ἦλθε,Ἦλθε,1,2,92,urn:cts:greekLit:tlg2003.tlg005.perseus-grc2.11,no
Juliano,Jul_EpAth,genuine,Juliano,ἰταλίᾳ,Ἰταλίᾳ,2,0,0,urn:cts:greekLit:tlg2003.tlg005.perseus-grc2.5|urn:cts:greekLit:tlg2003.tlg005.perseus-grc2.12,sí
Juliano,Jul_EpAth,genuine,Juliano,ἴστρον,Ἴστρον,1,0,0,urn:cts:greekLit:tlg2003.tlg005.perseus-grc2.8,sí
Juliano,Jul_EpAth,genuine,Juliano,ὅπερ,Ὅπερ,1,13,983,urn:cts:greekLit:tlg2003.tlg005.perseus-grc2.3,no
Juliano,Jul_EpAth,genuine,Juliano,ὅσα,Ὅσα,2,17,1714,urn:cts:greekLit:tlg2003.tlg005.perseus-grc2.5|urn:cts:greekLit:tlg2003.tlg005.perseus-grc2.10,no
Juliano,Jul_EpAth,genuine,Juliano,ὑπερβορέοισ,Ὑπερβορέοις,1,0,0,urn:cts:greekLit:tlg2003.tlg005.perseus-grc2.1,sí
Juliano,Jul_EpAth,genuine,Juliano,ὠκεανοῦ,Ὠκεανοῦ,1,0,11,urn:cts:greekLit:tlg2003.tlg005.perseus-grc2.7,no
Juliano,Jul_EpAth,genuine,Juliano,ῥήνου,Ῥήνου,2,0,0,urn:cts:greekLit:tlg2003.tlg005.perseus-grc2.7,sí
Juliano,Jul_EpAth,genuine,Juliano,ῥήνῳ,Ῥήνῳ,1,0,0,urn:cts:greekLit:tlg2003.tlg005.perseus-grc2.8,sí
Juliano,Jul_EpAth,genuine,Juliano,ῥῆνον,Ῥῆνον,3,0,0,urn:cts:greekLit:tlg2003.tlg005.perseus-grc2.8,sí
Juliano,Jul_EpThem,genuine,Juliano,αἰγαῖον,Αἰγαῖον,1,0,0,urn:cts:greekLit:tlg2003.tlg006.perseus-grc2.2,sí
Juliano,Jul_EpThem,genuine,Juliano,αἰγύπτου,Αἰγύπτου,1,0,0,urn:cts:greekLit:tlg2003.tlg006.perseus-grc2.11,sí
Juliano,Jul_EpThem,genuine,Juliano,αἴγυπτον,Αἴγυπτον,1,0,1,urn:cts:greekLit:tlg2003.tlg006.perseus-grc2.11,dudoso
Juliano,Jul_EpThem,genuine,Juliano,γινώσκων,Γινώσκων,1,0,32,urn:cts:greekLit:tlg2003.tlg006.perseus-grc2.5,no
Juliano,Jul_EpThem,genuine,Juliano,γλαύκωνα,Γλαύκωνα,1,0,0,urn:cts:greekLit:tlg2003.tlg006.perseus-grc2.2,sí
Juliano,Jul_EpThem,genuine,Juliano,γνῶθι,Γνῶθι,1,0,22,urn:cts:greekLit:tlg2003.tlg006.perseus-grc2.7,no
Juliano,Jul_EpThem,genuine,Juliano,δίωνα,Δίωνα,1,0,0,urn:cts:greekLit:tlg2003.tlg006.perseus-grc2.3,sí
Juliano,Jul_EpThem,genuine,Juliano,δί’,Δί’,1,0,0,urn:cts:greekLit:tlg2003.tlg006.perseus-grc2.11,sí
Juliano,Jul_EpThem,genuine,Juliano,δαρείου,Δαρείου,1,0,0,urn:cts:greekLit:tlg2003.tlg006.perseus-grc2.4,sí
Juliano,Jul_EpThem,genuine,Juliano,δημόκριτον,Δημόκριτον,1,0,0,urn:cts:greekLit:tlg2003.tlg006.perseus-grc2.10,sí
Juliano,Jul_EpThem,genuine,Juliano,διδοίη,Διδοίη,1,0,5,urn:cts:greekLit:tlg2003.tlg006.perseus-grc2.13,no
Juliano,Jul_EpThem,genuine,Juliano,διογένουσ,Διογένους,1,0,0,urn:cts:greekLit:tlg2003.tlg006.perseus-grc2.4,sí
Juliano,Jul_EpThem,genuine,Juliano,διόνυσοσ,Διόνυσος,1,0,0,urn:cts:greekLit:tlg2003.tlg006.perseus-grc2.1,sí
Juliano,Jul_EpThem,genuine,Juliano,διόσ,Διός,1,0,2,urn:cts:greekLit:tlg2003.tlg006.perseus-grc2.9,dudoso
Juliano,Jul_EpThem,genuine,Juliano,εἰ,Εἰ,2,113,10237,urn:cts:greekLit:tlg2003.tlg006.perseus-grc2.7|urn:cts:greekLit:tlg2003.tlg006.perseus-grc2.10,no
Juliano,Jul_EpThem,genuine,Juliano,θεόσ,Θεὸς,1,11,2683,urn:cts:greekLit:tlg2003.tlg006.perseus-grc2.5,no
Juliano,Jul_EpThem,genuine,Juliano,θράσυλλοσ,Θράσυλλος,1,0,0,urn:cts:greekLit:tlg2003.tlg006.perseus-grc2.11,sí
Juliano,Jul_EpThem,genuine,Juliano,θρασύλλου,Θρασύλλου,1,0,0,urn:cts:greekLit:tlg2003.tlg006.perseus-grc2.11,sí
Juliano,Jul_EpThem,genuine,Juliano,κάτωνα,Κάτωνα,1,0,0,urn:cts:greekLit:tlg2003.tlg006.perseus-grc2.3,sí
Juliano,Jul_EpThem,genuine,Juliano,κέβητα,Κέβητα,1,0,0,urn:cts:greekLit:tlg2003.tlg006.perseus-grc2.10,sí
Juliano,Jul_EpThem,genuine,Juliano,καρτερίῳ,Καρτερίῳ,1,0,0,urn:cts:greekLit:tlg2003.tlg006.perseus-grc2.6,sí
Juliano,Jul_EpThem,genuine,Juliano,κλαζομένιον,Κλαζομένιον,1,0,0,urn:cts:greekLit:tlg2003.tlg006.perseus-grc2.10,sí
Juliano,Jul_EpThem,genuine,Juliano,κλεινίου,Κλεινίου,1,0,0,urn:cts:greekLit:tlg2003.tlg006.perseus-grc2.2,sí
Juliano,Jul_EpThem,genuine,Juliano,κρόνοσ,Κρόνος,1,0,0,urn:cts:greekLit:tlg2003.tlg006.perseus-grc2.5,sí
Juliano,Jul_EpThem,genuine,Juliano,κρόνου,Κρόνου,1,0,1,urn:cts:greekLit:tlg2003.tlg006.perseus-grc2.5,dudoso
Juliano,Jul_EpThem,genuine,Juliano,λακεδαιμωνίων,Λακεδαιμωνίων,1,0,0,urn:cts:greekLit:tlg2003.tlg006.perseus-grc2.4,sí
Juliano,Jul_EpThem,genuine,Juliano,λυκούργου,Λυκούργου,1,0,0,urn:cts:greekLit:tlg2003.tlg006.perseus-grc2.1,sí
Juliano,Jul_EpThem,genuine,Juliano,λυκοῦργον,Λυκοῦργον,1,0,0,urn:cts:greekLit:tlg2003.tlg006.perseus-grc2.9,sí
Juliano,Jul_EpThem,genuine,Juliano,λύκειον,Λύκειον,1,0,0,urn:cts:greekLit:tlg2003.tlg006.perseus-grc2.10,sí
Juliano,Jul_EpThem,genuine,Juliano,μάλιστα,Μάλιστα,1,20,1708,urn:cts:greekLit:tlg2003.tlg006.perseus-grc2.10,no
Juliano,Jul_EpThem,genuine,Juliano,μάρκον,Μάρκον,1,0,0,urn:cts:greekLit:tlg2003.tlg006.perseus-grc2.1,sí
Juliano,Jul_EpThem,genuine,Juliano,μακεδόνεσ,Μακεδόνες,1,0,0,urn:cts:greekLit:tlg2003.tlg006.perseus-grc2.4,sí
Juliano,Jul_EpThem,genuine,Juliano,μεγαρικήν,Μεγαρικήν,1,0,0,urn:cts:greekLit:tlg2003.tlg006.perseus-grc2.10,sí
Juliano,Jul_EpThem,genuine,Juliano,μεῖζον,Μεῖζον,1,5,293,urn:cts:greekLit:tlg2003.tlg006.perseus-grc2.7,no
Juliano,Jul_EpThem,genuine,Juliano,μουσωνίου,Μουσωνίου,1,0,0,urn:cts:greekLit:tlg2003.tlg006.perseus-grc2.11,sí
Juliano,Jul_EpThem,genuine,Juliano,μουσώνιοσ,Μουσώνιος,1,0,0,urn:cts:greekLit:tlg2003.tlg006.perseus-grc2.11,sí
Juliano,Jul_EpThem,genuine,Juliano,νεοκλέουσ,Νεοκλέους,1,0,0,urn:cts:greekLit:tlg2003.tlg006.perseus-grc2.2,sí
Juliano,Jul_EpThem,genuine,Juliano,νικολάου,Νικολάου,1,0,0,urn:cts:greekLit:tlg2003.tlg006.perseus-grc2.11,sí
Juliano,Jul_EpThem,genuine,Juliano,νικόλαοσ,Νικόλαος,1,0,0,urn:cts:greekLit:tlg2003.tlg006.perseus-grc2.11,sí
Juliano,Jul_EpThem,genuine,Juliano,νόμων,Νόμων,1,1,341,urn:cts:greekLit:tlg2003.tlg006.perseus-grc2.5,no
Juliano,Jul_EpThem,genuine,Juliano,νῦν,Νῦν,2,60,3035,urn:cts:greekLit:tlg2003.tlg006.perseus-grc2.2|urn:cts:greekLit:tlg2003.tlg006.perseus-grc2.9,no
Juliano,Jul_EpThem,genuine,Juliano,ξέρξου,Ξέρξου,1,0,0,urn:cts:greekLit:tlg2003.tlg006.perseus-grc2.4,sí
Juliano,Jul_EpThem,genuine,Juliano,ξενοφῶν,Ξενοφῶν,1,0,0,urn:cts:greekLit:tlg2003.tlg006.perseus-grc2.2,sí
Juliano,Jul_EpThem,genuine,Juliano,ξενοφῶντοσ,Ξενοφῶντος,1,0,0,urn:cts:greekLit:tlg2003.tlg006.perseus-grc2.10,sí
Juliano,Jul_EpThem,genuine,Juliano,οὐκ,Οὐκ,1,112,11914,urn:cts:greekLit:tlg2003.tlg006.perseus-grc2.4,no
Juliano,Jul_EpThem,genuine,Juliano,πέρσαι,Πέρσαι,1,0,0,urn:cts:greekLit:tlg2003.tlg006.perseus-grc2.4,sí
Juliano,Jul_EpThem,genuine,Juliano,περί,Περὶ,1,92,11327,urn:cts:greekLit:tlg2003.tlg006.perseus-grc2.7,no
Juliano,Jul_EpThem,genuine,Juliano,περσῶν,Περσῶν,1,0,0,urn:cts:greekLit:tlg2003.tlg006.perseus-grc2.10,sí
Juliano,Jul_EpThem,genuine,Juliano,πιττακοῦ,Πιττακοῦ,1,0,0,urn:cts:greekLit:tlg2003.tlg006.perseus-grc2.1,sí
Juliano,Jul_EpThem,genuine,Juliano,πιττακόν,Πιττακόν,1,0,0,urn:cts:greekLit:tlg2003.tlg006.perseus-grc2.9,sí
Juliano,Jul_EpThem,genuine,Juliano,πλάτων,Πλάτων,1,0,0,urn:cts:greekLit:tlg2003.tlg006.perseus-grc2.7,sí
Juliano,Jul_EpThem,genuine,Juliano,πλάτωνοσ,Πλάτωνος,3,0,0,urn:cts:greekLit:tlg2003.tlg006.perseus-grc2.5|urn:cts:greekLit:tlg2003.tlg006.perseus-grc2.8|urn:cts:greekLit:tlg2003.tlg006.perseus-grc2.10,sí
Juliano,Jul_EpThem,genuine,Juliano,πυθαγόραν,Πυθαγόραν,1,0,0,urn:cts:greekLit:tlg2003.tlg006.perseus-grc2.10,sí
Juliano,Jul_EpThem,genuine,Juliano,σικελιώτην,Σικελιώτην,1,0,0,urn:cts:greekLit:tlg2003.tlg006.perseus-grc2.3,sí
Juliano,Jul_EpThem,genuine,Juliano,σιμμίαν,Σιμμίαν,1,0,0,urn:cts:greekLit:tlg2003.tlg006.perseus-grc2.10,sí
Juliano,Jul_EpThem,genuine,Juliano,στοάν,Στοάν,1,0,22,urn:cts:greekLit:tlg2003.tlg006.perseus-grc2.10,no
Juliano,Jul_EpThem,genuine,Juliano,στωικήν,Στωικὴν,1,0,0,urn:cts:greekLit:tlg2003.tlg006.perseus-grc2.3,sí
Juliano,Jul_EpThem,genuine,Juliano,συρακούσιοι,Συρακούσιοι,1,0,0,urn:cts:greekLit:tlg2003.tlg006.perseus-grc2.4,sí
Juliano,Jul_EpThem,genuine,Juliano,σωκράτη,Σωκράτη,2,0,0,urn:cts:greekLit:tlg2003.tlg006.perseus-grc2.2|urn:cts:greekLit:tlg2003.tlg006.perseus-grc2.10,sí
Juliano,Jul_EpThem,genuine,Juliano,σωκράτησ,Σωκράτης,1,0,0,urn:cts:greekLit:tlg2003.tlg006.perseus-grc2.10,sí
Juliano,Jul_EpThem,genuine,Juliano,σωκράτουσ,Σωκράτους,2,0,0,urn:cts:greekLit:tlg2003.tlg006.perseus-grc2.5|urn:cts:greekLit:tlg2003.tlg006.perseus-grc2.10,sí
Juliano,Jul_EpThem,genuine,Juliano,σωφρονίσκου,Σωφρονίσκου,1,0,0,urn:cts:greekLit:tlg2003.tlg006.perseus-grc2.10,sí
Juliano,Jul_EpThem,genuine,Juliano,σόλωνα,Σόλωνα,2,0,0,urn:cts:greekLit:tlg2003.tlg006.perseus-grc2.8|urn:cts:greekLit:tlg2003.tlg006.perseus-grc2.9,sí
Juliano,Jul_EpThem,genuine,Juliano,σόλωνοσ,Σόλωνος,1,0,0,urn:cts:greekLit:tlg2003.tlg006.perseus-grc2.1,sí
Juliano,Jul_EpThem,genuine,Juliano,ταύτην,Ταύτην,1,11,1391,urn:cts:greekLit:tlg2003.tlg006.perseus-grc2.5,no
Juliano,Jul_EpThem,genuine,Juliano,τιβερίῳ,Τιβερίῳ,1,0,0,urn:cts:greekLit:tlg2003.tlg006.perseus-grc2.11,sí
Juliano,Jul_EpThem,genuine,Juliano,τοῦτο,Τοῦτο,1,88,6644,urn:cts:greekLit:tlg2003.tlg006.perseus-grc2.2,no
Juliano,Jul_EpThem,genuine,Juliano,φαίδωνα,Φαίδωνα,1,0,0,urn:cts:greekLit:tlg2003.tlg006.perseus-grc2.10,sí
Juliano,Jul_EpThem,genuine,Juliano,φρυγίαν,Φρυγίαν,1,0,0,urn:cts:greekLit:tlg2003.tlg006.perseus-grc2.6,sí
Juliano,Jul_EpThem,genuine,Juliano,χρύσιπποσ,Χρύσιππος,1,0,0,urn:cts:greekLit:tlg2003.tlg006.perseus-grc2.3,sí
Juliano,Jul_EpThem,genuine,Juliano,ἀθήνασ,Ἀθήνας,1,0,0,urn:cts:greekLit:tlg2003.tlg006.perseus-grc2.6,sí
Juliano,Jul_EpThem,genuine,Juliano,ἀθηναίοισ,Ἀθηναίοις,1,0,0,urn:cts:greekLit:tlg2003.tlg006.perseus-grc2.7,sí
Juliano,Jul_EpThem,genuine,Juliano,ἀθηναίων,Ἀθηναίων,1,0,1,urn:cts:greekLit:tlg2003.tlg006.perseus-grc2.4,dudoso
Juliano,Jul_EpThem,genuine,Juliano,ἀθηνῶν,Ἀθηνῶν,1,0,0,urn:cts:greekLit:tlg2003.tlg006.perseus-grc2.5,sí
Juliano,Jul_EpThem,genuine,Juliano,ἀκαδημείασ,Ἀκαδημείας,1,0,1,urn:cts:greekLit:tlg2003.tlg006.perseus-grc2.10,dudoso
Juliano,Jul_EpThem,genuine,Juliano,ἀλέξανδρον,Ἀλέξανδρον,1,0,2,urn:cts:greekLit:tlg2003.tlg006.perseus-grc2.1,dudoso
Juliano,Jul_EpThem,genuine,Juliano,ἀλεξάνδρου,Ἀλεξάνδρου,2,0,0,urn:cts:greekLit:tlg2003.tlg006.perseus-grc2.10,sí
Juliano,Jul_EpThem,genuine,Juliano,ἀλλά,Ἀλλὰ,1,71,8862,urn:cts:greekLit:tlg2003.tlg006.perseus-grc2.6,no
Juliano,Jul_EpThem,genuine,Juliano,ἀλλ’,Ἀλλ’,2,60,7239,urn:cts:greekLit:tlg2003.tlg006.perseus-grc2.11|urn:cts:greekLit:tlg2003.tlg006.perseus-grc2.12,no
Juliano,Jul_EpThem,genuine,Juliano,ἀναξαγόραν,Ἀναξαγόραν,1,0,0,urn:cts:greekLit:tlg2003.tlg006.perseus-grc2.10,sí
Juliano,Jul_EpThem,genuine,Juliano,ἀντισθένουσ,Ἀντισθένους,1,0,0,urn:cts:greekLit:tlg2003.tlg006.perseus-grc2.10,sí
Juliano,Jul_EpThem,genuine,Juliano,ἀράξιον,Ἀράξιον,1,0,0,urn:cts:greekLit:tlg2003.tlg006.perseus-grc2.6,sí
Juliano,Jul_EpThem,genuine,Juliano,ἀρείου,Ἀρείου,1,0,0,urn:cts:greekLit:tlg2003.tlg006.perseus-grc2.11,sí
Juliano,Jul_EpThem,genuine,Juliano,ἀρετῆσ,Ἀρετῆς,1,7,741,urn:cts:greekLit:tlg2003.tlg006.perseus-grc2.6,no
Juliano,Jul_EpThem,genuine,Juliano,ἀριστοτέλη,Ἀριστοτέλη,1,0,0,urn:cts:greekLit:tlg2003.tlg006.perseus-grc2.10,sí
Juliano,Jul_EpThem,genuine,Juliano,ἀριστοτέλησ,Ἀριστοτέλης,2,0,0,urn:cts:greekLit:tlg2003.tlg006.perseus-grc2.10,sí
Juliano,Jul_EpThem,genuine,Juliano,ἀριστοτέλουσ,Ἀριστοτέλους,1,0,0,urn:cts:greekLit:tlg2003.tlg006.perseus-grc2.7,sí
Juliano,Jul_EpThem,genuine,Juliano,ἀσίαν,Ἀσίαν,1,0,0,urn:cts:greekLit:tlg2003.tlg006.perseus-grc2.4,sí
Juliano,Jul_EpThem,genuine,Juliano,ἀττικῶν,Ἀττικῶν,1,0,0,urn:cts:greekLit:tlg2003.tlg006.perseus-grc2.1,sí
Juliano,Jul_EpThem,genuine,Juliano,ἄπολιν,Ἄπολιν,1,0,2,urn:cts:greekLit:tlg2003.tlg006.perseus-grc2.4,dudoso
Juliano,Jul_EpThem,genuine,Juliano,ἄρειοσ,Ἄρειος,2,0,0,urn:cts:greekLit:tlg2003.tlg006.perseus-grc2.11,sí
Juliano,Jul_EpThem,genuine,Juliano,ἅ,Ἃ,1,7,2149,urn:cts:greekLit:tlg2003.tlg006.perseus-grc2.9,no
Juliano,Jul_EpThem,genuine,Juliano,ἐγώ,Ἐγώ,1,67,2308,urn:cts:greekLit:tlg2003.tlg006.perseus-grc2.1,no
Juliano,Jul_EpThem,genuine,Juliano,ἐπίκουρον,Ἐπίκουρον,1,0,5,urn:cts:greekLit:tlg2003.tlg006.perseus-grc2.2,no
Juliano,Jul_EpThem,genuine,Juliano,ἐπικούρειον,Ἐπικούρειον,1,0,0,urn:cts:greekLit:tlg2003.tlg006.perseus-grc2.5,sí
Juliano,Jul_EpThem,genuine,Juliano,ἐπικούρῳ,Ἐπικούρῳ,1,0,0,urn:cts:greekLit:tlg2003.tlg006.perseus-grc2.2,sí
Juliano,Jul_EpThem,genuine,Juliano,ἐρετρικήν,Ἐρετρικὴν,1,0,0,urn:cts:greekLit:tlg2003.tlg006.perseus-grc2.10,sí
Juliano,Jul_EpThem,genuine,Juliano,ἑλλάδα,Ἑλλάδα,3,0,1,urn:cts:greekLit:tlg2003.tlg006.perseus-grc2.6,dudoso
Juliano,Jul_EpThem,genuine,Juliano,ἔρδοι,Ἔρδοι,1,0,0,urn:cts:greekLit:tlg2003.tlg006.perseus-grc2.7,sí
Juliano,Jul_EpThem,genuine,Juliano,ἕλληνασ,Ἕλληνας,1,0,0,urn:cts:greekLit:tlg2003.tlg006.perseus-grc2.9,sí
Juliano,Jul_EpThem,genuine,Juliano,ἡρακλέα,Ἡρακλέα,1,0,0,urn:cts:greekLit:tlg2003.tlg006.perseus-grc2.10,sí
Juliano,Jul_EpThem,genuine,Juliano,ἡρακλῆσ,Ἡρακλῆς,1,0,0,urn:cts:greekLit:tlg2003.tlg006.perseus-grc2.1,sí
Juliano,Jul_EpThem,genuine,Juliano,ἰωνίᾳ,Ἰωνίᾳ,1,0,0,urn:cts:greekLit:tlg2003.tlg006.perseus-grc2.6,sí
Juliano,Jul_EpThem,genuine,Juliano,ἰόνιον,Ἰόνιον,1,0,0,urn:cts:greekLit:tlg2003.tlg006.perseus-grc2.2,sí
Juliano,Jul_EpThem,genuine,Juliano,ὀλυμπίαν,Ὀλυμπίαν,1,0,0,urn:cts:greekLit:tlg2003.tlg006.perseus-grc2.9,sí
Juliano,Jul_EpThem,genuine,Juliano,ὁ,Ὁ,1,130,25257,urn:cts:greekLit:tlg2003.tlg006.perseus-grc2.7,no
Juliano,Jul_EpThem,genuine,Juliano,ὅμηροσ,Ὅμηρος,2,0,1,urn:cts:greekLit:tlg2003.tlg006.perseus-grc2.4|urn:cts:greekLit:tlg2003.tlg006.perseus-grc2.10,dudoso
Juliano,Jul_EpThem,genuine,Juliano,ὅτι,Ὅτι,1,76,10633,urn:cts:greekLit:tlg2003.tlg006.perseus-grc2.5,no
Juliano,Jul_EpThem,genuine,Juliano,ὑπέρ,Ὑπὲρ,1,78,2894,urn:cts:greekLit:tlg2003.tlg006.perseus-grc2.10,no
Juliano,Jul_EpThem,genuine,Juliano,ὧι,Ὧι,1,0,5,urn:cts:greekLit:tlg2003.tlg006.perseus-grc2.4,no
Juliano,Jul_EpThem,genuine,Juliano,ῥωμαίων,Ῥωμαίων,1,0,0,urn:cts:greekLit:tlg2003.tlg006.perseus-grc2.4,sí
Libanio,Liban_Ep10#101,genuine,Libanio,ζηνόβιοσ,Ζηνόβιος,2,0,0,101.4|101.7,sí
Libanio,Liban_Ep10#101,genuine,Libanio,οἱ,Οἱ,1,28,11593,101.1,no
Libanio,Liban_Ep10#101,genuine,Libanio,ἀργυρίου,Ἀργυρίου,1,0,83,101.4,no
Libanio,Liban_Ep10#101,genuine,Libanio,ἐλούσησ,Ἐλούσης,1,0,0,101.4,sí
Libanio,Liban_Ep10#113,genuine,Libanio,πόλλα,Πόλλα,1,0,0,113.1,sí
Libanio,Liban_Ep10#113,genuine,Libanio,φλωρέντιοσ,Φλωρέντιος,1,0,0,113.3,sí
Libanio,Liban_Ep10#113,genuine,Libanio,φλωρεντίῳ,Φλωρεντίῳ,1,0,0,113,sí
Libanio,Liban_Ep10#113,genuine,Libanio,ἀργυρίου,Ἀργυρίου,1,0,83,113.1,no
Libanio,Liban_Ep10#113,genuine,Libanio,ὀβοδιανοῦ,Ὀβοδιανοῦ,1,0,0,113.2,sí
Libanio,Liban_Ep10#114,genuine,Libanio,δατιανῷ,Δατιανῷ,1,0,0,114,sí
Libanio,Liban_Ep10#114,genuine,Libanio,δῖόσ,Δῖός,2,0,0,114.9,sí
Libanio,Liban_Ep10#114,genuine,Libanio,καλ,Καλ,1,0,1,114.9,dudoso
Libanio,Liban_Ep10#114,genuine,Libanio,νέστορα,Νέστορα,1,0,0,114.7,sí
Libanio,Liban_Ep10#114,genuine,Libanio,τό,Τὸ,1,212,40665,114.1,no
Libanio,Liban_Ep10#114,genuine,Libanio,ἔρωτοσ,Ἔρωτος,1,0,63,114.2,no
Libanio,Liban_Ep10#114,genuine,Libanio,ὀβοδιανοῦ,Ὀβοδιανοῦ,1,0,0,114.7,sí
Libanio,Liban_Ep10#119,genuine,Libanio,βοηθόν,Βοηθὸν,1,0,46,119.10,no
Libanio,Liban_Ep10#119,genuine,Libanio,γαϊανῷ,Γαϊανῷ,1,0,0,119,sí
Libanio,Liban_Ep10#119,genuine,Libanio,δία,Δία,1,0,1,119.5,dudoso
Libanio,Liban_Ep10#119,genuine,Libanio,δημοσθένουσ,Δημοσθένους,1,0,0,119.9,sí
Libanio,Liban_Ep10#119,genuine,Libanio,εὔ,Εὔ,1,0,2,119.6,dudoso
Libanio,Liban_Ep10#119,genuine,Libanio,ζηνοβίου,Ζηνοβίου,1,0,0,119.10,sí
Libanio,Liban_Ep10#119,genuine,Libanio,ηλιν,Ηλιν,1,0,0,119.5,sí
Libanio,Liban_Ep10#119,genuine,Libanio,μου,Μου,1,6,1812,119.2,no
Libanio,Liban_Ep10#119,genuine,Libanio,τό,Τὸ,1,212,40665,119.1,no
Libanio,Liban_Ep10#119,genuine,Libanio,φοί,Φοί,1,0,0,119.2,sí
Libanio,Liban_Ep10#119,genuine,Libanio,φοινίκησ,Φοινίκης,1,0,0,119.2,sí
Libanio,Liban_Ep10#119,genuine,Libanio,ἀβυδη,Ἀβυδη,1,0,0,119.10,sí
Libanio,Liban_Ep10#150,genuine,Libanio,μέτρον,Μέτρον,1,3,169,150.1,no
Libanio,Liban_Ep10#150,genuine,Libanio,μεγάλῃ,Μεγάλῃ,1,1,70,150.2,no
Libanio,Liban_Ep10#150,genuine,Libanio,πυθίῳ,Πυθίῳ,1,0,0,150.1,sí
Libanio,Liban_Ep10#150,genuine,Libanio,φοίνικοσ,Φοίνικος,1,0,7,150.1,no
Libanio,Liban_Ep10#150,genuine,Libanio,φοινίκῃ,Φοινίκῃ,1,0,0,150.2,sí
Libanio,Liban_Ep10#150,genuine,Libanio,φρατέρνῳ,Φρατέρνῳ,1,0,0,150.3,sí
Libanio,Liban_Ep10#150,genuine,Libanio,φρατἐρνῳ,Φρατἐρνῳ,1,0,0,150.2,sí
Libanio,Liban_Ep10#150,genuine,Libanio,ἀπρίγγιοσ,Ἀπρίγγιος,1,0,0,150.3,sí
Libanio,Liban_Ep10#150,genuine,Libanio,ἀπριγγίῳ,Ἀπριγγίῳ,1,0,0,150.2,sí
Libanio,Liban_Ep10#150,genuine,Libanio,ἄνδρονίκῳ,Ἄνδρονίκῳ,1,0,0,150,sí
Libanio,Liban_Ep10#163,genuine,Libanio,καλά,Καλά,1,5,319,163.1,no
Libanio,Liban_Ep10#163,genuine,Libanio,μοδέστῳ,Μοδέστῳ,1,0,0,163,sí
Libanio,Liban_Ep10#163,genuine,Libanio,οὐρσουάλου,Οὐρσουάλου,1,0,0,163.2,sí
Libanio,Liban_Ep10#163,genuine,Libanio,τρυφωνιανόν,Τρυφωνιανόν,1,0,0,163.2,sí
Libanio,Liban_Ep10#163,genuine,Libanio,χαλκίδοσ,Χαλκίδος,1,0,0,163.2,sí
Libanio,Liban_Ep10#173,genuine,Libanio,αἴαντοσ,Αἴαντος,1,0,0,173.2,sí
Libanio,Liban_Ep10#173,genuine,Libanio,ζεῦ,Ζεῦ,1,0,1,173.5,dudoso
Libanio,Liban_Ep10#173,genuine,Libanio,θεό,Θεό,1,0,0,173.6,sí
Libanio,Liban_Ep10#173,genuine,Libanio,πρισκιανῷ,Πρισκιανῷ,1,0,0,173,sí
Libanio,Liban_Ep10#173,genuine,Libanio,πόντοσ,Πόντος,1,0,8,173.2,no
Libanio,Liban_Ep10#173,genuine,Libanio,στρατηγίου,Στρατηγίου,1,0,0,173.6,sí
Libanio,Liban_Ep10#173,genuine,Libanio,τό,Τὸ,1,212,40665,173.1,no
Libanio,Liban_Ep10#173,genuine,Libanio,ἑρμογένην,Ἑρμογένην,1,0,0,173.3,sí
Libanio,Liban_Ep10#173,genuine,Libanio,ἡρακλεῖ,Ἡρακλεῖ,1,0,0,173.2,sí
Libanio,Liban_Ep10#175,genuine,Libanio,αἰ,Αἰ,1,2,77,175.4,no
Libanio,Liban_Ep10#175,genuine,Libanio,βάσσον,Βάσσον,1,0,0,175.5,sí
Libanio,Liban_Ep10#175,genuine,Libanio,βάσσου,Βάσσου,1,0,0,175.1,sí
Libanio,Liban_Ep10#175,genuine,Libanio,δα,Δα,1,1,3,175.4,no
Libanio,Liban_Ep10#175,genuine,Libanio,δαμασκῷ,Δαμασκῷ,1,0,0,175.5,sí
Libanio,Liban_Ep10#175,genuine,Libanio,δημοσθένουσ,Δημοσθένους,1,0,0,175.1,sí
Libanio,Liban_Ep10#175,genuine,Libanio,φοῖνιξ,Φοῖνιξ,1,0,7,175.2,no
Libanio,Liban_Ep10#175,genuine,Libanio,ἀλλ’,Ἀλλ’,1,75,7239,175.1,no
Libanio,Liban_Ep10#175,genuine,Libanio,ἀνδρονίκῳ,Ἀνδρονίκῳ,1,0,0,175,sí
Libanio,Liban_Ep10#175,genuine,Libanio,ἀνδρόνικε,Ἀνδρόνικε,1,0,0,175.1,sí
Libanio,Liban_Ep10#192,genuine,Libanio,διί,Διὶ,1,0,0,192.1,sí
Libanio,Liban_Ep10#192,genuine,Libanio,εὐρώπησ,Εὐρώπης,1,0,0,192.1,sí
Libanio,Liban_Ep10#192,genuine,Libanio,εὐσεβίου,Εὐσεβίου,1,0,0,192.3,sí
Libanio,Liban_Ep10#192,genuine,Libanio,κρήσ,Κρής,1,0,0,192.1,sí
Libanio,Liban_Ep10#192,genuine,Libanio,κρήτην,Κρήτην,1,0,0,192.1,sí
Libanio,Liban_Ep10#192,genuine,Libanio,σέβων,Σέβων,2,0,8,192.1|192.4,no
Libanio,Liban_Ep10#192,genuine,Libanio,σέβωνα,Σέβωνα,1,0,0,192.6,sí
Libanio,Liban_Ep10#192,genuine,Libanio,σκύθαι,Σκύθαι,1,0,0,192.5,sí
Libanio,Liban_Ep10#192,genuine,Libanio,φοίνικα,Φοίνικα,1,0,10,192.3,no
Libanio,Liban_Ep10#192,genuine,Libanio,φοινίκησ,Φοινίκης,1,0,0,192.1,sí
Libanio,Liban_Ep10#192,genuine,Libanio,φωκίων,Φωκίων,1,0,0,192.5,sí
Libanio,Liban_Ep10#192,genuine,Libanio,ἀνδρονίκῳ,Ἀνδρονίκῳ,1,0,0,192,sí
Libanio,Liban_Ep10#192,genuine,Libanio,ἀνδρόνικοσ,Ἀνδρόνικος,1,0,0,192.5,sí
Libanio,Liban_Ep10#192,genuine,Libanio,ἀριστεί,Ἀριστεί,1,0,0,192.5,sí
Libanio,Liban_Ep10#192,genuine,Libanio,ἐλπίδιόσ,Ἐλπίδιός,1,0,0,192.5,sí
Libanio,Liban_Ep10#192,genuine,Libanio,ἑλλήνων,Ἑλλήνων,1,0,0,192.6,sí
Libanio,Liban_Ep10#192,genuine,Libanio,ὁμηρικόν,Ὁμηρικὸν,1,0,0,192.7,sí
Libanio,Liban_Ep10#195,genuine,Libanio,φοινί,Φοινί,1,0,0,195.1,sí
Libanio,Liban_Ep10#195,genuine,Libanio,φοινίκῃ,Φοινίκῃ,1,0,0,195.2,sí
Libanio,Liban_Ep10#195,genuine,Libanio,ἀνδρονίκῳ,Ἀνδρονίκῳ,1,0,0,195,sí
Libanio,Liban_Ep10#195,genuine,Libanio,ἠ,Ἠ,1,0,6,195.1,no
Libanio,Liban_Ep10#195,genuine,Libanio,ἱερίῳ,Ἱερίῳ,1,0,0,195.6,sí
Libanio,Liban_Ep10#208,genuine,Libanio,δελγόσ,Δελγὸς,1,0,0,208.2,sí
Libanio,Liban_Ep10#208,genuine,Libanio,καπ,Καπ,1,0,0,208.3,sí
Libanio,Liban_Ep10#208,genuine,Libanio,μέμνησαι,Μέμνησαι,1,0,18,208.1,no
Libanio,Liban_Ep10#208,genuine,Libanio,ἀμπελίῳ,Ἀμπελίῳ,1,0,0,208,sí
Libanio,Liban_Ep10#208,genuine,Libanio,ἁρμοδίου,Ἁρμοδίου,1,0,0,208.2,sí
Libanio,Liban_Ep10#208,genuine,Libanio,ἄι,Ἄι,1,0,0,208.2,sí
Libanio,Liban_Ep10#208,genuine,Libanio,ἐλπίδιον,Ἐλπίδιον,1,0,0,208.4,sí
Libanio,Liban_Ep10#208,genuine,Libanio,ἑρ,Ἑρ,1,0,0,208.3,sí
Libanio,Liban_Ep10#208,genuine,Libanio,ἱλαρίου,Ἱλαρίου,1,0,0,208.2,sí
Libanio,Liban_Ep10#219,genuine,Libanio,κροίσου,Κροίσου,1,0,0,219.1,sí
Libanio,Liban_Ep10#219,genuine,Libanio,μουνυχίαν,Μουνυχίαν,1,0,0,219.5,sí
Libanio,Liban_Ep10#219,genuine,Libanio,οἶσθα,Οἶσθα,1,8,89,219.1,no
Libanio,Liban_Ep10#219,genuine,Libanio,φλωρεντίῳ,Φλωρεντίῳ,1,0,0,219,sí
Libanio,Liban_Ep10#224,genuine,Libanio,γαυδέντιοσ,Γαυδέντιος,4,0,0,224.1|224.3|224.6|224.7,sí
Libanio,Liban_Ep10#224,genuine,Libanio,οὔτε,Οὔτε,1,9,3572,224.1,no
Libanio,Liban_Ep10#224,genuine,Libanio,ἀρτέμωνα,Ἀρτέμωνα,1,0,0,224.2,sí
Libanio,Liban_Ep10#224,genuine,Libanio,ἑορτίου,Ἑορτίου,1,0,0,224.8,sí
Libanio,Liban_Ep10#224,genuine,Libanio,ὑπερεχίῳ,Ὑπερεχίῳ,1,0,0,224,sí
Libanio,Liban_Ep10#224,genuine,Libanio,ῥωμανόν,Ῥωμανὸν,1,0,0,224.6,sí
Libanio,Liban_Ep10#238,genuine,Libanio,μούσαισ,Μούσαις,1,0,1,238.2,dudoso
Libanio,Liban_Ep10#238,genuine,Libanio,πλατῶν,Πλατῶν,1,0,0,238.1,sí
Libanio,Liban_Ep10#238,genuine,Libanio,πομπηιανοῦ,Πομπηιανοῦ,1,0,0,238.1,sí
Libanio,Liban_Ep10#238,genuine,Libanio,ἀττικῶν,Ἀττικῶν,1,0,0,238.2,sí
Libanio,Liban_Ep10#238,genuine,Libanio,ἐπαινοῦντί,Ἐπαινοῦντί,1,0,0,238.1,sí
Libanio,Liban_Ep10#238,genuine,Libanio,ἰταλικιανῷ,Ἰταλικιανῷ,1,0,0,238,sí
Libanio,Liban_Ep10#238,genuine,Libanio,ἰταλοῖσ,Ἰταλοῖς,1,0,0,238.2,sí
Libanio,Liban_Ep10#238,genuine,Libanio,ὀλύμπιοσ,Ὀλύμπιος,1,0,0,238.1,sí
Libanio,Liban_Ep10#245,genuine,Libanio,δημο,Δημο,1,0,0,245.1,sí
Libanio,Liban_Ep10#245,genuine,Libanio,διονύσου,Διονύσου,1,0,0,245.9,sí
Libanio,Liban_Ep10#245,genuine,Libanio,εὐθηρίῳ,Εὐθηρίῳ,1,0,0,245,sí
Libanio,Liban_Ep10#245,genuine,Libanio,θουκυδίδην,Θουκυδίδην,1,0,0,245.3,sí
Libanio,Liban_Ep10#245,genuine,Libanio,καρτέριον,Καρτέριον,1,0,0,245.4,sí
Libanio,Liban_Ep10#245,genuine,Libanio,καρτέριοσ,Καρτέριος,1,0,0,245.7,sí
Libanio,Liban_Ep10#245,genuine,Libanio,μόρων,Μόρων,1,0,0,245.7,sí
Libanio,Liban_Ep10#245,genuine,Libanio,οὐ,Οὐ,1,112,13518,245.1,no
Libanio,Liban_Ep10#245,genuine,Libanio,τε,Τε,1,174,14870,245.9,no
Libanio,Liban_Ep10#245,genuine,Libanio,ἀνδρόνικοσ,Ἀνδρόνικος,1,0,0,245.2,sí
Libanio,Liban_Ep10#245,genuine,Libanio,ἄρκαν,Ἄρκαν,1,0,0,245.5,sí
Libanio,Liban_Ep10#245,genuine,Libanio,ἄρκησ,Ἄρκης,1,0,0,245.4,sí
Libanio,Liban_Ep10#245,genuine,Libanio,ἑρμῆν,Ἑρμῆν,1,0,0,245.8,sí
Libanio,Liban_Ep10#25,genuine,Libanio,δουλκίτιοσ,Δουλκίτιος,1,0,0,25.6,sí
Libanio,Liban_Ep10#25,genuine,Libanio,λήμνιά,Λήμνιά,1,0,0,25.2,sí
Libanio,Liban_Ep10#25,genuine,Libanio,λήμνῳ,Λήμνῳ,1,0,0,25.2,sí
Libanio,Liban_Ep10#25,genuine,Libanio,νικομηδείασ,Νικομηδείας,1,0,0,25.2,sí
Libanio,Liban_Ep10#25,genuine,Libanio,οὐκ,Οὐκ,1,139,11914,25.1,no
Libanio,Liban_Ep10#256,genuine,Libanio,θεμιστοκλέα,Θεμιστοκλέα,1,0,0,256.3,sí
Libanio,Liban_Ep10#256,genuine,Libanio,λουκιανόσ,Λουκιανὸς|Λουκιανός,3,0,0,256.1|256.2|256.5,sí
Libanio,Liban_Ep10#256,genuine,Libanio,μολοττῶν,Μολοττῶν,1,0,0,256.3,sí
Libanio,Liban_Ep10#256,genuine,Libanio,παγκράτιον,Παγκράτιον,1,0,7,256.1,no
Libanio,Liban_Ep10#256,genuine,Libanio,παγκράτιοσ,Παγκράτιος,1,0,0,256.1,sí
Libanio,Liban_Ep10#256,genuine,Libanio,πρισκιανῷ,Πρισκιανῷ,1,0,0,256,sí
Libanio,Liban_Ep10#256,genuine,Libanio,ἄδμητον,Ἄδμητον,1,0,0,256.3,sí
Libanio,Liban_Ep10#256,genuine,Libanio,ἑλληνίδων,Ἑλληνίδων,1,0,0,256.3,sí
Libanio,Liban_Ep10#267,genuine,Libanio,μαξίμῳ,Μαξίμῳ,1,0,0,267.1,sí
Libanio,Liban_Ep10#267,genuine,Libanio,οὔτ᾿’,Οὔτ᾿,1,4,104,267.1,no
Libanio,Liban_Ep10#267,genuine,Libanio,ἐκδικίῳ,Ἐκδικίῳ,1,0,0,267,sí
Libanio,Liban_Ep10#267,genuine,Libanio,ὑπερέχιον,Ὑπερέχιον,1,0,0,267.2,sí
Libanio,Liban_Ep10#281,genuine,Libanio,διανίῳ,Διανίῳ,1,0,0,281,sí
Libanio,Liban_Ep10#281,genuine,Libanio,καί,Καὶ,1,765,157796,281.1,no
Libanio,Liban_Ep10#281,genuine,Libanio,λεσβίου,Λεσβίου,1,0,0,281.2,sí
Libanio,Liban_Ep10#281,genuine,Libanio,ἀλεξάνδρου,Ἀλεξάνδρου,1,0,0,281.4,sí
Libanio,Liban_Ep10#282,genuine,Libanio,βιθυνίᾳ,Βιθυνίᾳ,1,0,0,282.1,sí
Libanio,Liban_Ep10#282,genuine,Libanio,βιθυνούσ,Βιθυνοὺς,1,0,0,282.2,sí
Libanio,Liban_Ep10#282,genuine,Libanio,διάνιον,Διάνιον,1,0,0,282.4,sí
Libanio,Liban_Ep10#282,genuine,Libanio,οὐκ,Οὐκ,1,139,11914,282.1,no
Libanio,Liban_Ep10#282,genuine,Libanio,ἀλεξάνδρῳ,Ἀλεξάνδρῳ,1,0,1,282,dudoso
Libanio,Liban_Ep10#282,genuine,Libanio,ἀρισταινέτου,Ἀρισταινέτου,1,0,0,282.4,sí
Libanio,Liban_Ep10#298,genuine,Libanio,γαλάτασ,Γαλάτας,1,0,0,298.1,sí
Libanio,Liban_Ep10#298,genuine,Libanio,δήμητρι,Δήμητρι,1,0,0,298.3,sí
Libanio,Liban_Ep10#298,genuine,Libanio,κόδρου,Κόδρου,1,0,0,298.3,sí
Libanio,Liban_Ep10#298,genuine,Libanio,μάξιμοσ,Μάξιμος,2,0,0,298.3|298.4,sí
Libanio,Liban_Ep10#298,genuine,Libanio,φρύγασ,Φρύγας,2,0,0,298.1,sí
Libanio,Liban_Ep10#298,genuine,Libanio,ἀγκύρᾳ,Ἀγκύρᾳ,1,0,0,298.3,sí
Libanio,Liban_Ep10#298,genuine,Libanio,ἀκακίῳ,Ἀκακίῳ,2,0,0,298,sí
Libanio,Liban_Ep10#298,genuine,Libanio,ἀλλ᾿’,Ἀλλ᾿,1,3,984,298.1,no
Libanio,Liban_Ep10#298,genuine,Libanio,ἀρτέμιδι,Ἀρτέμιδι,1,0,0,298.3,sí
Libanio,Liban_Ep10#309,genuine,Libanio,θεμιστίῳ,Θεμιστίῳ,1,0,0,309,sí
Libanio,Liban_Ep10#309,genuine,Libanio,λυκίᾳ,Λυκίᾳ,1,0,0,309.4,sí
Libanio,Liban_Ep10#309,genuine,Libanio,λυκίῳ,Λυκίῳ,1,0,0,309.3,sí
Libanio,Liban_Ep10#309,genuine,Libanio,μαξίμου,Μαξίμου,1,0,0,309.3,sí
Libanio,Liban_Ep10#309,genuine,Libanio,πυ,Πυ,1,1,1,309.4,dudoso
Libanio,Liban_Ep10#309,genuine,Libanio,σέλευκον,Σέλευκον,1,0,0,309.4,sí
Libanio,Liban_Ep10#309,genuine,Libanio,σευήρῳ,Σευήρῳ,1,0,0,309.3,sí
Libanio,Liban_Ep10#309,genuine,Libanio,σευῆρον,Σευῆρον,1,0,0,309.3,sí
Libanio,Liban_Ep10#309,genuine,Libanio,στρατω,Στρατω,1,0,0,309.6,sí
Libanio,Liban_Ep10#309,genuine,Libanio,σύ,Σὺ,1,73,1649,309.1,no
Libanio,Liban_Ep10#315,genuine,Libanio,εὐάγριόν,Εὐάγριόν,1,0,0,315.2,sí
Libanio,Liban_Ep10#315,genuine,Libanio,εὐδαίμονα,Εὐδαίμονα,1,1,75,315.5,no
Libanio,Liban_Ep10#315,genuine,Libanio,εὔνομόν,Εὔνομόν,1,0,0,315.5,sí
Libanio,Liban_Ep10#315,genuine,Libanio,κληματίῳ,Κληματίῳ,1,0,0,315,sí
Libanio,Liban_Ep10#315,genuine,Libanio,κύκλωπι,Κύκλωπι,1,0,0,315.4,sí
Libanio,Liban_Ep10#315,genuine,Libanio,ἀμπέλιον,Ἀμπέλιον,1,0,1,315.2,dudoso
Libanio,Liban_Ep10#315,genuine,Libanio,ἀσκλη,Ἀσκλη,1,0,0,315.1,sí
Libanio,Liban_Ep10#315,genuine,Libanio,ἀσκληπιάδην,Ἀσκληπιάδην,1,0,0,315.2,sí
Libanio,Liban_Ep10#315,genuine,Libanio,ἑλούσησ,Ἑλούσης,1,0,0,315.5,sí
Libanio,Liban_Ep10#315,genuine,Libanio,ἔτι,Ἔτι,1,12,2734,315.1,no
Libanio,Liban_Ep10#316,genuine,Libanio,ελλήνων,Ελλήνων,1,0,0,316.3,sí
Libanio,Liban_Ep10#316,genuine,Libanio,καί,Καὶ,1,765,157796,316.1,no
Libanio,Liban_Ep10#316,genuine,Libanio,νέστοροσ,Νέστορος,1,0,0,316.6,sí
Libanio,Liban_Ep10#316,genuine,Libanio,πεισίστρατοσ,Πεισίστρατος,1,0,0,316.6,sí
Libanio,Liban_Ep10#316,genuine,Libanio,πλά,Πλά,1,0,2,316.2,dudoso
Libanio,Liban_Ep10#316,genuine,Libanio,τιτια,Τιτια,1,0,0,316.6,sí
Libanio,Liban_Ep10#316,genuine,Libanio,ἀκακίῳ,Ἀκακίῳ,1,0,0,316,sí
Libanio,Liban_Ep10#316,genuine,Libanio,ἀκεσίασ,Ἀκεσίας,1,0,0,316.2,sí
Libanio,Liban_Ep10#316,genuine,Libanio,ἀσκληπιῷ,Ἀσκληπιῷ,1,0,0,316.3,sí
Libanio,Liban_Ep10#316,genuine,Libanio,ἑλλήνων,Ἑλλήνων,1,0,0,316.3,sí
Libanio,Liban_Ep10#316,genuine,Libanio,ἱπποκράτησ,Ἱπποκράτης,1,0,0,316.2,sí
Libanio,Liban_Ep10#319,genuine,Libanio,διονύσιον,Διονύσιον,1,0,0,319.3,sí
Libanio,Liban_Ep10#319,genuine,Libanio,διονύσιοσ,Διονύσιος,2,0,0,319.1|319.5,sí
Libanio,Liban_Ep10#319,genuine,Libanio,εὐφράτην,Εὐφράτην,1,0,0,319.3,sí
Libanio,Liban_Ep10#319,genuine,Libanio,κιλικίασ,Κιλικίας,2,0,0,319.3|319.4,sí
Libanio,Liban_Ep10#319,genuine,Libanio,κυρίλλῳ,Κυρίλλῳ,1,0,0,319,sí
Libanio,Liban_Ep10#319,genuine,Libanio,πείθων,Πείθων,1,0,23,319.1,no
Libanio,Liban_Ep10#319,genuine,Libanio,προκοπίου,Προκοπίου,1,0,0,319.4,sí
Libanio,Liban_Ep10#319,genuine,Libanio,προκοπίῳ,Προκοπίῳ,1,0,0,319.4,sí
Libanio,Liban_Ep10#319,genuine,Libanio,προκόπιον,Προκόπιον,1,0,0,319.1,sí
Libanio,Liban_Ep10#319,genuine,Libanio,προκόπιοσ,Προκόπιος,2,0,0,319.3|319.7,sí
Libanio,Liban_Ep10#319,genuine,Libanio,τύχην,Τύχην,1,2,205,319.6,no
Libanio,Liban_Ep10#326,genuine,Libanio,νικαίαν,Νικαίαν,1,0,0,326.6,sí
Libanio,Liban_Ep10#326,genuine,Libanio,στρατηγίῳ,Στρατηγίῳ,1,0,1,326.2,dudoso
Libanio,Liban_Ep10#326,genuine,Libanio,χάρισ,Χάρις,1,2,137,326.1,no
Libanio,Liban_Ep10#326,genuine,Libanio,ἀρισταινέτου,Ἀρισταινέτου,1,0,0,326.2,sí
Libanio,Liban_Ep10#326,genuine,Libanio,ἀρισταινέτῳ,Ἀρισταινέτῳ,2,0,0,326|326.2,sí
Libanio,Liban_Ep10#330,genuine,Libanio,θαλασσίῳ,Θαλασσίῳ,1,0,0,330.1,sí
Libanio,Liban_Ep10#330,genuine,Libanio,στρατήγιον,Στρατήγιον,1,0,2,330.3,dudoso
Libanio,Liban_Ep10#330,genuine,Libanio,τύχην,Τύχην,1,2,205,330.4,no
Libanio,Liban_Ep10#330,genuine,Libanio,ἀρισταινέτῳ,Ἀρισταινέτῳ,1,0,0,330,sí
Libanio,Liban_Ep10#340,genuine,Libanio,γενναῖά,Γενναῖά,1,1,1,340.1,dudoso
Libanio,Liban_Ep10#340,genuine,Libanio,κολοφωνίου,Κολοφωνίου,1,0,0,340.2,sí
Libanio,Liban_Ep10#340,genuine,Libanio,λεόντιοσ,Λεόντιος,1,0,0,340.5,sí
Libanio,Liban_Ep10#340,genuine,Libanio,λυδῶν,Λυδῶν,1,0,0,340.2,sí
Libanio,Liban_Ep10#340,genuine,Libanio,ἀρεσίῳ,Ἀρεσίῳ,1,0,0,340,sí
Libanio,Liban_Ep10#340,genuine,Libanio,ἱερίου,Ἱερίου,1,0,0,340.2,sí
Libanio,Liban_Ep10#359,genuine,Libanio,βάσ,Βάσ,1,0,0,359.9,sí
Libanio,Liban_Ep10#359,genuine,Libanio,βάσσε,Βάσσε,1,0,0,359.8,sí
Libanio,Liban_Ep10#359,genuine,Libanio,βάσσῳ,Βάσσῳ,1,0,0,359,sí
Libanio,Liban_Ep10#359,genuine,Libanio,καλλιόπιοσ,Καλλιόπιος,1,0,0,359.2,sí
Libanio,Liban_Ep10#359,genuine,Libanio,κρό,Κρό,1,0,0,359.8,sí
Libanio,Liban_Ep10#359,genuine,Libanio,κυρίνῳ,Κυρίνῳ,1,0,0,359.3,sí
Libanio,Liban_Ep10#359,genuine,Libanio,κυρῖνον,Κυρῖνον,1,0,0,359.9,sí
Libanio,Liban_Ep10#359,genuine,Libanio,κυρῖνοσ,Κυρῖνος,1,0,0,359.3,sí
Libanio,Liban_Ep10#359,genuine,Libanio,μάρκελλοσ,Μάρκελλος,1,0,0,359.6,sí
Libanio,Liban_Ep10#359,genuine,Libanio,τά,Τὰ,1,142,23249,359.1,no
Libanio,Liban_Ep10#359,genuine,Libanio,ἑρμῆν,Ἑρμῆν,1,0,0,359.3,sí
Libanio,Liban_Ep10#359,genuine,Libanio,ὁνωράτον,Ὁνωράτον,1,0,0,359.8,sí
Libanio,Liban_Ep10#359,genuine,Libanio,ὁνωράτοσ,Ὁνωράτος,3,0,0,359.3|359.5|359.6,sí
Libanio,Liban_Ep10#359,genuine,Libanio,ὁνωράτου,Ὁνωράτου,1,0,0,359.4,sí
Libanio,Liban_Ep10#362,genuine,Libanio,μάρκελλον,Μάρκελλον,1,0,0,362.1,sí
Libanio,Liban_Ep10#362,genuine,Libanio,μάρκελλοσ,Μάρκελλος,2,0,0,362.5|362.8,sí
Libanio,Liban_Ep10#362,genuine,Libanio,μαρκέλλου,Μαρκέλλου,2,0,0,362.3|362.7,sí
Libanio,Liban_Ep10#362,genuine,Libanio,μουσωνίῳ,Μουσωνίῳ,1,0,0,362.7,sí
Libanio,Liban_Ep10#362,genuine,Libanio,οἶσθά,Οἶσθά,1,0,5,362.1,no
Libanio,Liban_Ep10#362,genuine,Libanio,στρατηγίου,Στρατηγίου,1,0,0,362.8,sí
Libanio,Liban_Ep10#362,genuine,Libanio,ἀνατολίῳ,Ἀνατολίῳ,1,0,0,362,sí
Libanio,Liban_Ep10#362,genuine,Libanio,ἀσκληπιοῦ,Ἀσκληπιοῦ,1,0,0,362.5,sí
Libanio,Liban_Ep10#369,genuine,Libanio,διπλῆν,Διπλῆν,1,2,21,369.1,no
Libanio,Liban_Ep10#369,genuine,Libanio,κίμωνι,Κίμωνι,1,0,0,369.4,sí
Libanio,Liban_Ep10#369,genuine,Libanio,μιλτιάδῃ,Μιλτιάδῃ,1,0,0,369.4,sí
Libanio,Liban_Ep10#369,genuine,Libanio,περικλεῖ,Περικλεῖ,1,0,0,369.4,sí
Libanio,Liban_Ep10#369,genuine,Libanio,ἀμφιάραοσ,Ἀμφιάραος,1,0,0,369.10,sí
Libanio,Liban_Ep10#369,genuine,Libanio,ἰουλιανῷ,Ἰουλιανῷ,1,0,0,369,sí
Libanio,Liban_Ep10#37,genuine,Libanio,δίκησ,Δίκης,1,3,96,37.7,no
Libanio,Liban_Ep10#37,genuine,Libanio,λογιζόμε,Λογιζόμε,1,0,0,37.2,sí
Libanio,Liban_Ep10#37,genuine,Libanio,μικροῦ,Μικροῦ,1,4,159,37.1,no
Libanio,Liban_Ep10#37,genuine,Libanio,μοδέστου,Μοδέστου,1,0,0,37.2,sí
Libanio,Liban_Ep10#37,genuine,Libanio,μοδέστῳ,Μοδέστῳ,1,0,0,37,sí
Libanio,Liban_Ep10#37,genuine,Libanio,ἀντιόχῳ,Ἀντιόχῳ,1,0,0,37.5,sí
Libanio,Liban_Ep10#37,genuine,Libanio,ἀρσενίῳ,Ἀρσενίῳ,1,0,0,37.5,sí
Libanio,Liban_Ep10#37,genuine,Libanio,ἑρμιόνοσ,Ἑρμιόνος,1,0,0,37.4,sí
Libanio,Liban_Ep10#374,genuine,Libanio,βιθυνίασ,Βιθυνίας,1,0,0,374.5,sí
Libanio,Liban_Ep10#374,genuine,Libanio,διάνιοσ,Διάνιος,1,0,0,374.5,sí
Libanio,Liban_Ep10#374,genuine,Libanio,μεγάλῃ,Μεγάλῃ,1,1,70,374.8,no
Libanio,Liban_Ep10#374,genuine,Libanio,ἀρισταί,Ἀρισταί,1,0,0,374.4,sí
Libanio,Liban_Ep10#374,genuine,Libanio,ἀρισταινέτῳ,Ἀρισταινέτῳ,1,0,0,374,sí
Libanio,Liban_Ep10#375,genuine,Libanio,βιθυνοῖσ,Βιθυνοῖς,1,0,0,375.1,sí
Libanio,Liban_Ep10#375,genuine,Libanio,διάνιον,Διάνιον,1,0,0,375.1,sí
Libanio,Liban_Ep10#375,genuine,Libanio,διανίῳ,Διανίῳ,1,0,0,375.4,sí
Libanio,Liban_Ep10#375,genuine,Libanio,ἀλκίμῳ,Ἀλκίμῳ,1,0,0,375,sí
Libanio,Liban_Ep10#375,genuine,Libanio,ἀποπέμπομεν,Ἀποπέμπομεν,1,0,0,375.1,sí
Libanio,Liban_Ep10#375,genuine,Libanio,ἀρισταινέτῳ,Ἀρισταινέτῳ,1,0,0,375.5,sí
Libanio,Liban_Ep10#379,genuine,Libanio,δία,Δία,1,0,1,379.3,dudoso
Libanio,Liban_Ep10#379,genuine,Libanio,κίμωνα,Κίμωνα,1,0,0,379.4,sí
Libanio,Liban_Ep10#379,genuine,Libanio,καλυκίῳ,Καλυκίῳ,1,0,0,379,sí
Libanio,Liban_Ep10#379,genuine,Libanio,μίδα,Μίδα,1,0,0,379.3,sí
Libanio,Liban_Ep10#379,genuine,Libanio,νιρέωσ,Νιρέως,1,0,0,379.5,sí
Libanio,Liban_Ep10#379,genuine,Libanio,σωκράτησ,Σωκράτης,1,0,0,379.7,sí
Libanio,Liban_Ep10#379,genuine,Libanio,ἀκάκιοσ,Ἀκάκιος,1,0,0,379.2,sí
Libanio,Liban_Ep10#379,genuine,Libanio,ἡμῖν,Ἡμῖν,1,66,3725,379.1,no
Libanio,Liban_Ep10#379,genuine,Libanio,ἱεροκλῆσ,Ἱεροκλῆς,1,0,0,379.2,sí
Libanio,Liban_Ep10#405,genuine,Libanio,δημοσθένουσ,Δημοσθένους,1,0,0,405.4,sí
Libanio,Liban_Ep10#405,genuine,Libanio,ζηνόβιοσ,Ζηνόβιος,2,0,0,405.4|405.9,sí
Libanio,Liban_Ep10#405,genuine,Libanio,καί,Καὶ,1,765,157796,405.1,no
Libanio,Liban_Ep10#405,genuine,Libanio,κλημάτιοσ,Κλημάτιος,1,0,0,405.13,sí
Libanio,Liban_Ep10#405,genuine,Libanio,κυρίνου,Κυρίνου,1,0,0,405.12,sí
Libanio,Liban_Ep10#405,genuine,Libanio,κυρῖνοσ,Κυρῖνος,1,0,0,405.10,sí
Libanio,Liban_Ep10#405,genuine,Libanio,πινδάρου,Πινδάρου,1,0,0,405.2,sí
Libanio,Liban_Ep10#405,genuine,Libanio,πλατῶν,Πλατῶν,1,0,0,405.4,sí
Libanio,Liban_Ep10#405,genuine,Libanio,σιμωνίδου,Σιμωνίδου,1,0,0,405.2,sí
Libanio,Liban_Ep10#405,genuine,Libanio,στρατήγιοσ,Στρατήγιος,1,0,0,405.7,sí
Libanio,Liban_Ep10#405,genuine,Libanio,τύχην,Τύχην,1,2,205,405.4,no
Libanio,Liban_Ep10#405,genuine,Libanio,ἀρι,Ἀρι,1,0,1,405.1,dudoso
Libanio,Liban_Ep10#405,genuine,Libanio,ἀρισταίνετοσ,Ἀρισταίνετος,1,0,0,405.14,sí
Libanio,Liban_Ep10#405,genuine,Libanio,ἀρισταινέτῳ,Ἀρισταινέτῳ,1,0,0,405,sí
Libanio,Liban_Ep10#405,genuine,Libanio,ἄουσ,Ἄους,1,0,0,405.12,sí
Libanio,Liban_Ep10#432,genuine,Libanio,αγα,Αγα,1,0,0,432.4,sí
Libanio,Liban_Ep10#432,genuine,Libanio,γύγου,Γύγου,1,0,0,432.5,sí
Libanio,Liban_Ep10#432,genuine,Libanio,δῖόσ,Δῖός,1,0,0,432.2,sí
Libanio,Liban_Ep10#432,genuine,Libanio,κλεομένησ,Κλεομένης,1,0,0,432.5,sí
Libanio,Liban_Ep10#432,genuine,Libanio,κλεομένουσ,Κλεομένους,1,0,0,432.6,sí
Libanio,Liban_Ep10#432,genuine,Libanio,κλημάτιοσ,Κλημάτιος,1,0,0,432.9,sí
Libanio,Liban_Ep10#432,genuine,Libanio,ἀνδρονίκῳ,Ἀνδρονίκῳ,1,0,0,432,sí
Libanio,Liban_Ep10#432,genuine,Libanio,ἀχιλλέωσ,Ἀχιλλέως,1,0,0,432.4,sí
Libanio,Liban_Ep10#432,genuine,Libanio,ὀδυσσέα,Ὀδυσσέα,1,0,0,432.4,sí
Libanio,Liban_Ep10#432,genuine,Libanio,ὤιμην,Ὤιμην,1,0,1,432.1,dudoso
Libanio,Liban_Ep10#438,genuine,Libanio,βηρυτῷ,Βηρυτῷ,1,0,0,438.5,sí
Libanio,Liban_Ep10#438,genuine,Libanio,δωδώνησ,Δωδώνης,1,0,1,438.2,dudoso
Libanio,Liban_Ep10#438,genuine,Libanio,θρᾳκίουσ,Θρᾳκίους,1,0,0,438.7,sí
Libanio,Liban_Ep10#438,genuine,Libanio,μάγνου,Μάγνου,1,0,0,438.1,sí
Libanio,Liban_Ep10#438,genuine,Libanio,ἀεί,Ἀεὶ,1,8,1732,438.1,no
Libanio,Liban_Ep10#438,genuine,Libanio,ἀνατολίῳ,Ἀνατολίῳ,1,0,0,438,sí
Libanio,Liban_Ep10#493,genuine,Libanio,τῇ,Τῇ,1,63,10633,493.1,no
Libanio,Liban_Ep10#493,genuine,Libanio,ἀβλάβιον,Ἀβλάβιον,1,0,0,493.1,sí
Libanio,Liban_Ep10#493,genuine,Libanio,ἀβλάβιοσ,Ἀβλάβιος,1,0,0,493.3,sí
Libanio,Liban_Ep10#493,genuine,Libanio,ἰουλιανῷ,Ἰουλιανῷ,1,0,0,493,sí
Libanio,Liban_Ep10#495,genuine,Libanio,οὐδέ,Οὐδὲ,1,14,4925,495.1,no
Libanio,Liban_Ep10#495,genuine,Libanio,πηνελόπησ,Πηνελόπης,1,0,0,495.4,sí
Libanio,Liban_Ep10#495,genuine,Libanio,τύχησ,Τύχης,1,2,369,495.1,no
Libanio,Liban_Ep10#495,genuine,Libanio,ἀντίοχοσ,Ἀντίοχος,2,0,0,495.1|495.2,sí
Libanio,Liban_Ep10#495,genuine,Libanio,ἀπελλίων,Ἀπελλίων,1,0,0,495.1,sí
Libanio,Liban_Ep10#495,genuine,Libanio,ἀρισταινέτῳ,Ἀρισταινέτῳ,1,0,0,495,sí
Libanio,Liban_Ep10#495,genuine,Libanio,ἑλένην,Ἑλένην,1,0,0,495.4,sí
Libanio,Liban_Ep10#497,genuine,Libanio,κλη,Κλη,1,0,1,497.4,dudoso
Libanio,Liban_Ep10#497,genuine,Libanio,μιν,Μιν,1,0,15,497.4,no
Libanio,Liban_Ep10#497,genuine,Libanio,στρατηγίῳ,Στρατηγίῳ,2,0,1,497|497.5,dudoso
Libanio,Liban_Ep10#497,genuine,Libanio,ἠλγήσαμέν,Ἠλγήσαμέν,1,0,0,497.1,sí
Libanio,Liban_Ep10#503,genuine,Libanio,γυμνά,Γυμνά,1,0,19,503.5,no
Libanio,Liban_Ep10#503,genuine,Libanio,γυμνάσιοσ,Γυμνάσιος,1,0,0,503.3,sí
Libanio,Liban_Ep10#503,genuine,Libanio,κινύραν,Κινύραν,1,0,0,503.3,sí
Libanio,Liban_Ep10#503,genuine,Libanio,λουππίων,Λουππίων,1,0,0,503.1,sí
Libanio,Liban_Ep10#503,genuine,Libanio,συρίασ,Συρίας,1,0,0,503.5,sí
Libanio,Liban_Ep10#503,genuine,Libanio,τύχην,Τύχην,1,2,205,503.2,no
Libanio,Liban_Ep10#503,genuine,Libanio,ἀθήνασ,Ἀθήνας,1,0,0,503.4,sí
Libanio,Liban_Ep10#503,genuine,Libanio,ἀράξιον,Ἀράξιον,1,0,0,503.5,sí
Libanio,Liban_Ep10#503,genuine,Libanio,ἀραξίῳ,Ἀραξίῳ,1,0,0,503,sí
Libanio,Liban_Ep10#516,genuine,Libanio,διό,Διὸ,1,0,698,516.2,no
Libanio,Liban_Ep10#516,genuine,Libanio,εἰ,Εἰ,1,95,10237,516.1,no
Libanio,Liban_Ep10#516,genuine,Libanio,θεμιστίῳ,Θεμιστίῳ,1,0,0,516.1,sí
Libanio,Liban_Ep10#516,genuine,Libanio,καί,Καὶ,1,765,157796,516.1,no
Libanio,Liban_Ep10#516,genuine,Libanio,οὐ,Οὐ,1,112,13518,516.1,no
Libanio,Liban_Ep10#516,genuine,Libanio,πάλαι,Πάλαι,1,15,534,516.1,no
Libanio,Liban_Ep10#516,genuine,Libanio,ποιεῖται,Ποιεῖται,1,1,87,516.1,no
Libanio,Liban_Ep10#516,genuine,Libanio,τύχην,Τύχην,1,2,205,516.4,no
Libanio,Liban_Ep10#516,genuine,Libanio,ἀραξίῳ,Ἀραξίῳ,1,0,0,516,sí
Libanio,Liban_Ep10#557,genuine,Libanio,βιθυνίᾳ,Βιθυνίᾳ,1,0,0,557.1,sí
Libanio,Liban_Ep10#557,genuine,Libanio,εὐριπίδου,Εὐριπίδου,1,0,0,557.5,sí
Libanio,Liban_Ep10#557,genuine,Libanio,θρᾴκησ,Θρᾴκης,1,0,0,557.1,sí
Libanio,Liban_Ep10#557,genuine,Libanio,λητόιον,Λητόιον,1,0,0,557.4,sí
Libanio,Liban_Ep10#557,genuine,Libanio,μουσώνιον,Μουσώνιον,1,0,0,557.3,sí
Libanio,Liban_Ep10#557,genuine,Libanio,μουσώνιοσ,Μουσώνιος,1,0,0,557.6,sí
Libanio,Liban_Ep10#557,genuine,Libanio,μυγδονίῳ,Μυγδονίῳ,1,0,0,557,sí
Libanio,Liban_Ep10#557,genuine,Libanio,νικοκλέουσ,Νικοκλέους,1,0,0,557.2,sí
Libanio,Liban_Ep10#557,genuine,Libanio,νικοκλῆσ,Νικοκλῆς,1,0,0,557.2,sí
Libanio,Liban_Ep10#557,genuine,Libanio,σπεκτάτοσ,Σπεκτάτος,1,0,0,557.1,sí
Libanio,Liban_Ep10#557,genuine,Libanio,χαλκηδόνοσ,Χαλκηδόνος,1,0,0,557.2,sí
Libanio,Liban_Ep10#557,genuine,Libanio,ἀθήνησί,Ἀθήνησί,1,0,0,557.1,sí
Libanio,Liban_Ep10#557,genuine,Libanio,ἶσον,Ἶσον,1,0,6,557.1,no
Libanio,Liban_Ep10#560,genuine,Libanio,εἰκόσ,Εἰκὸς,1,12,578,560.1,no
Libanio,Liban_Ep10#560,genuine,Libanio,μαιορῖνοσ,Μαιορῖνος,1,0,0,560.1,sí
Libanio,Liban_Ep10#560,genuine,Libanio,ἀνδρονίκῳ,Ἀνδρονίκῳ,1,0,0,560,sí
Libanio,Liban_Ep10#580,genuine,Libanio,εἶχον,Εἶχον,1,6,323,580.1,no
Libanio,Liban_Ep10#580,genuine,Libanio,λακεδαίμονοσ,Λακεδαίμονος,1,0,0,580.1,sí
Libanio,Liban_Ep10#580,genuine,Libanio,μεγάλη,Μεγάλη,1,1,103,580.2,no
Libanio,Liban_Ep10#580,genuine,Libanio,νικαίασ,Νικαίας,1,0,0,580.3,sí
Libanio,Liban_Ep10#580,genuine,Libanio,στρα,Στρα,1,0,5,580.2,no
Libanio,Liban_Ep10#580,genuine,Libanio,φίλιπποσ,Φίλιππος,1,0,0,580.3,sí
Libanio,Liban_Ep10#580,genuine,Libanio,φίλιππόν,Φίλιππόν,1,0,0,580.4,sí
Libanio,Liban_Ep10#580,genuine,Libanio,ἀθηναίοισ,Ἀθηναίοις,1,0,0,580.3,sí
Libanio,Liban_Ep10#580,genuine,Libanio,ἀρισταίνετοσ,Ἀρισταίνετος,1,0,0,580.4,sí
Libanio,Liban_Ep10#580,genuine,Libanio,ἀρισταινέτῳ,Ἀρισταινέτῳ,1,0,0,580,sí
Libanio,Liban_Ep10#580,genuine,Libanio,ἕλληνασ,Ἕλληνας,1,0,0,580.4,sí
Libanio,Liban_Ep10#580,genuine,Libanio,ἰόλεων,Ἰόλεων,1,0,0,580.4,sí
Libanio,Liban_Ep10#620,genuine,Libanio,αἰακούσ,Αἰακοὺς,1,0,0,620.6,sí
Libanio,Liban_Ep10#620,genuine,Libanio,εὐρύβατοσ,Εὐρύβατος,1,0,0,620.6,sí
Libanio,Liban_Ep10#620,genuine,Libanio,εὐφημίῳ,Εὐφημίῳ,1,0,0,620,sí
Libanio,Liban_Ep10#620,genuine,Libanio,θα,Θα,1,0,2,620.1,dudoso
Libanio,Liban_Ep10#620,genuine,Libanio,θαλασσίου,Θαλασσίου,3,0,0,620.6|620.8|620.10,sí
Libanio,Liban_Ep10#620,genuine,Libanio,κέρβερον,Κέρβερον,1,0,0,620.5,sí
Libanio,Liban_Ep10#620,genuine,Libanio,καί,Καὶ,1,765,157796,620.1,no
Libanio,Liban_Ep10#620,genuine,Libanio,μυσῶν,Μυσῶν,1,0,1,620.7,dudoso
Libanio,Liban_Ep10#620,genuine,Libanio,στύγα,Στύγα,1,0,1,620.5,dudoso
Libanio,Liban_Ep10#620,genuine,Libanio,φρυνώνδασ,Φρυνώνδας,1,0,0,620.6,sí
Libanio,Liban_Ep10#620,genuine,Libanio,ἀθηνᾶσ,Ἀθηνᾶς,1,0,0,620.5,sí
Libanio,Liban_Ep10#620,genuine,Libanio,ἡρακλέα,Ἡρακλέα,1,0,0,620.5,sí
Libanio,Liban_Ep10#620,genuine,Libanio,ἡρακλέουσ,Ἡρακλέους,1,0,0,620.5,sí
Libanio,Liban_Ep10#620,genuine,Libanio,ὅμηροσ,Ὅμηρος,1,0,1,620.5,dudoso
Libanio,Liban_Ep10#673,genuine,Libanio,δῖόσ,Δῖός,1,0,0,673.2,sí
Libanio,Liban_Ep10#673,genuine,Libanio,εἰ,Εἰ,1,95,10237,673.1,no
Libanio,Liban_Ep10#673,genuine,Libanio,μα,Μα,1,1,10,673.1,no
Libanio,Liban_Ep10#673,genuine,Libanio,μακεδόνιοσ,Μακεδόνιος,1,0,0,673.3,sí
Libanio,Liban_Ep10#673,genuine,Libanio,χάριτασ,Χάριτας,1,2,100,673.2,no
Libanio,Liban_Ep10#673,genuine,Libanio,ἰουλιανῷ,Ἰουλιανῷ,1,0,0,673,sí
Libanio,Liban_Ep10#70,genuine,Libanio,θεμιστίῳ,Θεμιστίῳ,1,0,0,70,sí
Libanio,Liban_Ep10#70,genuine,Libanio,μακεδονίαν,Μακεδονίαν,1,0,0,70.1,sí
Libanio,Liban_Ep10#70,genuine,Libanio,ὀλυμπίῳ,Ὀλυμπίῳ,1,0,0,70.1,sí
Libanio,Liban_Ep10#70,genuine,Libanio,ὀλύμπιοσ,Ὀλύμπιος,1,0,0,70.5,sí
Libanio,Liban_Ep10#70,genuine,Libanio,ὑπέρ,Ὑπὲρ,1,29,2894,70.1,no
Libanio,Liban_Ep10#70,genuine,Libanio,ῥωμαίων,Ῥωμαίων,1,0,0,70.4,sí
Libanio,Liban_Ep10#731,genuine,Libanio,καδμείαν,Καδμείαν,1,0,0,731.5,sí
Libanio,Liban_Ep10#731,genuine,Libanio,μάξιμον,Μάξιμον,1,0,0,731.6,sí
Libanio,Liban_Ep10#731,genuine,Libanio,μαξίμου,Μαξίμου,1,0,0,731.6,sí
Libanio,Liban_Ep10#731,genuine,Libanio,συνησθείσ,Συνησθεὶς,1,0,1,731.1,dudoso
Libanio,Liban_Ep10#731,genuine,Libanio,ὑπερέχιον,Ὑπερέχιον,1,0,0,731.6,sí
Libanio,Liban_Ep10#731,genuine,Libanio,ὑπερεχίῳ,Ὑπερεχίῳ,1,0,0,731,sí
Libanio,Liban_Ep10#791,genuine,Libanio,γαλάτασ,Γαλάτας,1,0,0,791.4,sí
Libanio,Liban_Ep10#791,genuine,Libanio,δῖόσ,Δῖός,1,0,0,791.4,sí
Libanio,Liban_Ep10#791,genuine,Libanio,εἴ,Εἴ,1,12,1563,791.1,no
Libanio,Liban_Ep10#791,genuine,Libanio,μοδέστου,Μοδέστου,1,0,0,791.1,sí
Libanio,Liban_Ep10#791,genuine,Libanio,μόδεστοσ,Μόδεστος,1,0,0,791.2,sí
Libanio,Liban_Ep10#791,genuine,Libanio,παλαμήδην,Παλαμήδην,1,0,0,791.3,sí
Libanio,Liban_Ep10#791,genuine,Libanio,τῷ,Τῷ,1,98,18238,791,no
Libanio,Liban_Ep10#791,genuine,Libanio,ἀτρέωσ,Ἀτρέως,1,0,0,791.3,sí
Libanio,Liban_Ep10#791,genuine,Libanio,ὁμήρου,Ὁμήρου,1,0,0,791.3,sí
Libanio,Liban_Ep10#793,genuine,Libanio,θεμιστίῳ,Θεμιστίῳ,1,0,0,793,sí
Libanio,Liban_Ep10#793,genuine,Libanio,μελιίδου,Μελιrίδου,1,0,0,793.2,sí
Libanio,Liban_Ep10#793,genuine,Libanio,οὔτε,Οὔτε,1,9,3572,793.1,no
Libanio,Liban_Ep10#793,genuine,Libanio,πλάτωνοσ,Πλάτωνος,2,0,0,793.3|793.4,sí
Libanio,Liban_Ep10#793,genuine,Libanio,σπεκτάτον,Σπεκτάτον,1,0,0,793.1,sí
Libanio,Liban_Ep10#793,genuine,Libanio,ἴστροσ,Ἴστρος,1,0,0,793.2,sí
Libanio,Liban_Ep10#796,genuine,Libanio,θεμιστοκλέα,Θεμιστοκλέα,1,0,0,796.5,sí
Libanio,Liban_Ep10#796,genuine,Libanio,λαί,Λαὶ,1,0,0,796.5,sí
Libanio,Liban_Ep10#796,genuine,Libanio,μιλτιάδην,Μιλτιάδην,1,0,0,796.5,sí
Libanio,Liban_Ep10#796,genuine,Libanio,τρῶάσ,Τρῶάς,1,0,0,796.2,sí
Libanio,Liban_Ep10#796,genuine,Libanio,ἀλέξανδροσ,Ἀλέξανδρος,1,0,1,796.2,dudoso
Libanio,Liban_Ep10#796,genuine,Libanio,ἐθαύμασα,Ἐθαύμασα,1,0,26,796.1,no
Libanio,Liban_Ep10#796,genuine,Libanio,ἐλπίδιον,Ἐλπίδιον,1,0,0,796.2,sí
Libanio,Liban_Ep10#796,genuine,Libanio,ἱέρακα,Ἱέρακα,1,0,3,796.2,no
Libanio,Liban_Ep10#796,genuine,Libanio,ἱέρακι,Ἱέρακι,1,0,1,796,dudoso
Libanio,Liban_Ep10#796,genuine,Libanio,ἱέρακοσ,Ἱέρακος,1,0,2,796.5,dudoso
Libanio,Liban_Ep10#802,genuine,Libanio,σέλευ,Σέλευ,1,0,0,802.8,sí
Libanio,Liban_Ep10#802,genuine,Libanio,ἄλκιμοσ,Ἄλκιμος,1,0,0,802.3,sí
Libanio,Liban_Ep10#802,genuine,Libanio,ἰουλιανῷ,Ἰουλιανῷ,1,0,0,802,sí
Libanio,Liban_Ep10#802,genuine,Libanio,ὅσα,Ὅσα,1,8,1714,802.1,no
Libanio,Liban_Ep10#81,genuine,Libanio,αἰσχύλοσ,Αἰσχύλος,1,0,0,81.1,sí
Libanio,Liban_Ep10#81,genuine,Libanio,εὐριπίδησ,Εὐριπίδης,1,0,0,81.1,sí
Libanio,Liban_Ep10#81,genuine,Libanio,λακωνικήν,Λακωνικὴν,1,0,0,81.2,sí
Libanio,Liban_Ep10#81,genuine,Libanio,σπάρτη,Σπάρτη,1,0,0,81.2,sí
Libanio,Liban_Ep10#81,genuine,Libanio,σύ,Σὺ,1,73,1649,81.1,no
Libanio,Liban_Ep10#81,genuine,Libanio,ἀχαιῶν,Ἀχαιῶν,1,0,0,81.2,sí
Libanio,Liban_Ep10#81,genuine,Libanio,ἰουλια,Ἰουλια,1,0,0,81.4,sí
Libanio,Liban_Ep10#81,genuine,Libanio,ἰουλιανόν,Ἰουλιανὸν,1,0,0,81.6,sí
Libanio,Liban_Ep10#81,genuine,Libanio,ὁπτάτοσ,Ὁπτάτος,1,0,0,81.6,sí
Libanio,Liban_Ep10#810,genuine,Libanio,λακωνικόσ,Λακωνικὸς,1,0,0,810.4,sí
Libanio,Liban_Ep10#810,genuine,Libanio,μοδέστῳ,Μοδέστῳ,1,0,0,810.7,sí
Libanio,Liban_Ep10#810,genuine,Libanio,νικοκλεῖ,Νικοκλεῖ,1,0,0,810,sí
Libanio,Liban_Ep10#810,genuine,Libanio,νικοκλῆσ,Νικοκλῆς,1,0,0,810.7,sí
Libanio,Liban_Ep10#810,genuine,Libanio,οὐκ,Οὐκ,1,139,11914,810.1,no
Libanio,Liban_Ep10#810,genuine,Libanio,πύθιον,Πύθιον,1,0,0,810.4,sí
Libanio,Liban_Ep10#810,genuine,Libanio,συρακουσίων,Συρακουσίων,1,0,0,810.2,sí
Libanio,Liban_Ep10#810,genuine,Libanio,ἑλλήνων,Ἑλλήνων,1,0,0,810.2,sí
Libanio,Liban_Ep10#810,genuine,Libanio,ὑπερέχιον,Ὑπερέχιον,1,0,0,810.7,sí
Libanio,Liban_Ep10#811,genuine,Libanio,ιουλιανῷ,Ιουλιανῷ,1,0,1,811,dudoso
Libanio,Liban_Ep10#811,genuine,Libanio,καλλιόπη,Καλλιόπη,1,0,0,811.4,sí
Libanio,Liban_Ep10#811,genuine,Libanio,λακωνικοί,Λακωνικοί,1,0,0,811.2,sí
Libanio,Liban_Ep10#811,genuine,Libanio,πόλιν,Πόλιν,1,13,1546,811.5,no
Libanio,Liban_Ep10#811,genuine,Libanio,ἀλεξάνδρου,Ἀλεξάνδρου,2,0,0,811.1|811.2,sí
Libanio,Liban_Ep10#811,genuine,Libanio,ἐγώ,Ἐγὼ,1,42,2308,811.1,no
Libanio,Liban_Ep10#819,genuine,Libanio,δῖόσ,Δῖός,1,0,0,819.8,sí
Libanio,Liban_Ep10#819,genuine,Libanio,μάρκοσ,Μάρκος,1,0,0,819.6,sí
Libanio,Liban_Ep10#819,genuine,Libanio,μάρκου,Μάρκου,1,0,0,819.7,sí
Libanio,Liban_Ep10#819,genuine,Libanio,μάρκουσ,Μάρκους,1,0,0,819.6,sí
Libanio,Liban_Ep10#819,genuine,Libanio,μαρσύου,Μαρσύου,1,0,0,819.5,sí
Libanio,Liban_Ep10#819,genuine,Libanio,μυ,Μυ,1,0,2,819.3,dudoso
Libanio,Liban_Ep10#819,genuine,Libanio,ἐγένετό,Ἐγένετό,1,1,9,819.1,no
Libanio,Liban_Ep10#819,genuine,Libanio,ὠρίων,Ὠρίων,2,0,0,819.1|819.5,sí
Libanio,Liban_Ep10#819,genuine,Libanio,ὠρίωνα,Ὠρίωνα,1,0,0,819.7,sí
Libanio,Liban_Ep10#833,genuine,Libanio,βελλε,Βελλε,1,0,0,833.1,sí
Libanio,Liban_Ep10#833,genuine,Libanio,μάξι,Μάξι,1,0,0,833.2,sí
Libanio,Liban_Ep10#833,genuine,Libanio,μαξίμῳ,Μαξίμῳ,1,0,0,833.2,sí
Libanio,Liban_Ep10#833,genuine,Libanio,οίνεύσ,Οὶνεὺς,1,0,0,833.1,sí
Libanio,Liban_Ep10#833,genuine,Libanio,οὐλπια,Οὐλπια,1,0,0,833.3,sí
Libanio,Liban_Ep10#833,genuine,Libanio,τί,Τί,1,29,4801,833.1,no
Libanio,Liban_Ep10#833,genuine,Libanio,ἀλβανίῳ,Ἀλβανίῳ,1,0,0,833,sí
Libanio,Liban_Ep10#97,genuine,Libanio,γλώττῃ,Γλώττῃ,1,1,42,97.1,no
Libanio,Liban_Ep10#97,genuine,Libanio,μίκκαλον,Μίκκαλον,2,0,0,97.2|97.3,sí
Libanio,Liban_Ep10#97,genuine,Libanio,μίκκαλοσ,Μίκκαλος,1,0,0,97.2,sí
Libanio,Liban_Ep10#97,genuine,Libanio,μικκάλου,Μικκάλου,1,0,0,97.2,sí
Libanio,Liban_Ep10#97,genuine,Libanio,μικκάλῳ,Μικκάλῳ,1,0,0,97.4,sí
Libanio,Liban_Ep10#97,genuine,Libanio,φλωρεντίῳ,Φλωρεντίῳ,1,0,0,97,sí
Libanio,Liban_Ep10#97,genuine,Libanio,ὀλυμπίου,Ὀλυμπίου,3,0,3,97.2|97.5,no
Ps-Basilio,Bas_Ep#365,spurious,Ps-Basilio,γαλατῶν,Γαλατῶν,1,0,0,365,sí
Ps-Basilio,Bas_Ep#365,spurious,Ps-Basilio,κύριοσ,Κύριος,1,0,1112,365,no
Ps-Basilio,Bas_Ep#365,spurious,Ps-Basilio,μωσέα,Μωσέα,1,0,0,365,sí
Ps-Basilio,Bas_Ep#365,spurious,Ps-Basilio,πάθοσ,Πάθος,1,1,489,365,no
Ps-Basilio,Bas_Ep#365,spurious,Ps-Basilio,παφλαγόνων,Παφλαγόνων,1,0,0,365,sí
Ps-Basilio,Bas_Ep#365,spurious,Ps-Basilio,σεβαστηνῶν,Σεβαστηνῶν,1,0,0,365,sí
Ps-Basilio,Bas_Ep#365,spurious,Ps-Basilio,σύ,Σὺ,1,0,1649,365,no
Ps-Basilio,Bas_Ep#365,spurious,Ps-Basilio,χριστοῦ,Χριστοῦ,1,0,4,365,no
Ps-Basilio,Bas_Ep#365,spurious,Ps-Basilio,ἀργέου,Ἀργέου,1,0,0,365,sí
Ps-Basilio,Bas_Ep#365,spurious,Ps-Basilio,ἀρμενίων,Ἀρμενίων,1,0,0,365,sí
Ps-Basilio,Bas_Ep#365,spurious,Ps-Basilio,ἅλυι,Ἅλυι,1,0,0,365,sí
Ps-Basilio,Bas_Ep#365,spurious,Ps-Basilio,ἐρυθράν,Ἐρυθρὰν,1,0,6,365,no
Ps-Basilio,Bas_Ep#365,spurious,Ps-Basilio,ἐρυθρᾷ,Ἐρυθρᾷ,1,0,3,365,no
Ps-Basilio,Bas_Ep#365,spurious,Ps-Basilio,ἑλληνοποντίων,Ἑλληνοποντίων,1,0,0,365,sí
Ps-Basilio,Bas_Ep#365,spurious,Ps-Basilio,ἰουδαίων,Ἰουδαίων,1,0,0,365,sí
Ps-Basilio,Bas_Ep#366,spurious,Ps-Basilio,θεοῦ,Θεοῦ,4,0,4767,366,no
Ps-Basilio,Bas_Ep#366,spurious,Ps-Basilio,θεόν,Θεόν,1,0,2263,366,no
Ps-Basilio,Bas_Ep#366,spurious,Ps-Basilio,θεόσ,Θεὸς,1,0,2683,366,no
Ps-Basilio,Bas_Ep#366,spurious,Ps-Basilio,θεῷ,Θεῷ,1,0,1579,366,no
Ps-Basilio,Bas_Ep#366,spurious,Ps-Basilio,καλῶσ,Καλῶς,1,0,861,366,no
Ps-Basilio,Bas_Ep#366,spurious,Ps-Basilio,νοῦσ,Νοῦς,1,2,848,366,no
Ps-Basilio,Bas_Ep#366,spurious,Ps-Basilio,οὐ,Οὐ,1,7,13518,366,no
Ps-Basilio,Bas_Ep#366,spurious,Ps-Basilio,πνεῦμα,Πνεῦμα,1,1,528,366,no
Ps-Basilio,Bas_Ep#366,spurious,Ps-Basilio,χάρισ,Χάρις,1,0,137,366,no
Ps-Basilio,Bas_Ep#366,spurious,Ps-Basilio,ἰησοῦσ,Ἰησοῦς,2,0,1,366,dudoso
Ps-Basilio,Bas_Ep#366,spurious,Ps-Basilio,ὀλίγον,Ὀλίγον,2,0,450,366,no
Ps-Basilio,Bas_Ep#41,spurious,Ps-Basilio,γραφάσ,Γραφάς,1,0,55,41,no
Ps-Basilio,Bas_Ep#41,spurious,Ps-Basilio,θεοῦ,Θεοῦ,1,0,4767,41,no
Ps-Basilio,Bas_Ep#41,spurious,Ps-Basilio,θεόν,Θεόν|Θεὸν,3,0,2263,41,no
Ps-Basilio,Bas_Ep#41,spurious,Ps-Basilio,καί,Καὶ,1,54,157796,41,no
Ps-Basilio,Bas_Ep#41,spurious,Ps-Basilio,λαῦσοσ,Λαῦσος,1,0,0,41,sí
Ps-Basilio,Bas_Ep#41,spurious,Ps-Basilio,μικρά,Μικρά,1,0,245,41,no
Ps-Basilio,Bas_Ep#41,spurious,Ps-Basilio,ἀπήγγειλε,Ἀπήγγειλε,1,0,13,41,no
Ps-Basilio,Bas_Ep#41,spurious,Ps-Basilio,ἐκκλησίαν,Ἐκκλησίαν,1,0,142,41,no
Ps-Basilio,Bas_Ep#41,spurious,Ps-Basilio,ἐπαχθέσ,Ἐπαχθὲς,1,0,2,41,dudoso
Ps-Clemente,2Clem,spurious,Ps-Clemente,βόησον,Βόησον,1,1,3,2:2,no
Ps-Clemente,2Clem,spurious,Ps-Clemente,δανιήλ,Δανιήλ,1,0,0,6:8,sí
Ps-Clemente,2Clem,spurious,Ps-Clemente,διά,Διὰ,1,37,9351,13:2,no
Ps-Clemente,2Clem,spurious,Ps-Clemente,εἰ,Εἰ,1,29,10237,8:5,no
Ps-Clemente,2Clem,spurious,Ps-Clemente,εὐφράνθητι,Εὐφράνθητι,2,0,1,2:1,dudoso
Ps-Clemente,2Clem,spurious,Ps-Clemente,καί,Καὶ,2,433,157796,9:1|18:1,no
Ps-Clemente,2Clem,spurious,Ps-Clemente,κλήμεντοσ,Κλήμεντος,1,0,0,20:5,sí
Ps-Clemente,2Clem,spurious,Ps-Clemente,κορινθίουσ,Κορινθίους,1,0,0,20:5,sí
Ps-Clemente,2Clem,spurious,Ps-Clemente,κύριε,Κύριε,1,1,237,4:2,no
Ps-Clemente,2Clem,spurious,Ps-Clemente,λέγει,Λέγει,1,27,1324,6:1,no
Ps-Clemente,2Clem,spurious,Ps-Clemente,μή,Μὴ,2,91,15198,4:1|5:4,no
Ps-Clemente,2Clem,spurious,Ps-Clemente,μετανοήσωμεν,Μετανοήσωμεν,1,3,5,17:1,no
Ps-Clemente,2Clem,spurious,Ps-Clemente,νῶε,Νῶε,1,0,3,6:8,no
Ps-Clemente,2Clem,spurious,Ps-Clemente,οὐ,Οὐ,2,43,13518,4:2|13:4,no
Ps-Clemente,2Clem,spurious,Ps-Clemente,οὐαί,Οὐαὶ,2,0,39,13:2|17:5,no
Ps-Clemente,2Clem,spurious,Ps-Clemente,οὐδείσ,Οὐδεὶς,1,2,876,6:1,no
Ps-Clemente,2Clem,spurious,Ps-Clemente,οὐκ,Οὐκ,1,30,11914,15:1,no
Ps-Clemente,2Clem,spurious,Ps-Clemente,πέτροσ,Πέτρος,1,0,2,5:3,dudoso
Ps-Clemente,2Clem,spurious,Ps-Clemente,πέτρῳ,Πέτρῳ,1,0,1,5:4,dudoso
Ps-Clemente,2Clem,spurious,Ps-Clemente,ταλαίπωροί,Ταλαίπωροί,1,0,0,11:2,sí
Ps-Clemente,2Clem,spurious,Ps-Clemente,ταῦτα,Ταῦτα,1,18,5633,11:2,no
Ps-Clemente,2Clem,spurious,Ps-Clemente,τοσοῦτον,Τοσοῦτον,1,1,827,3:1,no
Ps-Clemente,2Clem,spurious,Ps-Clemente,τόν,Τὸν,1,84,26639,3:2,no
Ps-Clemente,2Clem,spurious,Ps-Clemente,τῷ,Τῷ,1,74,18238,20:5,no
Ps-Clemente,2Clem,spurious,Ps-Clemente,χριστοῦ,Χριστοῦ,6,0,4,1:1|5:5|6:7|14:2|14:3|17:6,no
Ps-Clemente,2Clem,spurious,Ps-Clemente,χριστόν,Χριστόν,1,0,3,14:4,no
Ps-Clemente,2Clem,spurious,Ps-Clemente,χριστόσ,Χριστός|Χριστὸς,5,1,7,1:2|2:7|9:5|14:2|14:4,no
Ps-Clemente,2Clem,spurious,Ps-Clemente,ἀδελφοί,Ἀδελφοί|Ἀδελφοὶ,3,15,199,1:1|9:11|13:1,no
Ps-Clemente,2Clem,spurious,Ps-Clemente,ἀλλά,Ἀλλὰ,1,26,8862,20:1,no
Ps-Clemente,2Clem,spurious,Ps-Clemente,ἐάν,Ἐὰν,2,34,2572,4:5|5:3,no
Ps-Clemente,2Clem,spurious,Ps-Clemente,ἐγενήθη,Ἐγενήθη,1,0,31,14:1,no
Ps-Clemente,2Clem,spurious,Ps-Clemente,ἐκδεχώμεθα,Ἐκδεχώμεθα,1,0,0,12:1,sí
Ps-Clemente,2Clem,spurious,Ps-Clemente,ἐποίησεν,Ἐποίησεν,1,0,352,14:2,no
Ps-Clemente,2Clem,spurious,Ps-Clemente,ἔρχομαι,Ἔρχομαι,1,0,32,17:4,no
Ps-Clemente,2Clem,spurious,Ps-Clemente,ἔσεσθε,Ἔσεσθε,1,1,19,5:2,no
Ps-Clemente,2Clem,spurious,Ps-Clemente,ἔτι,Ἔτι,1,6,2734,15:3,no
Ps-Clemente,2Clem,spurious,Ps-Clemente,ἡμεῖσ,Ἡμεῖς,1,11,1120,11:1,no
Ps-Clemente,2Clem,spurious,Ps-Clemente,ἡσαΐᾳ,Ἡσαΐᾳ,1,0,0,3:5,sí
Ps-Clemente,2Clem,spurious,Ps-Clemente,ἰεζεκιήλ,Ἰεζεκιήλ,1,0,0,6:8,sí
Ps-Clemente,2Clem,spurious,Ps-Clemente,ἰησοῦ,Ἰησοῦ,4,0,1,1:1|16:2|17:5|17:6,dudoso
Ps-Clemente,2Clem,spurious,Ps-Clemente,ἰησοῦν,Ἰησοῦν,1,0,1,17:7,dudoso
Ps-Clemente,2Clem,spurious,Ps-Clemente,ἰησοῦσ,Ἰησοῦς,3,0,1,1:2|5:4|14:2,dudoso
Ps-Clemente,2Clem,spurious,Ps-Clemente,ἰώβ,Ἰὼβ,1,0,0,6:8,sí
Ps-Clemente,2Clem,spurious,Ps-Clemente,ὁ,Ὁ,1,110,25257,3:5,no
Ps-Clemente,2Clem,spurious,Ps-Clemente,ὅθεν,Ὅθεν,1,1,635,5:1,no
Ps-Clemente,2Clem,spurious,Ps-Clemente,ὅταν,Ὅταν,1,8,1871,12:2,no
Ps-Clemente,2Clem,spurious,Ps-Clemente,ὅτι,Ὅτι,1,52,10633,2:3,no
Ps-Clemente,2Clem,spurious,Ps-Clemente,ὑπάγετε,Ὑπάγετε,1,0,1,4:5,dudoso
Ps-Clemente,2Clem,spurious,Ps-Clemente,ὡσ,Ὡς,1,60,15845,8:1,no
Ps-Clemente,2Clem,spurious,Ps-Clemente,ὥστε,Ὥστε,5,7,2241,7:1|10:1|14:1|16:1|19:1,no
Ps-Clemente,PsClem_EpJac,spurious,Ps-Clemente,αὐτοῦ,Αὐτοῦ,1,39,8623,urn:cts:greekLit:tlg1271.tlg005.1st1K-grc1.3,no
Ps-Clemente,PsClem_EpJac,spurious,Ps-Clemente,γνώριμο,Γνώριμο,1,0,0,urn:cts:greekLit:tlg1271.tlg005.1st1K-grc1.1,sí
Ps-Clemente,PsClem_EpJac,spurious,Ps-Clemente,διό,Διὸ|Διὸ,2,10,698,urn:cts:greekLit:tlg1271.tlg005.1st1K-grc1.8|urn:cts:greekLit:tlg1271.tlg005.1st1K-grc1.11,no
Ps-Clemente,PsClem_EpJac,spurious,Ps-Clemente,εὐσταθήτωσαν,Εὐσταθήτωσαν,1,0,0,urn:cts:greekLit:tlg1271.tlg005.1st1K-grc1.15,sí
Ps-Clemente,PsClem_EpJac,spurious,Ps-Clemente,θεοῦ,Θεοῦ,5,28,4767,urn:cts:greekLit:tlg1271.tlg005.1st1K-grc1.4|urn:cts:greekLit:tlg1271.tlg005.1st1K-grc1.10|urn:cts:greekLit:tlg1271.tlg005.1st1K-grc1.11|urn:cts:greekLit:tlg1271.tlg005.1st1K-grc1.16,no
Ps-Clemente,PsClem_EpJac,spurious,Ps-Clemente,θεόν,Θεὸν,1,11,2263,urn:cts:greekLit:tlg1271.tlg005.1st1K-grc1.9,no
Ps-Clemente,PsClem_EpJac,spurious,Ps-Clemente,θεόσ,Θεός|Θεὸς,2,11,2683,urn:cts:greekLit:tlg1271.tlg005.1st1K-grc1.14|urn:cts:greekLit:tlg1271.tlg005.1st1K-grc1.16,no
Ps-Clemente,PsClem_EpJac,spurious,Ps-Clemente,θεῷ,Θεῷ|Θεῷ,2,14,1579,urn:cts:greekLit:tlg1271.tlg005.1st1K-grc1.8|urn:cts:greekLit:tlg1271.tlg005.1st1K-grc1.15,no
Ps-Clemente,PsClem_EpJac,spurious,Ps-Clemente,ιάκωβε,Ιάκωβε,1,0,0,urn:cts:greekLit:tlg1271.tlg005.1st1K-grc1.20,sí
Ps-Clemente,PsClem_EpJac,spurious,Ps-Clemente,καί,Καὶ,1,433,157796,urn:cts:greekLit:tlg1271.tlg005.1st1K-grc1.19,no
Ps-Clemente,PsClem_EpJac,spurious,Ps-Clemente,κλήμεντά,Κλήμεντά,1,0,0,urn:cts:greekLit:tlg1271.tlg005.1st1K-grc1.13,sí
Ps-Clemente,PsClem_EpJac,spurious,Ps-Clemente,κλήμεντα,Κλήμεντα,2,0,0,urn:cts:greekLit:tlg1271.tlg005.1st1K-grc1.2|urn:cts:greekLit:tlg1271.tlg005.1st1K-grc1.13,sí
Ps-Clemente,PsClem_EpJac,spurious,Ps-Clemente,κλήμεντοσ,Κλήμεντος,1,0,0,urn:cts:greekLit:tlg1271.tlg005.1st1K-grc1.20,sí
Ps-Clemente,PsClem_EpJac,spurious,Ps-Clemente,κλήμησ,Κλήμης,3,0,0,urn:cts:greekLit:tlg1271.tlg005.1st1K-grc1.4|urn:cts:greekLit:tlg1271.tlg005.1st1K-grc1.8|urn:cts:greekLit:tlg1271.tlg005.1st1K-grc1.16,sí
Ps-Clemente,PsClem_EpJac,spurious,Ps-Clemente,οἱ,Οἱ,3,50,11593,urn:cts:greekLit:tlg1271.tlg005.1st1K-grc1.10|urn:cts:greekLit:tlg1271.tlg005.1st1K-grc1.12|urn:cts:greekLit:tlg1271.tlg005.1st1K-grc1.13,no
Ps-Clemente,PsClem_EpJac,spurious,Ps-Clemente,οἶδα,Οἶδα,2,3,403,urn:cts:greekLit:tlg1271.tlg005.1st1K-grc1.4|urn:cts:greekLit:tlg1271.tlg005.1st1K-grc1.9,no
Ps-Clemente,PsClem_EpJac,spurious,Ps-Clemente,πέτροσ,Πέτρος,1,0,2,urn:cts:greekLit:tlg1271.tlg005.1st1K-grc1.1,dudoso
Ps-Clemente,PsClem_EpJac,spurious,Ps-Clemente,πέτρου,Πέτρου,1,0,1,urn:cts:greekLit:tlg1271.tlg005.1st1K-grc1.20,dudoso
Ps-Clemente,PsClem_EpJac,spurious,Ps-Clemente,πλήν,Πλὴν,2,9,554,urn:cts:greekLit:tlg1271.tlg005.1st1K-grc1.5|urn:cts:greekLit:tlg1271.tlg005.1st1K-grc1.16,no
Ps-Clemente,PsClem_EpJac,spurious,Ps-Clemente,πρόσ,Πρὸς,1,24,18002,urn:cts:greekLit:tlg1271.tlg005.1st1K-grc1.2,no
Ps-Clemente,PsClem_EpJac,spurious,Ps-Clemente,ρώμῃ,Ρώμῃ,1,0,0,urn:cts:greekLit:tlg1271.tlg005.1st1K-grc1.1,sí
Ps-Clemente,PsClem_EpJac,spurious,Ps-Clemente,σίμων,Σίμων,1,0,0,urn:cts:greekLit:tlg1271.tlg005.1st1K-grc1.1,sí
Ps-Clemente,PsClem_EpJac,spurious,Ps-Clemente,τά,Τὰ,1,56,23249,urn:cts:greekLit:tlg1271.tlg005.1st1K-grc1.7,no
Ps-Clemente,PsClem_EpJac,spurious,Ps-Clemente,ταῦτα,Ταῦτα,1,18,5633,urn:cts:greekLit:tlg1271.tlg005.1st1K-grc1.17,no
Ps-Clemente,PsClem_EpJac,spurious,Ps-Clemente,χριστοῦ,Χριστοῦ,3,0,4,urn:cts:greekLit:tlg1271.tlg005.1st1K-grc1.2|urn:cts:greekLit:tlg1271.tlg005.1st1K-grc1.7|urn:cts:greekLit:tlg1271.tlg005.1st1K-grc1.16,no
Ps-Clemente,PsClem_EpJac,spurious,Ps-Clemente,χριστόν,Χριστὸν,3,0,3,urn:cts:greekLit:tlg1271.tlg005.1st1K-grc1.2|urn:cts:greekLit:tlg1271.tlg005.1st1K-grc1.17,no
Ps-Clemente,PsClem_EpJac,spurious,Ps-Clemente,χριστόσ,Χριστός|Χριστὸς,4,1,7,urn:cts:greekLit:tlg1271.tlg005.1st1K-grc1.1|urn:cts:greekLit:tlg1271.tlg005.1st1K-grc1.4|urn:cts:greekLit:tlg1271.tlg005.1st1K-grc1.5|urn:cts:greekLit:tlg1271.tlg005.1st1K-grc1.15,no
Ps-Clemente,PsClem_EpJac,spurious,Ps-Clemente,χριστῷ,Χριστῷ,1,0,3,urn:cts:greekLit:tlg1271.tlg005.1st1K-grc1.14,no
Ps-Clemente,PsClem_EpJac,spurious,Ps-Clemente,ἐπεί,Ἐπεὶ,1,6,2085,urn:cts:greekLit:tlg1271.tlg005.1st1K-grc1.6,no
Ps-Clemente,PsClem_EpJac,spurious,Ps-Clemente,ἕνια,Ἕνια,1,0,0,urn:cts:greekLit:tlg1271.tlg005.1st1K-grc1.18,sí
Ps-Clemente,PsClem_EpJac,spurious,Ps-Clemente,ἕοικεν,Ἕοικεν,1,0,0,urn:cts:greekLit:tlg1271.tlg005.1st1K-grc1.14,sí
Ps-Clemente,PsClem_EpJac,spurious,Ps-Clemente,ἰακώβῳ,Ἰακώβῳ,1,0,0,urn:cts:greekLit:tlg1271.tlg005.1st1K-grc1.19,sí
Ps-Clemente,PsClem_EpJac,spurious,Ps-Clemente,ἰησοῦ,Ἰησοῦ,2,0,1,urn:cts:greekLit:tlg1271.tlg005.1st1K-grc1.1|urn:cts:greekLit:tlg1271.tlg005.1st1K-grc1.2,dudoso
Ps-Clemente,PsClem_EpJac,spurious,Ps-Clemente,ὅθεν,Ὅθεν,1,1,635,urn:cts:greekLit:tlg1271.tlg005.1st1K-grc1.20,no
Ps-Clemente,PsClem_EpPet,spurious,Ps-Clemente,ειδωσ,Ειδως,1,0,0,urn:cts:greekLit:tlg1271.tlg003.1st1K-grc1.1,sí
Ps-Clemente,PsClem_EpPet,spurious,Ps-Clemente,θεοῦ,Θεοῦ,1,28,4767,urn:cts:greekLit:tlg1271.tlg003.1st1K-grc1.2,no
Ps-Clemente,PsClem_EpPet,spurious,Ps-Clemente,θεόσ,Θεὸς,1,11,2683,urn:cts:greekLit:tlg1271.tlg003.1st1K-grc1.1,no
Ps-Clemente,PsClem_EpPet,spurious,Ps-Clemente,μωϋσέωσ,Μωϋσέως,2,0,0,urn:cts:greekLit:tlg1271.tlg003.1st1K-grc1.2|urn:cts:greekLit:tlg1271.tlg003.1st1K-grc1.3,sí
Ps-Clemente,PsClem_EpPet,spurious,Ps-Clemente,μωϋσῆσ,Μωϋσῆς,1,0,3,urn:cts:greekLit:tlg1271.tlg003.1st1K-grc1.1,no
Ps-Clemente,PsClem_EpPet,spurious,Ps-Clemente,τοῦτο,Τοῦτο,1,28,6644,urn:cts:greekLit:tlg1271.tlg003.1st1K-grc1.2,no
Ps-Clemente,PsClem_EpPet,spurious,Ps-Clemente,ἵνα,Ἵνα,2,43,3052,urn:cts:greekLit:tlg1271.tlg003.1st1K-grc1.2|urn:cts:greekLit:tlg1271.tlg003.1st1K-grc1.3,no
Ps-Clemente,PsClem_Virg#1,spurious,Ps-Clemente,βαβυλωνίασ,Βαβυλωνίας,1,0,1,1.3.6,dudoso
Ps-Clemente,PsClem_Virg#1,spurious,Ps-Clemente,βαρνάβασ,Βαρνάβας,1,0,0,1.6.4,sí
Ps-Clemente,PsClem_Virg#1,spurious,Ps-Clemente,δαιμόνια,Δαιμόνια,1,0,40,1.12.5,no
Ps-Clemente,PsClem_Virg#1,spurious,Ps-Clemente,καί,Καὶ,1,433,157796,1.7.3,no
Ps-Clemente,PsClem_Virg#1,spurious,Ps-Clemente,καλόν,Καλὸν,1,7,882,1.12.5,no
Ps-Clemente,PsClem_Virg#1,spurious,Ps-Clemente,λεγόντων,Λεγόντων,1,0,122,1.11.8,no
Ps-Clemente,PsClem_Virg#1,spurious,Ps-Clemente,νηφόντωσ,Νηφόντως,1,0,0,1.12.4,sí
Ps-Clemente,PsClem_Virg#1,spurious,Ps-Clemente,οἱ,Οἱ,1,50,11593,1.7.1,no
Ps-Clemente,PsClem_Virg#1,spurious,Ps-Clemente,οὐ,Οὐ,1,43,13518,1.8.1,no
Ps-Clemente,PsClem_Virg#1,spurious,Ps-Clemente,παρθένου,Παρθένου,1,0,77,1.6.1,no
Ps-Clemente,PsClem_Virg#1,spurious,Ps-Clemente,παῦλοσ,Παῦλος,1,0,2,1.6.4,dudoso
Ps-Clemente,PsClem_Virg#1,spurious,Ps-Clemente,περί,Περὶ,1,27,11327,1.12.8,no
Ps-Clemente,PsClem_Virg#1,spurious,Ps-Clemente,τιμόθεοσ,Τιμόθεος,1,0,0,1.6.4,sí
Ps-Clemente,PsClem_Virg#1,spurious,Ps-Clemente,τῶν,Τῶν,1,97,41409,1.4.1,no
Ps-Clemente,PsClem_Virg#1,spurious,Ps-Clemente,χριστοῦ,Χριστοῦ,8,0,4,1.3.2|1.6.1|1.6.2|1.6.4|1.6.5|1.7.1|1.8.5,no
Ps-Clemente,PsClem_Virg#1,spurious,Ps-Clemente,χριστῷ,Χριστῷ,4,0,3,1.5.3|1.5.4|1.11.10|1.12.2,no
Ps-Clemente,PsClem_Virg#1,spurious,Ps-Clemente,ἅγιοι,Ἅγιοι,1,0,32,1.7.3,no
Ps-Clemente,PsClem_Virg#1,spurious,Ps-Clemente,ἐλεημοσύναι,Ἐλεημοσύναι,1,0,1,1.2.3,dudoso
Ps-Clemente,PsClem_Virg#1,spurious,Ps-Clemente,ἐλισσαίου,Ἐλισσαίου,1,0,0,1.6.5,sí
Ps-Clemente,PsClem_Virg#1,spurious,Ps-Clemente,ἡλιοῦ,Ἡλιοῦ,1,0,0,1.6.5,sí
Ps-Clemente,PsClem_Virg#1,spurious,Ps-Clemente,ἰησοῦ,Ἰησοῦ,1,0,1,1.5.4,dudoso
Ps-Clemente,PsClem_Virg#1,spurious,Ps-Clemente,ἰησοῦσ,Ἰησοῦς,1,0,1,1.6.3,dudoso
Ps-Clemente,PsClem_Virg#1,spurious,Ps-Clemente,ἰωάννησ,Ἰωάννης,2,0,1,1.6.2|1.6.3,dudoso
Ps-Clemente,PsClem_Virg#1,spurious,Ps-Clemente,ἱερουσαλήμ,Ἱερουσαλήμ,1,0,2,1.5.2,dudoso
Ps-Clemente,PsClem_Virg#1,spurious,Ps-Clemente,ὀδοί,Ὀδοὶ,1,0,0,1.2.4,sí
Ps-Clemente,PsClem_Virg#1,spurious,Ps-Clemente,ὁ,Ὁ,2,110,25257,1.2.1|1.9.1,no
Ps-Clemente,PsClem_Virg#1,spurious,Ps-Clemente,ὅτι,Ὅτι,2,52,10633,1.12.1|1.12.2,no
Ps-Clemente,PsClem_Virg#2,spurious,Ps-Clemente,αἰγυπτία,Αἰγυπτία,1,0,0,2.8.1,sí
Ps-Clemente,PsClem_Virg#2,spurious,Ps-Clemente,αἰγυπτίασ,Αἰγυπτίας,1,0,0,2.8.2,sí
Ps-Clemente,PsClem_Virg#2,spurious,Ps-Clemente,βηρσαβεέ,Βηρσαβεέ,1,0,0,2.10.1,sí
Ps-Clemente,PsClem_Virg#2,spurious,Ps-Clemente,δαυίδ,Δαυίδ|Δαυὶδ,2,0,0,2.10.1|2.10.2,sí
Ps-Clemente,PsClem_Virg#2,spurious,Ps-Clemente,θήμαρ,Θήμαρ,1,0,0,2.11.1,sí
Ps-Clemente,PsClem_Virg#2,spurious,Ps-Clemente,ναζιραίου,Ναζιραίου,1,0,0,2.9.1,sí
Ps-Clemente,PsClem_Virg#2,spurious,Ps-Clemente,οἱ,Οἱ,1,50,11593,2.13.1,no
Ps-Clemente,PsClem_Virg#2,spurious,Ps-Clemente,οὐκ,Οὐκ,1,30,11914,2.9.1,no
Ps-Clemente,PsClem_Virg#2,spurious,Ps-Clemente,σαμψών,Σαμψὼν,1,0,0,2.9.1,sí
Ps-Clemente,PsClem_Virg#2,spurious,Ps-Clemente,σολομών,Σολομὼν,1,0,0,2.12.1,sí
Ps-Clemente,PsClem_Virg#2,spurious,Ps-Clemente,σωσάνναν,Σωσάνναν,1,0,0,2.13.1,sí
Ps-Clemente,PsClem_Virg#2,spurious,Ps-Clemente,σωσάννῃ,Σωσάννῃ,1,0,0,2.13.1,sí
Ps-Clemente,PsClem_Virg#2,spurious,Ps-Clemente,χρή,Χρὴ,1,6,994,2.6.1,no
Ps-Clemente,PsClem_Virg#2,spurious,Ps-Clemente,ἀμνών,Ἀμνὼν,1,0,0,2.11.1,sí
Ps-Clemente,PsClem_Virg#2,spurious,Ps-Clemente,ἰωσήφ,Ἰωσὴφ,1,0,1,2.8.1,dudoso
Ps-Clemente,PsClem_Virg#2,spurious,Ps-Clemente,ὁμοίωσ,Ὁμοίως,2,3,823,2.10.1|2.11.1,no
Ps-Ignacio,IgnLong#1,spurious,Ps-Ignacio,θεοφόροσ,Θεοφόρος,1,0,1,1.0.1,dudoso
Ps-Ignacio,IgnLong#1,spurious,Ps-Ignacio,κασσιανόσ,Κασσιανὸς,1,0,0,1.5.2,sí
Ps-Ignacio,IgnLong#1,spurious,Ps-Ignacio,κλήμησ,Κλήμης,1,0,0,1.4.1,sí
Ps-Ignacio,IgnLong#1,spurious,Ps-Ignacio,κρεῖττον,Κρεῖττον,1,0,234,1.1.1,no
Ps-Ignacio,IgnLong#1,spurious,Ps-Ignacio,μαρίᾳ,Μαρίᾳ,1,0,0,1.0.1,sí
Ps-Ignacio,IgnLong#1,spurious,Ps-Ignacio,πέτρου,Πέτρου,1,0,1,1.4.1,dudoso
Ps-Ignacio,IgnLong#1,spurious,Ps-Ignacio,παύλου,Παύλου,1,0,0,1.4.1,sí
Ps-Ignacio,IgnLong#1,spurious,Ps-Ignacio,τά,Τὰ,1,135,23249,1.3.1,no
Ps-Ignacio,IgnLong#1,spurious,Ps-Ignacio,φεύγετε,Φεύγετε,1,7,28,1.5.1,no
Ps-Ignacio,IgnLong#1,spurious,Ps-Ignacio,χριστοῦ,Χριστοῦ,3,0,4,1.0.1|1.2.2|1.5.1,no
Ps-Ignacio,IgnLong#1,spurious,Ps-Ignacio,χριστῷ,Χριστῷ,3,0,3,1.5.1|1.5.2|1.5.3,no
Ps-Ignacio,IgnLong#1,spurious,Ps-Ignacio,ἀνεγκλήτῳ,Ἀνεγκλήτῳ,1,0,0,1.4.1,sí
Ps-Ignacio,IgnLong#1,spurious,Ps-Ignacio,ἐγώ,Ἐγὼ,2,46,2308,1.2.1|1.3.3,no
Ps-Ignacio,IgnLong#1,spurious,Ps-Ignacio,ἐπέρχεται,Ἐπέρχεται,1,0,23,1.4.1,no
Ps-Ignacio,IgnLong#1,spurious,Ps-Ignacio,ἥρων,Ἥρων,1,0,0,1.5.2,sí
Ps-Ignacio,IgnLong#1,spurious,Ps-Ignacio,ἰγνάτιοσ,Ἰγνάτιος,1,0,0,1.0.1,sí
Ps-Ignacio,IgnLong#1,spurious,Ps-Ignacio,ἰησοῦ,Ἰησοῦ,2,0,1,1.0.1|1.2.2,dudoso
Ps-Ignacio,IgnLong#1,spurious,Ps-Ignacio,ἰησοῦν,Ἰησοῦν,1,0,1,1.3.3,dudoso
Ps-Ignacio,IgnLong#1,spurious,Ps-Ignacio,ῥώμῃ,Ῥώμῃ,1,0,56,1.4.1,no
Ps-Ignacio,IgnLong#10,spurious,Ps-Ignacio,βίτοσ,Βίτος,1,0,0,10.8.1,sí
Ps-Ignacio,IgnLong#10,spurious,Ps-Ignacio,δαμᾶσ,Δαμᾶς,1,0,0,10.8.1,sí
Ps-Ignacio,IgnLong#10,spurious,Ps-Ignacio,εὔασ,Εὔας,1,0,0,10.4.2,sí
Ps-Ignacio,IgnLong#10,spurious,Ps-Ignacio,ζαρβῷ,Ζαρβῷ,1,0,0,10.9.3,sí
Ps-Ignacio,IgnLong#10,spurious,Ps-Ignacio,θεοφόροσ,Θεοφόρος,1,0,1,10.0.1,dudoso
Ps-Ignacio,IgnLong#10,spurious,Ps-Ignacio,κάϊν,Κάϊν,1,0,1,10.5.1,dudoso
Ps-Ignacio,IgnLong#10,spurious,Ps-Ignacio,κασσιανόν,Κασσιανὸν,1,0,0,10.9.1,sí
Ps-Ignacio,IgnLong#10,spurious,Ps-Ignacio,λαοδικείᾳ,Λαοδικείᾳ,1,0,0,10.9.2,sí
Ps-Ignacio,IgnLong#10,spurious,Ps-Ignacio,μάριν,Μάριν,1,0,0,10.9.3,sí
Ps-Ignacio,IgnLong#10,spurious,Ps-Ignacio,μέμνησο,Μέμνησο,1,0,71,10.7.1,no
Ps-Ignacio,IgnLong#10,spurious,Ps-Ignacio,μαρίαν,Μαρίαν,1,0,0,10.9.3,sí
Ps-Ignacio,IgnLong#10,spurious,Ps-Ignacio,μωσῆσ,Μωσῆς,1,0,0,10.8.2,sí
Ps-Ignacio,IgnLong#10,spurious,Ps-Ignacio,νεαπόλει,Νεαπόλει,1,0,0,10.9.3,sí
Ps-Ignacio,IgnLong#10,spurious,Ps-Ignacio,οἰκέτασ,Οἰκέτας,1,0,49,10.4.1,no
Ps-Ignacio,IgnLong#10,spurious,Ps-Ignacio,οἶνοσ,Οἶνος,1,0,63,10.1.2,no
Ps-Ignacio,IgnLong#10,spurious,Ps-Ignacio,παρακαλῶ,Παρακαλῶ,1,7,69,10.1.1,no
Ps-Ignacio,IgnLong#10,spurious,Ps-Ignacio,πολυκάρπῳ,Πολυκάρπῳ,1,0,0,10.7.2,sí
Ps-Ignacio,IgnLong#10,spurious,Ps-Ignacio,πολύβιοσ,Πολύβιος,1,0,0,10.8.1,sí
Ps-Ignacio,IgnLong#10,spurious,Ps-Ignacio,πᾶσ,Πᾶς,1,5,462,10.2.1,no
Ps-Ignacio,IgnLong#10,spurious,Ps-Ignacio,σεαυτόν,Σεαυτὸν,1,4,190,10.6.1,no
Ps-Ignacio,IgnLong#10,spurious,Ps-Ignacio,στέφανοσ,Στέφανος,1,0,30,10.3.2,no
Ps-Ignacio,IgnLong#10,spurious,Ps-Ignacio,τά,Τὰ,1,135,23249,10.1.2,no
Ps-Ignacio,IgnLong#10,spurious,Ps-Ignacio,ταρσῷ,Ταρσῷ,1,0,0,10.9.2,sí
Ps-Ignacio,IgnLong#10,spurious,Ps-Ignacio,φιλίππων,Φιλίππων,1,0,0,10.8.1,sí
Ps-Ignacio,IgnLong#10,spurious,Ps-Ignacio,χήρασ,Χήρας,1,4,26,10.3.1,no
Ps-Ignacio,IgnLong#10,spurious,Ps-Ignacio,χριστοῦ,Χριστοῦ,8,0,4,10.0.1|10.1.1|10.5.2|10.6.1|10.7.1|10.7.2|10.9.4,no
Ps-Ignacio,IgnLong#10,spurious,Ps-Ignacio,χριστόσ,Χριστός|Χριστὸς,3,0,7,10.2.3|10.6.2|10.7.2,no
Ps-Ignacio,IgnLong#10,spurious,Ps-Ignacio,χριστῷ,Χριστῷ,5,0,3,10.7.2|10.8.1|10.8.2|10.9.1|10.9.2,no
Ps-Ignacio,IgnLong#10,spurious,Ps-Ignacio,ἀβραάμ,Ἀβραάμ,1,0,7,10.8.2,no
Ps-Ignacio,IgnLong#10,spurious,Ps-Ignacio,ἀδάμ,Ἀδάμ|Ἀδὰμ,2,0,4,10.4.2,no
Ps-Ignacio,IgnLong#10,spurious,Ps-Ignacio,ἀντιοχέων,Ἀντιοχέων,1,0,0,10.7.2,sí
Ps-Ignacio,IgnLong#10,spurious,Ps-Ignacio,ἀντιοχείᾳ,Ἀντιοχείᾳ,1,0,0,10.8.3,sí
Ps-Ignacio,IgnLong#10,spurious,Ps-Ignacio,ἀσπάζονταί,Ἀσπάζονταί,1,1,2,10.8.1,dudoso
Ps-Ignacio,IgnLong#10,spurious,Ps-Ignacio,ἄσπασαι,Ἄσπασαι,1,5,10,10.9.1,no
Ps-Ignacio,IgnLong#10,spurious,Ps-Ignacio,ἔδεσθε,Ἔδεσθε,1,0,0,10.1.2,sí
Ps-Ignacio,IgnLong#10,spurious,Ps-Ignacio,ἥρων,Ἥρων,1,0,0,10.8.3,sí
Ps-Ignacio,IgnLong#10,spurious,Ps-Ignacio,ἥρωνα,Ἥρωνα,1,0,0,10.7.1,sí
Ps-Ignacio,IgnLong#10,spurious,Ps-Ignacio,ἥρωνι,Ἥρωνι,2,0,0,10.0.1|10.6.1,sí
Ps-Ignacio,IgnLong#10,spurious,Ps-Ignacio,ἰακώβῳ,Ἰακώβῳ,1,0,0,10.3.2,sí
Ps-Ignacio,IgnLong#10,spurious,Ps-Ignacio,ἰγνάτιοσ,Ἰγνάτιος,1,0,0,10.0.1,sí
Ps-Ignacio,IgnLong#10,spurious,Ps-Ignacio,ἰησοῦ,Ἰησοῦ,4,0,1,10.0.1|10.7.1|10.7.2|10.8.2,dudoso
Ps-Ignacio,IgnLong#10,spurious,Ps-Ignacio,ἰησοῦσ,Ἰησοῦς,1,0,1,10.6.2,dudoso
Ps-Ignacio,IgnLong#10,spurious,Ps-Ignacio,ἰουδαῖόσ,Ἰουδαῖός,1,0,0,10.2.3,sí
Ps-Ignacio,IgnLong#10,spurious,Ps-Ignacio,ἱεροσολύμοισ,Ἱεροσολύμοις,1,0,0,10.3.2,sí
Ps-Ignacio,IgnLong#10,spurious,Ps-Ignacio,ὀνήσιμοσ,Ὀνήσιμος,1,0,0,10.8.1,sí
Ps-Ignacio,IgnLong#10,spurious,Ps-Ignacio,ὁ,Ὁ,1,380,25257,10.6.1,no
Ps-Ignacio,IgnLong#10,spurious,Ps-Ignacio,ὑπερηφανίαν,Ὑπερηφανίαν,1,0,11,10.5.1,no
Ps-Ignacio,IgnLong#11,mixed,Ps-Ignacio,βελίαρ,Βελίαρ,1,0,0,11.16.3,sí
Ps-Ignacio,IgnLong#11,mixed,Ps-Ignacio,βούρρου,Βούρρου,1,0,0,11.2.1,sí
Ps-Ignacio,IgnLong#11,mixed,Ps-Ignacio,βούρρῳ,Βούρρῳ,1,0,0,11.2.2,sí
Ps-Ignacio,IgnLong#11,mixed,Ps-Ignacio,δαυίδ,Δαυίδ|Δαυὶδ,3,0,0,11.10.2|11.18.2|11.20.1,sí
Ps-Ignacio,IgnLong#11,mixed,Ps-Ignacio,διά,Διὰ,1,85,9351,11.17.1,no
Ps-Ignacio,IgnLong#11,mixed,Ps-Ignacio,εἰ,Εἰ,1,33,10237,11.5.1,no
Ps-Ignacio,IgnLong#11,mixed,Ps-Ignacio,εἴην,Εἴην,1,0,45,11.21.1,no
Ps-Ignacio,IgnLong#11,mixed,Ps-Ignacio,εὔπλοϊ,Εὔπλοϊ,1,0,0,11.2.2,sí
Ps-Ignacio,IgnLong#11,mixed,Ps-Ignacio,θεοφόροσ,Θεοφόρος,1,0,1,11.0.1,dudoso
Ps-Ignacio,IgnLong#11,mixed,Ps-Ignacio,καί,Καὶ,3,1148,157796,11.10.1|11.14.2|11.19.1,no
Ps-Ignacio,IgnLong#11,mixed,Ps-Ignacio,κρόκοσ,Κρόκος,1,0,1,11.2.2,dudoso
Ps-Ignacio,IgnLong#11,mixed,Ps-Ignacio,λουκᾶσ,Λουκᾶς,1,0,0,11.15.2,sí
Ps-Ignacio,IgnLong#11,mixed,Ps-Ignacio,μή,Μὴ,2,130,15198,11.8.1|11.16.1,no
Ps-Ignacio,IgnLong#11,mixed,Ps-Ignacio,μαρίασ,Μαρίας,3,0,0,11.7.2|11.18.2|11.19.1,sí
Ps-Ignacio,IgnLong#11,mixed,Ps-Ignacio,μωσῆσ,Μωσῆς,1,0,0,11.10.2,sí
Ps-Ignacio,IgnLong#11,mixed,Ps-Ignacio,οἶδα,Οἶδα,1,5,403,11.12.1,no
Ps-Ignacio,IgnLong#11,mixed,Ps-Ignacio,οὐ,Οὐ,2,100,13518,11.3.1|11.9.3,no
Ps-Ignacio,IgnLong#11,mixed,Ps-Ignacio,οὐκοῦν,Οὐκοῦν,1,4,331,11.14.1,no
Ps-Ignacio,IgnLong#11,mixed,Ps-Ignacio,πάτερ,Πάτερ,1,1,120,11.10.3,no
Ps-Ignacio,IgnLong#11,mixed,Ps-Ignacio,παύλου,Παύλου,2,0,0,11.6.3|11.12.2,sí
Ps-Ignacio,IgnLong#11,mixed,Ps-Ignacio,παύλῳ,Παύλῳ,2,0,0,11.11.2|11.15.3,sí
Ps-Ignacio,IgnLong#11,mixed,Ps-Ignacio,παῦλοσ,Παῦλος,4,0,2,11.3.3|11.6.2|11.10.2|11.14.1,dudoso
Ps-Ignacio,IgnLong#11,mixed,Ps-Ignacio,περί,Περὶ,1,38,11327,11.2.1,no
Ps-Ignacio,IgnLong#11,mixed,Ps-Ignacio,πολύκαρπον,Πολύκαρπον,1,0,0,11.21.1,sí
Ps-Ignacio,IgnLong#11,mixed,Ps-Ignacio,σμύρναν,Σμύρναν,1,0,3,11.21.1,no
Ps-Ignacio,IgnLong#11,mixed,Ps-Ignacio,σπουδάζετε,Σπουδάζετε,1,0,4,11.13.1,no
Ps-Ignacio,IgnLong#11,mixed,Ps-Ignacio,στήκετε,Στήκετε,1,2,3,11.20.1,no
Ps-Ignacio,IgnLong#11,mixed,Ps-Ignacio,συρίασ,Συρίας,2,0,0,11.1.2|11.11.2,sí
Ps-Ignacio,IgnLong#11,mixed,Ps-Ignacio,συρίᾳ,Συρίᾳ,1,0,0,11.21.2,sí
Ps-Ignacio,IgnLong#11,mixed,Ps-Ignacio,τιμοθέου,Τιμοθέου,1,0,0,11.6.3,sí
Ps-Ignacio,IgnLong#11,mixed,Ps-Ignacio,τιμοθέῳ,Τιμοθέῳ,1,0,0,11.11.2,sí
Ps-Ignacio,IgnLong#11,mixed,Ps-Ignacio,τινέσ,Τινὲς,1,4,392,11.7.1,no
Ps-Ignacio,IgnLong#11,mixed,Ps-Ignacio,φρόντωνι,Φρόντωνι,1,0,0,11.2.2,sí
Ps-Ignacio,IgnLong#11,mixed,Ps-Ignacio,χριστιανῶν,Χριστιανῶν,1,0,1,11.11.2,dudoso
Ps-Ignacio,IgnLong#11,mixed,Ps-Ignacio,χριστοῦ,Χριστοῦ,26,0,4,11.0.1|11.1.1|11.1.2|11.2.2|11.3.3|11.4.2|11.6.2|11.7.1|11.8.1|11.9.1|11.9.2|11.9.4|11.9.6|11.10.1|11.10.4|11.11.2|11.12.2|11.14.2|11.15.3|11.16.2|11.17.2|11.18.1|11.20.1|11.20.2,no
Ps-Ignacio,IgnLong#11,mixed,Ps-Ignacio,χριστόν,Χριστόν|Χριστὸν,7,0,3,11.1.3|11.2.3|11.5.2|11.7.2|11.12.2|11.13.2|11.14.1,no
Ps-Ignacio,IgnLong#11,mixed,Ps-Ignacio,χριστόσ,Χριστός|Χριστὸς,7,0,7,11.3.2|11.4.1|11.9.4|11.9.5|11.15.2|11.15.3|11.21.1,no
Ps-Ignacio,IgnLong#11,mixed,Ps-Ignacio,χριστῷ,Χριστῷ,16,0,3,11.0.1|11.1.1|11.1.3|11.3.1|11.3.3|11.4.2|11.5.2|11.5.4|11.8.2|11.9.6|11.10.4|11.11.1|11.12.1|11.16.3|11.21.2,no
Ps-Ignacio,IgnLong#11,mixed,Ps-Ignacio,ἀγαπήσεισ,Ἀγαπήσεις,1,1,21,11.14.2,no
Ps-Ignacio,IgnLong#11,mixed,Ps-Ignacio,ἀδελφοί,Ἀδελφοὶ,1,6,199,11.10.3,no
Ps-Ignacio,IgnLong#11,mixed,Ps-Ignacio,ἀντιοχέων,Ἀντιοχέων,1,0,0,11.21.2,sí
Ps-Ignacio,IgnLong#11,mixed,Ps-Ignacio,ἀποδεξάμενοσ,Ἀποδεξάμενος,1,1,21,11.1.1,no
Ps-Ignacio,IgnLong#11,mixed,Ps-Ignacio,ἀσίασ,Ἀσίας,1,0,0,11.0.1,sí
Ps-Ignacio,IgnLong#11,mixed,Ps-Ignacio,ἄβελ,Ἄβελ,1,0,0,11.12.2,sí
Ps-Ignacio,IgnLong#11,mixed,Ps-Ignacio,ἄμεινόν,Ἄμεινόν,1,0,5,11.15.1,no
Ps-Ignacio,IgnLong#11,mixed,Ps-Ignacio,ἐάν,Ἐὰν,1,43,2572,11.10.1,no
Ps-Ignacio,IgnLong#11,mixed,Ps-Ignacio,ἐγώ,Ἐγώ|Ἐγὼ,2,46,2308,11.3.2|11.9.3,no
Ps-Ignacio,IgnLong#11,mixed,Ps-Ignacio,ἐκεῖνοσ,Ἐκεῖνος,1,1,700,11.9.3,no
Ps-Ignacio,IgnLong#11,mixed,Ps-Ignacio,ἐμμανουήλ,Ἐμμανουήλ,1,0,2,11.18.2,dudoso
Ps-Ignacio,IgnLong#11,mixed,Ps-Ignacio,ἐφέσῳ,Ἐφέσῳ,2,0,0,11.0.1|11.9.6,sí
Ps-Ignacio,IgnLong#11,mixed,Ps-Ignacio,ἐφεσίων,Ἐφεσίων,2,0,0,11.8.1|11.11.2,sí
Ps-Ignacio,IgnLong#11,mixed,Ps-Ignacio,ἔγνων,Ἔγνων,1,6,60,11.9.1,no
Ps-Ignacio,IgnLong#11,mixed,Ps-Ignacio,ἔσχατοι,Ἔσχατοι,1,0,9,11.11.1,no
Ps-Ignacio,IgnLong#11,mixed,Ps-Ignacio,ἰγνάτιοσ,Ἰγνάτιος,2,0,0,11.0.1|11.12.1,sí
Ps-Ignacio,IgnLong#11,mixed,Ps-Ignacio,ἰγνατίου,Ἰγνατίου,1,0,0,11.12.2,sí
Ps-Ignacio,IgnLong#11,mixed,Ps-Ignacio,ἰησοῦ,Ἰησοῦ,20,0,1,11.0.1|11.1.1|11.2.2|11.3.1|11.4.2|11.5.1|11.5.4|11.6.2|11.8.2|11.9.6|11.10.4|11.11.1|11.11.2|11.12.2|11.20.1|11.20.2|11.21.2,dudoso
Ps-Ignacio,IgnLong#11,mixed,Ps-Ignacio,ἰησοῦν,Ἰησοῦν,3,0,1,11.1.3|11.2.3|11.7.2,dudoso
Ps-Ignacio,IgnLong#11,mixed,Ps-Ignacio,ἰησοῦσ,Ἰησοῦς,7,0,1,11.3.2|11.4.1|11.9.4|11.9.5|11.15.2|11.16.2|11.21.1,dudoso
Ps-Ignacio,IgnLong#11,mixed,Ps-Ignacio,ἰωάννου,Ἰωάννου,1,0,0,11.18.2,sí
Ps-Ignacio,IgnLong#11,mixed,Ps-Ignacio,ἰωάννῃ,Ἰωάννῃ,1,0,0,11.11.2,sí
Ps-Ignacio,IgnLong#11,mixed,Ps-Ignacio,ὀνήσιμοσ,Ὀνήσιμος,1,0,0,11.6.2,sí
Ps-Ignacio,IgnLong#11,mixed,Ps-Ignacio,ὀνησίμῳ,Ὀνησίμῳ,2,0,0,11.1.3|11.2.2,sí
Ps-Ignacio,IgnLong#11,mixed,Ps-Ignacio,ὁ,Ὁ,2,380,25257,11.5.5|11.18.1,no
Ps-Ignacio,IgnLong#11,mixed,Ps-Ignacio,ὅθεν,Ὅθεν,1,10,635,11.4.1,no
Ps-Ignacio,IgnLong#11,mixed,Ps-Ignacio,ὅσῳ,Ὅσῳ,1,0,184,11.6.1,no
Ps-Ignacio,IgnLong#11,mixed,Ps-Ignacio,ὑπερήφανοι,Ὑπερήφανοι,1,0,1,11.5.4,dudoso
Ps-Ignacio,IgnLong#11,mixed,Ps-Ignacio,ὑπερηφάνοισ,Ὑπερηφάνοις,1,1,3,11.5.4,no
Ps-Ignacio,IgnLong#11,mixed,Ps-Ignacio,ῥώμην,Ῥώμην,1,0,50,11.21.2,no
Ps-Ignacio,IgnLong#11,mixed,Ps-Ignacio,ῥώμησ,Ῥώμης,1,0,45,11.11.2,no
Ps-Ignacio,IgnLong#11,mixed,Ps-Ignacio,ῥώμῃ,Ῥώμῃ,1,0,56,11.1.2,no
Ps-Ignacio,IgnLong#12,mixed,Ps-Ignacio,γράφω,Γράφω,1,15,57,12.10.1,no
Ps-Ignacio,IgnLong#12,mixed,Ps-Ignacio,δαυίδ,Δαυὶδ,1,0,0,12.7.3,sí
Ps-Ignacio,IgnLong#12,mixed,Ps-Ignacio,δεῦρο,Δεῦρο,1,0,114,12.7.2,no
Ps-Ignacio,IgnLong#12,mixed,Ps-Ignacio,θεοφόροσ,Θεοφόρος,1,0,1,12.0.1,dudoso
Ps-Ignacio,IgnLong#12,mixed,Ps-Ignacio,ιησοῦ,Ιησοῦ,1,0,0,12.10.3,sí
Ps-Ignacio,IgnLong#12,mixed,Ps-Ignacio,κρόκοσ,Κρόκος,1,0,1,12.10.1,dudoso
Ps-Ignacio,IgnLong#12,mixed,Ps-Ignacio,μνημονεύετε,Μνημονεύετε,1,1,6,12.9.1,no
Ps-Ignacio,IgnLong#12,mixed,Ps-Ignacio,οὐ,Οὐ,1,100,13518,12.2.1,no
Ps-Ignacio,IgnLong#12,mixed,Ps-Ignacio,οὐδέν,Οὐδέν,1,14,3764,12.6.1,no
Ps-Ignacio,IgnLong#12,mixed,Ps-Ignacio,οὐδέποτε,Οὐδέποτε,1,0,156,12.3.1,no
Ps-Ignacio,IgnLong#12,mixed,Ps-Ignacio,οὐκέτι,Οὐκέτι,1,3,507,12.8.1,no
Ps-Ignacio,IgnLong#12,mixed,Ps-Ignacio,πέτροσ,Πέτρος,1,0,2,12.4.3,dudoso
Ps-Ignacio,IgnLong#12,mixed,Ps-Ignacio,παῦλοσ,Παῦλος,1,0,2,12.4.3,dudoso
Ps-Ignacio,IgnLong#12,mixed,Ps-Ignacio,σεπτεμβρίων,Σεπτεμβρίων,1,0,0,12.10.3,sí
Ps-Ignacio,IgnLong#12,mixed,Ps-Ignacio,σμύρνησ,Σμύρνης,1,0,9,12.10.1,no
Ps-Ignacio,IgnLong#12,mixed,Ps-Ignacio,συρίασ,Συρίας,3,0,0,12.2.2|12.5.1|12.10.2,sí
Ps-Ignacio,IgnLong#12,mixed,Ps-Ignacio,συρίᾳ,Συρίᾳ,1,0,0,12.9.1,sí
Ps-Ignacio,IgnLong#12,mixed,Ps-Ignacio,χριστιανισμόσ,Χριστιανισμός,1,0,2,12.3.3,dudoso
Ps-Ignacio,IgnLong#12,mixed,Ps-Ignacio,χριστιανόσ,Χριστιανός,1,0,2,12.3.2,dudoso
Ps-Ignacio,IgnLong#12,mixed,Ps-Ignacio,χριστοῦ,Χριστοῦ,13,0,4,12.0.1|12.4.2|12.4.3|12.5.3|12.6.2|12.6.3|12.7.3|12.9.3|12.10.3,no
Ps-Ignacio,IgnLong#12,mixed,Ps-Ignacio,χριστόν,Χριστόν|Χριστὸν,4,0,3,12.6.1|12.7.1|12.7.2,no
Ps-Ignacio,IgnLong#12,mixed,Ps-Ignacio,χριστόσ,Χριστός|Χριστὸς,2,0,7,12.8.1|12.8.2,no
Ps-Ignacio,IgnLong#12,mixed,Ps-Ignacio,χριστῷ,Χριστῷ,4,0,3,12.0.1|12.1.1|12.2.2|12.8.1,no
Ps-Ignacio,IgnLong#12,mixed,Ps-Ignacio,ἀβραάμ,Ἀβραάμ,1,0,7,12.7.3,no
Ps-Ignacio,IgnLong#12,mixed,Ps-Ignacio,ἀπό,Ἀπὸ,1,39,6241,12.5.1,no
Ps-Ignacio,IgnLong#12,mixed,Ps-Ignacio,ἐγώ,Ἐγὼ,2,46,2308,12.4.1|12.9.1,no
Ps-Ignacio,IgnLong#12,mixed,Ps-Ignacio,ἐπεί,Ἐπεὶ,1,2,2085,12.1.1,no
Ps-Ignacio,IgnLong#12,mixed,Ps-Ignacio,ἐφεσίων,Ἐφεσίων,1,0,0,12.10.1,sí
Ps-Ignacio,IgnLong#12,mixed,Ps-Ignacio,ἰγνάτιοσ,Ἰγνάτιος,1,0,0,12.0.1,sí
Ps-Ignacio,IgnLong#12,mixed,Ps-Ignacio,ἰησοῦ,Ἰησοῦ,13,0,1,12.0.1|12.1.1|12.2.2|12.4.2|12.4.3|12.5.3|12.7.3|12.9.3,dudoso
Ps-Ignacio,IgnLong#12,mixed,Ps-Ignacio,ἰησοῦν,Ἰησοῦν,4,0,1,12.6.1|12.7.1|12.8.2,dudoso
Ps-Ignacio,IgnLong#12,mixed,Ps-Ignacio,ἰησοῦσ,Ἰησοῦς,2,0,1,12.6.2|12.8.2,dudoso
Ps-Ignacio,IgnLong#12,mixed,Ps-Ignacio,ὁ,Ὁ,1,380,25257,12.7.1,no
Ps-Ignacio,IgnLong#12,mixed,Ps-Ignacio,ῥωμαίων,Ῥωμαίων,1,0,0,12.0.1,sí
Ps-Ignacio,IgnLong#12,mixed,Ps-Ignacio,ῥώμην,Ῥώμην,1,0,50,12.10.2,no
Ps-Ignacio,IgnLong#12,mixed,Ps-Ignacio,ῥώμησ,Ῥώμης,1,0,45,12.5.1,no
Ps-Ignacio,IgnLong#13,spurious,Ps-Ignacio,αἰθιόπων,Αἰθιόπων,1,0,0,13.3.4,sí
Ps-Ignacio,IgnLong#13,spurious,Ps-Ignacio,δανιήλ,Δανιὴλ,1,0,0,13.3.1,sí
Ps-Ignacio,IgnLong#13,spurious,Ps-Ignacio,δαυίδ,Δαυὶδ,2,0,0,13.1.1|13.4.2,sí
Ps-Ignacio,IgnLong#13,spurious,Ps-Ignacio,εὐλόγιον,Εὐλόγιον,1,0,0,13.1.1,sí
Ps-Ignacio,IgnLong#13,spurious,Ps-Ignacio,ζαρβῷ,Ζαρβῷ,1,0,0,13.1.1,sí
Ps-Ignacio,IgnLong#13,spurious,Ps-Ignacio,θεοφόρῳ,Θεοφόρῳ,1,0,0,13.0.1,sí
Ps-Ignacio,IgnLong#13,spurious,Ps-Ignacio,καί,Καὶ,1,1148,157796,13.5.1,no
Ps-Ignacio,IgnLong#13,spurious,Ps-Ignacio,κασσοβόλων,Κασσοβόλων,1,0,0,13.1.1,sí
Ps-Ignacio,IgnLong#13,spurious,Ps-Ignacio,μάριν,Μάριν,1,0,0,13.1.1,sí
Ps-Ignacio,IgnLong#13,spurious,Ps-Ignacio,μή,Μὴ,1,130,15198,13.3.2,no
Ps-Ignacio,IgnLong#13,spurious,Ps-Ignacio,μαρία,Μαρία,1,0,0,13.0.1,sí
Ps-Ignacio,IgnLong#13,spurious,Ps-Ignacio,μαρίασ,Μαρίας,1,0,0,13.1.1,sí
Ps-Ignacio,IgnLong#13,spurious,Ps-Ignacio,μωσῆσ,Μωσῆς,1,0,0,13.1.2,sí
Ps-Ignacio,IgnLong#13,spurious,Ps-Ignacio,νέασ,Νέας,1,0,39,13.1.1,no
Ps-Ignacio,IgnLong#13,spurious,Ps-Ignacio,νείλου,Νείλου,1,0,0,13.3.4,sí
Ps-Ignacio,IgnLong#13,spurious,Ps-Ignacio,σαμουήλ,Σαμουὴλ,2,0,1,13.2.2|13.4.2,dudoso
Ps-Ignacio,IgnLong#13,spurious,Ps-Ignacio,σολομών,Σολομὼν,1,0,0,13.3.3,sí
Ps-Ignacio,IgnLong#13,spurious,Ps-Ignacio,χαναναίουσ,Χαναναίους,1,0,0,13.3.1,sí
Ps-Ignacio,IgnLong#13,spurious,Ps-Ignacio,χριστοῦ,Χριστοῦ,2,0,4,13.0.1|13.2.2,no
Ps-Ignacio,IgnLong#13,spurious,Ps-Ignacio,χριστόσ,Χριστὸς,1,0,7,13.1.1,no
Ps-Ignacio,IgnLong#13,spurious,Ps-Ignacio,ἀβραάμ,Ἀβραὰμ,1,0,7,13.1.1,no
Ps-Ignacio,IgnLong#13,spurious,Ps-Ignacio,ἀντιόχειαν,Ἀντιόχειαν,1,0,0,13.0.1,sí
Ps-Ignacio,IgnLong#13,spurious,Ps-Ignacio,ἐπειδή,Ἐπειδή,1,5,1055,13.1.1,no
Ps-Ignacio,IgnLong#13,spurious,Ps-Ignacio,ἐπισκεψάσθω,Ἐπισκεψάσθω,1,0,3,13.1.2,no
Ps-Ignacio,IgnLong#13,spurious,Ps-Ignacio,ἡλεί,Ἡλεὶ,1,0,0,13.2.2,sí
Ps-Ignacio,IgnLong#13,spurious,Ps-Ignacio,ἰγνατίῳ,Ἰγνατίῳ,1,0,0,13.0.1,sí
Ps-Ignacio,IgnLong#13,spurious,Ps-Ignacio,ἰησοῦ,Ἰησοῦ,2,0,1,13.0.1,dudoso
Ps-Ignacio,IgnLong#13,spurious,Ps-Ignacio,ἰουδαίουσ,Ἰουδαίους,1,0,0,13.3.1,sí
Ps-Ignacio,IgnLong#13,spurious,Ps-Ignacio,ἰωσίασ,Ἰωσίας,1,0,0,13.4.1,sí
Ps-Ignacio,IgnLong#13,spurious,Ps-Ignacio,ἱερεμίασ,Ἱερεμίας,1,0,0,13.3.2,sí
Ps-Ignacio,IgnLong#13,spurious,Ps-Ignacio,ὑπέρ,Ὑπὲρ,1,34,2894,13.2.1,no
Ps-Ignacio,IgnLong#2,mixed,Ps-Ignacio,βασιλίδην,Βασιλίδην,1,0,0,2.11.1,sí
Ps-Ignacio,IgnLong#2,mixed,Ps-Ignacio,δαυίδ,Δαυίδ,1,0,0,2.9.1,sí
Ps-Ignacio,IgnLong#2,mixed,Ps-Ignacio,εἰ,Εἰ,1,33,10237,2.10.1,no
Ps-Ignacio,IgnLong#2,mixed,Ps-Ignacio,θεοφόροσ,Θεοφόρος,1,0,1,2.0.1,dudoso
Ps-Ignacio,IgnLong#2,mixed,Ps-Ignacio,θεόδοτον,Θεόδοτον,1,0,0,2.11.3,sí
Ps-Ignacio,IgnLong#2,mixed,Ps-Ignacio,κλήμησ,Κλήμης,1,0,0,2.7.4,sí
Ps-Ignacio,IgnLong#2,mixed,Ps-Ignacio,κλεόβουλον,Κλεόβουλον,1,0,0,2.11.3,sí
Ps-Ignacio,IgnLong#2,mixed,Ps-Ignacio,κωφώθητε,Κωφώθητε,1,0,0,2.9.1,sí
Ps-Ignacio,IgnLong#2,mixed,Ps-Ignacio,λῑνοσ,Λῑνος,1,0,0,2.7.4,sí
Ps-Ignacio,IgnLong#2,mixed,Ps-Ignacio,μένανδρον,Μένανδρον,1,0,0,2.11.1,sí
Ps-Ignacio,IgnLong#2,mixed,Ps-Ignacio,μή,Μὴ,1,130,15198,2.5.1,no
Ps-Ignacio,IgnLong#2,mixed,Ps-Ignacio,μαρία,Μαρία,1,0,0,2.10.4,sí
Ps-Ignacio,IgnLong#2,mixed,Ps-Ignacio,μαρίασ,Μαρίας,1,0,0,2.9.1,sí
Ps-Ignacio,IgnLong#2,mixed,Ps-Ignacio,μηδείσ,Μηδεὶς,1,7,218,2.6.2,no
Ps-Ignacio,IgnLong#2,mixed,Ps-Ignacio,νικολαΐτασ,Νικολαΐτας,1,0,0,2.11.2,sí
Ps-Ignacio,IgnLong#2,mixed,Ps-Ignacio,νικόλαοσ,Νικόλαος,1,0,0,2.11.2,sí
Ps-Ignacio,IgnLong#2,mixed,Ps-Ignacio,οὐχ,Οὐχ,1,30,2960,2.4.1,no
Ps-Ignacio,IgnLong#2,mixed,Ps-Ignacio,πέτροσ,Πέτρος,1,0,2,2.5.2,dudoso
Ps-Ignacio,IgnLong#2,mixed,Ps-Ignacio,πέτρῳ,Πέτρῳ,1,0,1,2.7.4,dudoso
Ps-Ignacio,IgnLong#2,mixed,Ps-Ignacio,παρακαλῶ,Παρακαλῶ,1,7,69,2.6.1,no
Ps-Ignacio,IgnLong#2,mixed,Ps-Ignacio,παύλῳ,Παύλῳ,1,0,0,2.7.4,sí
Ps-Ignacio,IgnLong#2,mixed,Ps-Ignacio,παῦλοσ,Παῦλος,1,0,2,2.5.2,dudoso
Ps-Ignacio,IgnLong#2,mixed,Ps-Ignacio,πιλάτου,Πιλάτου,3,0,0,2.9.3|2.9.5|2.10.5,sí
Ps-Ignacio,IgnLong#2,mixed,Ps-Ignacio,πολύβιοσ,Πολύβιος,1,0,0,2.1.1,sí
Ps-Ignacio,IgnLong#2,mixed,Ps-Ignacio,ποντίου,Ποντίου,1,0,0,2.9.3,sí
Ps-Ignacio,IgnLong#2,mixed,Ps-Ignacio,σίμωνα,Σίμωνα,1,0,0,2.11.1,sí
Ps-Ignacio,IgnLong#2,mixed,Ps-Ignacio,σεραφείμ,Σεραφεὶμ,1,0,0,2.5.2,sí
Ps-Ignacio,IgnLong#2,mixed,Ps-Ignacio,σμυρναίων,Σμυρναίων,1,0,0,2.13.1,sí
Ps-Ignacio,IgnLong#2,mixed,Ps-Ignacio,σμύρνησ,Σμύρνης,1,0,9,2.12.1,no
Ps-Ignacio,IgnLong#2,mixed,Ps-Ignacio,σμύρνῃ,Σμύρνῃ,1,0,0,2.1.1,sí
Ps-Ignacio,IgnLong#2,mixed,Ps-Ignacio,στέφανοσ,Στέφανος,1,0,30,2.7.4,no
Ps-Ignacio,IgnLong#2,mixed,Ps-Ignacio,συρίᾳ,Συρίᾳ,1,0,0,2.13.1,sí
Ps-Ignacio,IgnLong#2,mixed,Ps-Ignacio,σύ,Σὺ,1,16,1649,2.10.6,no
Ps-Ignacio,IgnLong#2,mixed,Ps-Ignacio,τιμόθεοσ,Τιμόθεος,1,0,0,2.7.4,sí
Ps-Ignacio,IgnLong#2,mixed,Ps-Ignacio,τράλλεσιν,Τράλλεσιν,1,0,0,2.0.1,sí
Ps-Ignacio,IgnLong#2,mixed,Ps-Ignacio,τῷ,Τῷ,1,152,18238,2.2.1,no
Ps-Ignacio,IgnLong#2,mixed,Ps-Ignacio,φεύγετε,Φεύγετε,1,7,28,2.11.1,no
Ps-Ignacio,IgnLong#2,mixed,Ps-Ignacio,χερουβείμ,Χερουβεὶμ,1,0,0,2.5.2,sí
Ps-Ignacio,IgnLong#2,mixed,Ps-Ignacio,χριστιανοί,Χριστιανοί,1,0,1,2.6.2,dudoso
Ps-Ignacio,IgnLong#2,mixed,Ps-Ignacio,χριστοῦ,Χριστοῦ,21,0,4,2.0.1|2.1.1|2.1.2|2.2.2|2.2.3|2.3.1|2.3.3|2.6.1|2.6.2|2.6.3|2.6.4|2.7.4|2.8.1|2.8.2|2.9.1|2.11.5|2.12.2|2.13.3,no
Ps-Ignacio,IgnLong#2,mixed,Ps-Ignacio,χριστόν,Χριστόν|Χριστὸν,10,0,3,2.2.1|2.3.1|2.3.3|2.6.3|2.7.3|2.7.5,no
Ps-Ignacio,IgnLong#2,mixed,Ps-Ignacio,χριστόσ,Χριστὸς,2,0,7,2.7.4|2.11.6,no
Ps-Ignacio,IgnLong#2,mixed,Ps-Ignacio,χριστῷ,Χριστῷ,3,0,3,2.1.1|2.8.1|2.13.2,no
Ps-Ignacio,IgnLong#2,mixed,Ps-Ignacio,ψευδοϊουδαίων,Ψευδοϊουδαίων,1,0,0,2.10.5,sí
Ps-Ignacio,IgnLong#2,mixed,Ps-Ignacio,ἀδάμ,Ἀδὰμ,1,0,4,2.10.8,no
Ps-Ignacio,IgnLong#2,mixed,Ps-Ignacio,ἀνάστα,Ἀνάστα,1,0,6,2.10.6,no
Ps-Ignacio,IgnLong#2,mixed,Ps-Ignacio,ἀνέγκλητοσ,Ἀνέγκλητος,1,0,3,2.7.4,no
Ps-Ignacio,IgnLong#2,mixed,Ps-Ignacio,ἀριμαθείασ,Ἀριμαθείας,1,0,0,2.9.5,sí
Ps-Ignacio,IgnLong#2,mixed,Ps-Ignacio,ἀσπάζεται,Ἀσπάζεται,1,11,36,2.13.1,no
Ps-Ignacio,IgnLong#2,mixed,Ps-Ignacio,ἀσπάζομαι,Ἀσπάζομαι,1,24,52,2.12.1,no
Ps-Ignacio,IgnLong#2,mixed,Ps-Ignacio,ἀσφαλίζεσθε,Ἀσφαλίζεσθε,1,0,0,2.7.1,sí
Ps-Ignacio,IgnLong#2,mixed,Ps-Ignacio,ἄμωμον,Ἄμωμον,1,2,15,2.1.1,no
Ps-Ignacio,IgnLong#2,mixed,Ps-Ignacio,ἐβιωναίουσ,Ἐβιωναίους,1,0,0,2.11.1,sí
Ps-Ignacio,IgnLong#2,mixed,Ps-Ignacio,ἐγώ,Ἐγὼ,2,46,2308,2.8.1|2.10.7,no
Ps-Ignacio,IgnLong#2,mixed,Ps-Ignacio,ἐπί,Ἐπὶ,1,60,13292,2.7.2,no
Ps-Ignacio,IgnLong#2,mixed,Ps-Ignacio,ἐφεσίων,Ἐφεσίων,1,0,0,2.13.1,sí
Ps-Ignacio,IgnLong#2,mixed,Ps-Ignacio,ἰακώβῳ,Ἰακώβῳ,1,0,0,2.7.4,sí
Ps-Ignacio,IgnLong#2,mixed,Ps-Ignacio,ἰγνάτιοσ,Ἰγνάτιος,1,0,0,2.0.1,sí
Ps-Ignacio,IgnLong#2,mixed,Ps-Ignacio,ἰησοῦ,Ἰησοῦ,13,0,1,2.0.1|2.1.1|2.1.2|2.2.2|2.2.3|2.6.1|2.9.1|2.12.2|2.13.2|2.13.3,dudoso
Ps-Ignacio,IgnLong#2,mixed,Ps-Ignacio,ἰησοῦν,Ἰησοῦν,2,0,1,2.2.1|2.3.1,dudoso
Ps-Ignacio,IgnLong#2,mixed,Ps-Ignacio,ἰουδαίων,Ἰουδαίων,2,0,0,2.9.3|2.11.5,sí
Ps-Ignacio,IgnLong#2,mixed,Ps-Ignacio,ἰωάννου,Ἰωάννου,1,0,0,2.10.5,sí
Ps-Ignacio,IgnLong#2,mixed,Ps-Ignacio,ἰωνᾶσ,Ἰωνᾶς,1,0,0,2.9.5,sí
Ps-Ignacio,IgnLong#2,mixed,Ps-Ignacio,ἰωσήφ,Ἰωσὴφ,1,0,1,2.9.5,dudoso
Ps-Ignacio,IgnLong#2,mixed,Ps-Ignacio,ἱερεμίασ,Ἱερεμίας,1,0,0,2.11.1,sí
Ps-Ignacio,IgnLong#2,mixed,Ps-Ignacio,ὄψονται,Ὄψονται,1,1,33,2.10.2,no
Ps-Ignacio,IgnLong#2,mixed,Ps-Ignacio,ὑμεῖσ,Ὑμεῖς,1,21,562,2.3.1,no
Ps-Ignacio,IgnLong#2,mixed,Ps-Ignacio,ὥσπερ,Ὥσπερ,1,17,3069,2.9.5,no
Ps-Ignacio,IgnLong#2,mixed,Ps-Ignacio,ῥωμαίων,Ῥωμαίων,1,0,0,2.9.3,sí
Ps-Ignacio,IgnLong#3,mixed,Ps-Ignacio,αὐτόσ,Αὐτὸς,1,24,3708,3.9.2,no
Ps-Ignacio,IgnLong#3,mixed,Ps-Ignacio,βάσσου,Βάσσου,1,0,0,3.2.1,sí
Ps-Ignacio,IgnLong#3,mixed,Ps-Ignacio,γνούσ,Γνοὺς,1,1,80,3.1.1,no
Ps-Ignacio,IgnLong#3,mixed,Ps-Ignacio,δίκαιοσ,Δίκαιος,1,3,203,3.12.2,no
Ps-Ignacio,IgnLong#3,mixed,Ps-Ignacio,δαθάν,Δαθὰν,1,0,0,3.3.9,sí
Ps-Ignacio,IgnLong#3,mixed,Ps-Ignacio,δαμᾶ,Δαμᾶ,1,0,0,3.2.1,sí
Ps-Ignacio,IgnLong#3,mixed,Ps-Ignacio,δανιήλ,Δανιὴλ,2,0,0,3.3.2|3.6.1,sí
Ps-Ignacio,IgnLong#3,mixed,Ps-Ignacio,δαυίδ,Δαυίδ,1,0,0,3.12.3,sí
Ps-Ignacio,IgnLong#3,mixed,Ps-Ignacio,εἰ,Εἰ,2,33,10237,3.9.1,no
Ps-Ignacio,IgnLong#3,mixed,Ps-Ignacio,εἰδώσ,Εἰδὼς,1,3,302,3.14.1,no
Ps-Ignacio,IgnLong#3,mixed,Ps-Ignacio,εἰσ,Εἰς,1,161,17156,3.9.4,no
Ps-Ignacio,IgnLong#3,mixed,Ps-Ignacio,ζωτίωνοσ,Ζωτίωνος,1,0,0,3.2.1,sí
Ps-Ignacio,IgnLong#3,mixed,Ps-Ignacio,θεοφόροσ,Θεοφόρος,1,0,1,3.0.1,dudoso
Ps-Ignacio,IgnLong#3,mixed,Ps-Ignacio,καί,Καὶ,2,1148,157796,3.3.1|3.4.1,no
Ps-Ignacio,IgnLong#3,mixed,Ps-Ignacio,κορέ,Κορὲ,1,0,0,3.3.9,sí
Ps-Ignacio,IgnLong#3,mixed,Ps-Ignacio,λέγε,Λέγε,1,2,93,3.12.2,no
Ps-Ignacio,IgnLong#3,mixed,Ps-Ignacio,μή,Μὴ,3,130,15198,3.3.3|3.8.1|3.10.1,no
Ps-Ignacio,IgnLong#3,mixed,Ps-Ignacio,μαγνησίᾳ,Μαγνησίᾳ,1,0,0,3.0.1,sí
Ps-Ignacio,IgnLong#3,mixed,Ps-Ignacio,μαιάνδρῳ,Μαιάνδρῳ,1,0,0,3.0.1,sí
Ps-Ignacio,IgnLong#3,mixed,Ps-Ignacio,μαρίασ,Μαρίας,1,0,0,3.11.2,sí
Ps-Ignacio,IgnLong#3,mixed,Ps-Ignacio,μηδείσ,Μηδείς,1,7,218,3.3.6,no
Ps-Ignacio,IgnLong#3,mixed,Ps-Ignacio,μωσεῖ,Μωσεῖ,2,0,0,3.3.9|3.9.1,sí
Ps-Ignacio,IgnLong#3,mixed,Ps-Ignacio,μωσῆσ,Μωσῆς,2,0,0,3.3.8|3.12.3,sí
Ps-Ignacio,IgnLong#3,mixed,Ps-Ignacio,οὐ,Οὐ,2,100,13518,3.3.8,no
Ps-Ignacio,IgnLong#3,mixed,Ps-Ignacio,πέτρου,Πέτρου,1,0,1,3.10.2,dudoso
Ps-Ignacio,IgnLong#3,mixed,Ps-Ignacio,παύλου,Παύλου,1,0,0,3.10.2,sí
Ps-Ignacio,IgnLong#3,mixed,Ps-Ignacio,πιλάτου,Πιλάτου,1,0,0,3.11.3,sí
Ps-Ignacio,IgnLong#3,mixed,Ps-Ignacio,πολυκάρπῳ,Πολυκάρπῳ,1,0,0,3.15.1,sí
Ps-Ignacio,IgnLong#3,mixed,Ps-Ignacio,ποντίου,Ποντίου,1,0,0,3.11.3,sí
Ps-Ignacio,IgnLong#3,mixed,Ps-Ignacio,σαμουήλ,Σαμουὴλ|Σαμουήλ,3,0,1,3.3.3|3.3.8|3.3.10,dudoso
Ps-Ignacio,IgnLong#3,mixed,Ps-Ignacio,σαούλ,Σαοὺλ,1,0,1,3.3.10,dudoso
Ps-Ignacio,IgnLong#3,mixed,Ps-Ignacio,σμύρνησ,Σμύρνης,1,0,9,3.15.1,no
Ps-Ignacio,IgnLong#3,mixed,Ps-Ignacio,σολομών,Σολομὼν,1,0,0,3.3.4,sí
Ps-Ignacio,IgnLong#3,mixed,Ps-Ignacio,σπουδάσατε,Σπουδάσατε,1,2,5,3.13.1,no
Ps-Ignacio,IgnLong#3,mixed,Ps-Ignacio,συρίᾳ,Συρίᾳ,3,0,0,3.10.2|3.14.2,sí
Ps-Ignacio,IgnLong#3,mixed,Ps-Ignacio,τί,Τί,1,22,4801,3.4.2,no
Ps-Ignacio,IgnLong#3,mixed,Ps-Ignacio,τίσ,Τίς,1,15,1678,3.12.3,no
Ps-Ignacio,IgnLong#3,mixed,Ps-Ignacio,ταῦτα,Ταῦτα,1,26,5633,3.11.1,no
Ps-Ignacio,IgnLong#3,mixed,Ps-Ignacio,τιμόθεοσ,Τιμόθεος,1,0,0,3.3.6,sí
Ps-Ignacio,IgnLong#3,mixed,Ps-Ignacio,χριστιανισμόν,Χριστιανισμόν,1,0,25,3.10.4,no
Ps-Ignacio,IgnLong#3,mixed,Ps-Ignacio,χριστιανισμόσ,Χριστιανισμὸς,1,0,2,3.10.4,dudoso
Ps-Ignacio,IgnLong#3,mixed,Ps-Ignacio,χριστιανοί,Χριστιανοί,1,0,1,3.10.2,dudoso
Ps-Ignacio,IgnLong#3,mixed,Ps-Ignacio,χριστιανούσ,Χριστιανούς,1,0,1,3.4.1,dudoso
Ps-Ignacio,IgnLong#3,mixed,Ps-Ignacio,χριστοῦ,Χριστοῦ,9,0,4,3.1.1|3.1.2|3.2.1|3.5.4|3.6.1|3.8.2|3.9.5|3.14.1|3.15.1,no
Ps-Ignacio,IgnLong#3,mixed,Ps-Ignacio,χριστόν,Χριστόν|Χριστὸν,5,0,3,3.7.2|3.8.2|3.9.1|3.10.4,no
Ps-Ignacio,IgnLong#3,mixed,Ps-Ignacio,χριστόσ,Χριστὸς,1,0,7,3.13.2,no
Ps-Ignacio,IgnLong#3,mixed,Ps-Ignacio,χριστῶ,Χριστῶ,1,0,0,3.9.4,sí
Ps-Ignacio,IgnLong#3,mixed,Ps-Ignacio,χριστῷ,Χριστῷ,9,0,3,3.0.1|3.6.2|3.10.3|3.10.4|3.11.1|3.14.2|3.15.2,no
Ps-Ignacio,IgnLong#3,mixed,Ps-Ignacio,ἀαρών,Ἀαρὼν,1,0,2,3.3.9,dudoso
Ps-Ignacio,IgnLong#3,mixed,Ps-Ignacio,ἀβεδδαδάν,Ἀβεδδαδὰν,1,0,0,3.3.10,sí
Ps-Ignacio,IgnLong#3,mixed,Ps-Ignacio,ἀβειρών,Ἀβειρὼν,1,0,0,3.3.9,sí
Ps-Ignacio,IgnLong#3,mixed,Ps-Ignacio,ἀβεσσαλώμ,Ἀβεσσαλὼμ,1,0,0,3.3.10,sí
Ps-Ignacio,IgnLong#3,mixed,Ps-Ignacio,ἀβραάμ,Ἀβραάμ|Ἀβραὰμ,4,0,7,3.9.1|3.10.4|3.12.3,no
Ps-Ignacio,IgnLong#3,mixed,Ps-Ignacio,ἀντιοχείᾳ,Ἀντιοχείᾳ,1,0,0,3.10.2,sí
Ps-Ignacio,IgnLong#3,mixed,Ps-Ignacio,ἀπολλωνίου,Ἀπολλωνίου,1,0,0,3.2.1,sí
Ps-Ignacio,IgnLong#3,mixed,Ps-Ignacio,ἀσπάζονται,Ἀσπάζονται,1,2,9,3.15.1,no
Ps-Ignacio,IgnLong#3,mixed,Ps-Ignacio,ἐάν,Ἐὰν,1,43,2572,3.10.1,no
Ps-Ignacio,IgnLong#3,mixed,Ps-Ignacio,ἐν,Ἐν,1,441,26313,3.9.3,no
Ps-Ignacio,IgnLong#3,mixed,Ps-Ignacio,ἐπεί,Ἐπεὶ,3,2,2085,3.2.1|3.5.1|3.6.1,no
Ps-Ignacio,IgnLong#3,mixed,Ps-Ignacio,ἐφέσιοι,Ἐφέσιοι,1,0,0,3.15.1,sí
Ps-Ignacio,IgnLong#3,mixed,Ps-Ignacio,ἡλεί,Ἡλεὶ,1,0,0,3.3.3,sí
Ps-Ignacio,IgnLong#3,mixed,Ps-Ignacio,ἡρῴδου,Ἡρῴδου,1,0,0,3.11.3,sí
Ps-Ignacio,IgnLong#3,mixed,Ps-Ignacio,ἰγνάτιοσ,Ἰγνάτιος,1,0,0,3.0.1,sí
Ps-Ignacio,IgnLong#3,mixed,Ps-Ignacio,ἰησοῦ,Ἰησοῦ,13,0,1,3.0.1|3.1.1|3.1.2|3.2.1|3.5.4|3.6.1|3.6.2|3.8.2|3.9.5|3.14.1|3.15.1|3.15.2,dudoso
Ps-Ignacio,IgnLong#3,mixed,Ps-Ignacio,ἰησοῦν,Ἰησοῦν,6,0,1,3.7.2|3.8.2|3.9.5|3.10.4|3.12.1,dudoso
Ps-Ignacio,IgnLong#3,mixed,Ps-Ignacio,ἰουδαίων,Ἰουδαίων,1,0,0,3.11.3,sí
Ps-Ignacio,IgnLong#3,mixed,Ps-Ignacio,ἰουδαϊσμόν,Ἰουδαϊσμὸν,2,0,6,3.10.4,no
Ps-Ignacio,IgnLong#3,mixed,Ps-Ignacio,ἰουδαϊσμόσ,Ἰουδαϊσμὸς,1,0,1,3.10.4,dudoso
Ps-Ignacio,IgnLong#3,mixed,Ps-Ignacio,ἰσχνόφωνοσ,Ἰσχνόφωνος,1,0,4,3.12.3,no
Ps-Ignacio,IgnLong#3,mixed,Ps-Ignacio,ἰωσίασ,Ἰωσίας,1,0,0,3.3.4,sí
Ps-Ignacio,IgnLong#3,mixed,Ps-Ignacio,ἰώβ,Ἰὼβ,1,0,0,3.12.3,sí
Ps-Ignacio,IgnLong#3,mixed,Ps-Ignacio,ἱερεμίασ,Ἱερεμίας,1,0,0,3.3.3,sí
Ps-Ignacio,IgnLong#3,mixed,Ps-Ignacio,ὀζίασ,Ὀζίας,1,0,0,3.3.10,sí
Ps-Ignacio,IgnLong#3,mixed,Ps-Ignacio,ὀναίμην,Ὀναίμην,1,13,23,3.12.1,no
Ps-Ignacio,IgnLong#3,mixed,Ps-Ignacio,ὁ,Ὁ,1,380,25257,3.9.3,no
Ps-Ignacio,IgnLong#3,mixed,Ps-Ignacio,ὅταν,Ὅταν,1,14,1871,3.12.2,no
Ps-Ignacio,IgnLong#3,mixed,Ps-Ignacio,ὥσπερ,Ὥσπερ,1,17,3069,3.7.1,no
Ps-Ignacio,IgnLong#4,spurious,Ps-Ignacio,δανιήλ,Δανιήλ,1,0,0,4.1.1,sí
Ps-Ignacio,IgnLong#4,spurious,Ps-Ignacio,δεῖ,Δεῖ,1,11,2528,4.7.1,no
Ps-Ignacio,IgnLong#4,spurious,Ps-Ignacio,δόξασόν,Δόξασόν,1,0,1,4.6.2,dudoso
Ps-Ignacio,IgnLong#4,spurious,Ps-Ignacio,εἰ,Εἰ,1,33,10237,4.7.2,no
Ps-Ignacio,IgnLong#4,spurious,Ps-Ignacio,εἷσ,Εἷς,2,30,546,4.4.2,no
Ps-Ignacio,IgnLong#4,spurious,Ps-Ignacio,θεοφόροσ,Θεοφόρος,1,0,1,4.0.1,dudoso
Ps-Ignacio,IgnLong#4,spurious,Ps-Ignacio,κάθου,Κάθου,1,0,2,4.6.2,dudoso
Ps-Ignacio,IgnLong#4,spurious,Ps-Ignacio,καί,Καὶ,3,1148,157796,4.4.1|4.5.1|4.6.1,no
Ps-Ignacio,IgnLong#4,spurious,Ps-Ignacio,καταβέβηκα,Καταβέβηκα,1,0,0,4.6.2,sí
Ps-Ignacio,IgnLong#4,spurious,Ps-Ignacio,κύριοσ,Κύριος,1,49,1112,4.6.4,no
Ps-Ignacio,IgnLong#4,spurious,Ps-Ignacio,μή,Μὴ,1,130,15198,4.7.2,no
Ps-Ignacio,IgnLong#4,spurious,Ps-Ignacio,μαρίασ,Μαρίας,2,0,0,4.3.1|4.6.4,sí
Ps-Ignacio,IgnLong#4,spurious,Ps-Ignacio,οἱ,Οἱ,1,103,11593,4.9.1,no
Ps-Ignacio,IgnLong#4,spurious,Ps-Ignacio,οὗ,Οὗ,1,41,1827,4.3.1,no
Ps-Ignacio,IgnLong#4,spurious,Ps-Ignacio,πάτμῳ,Πάτμῳ,1,0,0,4.3.3,sí
Ps-Ignacio,IgnLong#4,spurious,Ps-Ignacio,πέτροσ,Πέτρος,1,0,2,4.3.3,dudoso
Ps-Ignacio,IgnLong#4,spurious,Ps-Ignacio,παύλου,Παύλου,1,0,0,4.2.2,sí
Ps-Ignacio,IgnLong#4,spurious,Ps-Ignacio,παῦλοσ,Παῦλος,1,0,2,4.3.3,dudoso
Ps-Ignacio,IgnLong#4,spurious,Ps-Ignacio,πολύκαρποσ,Πολύκαρπος,1,0,0,4.10.2,sí
Ps-Ignacio,IgnLong#4,spurious,Ps-Ignacio,πρίν,Πρὶν,1,2,691,4.6.2,no
Ps-Ignacio,IgnLong#4,spurious,Ps-Ignacio,σατανᾶ,Σατανᾶ,1,4,11,4.2.1,no
Ps-Ignacio,IgnLong#4,spurious,Ps-Ignacio,στέφανοσ,Στέφανος,1,0,30,4.3.3,no
Ps-Ignacio,IgnLong#4,spurious,Ps-Ignacio,συρίασ,Συρίας,3,0,0,4.1.1|4.10.2,sí
Ps-Ignacio,IgnLong#4,spurious,Ps-Ignacio,ταρσῷ,Ταρσῷ,1,0,0,4.0.1,sí
Ps-Ignacio,IgnLong#4,spurious,Ps-Ignacio,φίλων,Φίλων,1,0,398,4.10.2,no
Ps-Ignacio,IgnLong#4,spurious,Ps-Ignacio,φιλιππησίων,Φιλιππησίων,1,0,0,4.10.2,sí
Ps-Ignacio,IgnLong#4,spurious,Ps-Ignacio,χριστοῦ,Χριστοῦ,5,0,4,4.0.1|4.1.3|4.2.2|4.3.3|4.9.1,no
Ps-Ignacio,IgnLong#4,spurious,Ps-Ignacio,χριστόν,Χριστόν|Χριστὸν,2,0,3,4.1.2|4.8.1,no
Ps-Ignacio,IgnLong#4,spurious,Ps-Ignacio,χριστόσ,Χριστός|Χριστὸς,4,0,7,4.3.2|4.4.2|4.7.2,no
Ps-Ignacio,IgnLong#4,spurious,Ps-Ignacio,χριστῷ,Χριστῷ,5,0,3,4.0.1|4.7.2|4.10.2|4.10.3,no
Ps-Ignacio,IgnLong#4,spurious,Ps-Ignacio,ἀβραάμ,Ἀβραὰμ,1,0,7,4.6.2,no
Ps-Ignacio,IgnLong#4,spurious,Ps-Ignacio,ἀγαθόπουσ,Ἀγαθόπους,1,0,0,4.10.2,sí
Ps-Ignacio,IgnLong#4,spurious,Ps-Ignacio,ἀμήν,Ἀμὴν,1,2,60,4.7.1,no
Ps-Ignacio,IgnLong#4,spurious,Ps-Ignacio,ἀναβαίνω,Ἀναβαίνω,1,0,1,4.5.1,dudoso
Ps-Ignacio,IgnLong#4,spurious,Ps-Ignacio,ἀντιοχείᾳ,Ἀντιοχείᾳ,1,0,0,4.10.1,sí
Ps-Ignacio,IgnLong#4,spurious,Ps-Ignacio,ἀπό,Ἀπὸ,1,39,6241,4.1.1,no
Ps-Ignacio,IgnLong#4,spurious,Ps-Ignacio,ἀσίασ,Ἀσίας,1,0,0,4.10.2,sí
Ps-Ignacio,IgnLong#4,spurious,Ps-Ignacio,ἐν,Ἐν,1,441,26313,4.4.2,no
Ps-Ignacio,IgnLong#4,spurious,Ps-Ignacio,ἔγνων,Ἔγνων,1,6,60,4.2.1,no
Ps-Ignacio,IgnLong#4,spurious,Ps-Ignacio,ἦν,Ἦν,1,16,5957,4.6.3,no
Ps-Ignacio,IgnLong#4,spurious,Ps-Ignacio,ἰάκωβοσ,Ἰάκωβος,1,0,0,4.3.3,sí
Ps-Ignacio,IgnLong#4,spurious,Ps-Ignacio,ἰγνάτιοσ,Ἰγνάτιος,1,0,0,4.0.1,sí
Ps-Ignacio,IgnLong#4,spurious,Ps-Ignacio,ἰησούσ,Ἰησοὺς,1,0,0,4.2.1,sí
Ps-Ignacio,IgnLong#4,spurious,Ps-Ignacio,ἰησοῦ,Ἰησοῦ,3,0,1,4.0.1|4.3.1|4.10.1,dudoso
Ps-Ignacio,IgnLong#4,spurious,Ps-Ignacio,ἰησοῦν,Ἰησοῦν,1,0,1,4.8.1,dudoso
Ps-Ignacio,IgnLong#4,spurious,Ps-Ignacio,ἰησοῦσ,Ἰησοῦς,3,0,1,4.3.1|4.4.2,dudoso
Ps-Ignacio,IgnLong#4,spurious,Ps-Ignacio,ἰλλυρικοῦ,Ἰλλυρικοῦ,1,0,0,4.2.2,sí
Ps-Ignacio,IgnLong#4,spurious,Ps-Ignacio,ἰουδαίων,Ἰουδαίων,1,0,0,4.3.3,sí
Ps-Ignacio,IgnLong#4,spurious,Ps-Ignacio,ἰωάννησ,Ἰωάννης,1,0,1,4.3.3,dudoso
Ps-Ignacio,IgnLong#4,spurious,Ps-Ignacio,ἱεροσολύμων,Ἱεροσολύμων,1,0,0,4.2.2,sí
Ps-Ignacio,IgnLong#4,spurious,Ps-Ignacio,ὀναίμην,Ὀναίμην,2,13,23,4.8.1|4.10.1,no
Ps-Ignacio,IgnLong#4,spurious,Ps-Ignacio,ὅτε,Ὅτε,1,2,1014,4.5.1,no
Ps-Ignacio,IgnLong#4,spurious,Ps-Ignacio,ὅτι,Ὅτι,1,77,10633,4.7.1,no
Ps-Ignacio,IgnLong#4,spurious,Ps-Ignacio,ῥώμησ,Ῥώμης,1,0,45,4.1.1,no
Ps-Ignacio,IgnLong#5,spurious,Ps-Ignacio,αἱ,Αἱ,1,20,3051,5.14.1,no
Ps-Ignacio,IgnLong#5,spurious,Ps-Ignacio,αἴγυπτον,Αἴγυπτον,1,0,1,5.8.2,dudoso
Ps-Ignacio,IgnLong#5,spurious,Ps-Ignacio,βάλε,Βάλε,1,1,15,5.10.1,no
Ps-Ignacio,IgnLong#5,spurious,Ps-Ignacio,βελίαρ,Βελίαρ,1,0,0,5.11.3,sí
Ps-Ignacio,IgnLong#5,spurious,Ps-Ignacio,βιτάλιον,Βιτάλιον,1,0,0,5.14.1,sí
Ps-Ignacio,IgnLong#5,spurious,Ps-Ignacio,εἰ,Εἰ,3,33,10237,5.5.1|5.9.2|5.11.1,no
Ps-Ignacio,IgnLong#5,spurious,Ps-Ignacio,εἰσ,Εἰς,1,161,17156,5.3.1,no
Ps-Ignacio,IgnLong#5,spurious,Ps-Ignacio,εἷσ,Εἷς,2,30,546,5.2.1|5.2.2,no
Ps-Ignacio,IgnLong#5,spurious,Ps-Ignacio,εὐφανίου,Εὐφανίου,1,0,0,5.15.2,sí
Ps-Ignacio,IgnLong#5,spurious,Ps-Ignacio,θεοφόροσ,Θεοφόρος,1,0,1,5.0.1,dudoso
Ps-Ignacio,IgnLong#5,spurious,Ps-Ignacio,κάϊν,Κάϊν,1,0,1,5.11.3,dudoso
Ps-Ignacio,IgnLong#5,spurious,Ps-Ignacio,καί,Καὶ,1,1148,157796,5.4.1,no
Ps-Ignacio,IgnLong#5,spurious,Ps-Ignacio,μαρίασ,Μαρίας,1,0,0,5.8.1,sí
Ps-Ignacio,IgnLong#5,spurious,Ps-Ignacio,μεμνημένοι,Μεμνημένοι,1,1,24,5.1.1,no
Ps-Ignacio,IgnLong#5,spurious,Ps-Ignacio,μωσῇ,Μωσῇ,1,0,0,5.1.2,sí
Ps-Ignacio,IgnLong#5,spurious,Ps-Ignacio,οὐχ,Οὐχ,1,30,2960,5.2.1,no
Ps-Ignacio,IgnLong#5,spurious,Ps-Ignacio,πάλιν,Πάλιν,1,11,2160,5.9.1,no
Ps-Ignacio,IgnLong#5,spurious,Ps-Ignacio,παῦλοσ,Παῦλος,1,0,2,5.1.1,dudoso
Ps-Ignacio,IgnLong#5,spurious,Ps-Ignacio,πολλά,Πολλὰ,1,2,1644,5.8.1,no
Ps-Ignacio,IgnLong#5,spurious,Ps-Ignacio,πολύκαρπον,Πολύκαρπον,1,0,0,5.14.1,sí
Ps-Ignacio,IgnLong#5,spurious,Ps-Ignacio,πῶσ,Πῶς,2,11,2390,5.6.1|5.7.1,no
Ps-Ignacio,IgnLong#5,spurious,Ps-Ignacio,σαδδουκαίοισ,Σαδδουκαίοις,1,0,0,5.4.1,sí
Ps-Ignacio,IgnLong#5,spurious,Ps-Ignacio,σύ,Σὺ,1,16,1649,5.10.1,no
Ps-Ignacio,IgnLong#5,spurious,Ps-Ignacio,τί,Τί,1,22,4801,5.2.2,no
Ps-Ignacio,IgnLong#5,spurious,Ps-Ignacio,ταῦτα,Ταῦτα,1,26,5633,5.13.1,no
Ps-Ignacio,IgnLong#5,spurious,Ps-Ignacio,φίλων,Φίλων,1,0,398,5.15.1,no
Ps-Ignacio,IgnLong#5,spurious,Ps-Ignacio,φαρισαίοισ,Φαρισαίοις,1,0,0,5.4.1,sí
Ps-Ignacio,IgnLong#5,spurious,Ps-Ignacio,φιλίπποισ,Φιλίπποις,1,0,0,5.0.1,sí
Ps-Ignacio,IgnLong#5,spurious,Ps-Ignacio,χριστοῦ,Χριστοῦ,5,0,4,5.0.1|5.1.2|5.4.2|5.11.3|5.15.3,no
Ps-Ignacio,IgnLong#5,spurious,Ps-Ignacio,χριστόν,Χριστὸν,2,0,3,5.1.3|5.7.2,no
Ps-Ignacio,IgnLong#5,spurious,Ps-Ignacio,χριστόσ,Χριστός|Χριστὸς,3,0,7,5.1.2|5.2.2|5.7.1,no
Ps-Ignacio,IgnLong#5,spurious,Ps-Ignacio,χριστῷ,Χριστῷ,3,0,3,5.1.1|5.15.2,no
Ps-Ignacio,IgnLong#5,spurious,Ps-Ignacio,ἀγαθόπουσ,Ἀγαθόπους,1,0,0,5.15.1,sí
Ps-Ignacio,IgnLong#5,spurious,Ps-Ignacio,ἀντιοχείασ,Ἀντιοχείας,1,0,0,5.14.1,sí
Ps-Ignacio,IgnLong#5,spurious,Ps-Ignacio,ἀσπάζονται,Ἀσπάζονται,1,2,9,5.15.1,no
Ps-Ignacio,IgnLong#5,spurious,Ps-Ignacio,ἄβελ,Ἄβελ,1,0,0,5.11.3,sí
Ps-Ignacio,IgnLong#5,spurious,Ps-Ignacio,ἐάν,Ἐὰν,2,43,2572,5.11.3|5.11.4,no
Ps-Ignacio,IgnLong#5,spurious,Ps-Ignacio,ἐπί,Ἐπὶ,1,60,13292,5.10.2,no
Ps-Ignacio,IgnLong#5,spurious,Ps-Ignacio,ἕλλησιν,Ἕλλησιν,1,0,0,5.4.3,sí
Ps-Ignacio,IgnLong#5,spurious,Ps-Ignacio,ἕν,Ἓν,1,24,1709,5.2.3,no
Ps-Ignacio,IgnLong#5,spurious,Ps-Ignacio,ἡρῴδου,Ἡρῴδου,1,0,0,5.8.2,sí
Ps-Ignacio,IgnLong#5,spurious,Ps-Ignacio,ἰγνάτιοσ,Ἰγνάτιος,1,0,0,5.0.1,sí
Ps-Ignacio,IgnLong#5,spurious,Ps-Ignacio,ἰησοῦ,Ἰησοῦ,2,0,1,5.0.1|5.15.3,dudoso
Ps-Ignacio,IgnLong#5,spurious,Ps-Ignacio,ἰησοῦσ,Ἰησοῦς,2,0,1,5.1.2|5.2.2,dudoso
Ps-Ignacio,IgnLong#5,spurious,Ps-Ignacio,ἰουδαίοισ,Ἰουδαίοις,1,0,0,5.4.3,sí
Ps-Ignacio,IgnLong#5,spurious,Ps-Ignacio,ἰουδαίων,Ἰουδαίων,1,0,0,5.14.2,sí
Ps-Ignacio,IgnLong#5,spurious,Ps-Ignacio,ἰούδᾳ,Ἰούδᾳ,1,0,0,5.4.1,sí
Ps-Ignacio,IgnLong#5,spurious,Ps-Ignacio,ἰωάννου,Ἰωάννου,1,0,0,5.8.3,sí
Ps-Ignacio,IgnLong#5,spurious,Ps-Ignacio,ἰώβ,Ἰὼβ,1,0,0,5.11.3,sí
Ps-Ignacio,IgnLong#5,spurious,Ps-Ignacio,ὁ,Ὁ,1,380,25257,5.12.1,no
Ps-Ignacio,IgnLong#5,spurious,Ps-Ignacio,ὅτι,Ὅτι,1,77,10633,5.10.2,no
Ps-Ignacio,IgnLong#5,spurious,Ps-Ignacio,ὕπαγε,Ὕπαγε,3,1,13,5.12.1|5.12.2,no
Ps-Ignacio,IgnLong#5,spurious,Ps-Ignacio,ῥήγιον,Ῥήγιον,1,0,0,5.15.2,sí
Ps-Ignacio,IgnLong#5,spurious,Ps-Ignacio,ῥώμην,Ῥώμην,1,0,50,5.14.1,no
Ps-Ignacio,IgnLong#6,mixed,Ps-Ignacio,βούργου,Βούργου,1,0,0,6.11.2,sí
Ps-Ignacio,IgnLong#6,mixed,Ps-Ignacio,γίνεσθε,Γίνεσθε,1,8,46,6.3.6,no
Ps-Ignacio,IgnLong#6,mixed,Ps-Ignacio,γαΐῳ,Γαΐῳ,1,0,0,6.11.1,sí
Ps-Ignacio,IgnLong#6,mixed,Ps-Ignacio,εἰ,Εἰ,1,33,10237,6.7.1,no
Ps-Ignacio,IgnLong#6,mixed,Ps-Ignacio,εὐοδίου,Εὐοδίου,1,0,0,6.4.4,sí
Ps-Ignacio,IgnLong#6,mixed,Ps-Ignacio,ζαχαρίου,Ζαχαρίου,1,0,0,6.1.2,sí
Ps-Ignacio,IgnLong#6,mixed,Ps-Ignacio,θεασάμενοσ,Θεασάμενος,1,0,88,6.1.1,no
Ps-Ignacio,IgnLong#6,mixed,Ps-Ignacio,θεοφόροσ,Θεοφόρος,1,0,1,6.0.1,dudoso
Ps-Ignacio,IgnLong#6,mixed,Ps-Ignacio,καλοί,Καλοὶ,1,0,34,6.9.1,no
Ps-Ignacio,IgnLong#6,mixed,Ps-Ignacio,κιλικίασ,Κιλικίας,1,0,0,6.11.1,sí
Ps-Ignacio,IgnLong#6,mixed,Ps-Ignacio,κλήμεντοσ,Κλήμεντος,1,0,0,6.4.4,sí
Ps-Ignacio,IgnLong#6,mixed,Ps-Ignacio,μελχισεδέκ,Μελχισεδέκ,1,0,0,6.4.4,sí
Ps-Ignacio,IgnLong#6,mixed,Ps-Ignacio,μωσῆσ,Μωσῆς,1,0,0,6.9.2,sí
Ps-Ignacio,IgnLong#6,mixed,Ps-Ignacio,μωσῇ,Μωσῇ,1,0,0,6.5.3,sí
Ps-Ignacio,IgnLong#6,mixed,Ps-Ignacio,ναυῆ,Ναυῆ,1,0,0,6.4.4,sí
Ps-Ignacio,IgnLong#6,mixed,Ps-Ignacio,νικολαΐτησ,Νικολαΐτης,1,0,0,6.6.6,sí
Ps-Ignacio,IgnLong#6,mixed,Ps-Ignacio,πέτρου,Πέτρου,1,0,1,6.4.5,dudoso
Ps-Ignacio,IgnLong#6,mixed,Ps-Ignacio,παύλου,Παύλου,2,0,0,6.4.5|6.7.2,sí
Ps-Ignacio,IgnLong#6,mixed,Ps-Ignacio,περί,Περὶ,1,38,11327,6.11.1,no
Ps-Ignacio,IgnLong#6,mixed,Ps-Ignacio,πορευθέντεσ,Πορευθέντες,1,0,12,6.9.3,no
Ps-Ignacio,IgnLong#6,mixed,Ps-Ignacio,σίμωνοσ,Σίμωνος,1,0,0,6.6.2,sí
Ps-Ignacio,IgnLong#6,mixed,Ps-Ignacio,σμυρναίων,Σμυρναίων,1,0,0,6.11.2,sí
Ps-Ignacio,IgnLong#6,mixed,Ps-Ignacio,συρίασ,Συρίας,2,0,0,6.10.1|6.11.1,sí
Ps-Ignacio,IgnLong#6,mixed,Ps-Ignacio,τίτου,Τίτου,1,0,0,6.4.4,sí
Ps-Ignacio,IgnLong#6,mixed,Ps-Ignacio,τιμοθέου,Τιμοθέου,1,0,0,6.4.4,sí
Ps-Ignacio,IgnLong#6,mixed,Ps-Ignacio,τρωάδι,Τρωάδι,1,0,0,6.11.2,sí
Ps-Ignacio,IgnLong#6,mixed,Ps-Ignacio,τῷ,Τῷ,1,152,18238,6.7.1,no
Ps-Ignacio,IgnLong#6,mixed,Ps-Ignacio,φίλωνοσ,Φίλωνος,1,0,0,6.11.1,sí
Ps-Ignacio,IgnLong#6,mixed,Ps-Ignacio,φιλαδελφίᾳ,Φιλαδελφίᾳ,1,0,3,6.0.1,no
Ps-Ignacio,IgnLong#6,mixed,Ps-Ignacio,χρι,Χρι,1,0,2,6.6.3,dudoso
Ps-Ignacio,IgnLong#6,mixed,Ps-Ignacio,χριστον,Χριστον,1,0,0,6.5.2,sí
Ps-Ignacio,IgnLong#6,mixed,Ps-Ignacio,χριστοῦ,Χριστοῦ,25,0,4,6.0.1|6.0.2|6.1.1|6.3.2|6.3.4|6.4.2|6.4.3|6.5.1|6.5.2|6.5.4|6.6.2|6.6.6|6.6.9|6.7.2|6.8.1|6.9.2|6.9.3|6.11.1,no
Ps-Ignacio,IgnLong#6,mixed,Ps-Ignacio,χριστόν,Χριστὸν,3,0,3,6.4.3|6.6.1|6.6.2,no
Ps-Ignacio,IgnLong#6,mixed,Ps-Ignacio,χριστόσ,Χριστός|Χριστὸς,4,0,7,6.3.1|6.4.7|6.8.2|6.11.2,no
Ps-Ignacio,IgnLong#6,mixed,Ps-Ignacio,χριστῷ,Χριστῷ,10,0,3,6.4.3|6.4.6|6.4.7|6.5.4|6.8.3|6.10.1|6.10.2|6.11.2,no
Ps-Ignacio,IgnLong#6,mixed,Ps-Ignacio,χωρίσ,Χωρὶς,1,12,477,6.7.2,no
Ps-Ignacio,IgnLong#6,mixed,Ps-Ignacio,ἀβραάμ,Ἀβραὰμ,2,0,7,6.4.5|6.9.2,no
Ps-Ignacio,IgnLong#6,mixed,Ps-Ignacio,ἀγαθόποδι,Ἀγαθόποδι,1,0,0,6.11.1,sí
Ps-Ignacio,IgnLong#6,mixed,Ps-Ignacio,ἀδελφοί,Ἀδελφοί,1,6,199,6.5.1,no
Ps-Ignacio,IgnLong#6,mixed,Ps-Ignacio,ἀντιοχείᾳ,Ἀντιοχείᾳ,1,0,0,6.10.1,sí
Ps-Ignacio,IgnLong#6,mixed,Ps-Ignacio,ἀπέχεσθε,Ἀπέχεσθε,1,0,9,6.3.1,no
Ps-Ignacio,IgnLong#6,mixed,Ps-Ignacio,ἄννα,Ἄννα,1,0,0,6.4.8,sí
Ps-Ignacio,IgnLong#6,mixed,Ps-Ignacio,ἐάν,Ἐάν,1,43,2572,6.6.1,no
Ps-Ignacio,IgnLong#6,mixed,Ps-Ignacio,ἐβίων,Ἐβίων,1,0,0,6.6.3,sí
Ps-Ignacio,IgnLong#6,mixed,Ps-Ignacio,ἐγώ,Ἐγὼ,2,46,2308,6.4.1|6.8.1,no
Ps-Ignacio,IgnLong#6,mixed,Ps-Ignacio,ἐλισσαίου,Ἐλισσαίου,1,0,0,6.4.4,sí
Ps-Ignacio,IgnLong#6,mixed,Ps-Ignacio,ἐπειδή,Ἐπειδὴ,1,5,1055,6.10.1,no
Ps-Ignacio,IgnLong#6,mixed,Ps-Ignacio,ἐφεσίων,Ἐφεσίων,1,0,0,6.11.2,sí
Ps-Ignacio,IgnLong#6,mixed,Ps-Ignacio,ἕωσ,Ἕως,1,9,950,6.9.3,no
Ps-Ignacio,IgnLong#6,mixed,Ps-Ignacio,ἠλία,Ἠλία,1,0,0,6.4.4,sí
Ps-Ignacio,IgnLong#6,mixed,Ps-Ignacio,ἡσαΐου,Ἡσαΐου,1,0,0,6.4.5,sí
Ps-Ignacio,IgnLong#6,mixed,Ps-Ignacio,ἰακώβ,Ἰακώβ,2,0,5,6.4.5|6.9.2,no
Ps-Ignacio,IgnLong#6,mixed,Ps-Ignacio,ἰγνάτιοσ,Ἰγνάτιος,1,0,0,6.0.1,sí
Ps-Ignacio,IgnLong#6,mixed,Ps-Ignacio,ἰησοῦ,Ἰησοῦ,19,0,1,6.0.1|6.0.2|6.1.1|6.3.2|6.4.1|6.4.4|6.5.1|6.5.2|6.5.4|6.6.9|6.8.1|6.9.3|6.10.1|6.10.2|6.11.1|6.11.2,dudoso
Ps-Ignacio,IgnLong#6,mixed,Ps-Ignacio,ἰησοῦν,Ἰησοῦν,2,0,1,6.6.2|6.6.3,dudoso
Ps-Ignacio,IgnLong#6,mixed,Ps-Ignacio,ἰησοῦσ,Ἰησοῦς,4,0,1,6.3.1|6.5.1|6.8.2|6.11.2,dudoso
Ps-Ignacio,IgnLong#6,mixed,Ps-Ignacio,ἰουδίθ,Ἰουδὶθ,1,0,0,6.4.8,sí
Ps-Ignacio,IgnLong#6,mixed,Ps-Ignacio,ἰουδαίων,Ἰουδαίων,1,0,0,6.6.5,sí
Ps-Ignacio,IgnLong#6,mixed,Ps-Ignacio,ἰσαάκ,Ἰσαὰκ,1,0,2,6.4.5,dudoso
Ps-Ignacio,IgnLong#6,mixed,Ps-Ignacio,ἰωάννου,Ἰωάννου,1,0,0,6.4.4,sí
Ps-Ignacio,IgnLong#6,mixed,Ps-Ignacio,ἰωσήφ,Ἰωσὴφ,1,0,1,6.4.5,dudoso
Ps-Ignacio,IgnLong#6,mixed,Ps-Ignacio,ἰώβ,Ἰὼβ,1,0,0,6.4.6,sí
Ps-Ignacio,IgnLong#6,mixed,Ps-Ignacio,ἱερεμίου,Ἱερεμίου,1,0,0,6.4.4,sí
Ps-Ignacio,IgnLong#6,mixed,Ps-Ignacio,ἱσαάκ,Ἱσαάκ,1,0,0,6.9.2,sí
Ps-Ignacio,IgnLong#6,mixed,Ps-Ignacio,ὡσ,Ὡς,1,192,15845,6.2.1,no
Ps-Ignacio,IgnLong#7,mixed,Ps-Ignacio,αἱ,Αἱ,1,20,3051,7.11.1,no
Ps-Ignacio,IgnLong#7,mixed,Ps-Ignacio,αὕτη,Αὕτη,1,3,717,7.6.2,no
Ps-Ignacio,IgnLong#7,mixed,Ps-Ignacio,βούργου,Βούργου,1,0,0,7.12.1,sí
Ps-Ignacio,IgnLong#7,mixed,Ps-Ignacio,γάϊον,Γάϊον,1,0,0,7.10.1,sí
Ps-Ignacio,IgnLong#7,mixed,Ps-Ignacio,γαυΐασ,Γαυΐας,1,0,0,7.13.2,sí
Ps-Ignacio,IgnLong#7,mixed,Ps-Ignacio,δάφνον,Δάφνον,1,0,0,7.13.2,sí
Ps-Ignacio,IgnLong#7,mixed,Ps-Ignacio,δαυίδ,Δαυὶδ,1,0,0,7.1.1,sí
Ps-Ignacio,IgnLong#7,mixed,Ps-Ignacio,δοξάζω,Δοξάζω,1,0,1,7.1.1,dudoso
Ps-Ignacio,IgnLong#7,mixed,Ps-Ignacio,εὐλογόν,Εὐλογόν,1,0,0,7.9.1,sí
Ps-Ignacio,IgnLong#7,mixed,Ps-Ignacio,εὔτεκνον,Εὔτεκνον,1,0,0,7.13.2,sí
Ps-Ignacio,IgnLong#7,mixed,Ps-Ignacio,θεοφόροσ,Θεοφόρος,1,0,1,7.0.1,dudoso
Ps-Ignacio,IgnLong#7,mixed,Ps-Ignacio,θωμᾶσ,Θωμᾶς,1,0,1,7.3.3,dudoso
Ps-Ignacio,IgnLong#7,mixed,Ps-Ignacio,θωμᾷ,Θωμᾷ,1,0,0,7.3.3,sí
Ps-Ignacio,IgnLong#7,mixed,Ps-Ignacio,κάϊν,Κάϊν,1,0,1,7.7.1,dudoso
Ps-Ignacio,IgnLong#7,mixed,Ps-Ignacio,λάβετε,Λάβετε,1,0,14,7.3.2,no
Ps-Ignacio,IgnLong#7,mixed,Ps-Ignacio,λύσατε,Λύσατε,1,0,2,7.2.1,dudoso
Ps-Ignacio,IgnLong#7,mixed,Ps-Ignacio,μαρίασ,Μαρίας,1,0,0,7.1.1,sí
Ps-Ignacio,IgnLong#7,mixed,Ps-Ignacio,μηδείσ,Μηδεὶς,1,7,218,7.6.1,no
Ps-Ignacio,IgnLong#7,mixed,Ps-Ignacio,μωσέωσ,Μωσέως,1,0,0,7.5.1,sí
Ps-Ignacio,IgnLong#7,mixed,Ps-Ignacio,οὗτοσ,Οὗτος,1,19,1671,7.3.5,no
Ps-Ignacio,IgnLong#7,mixed,Ps-Ignacio,πάντεσ,Πάντες,1,17,1113,7.8.1,no
Ps-Ignacio,IgnLong#7,mixed,Ps-Ignacio,πέτρον,Πέτρον,1,0,1,7.3.2,dudoso
Ps-Ignacio,IgnLong#7,mixed,Ps-Ignacio,πιλάτου,Πιλάτου,1,0,0,7.1.2,sí
Ps-Ignacio,IgnLong#7,mixed,Ps-Ignacio,πολύκαρπον,Πολύκαρπον,1,0,0,7.12.2,sí
Ps-Ignacio,IgnLong#7,mixed,Ps-Ignacio,ποντίου,Ποντίου,1,0,0,7.1.2,sí
Ps-Ignacio,IgnLong#7,mixed,Ps-Ignacio,προφυλάσσω,Προφυλάσσω,1,0,4,7.4.1,no
Ps-Ignacio,IgnLong#7,mixed,Ps-Ignacio,σμύρνῃ,Σμύρνῃ,1,0,0,7.0.1,sí
Ps-Ignacio,IgnLong#7,mixed,Ps-Ignacio,συρίᾳ,Συρίᾳ,1,0,0,7.11.2,sí
Ps-Ignacio,IgnLong#7,mixed,Ps-Ignacio,ταῦτα,Ταῦτα,2,26,5633,7.2.1|7.4.1,no
Ps-Ignacio,IgnLong#7,mixed,Ps-Ignacio,τρωάδι,Τρωάδι,1,0,0,7.12.1,sí
Ps-Ignacio,IgnLong#7,mixed,Ps-Ignacio,τόν,Τὸν,1,232,26639,7.7.1,no
Ps-Ignacio,IgnLong#7,mixed,Ps-Ignacio,φέρε,Φέρε,1,1,175,7.3.3,no
Ps-Ignacio,IgnLong#7,mixed,Ps-Ignacio,φίλων,Φίλων,1,0,398,7.13.1,no
Ps-Ignacio,IgnLong#7,mixed,Ps-Ignacio,φίλωνα,Φίλωνα,1,0,0,7.10.1,sí
Ps-Ignacio,IgnLong#7,mixed,Ps-Ignacio,χριστοῦ,Χριστοῦ,12,0,4,7.0.1|7.1.1|7.6.3|7.9.2|7.9.5|7.10.1|7.11.3|7.12.2|7.13.2,no
Ps-Ignacio,IgnLong#7,mixed,Ps-Ignacio,χριστόν,Χριστόν|Χριστὸν,6,0,3,7.1.1|7.4.2|7.6.1|7.6.2|7.9.3,no
Ps-Ignacio,IgnLong#7,mixed,Ps-Ignacio,χριστόσ,Χριστός|Χριστὸς,6,0,7,7.3.3|7.7.1|7.8.1|7.8.2|7.9.5|7.10.3,no
Ps-Ignacio,IgnLong#7,mixed,Ps-Ignacio,χριστῷ,Χριστῷ,3,0,3,7.9.4|7.12.2,no
Ps-Ignacio,IgnLong#7,mixed,Ps-Ignacio,ἀγαθόποδα,Ἀγαθόποδα,1,0,0,7.10.1,sí
Ps-Ignacio,IgnLong#7,mixed,Ps-Ignacio,ἀδάμ,Ἀδὰμ,1,0,4,7.7.1,no
Ps-Ignacio,IgnLong#7,mixed,Ps-Ignacio,ἀντιοχέων,Ἀντιοχέων,1,0,0,7.11.1,sí
Ps-Ignacio,IgnLong#7,mixed,Ps-Ignacio,ἀσίασ,Ἀσίας,1,0,0,7.0.1,sí
Ps-Ignacio,IgnLong#7,mixed,Ps-Ignacio,ἀσπάζεται,Ἀσπάζεται,1,11,36,7.12.1,no
Ps-Ignacio,IgnLong#7,mixed,Ps-Ignacio,ἀσπάζομαι,Ἀσπάζομαι,1,24,52,7.13.1,no
Ps-Ignacio,IgnLong#7,mixed,Ps-Ignacio,ἄβελ,Ἄβελ,1,0,0,7.7.1,sí
Ps-Ignacio,IgnLong#7,mixed,Ps-Ignacio,ἄλκην,Ἄλκην,1,0,0,7.13.2,sí
Ps-Ignacio,IgnLong#7,mixed,Ps-Ignacio,ἐάν,Ἐὰν,1,43,2572,7.2.1,no
Ps-Ignacio,IgnLong#7,mixed,Ps-Ignacio,ἐγώ,Ἐγὼ,1,46,2308,7.3.1,no
Ps-Ignacio,IgnLong#7,mixed,Ps-Ignacio,ἐντολήν,Ἐντολὴν,1,1,81,7.6.2,no
Ps-Ignacio,IgnLong#7,mixed,Ps-Ignacio,ἐφεσίοισ,Ἐφεσίοις,1,0,0,7.12.1,sí
Ps-Ignacio,IgnLong#7,mixed,Ps-Ignacio,ἡρῴδου,Ἡρῴδου,1,0,0,7.1.2,sí
Ps-Ignacio,IgnLong#7,mixed,Ps-Ignacio,ἰγνάτιοσ,Ἰγνάτιος,1,0,0,7.0.1,sí
Ps-Ignacio,IgnLong#7,mixed,Ps-Ignacio,ἰησοῦ,Ἰησοῦ,7,0,1,7.0.1|7.1.1|7.7.1|7.9.5|7.12.2|7.13.2,dudoso
Ps-Ignacio,IgnLong#7,mixed,Ps-Ignacio,ἰησοῦν,Ἰησοῦν,4,0,1,7.1.1|7.6.1|7.6.2|7.9.3,dudoso
Ps-Ignacio,IgnLong#7,mixed,Ps-Ignacio,ἰησοῦσ,Ἰησοῦς,5,0,1,7.3.5|7.7.1|7.8.1|7.9.5|7.10.3,dudoso
Ps-Ignacio,IgnLong#7,mixed,Ps-Ignacio,ἰουδαίοισ,Ἰουδαίοις,1,0,0,7.1.2,sí
Ps-Ignacio,IgnLong#7,mixed,Ps-Ignacio,ἰουδαίων,Ἰουδαίων,1,0,0,7.2.2,sí
Ps-Ignacio,IgnLong#7,mixed,Ps-Ignacio,ἰωάννου,Ἰωάννου,1,0,0,7.1.1,sí
Ps-Ignacio,IgnLong#7,mixed,Ps-Ignacio,ἰωσεδέκ,Ἰωσεδέκ,1,0,0,7.7.1,sí
Ps-Ignacio,IgnLong#7,mixed,Ps-Ignacio,ἰώβ,Ἰὼβ,1,0,0,7.7.1,sí
Ps-Ignacio,IgnLong#7,mixed,Ps-Ignacio,ὁ,Ὁ,2,380,25257,7.2.1|7.3.3,no
Ps-Ignacio,IgnLong#7,mixed,Ps-Ignacio,ὅν,Ὅν,1,23,1562,7.5.1,no
Ps-Ignacio,IgnLong#8,mixed,Ps-Ignacio,αἱ,Αἱ,1,20,3051,8.4.1,no
Ps-Ignacio,IgnLong#8,mixed,Ps-Ignacio,καλούσ,Καλοὺς,1,0,50,8.2.1,no
Ps-Ignacio,IgnLong#8,mixed,Ps-Ignacio,νεάπολιν,Νεάπολιν,1,0,0,8.8.1,sí
Ps-Ignacio,IgnLong#8,mixed,Ps-Ignacio,οἱ,Οἱ,1,103,11593,8.3.1,no
Ps-Ignacio,IgnLong#8,mixed,Ps-Ignacio,πολυκάρπου,Πολυκάρπου,1,0,0,8.8.2,sí
Ps-Ignacio,IgnLong#8,mixed,Ps-Ignacio,πολυκάρπῳ,Πολυκάρπῳ,1,0,0,8.0.1,sí
Ps-Ignacio,IgnLong#8,mixed,Ps-Ignacio,πολύκαρπε,Πολύκαρπε,1,0,0,8.7.2,sí
Ps-Ignacio,IgnLong#8,mixed,Ps-Ignacio,σμυρναίων,Σμυρναίων,1,0,0,8.0.1,sí
Ps-Ignacio,IgnLong#8,mixed,Ps-Ignacio,συρίαν,Συρίαν,3,0,1,8.7.2|8.8.2,dudoso
Ps-Ignacio,IgnLong#8,mixed,Ps-Ignacio,συρίασ,Συρίας,1,0,0,8.7.1,sí
Ps-Ignacio,IgnLong#8,mixed,Ps-Ignacio,τάσ,Τὰς,1,45,11100,8.5.1,no
Ps-Ignacio,IgnLong#8,mixed,Ps-Ignacio,τρωάδοσ,Τρωάδος,1,0,0,8.8.1,sí
Ps-Ignacio,IgnLong#8,mixed,Ps-Ignacio,τῷ,Τῷ,1,152,18238,8.6.1,no
Ps-Ignacio,IgnLong#8,mixed,Ps-Ignacio,χριστιανόσ,Χριστιανὸς,1,0,2,8.7.3,dudoso
Ps-Ignacio,IgnLong#8,mixed,Ps-Ignacio,χριστοῦ,Χριστοῦ,3,0,4,8.0.1|8.5.1,no
Ps-Ignacio,IgnLong#8,mixed,Ps-Ignacio,χριστόν,Χριστὸν,1,0,3,8.3.2,no
Ps-Ignacio,IgnLong#8,mixed,Ps-Ignacio,χριστῷ,Χριστῷ,1,0,3,8.8.3,no
Ps-Ignacio,IgnLong#8,mixed,Ps-Ignacio,ἀντιοχείασ,Ἀντιοχείας,1,0,0,8.0.1,sí
Ps-Ignacio,IgnLong#8,mixed,Ps-Ignacio,ἀντιοχείᾳ,Ἀντιοχείᾳ,1,0,0,8.7.1,sí
Ps-Ignacio,IgnLong#8,mixed,Ps-Ignacio,ἀποδεχόμενοσ,Ἀποδεχόμενος,1,0,15,8.1.1,no
Ps-Ignacio,IgnLong#8,mixed,Ps-Ignacio,ἄλκην,Ἄλκην,1,0,0,8.8.3,sí
Ps-Ignacio,IgnLong#8,mixed,Ps-Ignacio,ἄτταλον,Ἄτταλον,1,0,0,8.8.2,sí
Ps-Ignacio,IgnLong#8,mixed,Ps-Ignacio,ἐπεί,Ἐπεὶ,1,2,2085,8.8.1,no
Ps-Ignacio,IgnLong#8,mixed,Ps-Ignacio,ἐπειδή,Ἐπειδὴ,1,5,1055,8.7.1,no
Ps-Ignacio,IgnLong#8,mixed,Ps-Ignacio,ἐπιτρόπου,Ἐπιτρόπου,1,0,13,8.8.2,no
Ps-Ignacio,IgnLong#8,mixed,Ps-Ignacio,ἰγνάτιοσ,Ἰγνάτιος,1,0,0,8.0.1,sí
Ps-Ignacio,IgnLong#8,mixed,Ps-Ignacio,ἰησοῦ,Ἰησοῦ,4,0,1,8.0.1|8.5.1|8.8.3,dudoso
Ps-Ignacio,IgnLong#9,spurious,Ps-Ignacio,βίβλοσ,Βίβλος,1,0,36,9.4.2,no
Ps-Ignacio,IgnLong#9,spurious,Ps-Ignacio,γόμορρα,Γόμορρα,1,0,0,9.2.1,sí
Ps-Ignacio,IgnLong#9,spurious,Ps-Ignacio,δαμᾶσ,Δαμᾶς,1,0,0,9.13.2,sí
Ps-Ignacio,IgnLong#9,spurious,Ps-Ignacio,δαυίδ,Δαυίδ,1,0,0,9.4.2,sí
Ps-Ignacio,IgnLong#9,spurious,Ps-Ignacio,εἰ,Εἰ,1,33,10237,9.10.1,no
Ps-Ignacio,IgnLong#9,spurious,Ps-Ignacio,εἴ,Εἴ,1,17,1563,9.7.2,no
Ps-Ignacio,IgnLong#9,spurious,Ps-Ignacio,εὐοδίου,Εὐοδίου,1,0,0,9.7.1,sí
Ps-Ignacio,IgnLong#9,spurious,Ps-Ignacio,θεοφόροσ,Θεοφόρος,1,0,1,9.0.1,dudoso
Ps-Ignacio,IgnLong#9,spurious,Ps-Ignacio,καί,Καὶ,1,1148,157796,9.2.2,no
Ps-Ignacio,IgnLong#9,spurious,Ps-Ignacio,κασσιανόν,Κασσιανὸν,1,0,0,9.13.1,sí
Ps-Ignacio,IgnLong#9,spurious,Ps-Ignacio,κύριοσ,Κύριος,2,49,1112,9.2.1,no
Ps-Ignacio,IgnLong#9,spurious,Ps-Ignacio,μαγνησίασ,Μαγνησίας,1,0,0,9.13.2,sí
Ps-Ignacio,IgnLong#9,spurious,Ps-Ignacio,μηδείσ,Μηδεὶς,1,7,218,9.11.1,no
Ps-Ignacio,IgnLong#9,spurious,Ps-Ignacio,μωσῆσ,Μωσῆς,1,0,0,9.2.1,sí
Ps-Ignacio,IgnLong#9,spurious,Ps-Ignacio,οἱ,Οἱ,3,103,11593,9.8.1|9.9.1|9.10.1,no
Ps-Ignacio,IgnLong#9,spurious,Ps-Ignacio,οἵ,Οἵ,2,7,1324,9.3.1|9.4.1,no
Ps-Ignacio,IgnLong#9,spurious,Ps-Ignacio,πέτρου,Πέτρου,1,0,1,9.7.1,dudoso
Ps-Ignacio,IgnLong#9,spurious,Ps-Ignacio,παύλου,Παύλου,1,0,0,9.7.1,sí
Ps-Ignacio,IgnLong#9,spurious,Ps-Ignacio,πολύβιοσ,Πολύβιος,1,0,0,9.13.2,sí
Ps-Ignacio,IgnLong#9,spurious,Ps-Ignacio,πολύκαρποσ,Πολύκαρπος,1,0,0,9.13.1,sí
Ps-Ignacio,IgnLong#9,spurious,Ps-Ignacio,προφήτην,Προφήτην,1,2,101,9.2.3,no
Ps-Ignacio,IgnLong#9,spurious,Ps-Ignacio,πᾶσ,Πᾶς,1,5,462,9.5.1,no
Ps-Ignacio,IgnLong#9,spurious,Ps-Ignacio,σμυρναίων,Σμυρναίων,1,0,0,9.13.1,sí
Ps-Ignacio,IgnLong#9,spurious,Ps-Ignacio,συρίᾳ,Συρίᾳ,1,0,0,9.0.1,sí
Ps-Ignacio,IgnLong#9,spurious,Ps-Ignacio,σόδομα,Σόδομα,1,0,0,9.2.1,sí
Ps-Ignacio,IgnLong#9,spurious,Ps-Ignacio,ταῦτα,Ταῦτα,2,26,5633,9.6.1|9.14.1,no
Ps-Ignacio,IgnLong#9,spurious,Ps-Ignacio,τραλλαίων,Τραλλαίων,1,0,0,9.13.2,sí
Ps-Ignacio,IgnLong#9,spurious,Ps-Ignacio,υἱόσ,Υἱός,1,20,550,9.3.2,no
Ps-Ignacio,IgnLong#9,spurious,Ps-Ignacio,φίλων,Φίλων,1,0,398,9.13.2,no
Ps-Ignacio,IgnLong#9,spurious,Ps-Ignacio,φιλίππων,Φιλίππων,1,0,0,9.14.1,sí
Ps-Ignacio,IgnLong#9,spurious,Ps-Ignacio,χριστοῦ,Χριστοῦ,10,0,4,9.0.1|9.3.2|9.4.2|9.5.1|9.6.1|9.6.2|9.8.2|9.12.1|9.14.1,no
Ps-Ignacio,IgnLong#9,spurious,Ps-Ignacio,χριστόν,Χριστὸν,4,0,3,9.1.2|9.5.1|9.5.2|9.8.1,no
Ps-Ignacio,IgnLong#9,spurious,Ps-Ignacio,χριστόσ,Χριστός,1,0,7,9.4.3,no
Ps-Ignacio,IgnLong#9,spurious,Ps-Ignacio,χριστῷ,Χριστῷ,4,0,3,9.0.1|9.12.2|9.14.2,no
Ps-Ignacio,IgnLong#9,spurious,Ps-Ignacio,ἀβραάμ,Ἀβραάμ,1,0,7,9.4.2,no
Ps-Ignacio,IgnLong#9,spurious,Ps-Ignacio,ἀγαθόπουσ,Ἀγαθόπους,1,0,0,9.13.2,sí
Ps-Ignacio,IgnLong#9,spurious,Ps-Ignacio,ἀντιοχείᾳ,Ἀντιοχείᾳ,1,0,0,9.0.1,sí
Ps-Ignacio,IgnLong#9,spurious,Ps-Ignacio,ἀσπάζομαι,Ἀσπάζομαι,2,24,52,9.12.1|9.13.1,no
Ps-Ignacio,IgnLong#9,spurious,Ps-Ignacio,ἄνθρωποσ,Ἄνθρωπος,1,23,875,9.4.3,no
Ps-Ignacio,IgnLong#9,spurious,Ps-Ignacio,ἐγώ,Ἐγὼ,2,46,2308,9.3.1|9.3.3,no
Ps-Ignacio,IgnLong#9,spurious,Ps-Ignacio,ἐλαφρά,Ἐλαφρά,1,0,4,9.1.1,no
Ps-Ignacio,IgnLong#9,spurious,Ps-Ignacio,ἐμμανουήλ,Ἐμμανουήλ,1,0,2,9.3.3,dudoso
Ps-Ignacio,IgnLong#9,spurious,Ps-Ignacio,ἐν,Ἐν,2,441,26313,9.2.2|9.4.1,no
Ps-Ignacio,IgnLong#9,spurious,Ps-Ignacio,ἐφεσίων,Ἐφεσίων,1,0,0,9.13.2,sí
Ps-Ignacio,IgnLong#9,spurious,Ps-Ignacio,ἰγνάτιοσ,Ἰγνάτιος,1,0,0,9.0.1,sí
Ps-Ignacio,IgnLong#9,spurious,Ps-Ignacio,ἰδού,Ἰδοὺ,1,3,286,9.3.3,no
Ps-Ignacio,IgnLong#9,spurious,Ps-Ignacio,ἰησοῦ,Ἰησοῦ,5,0,1,9.0.1|9.3.2|9.4.2|9.7.2|9.12.3,dudoso
Ps-Ignacio,IgnLong#9,spurious,Ps-Ignacio,ἰησοῦν,Ἰησοῦν,1,0,1,9.7.2,dudoso
Ps-Ignacio,IgnLong#9,spurious,Ps-Ignacio,ἰησοῦσ,Ἰησοῦς,1,0,1,9.4.3,dudoso
Ps-Ignacio,IgnLong#9,spurious,Ps-Ignacio,ἰώβ,Ἰὼβ,1,0,0,9.10.1,sí
Ps-Ignacio,IgnLong#9,spurious,Ps-Ignacio,ὀνήσιμοσ,Ὀνήσιμος,1,0,0,9.13.2,sí
Ps-Ignacio,IgnLong#9,spurious,Ps-Ignacio,ὁ,Ὁ,1,380,25257,9.4.2,no
Ps-Ignacio,IgnLong#9,spurious,Ps-Ignacio,ὡσ,Ὡς,1,192,15845,9.3.3,no
Ps-Juliano,Bas_Ep#39,spurious,Ps-Juliano,οὐ,Οὐ,1,13,13518,39,no
Ps-Juliano,Bas_Ep#39,spurious,Ps-Juliano,ταῦτα,Ταῦτα,1,4,5633,39,no
Ps-Juliano,Bas_Ep#39,spurious,Ps-Juliano,ἀστυδάμασ,Ἀστυδάμας,1,0,0,39,sí
Ps-Juliano,Bas_Ep#39,spurious,Ps-Juliano,ἡ,Ἡ,2,8,13248,39,no
Ps-Juliano,Bas_Ep#39,spurious,Ps-Juliano,ὦ,Ὦ,1,3,1508,39,no
Ps-Juliano,Bas_Ep#40,spurious,Ps-Juliano,δάνουβιν,Δάνουβιν,1,0,0,40,sí
Ps-Juliano,Bas_Ep#40,spurious,Ps-Juliano,δαρείου,Δαρείου,1,0,0,40,sí
Ps-Juliano,Bas_Ep#40,spurious,Ps-Juliano,καίσαροσ,Καίσαρος,2,0,4,40,no
Ps-Juliano,Bas_Ep#40,spurious,Ps-Juliano,κωνσταντίου,Κωνσταντίου,1,0,0,40,sí
Ps-Juliano,Bas_Ep#40,spurious,Ps-Juliano,περσικόν,Περσικὸν,1,0,0,40,sí
Ps-Juliano,Bas_Ep#40,spurious,Ps-Juliano,περσῶν,Περσῶν,1,0,0,40,sí
Ps-Juliano,Bas_Ep#40,spurious,Ps-Juliano,σάπωριν,Σάπωριν,1,0,0,40,sí
Ps-Juliano,Bas_Ep#40,spurious,Ps-Juliano,σαγάδαρεσ,Σαγάδαρες,1,0,0,40,sí
Ps-Juliano,Bas_Ep#40,spurious,Ps-Juliano,σαρακηνῶν,Σαρακηνῶν,1,0,0,40,sí
Ps-Juliano,Bas_Ep#40,spurious,Ps-Juliano,τό,Τὸ,1,78,40665,40,no
Ps-Juliano,Bas_Ep#40,spurious,Ps-Juliano,ἀλλ’,Ἀλλʼ,1,17,7239,40,no
Ps-Juliano,Bas_Ep#40,spurious,Ps-Juliano,ἰνδῶν,Ἰνδῶν,1,0,0,40,sí
Ps-Juliano,Bas_Ep#40,spurious,Ps-Juliano,ὠκεανοῦ,Ὠκεανοῦ,1,1,11,40,no
Ps-Juliano,Bas_Ep#40,spurious,Ps-Juliano,ῥωμαίων,Ῥωμαίων,2,0,0,40,sí
Ps-Juliano,Jul_Ep#74,spurious,Ps-Juliano,δελφικῷ,Δελφικῷ,1,0,0,74.1,sí
Ps-Juliano,Jul_Ep#74,spurious,Ps-Juliano,διονύσῳ,Διονύσῳ,1,0,0,74.1,sí
Ps-Juliano,Jul_Ep#74,spurious,Ps-Juliano,θαμύριδοσ,Θαμύριδος,1,0,0,74.1,sí
Ps-Juliano,Jul_Ep#74,spurious,Ps-Juliano,θησεύσ,Θησεὺς,1,0,0,74.1,sí
Ps-Juliano,Jul_Ep#74,spurious,Ps-Juliano,θρακόσ,Θρακὸς,1,0,0,74.1,sí
Ps-Juliano,Jul_Ep#74,spurious,Ps-Juliano,μαρσύου,Μαρσύου,1,0,0,74.1,sí
Ps-Juliano,Jul_Ep#74,spurious,Ps-Juliano,μούσαισ,Μούσαις,1,0,1,74.1,dudoso
Ps-Juliano,Jul_Ep#74,spurious,Ps-Juliano,πάν,Πὰν,1,0,26,74.1,no
Ps-Juliano,Jul_Ep#74,spurious,Ps-Juliano,πανί,Πανὶ,1,0,0,74.1,sí
Ps-Juliano,Jul_Ep#74,spurious,Ps-Juliano,πύθιοσ,Πύθιος,1,0,0,74.1,sí
Ps-Juliano,Jul_Ep#74,spurious,Ps-Juliano,σειρῆνασ,Σειρῆνας,1,0,1,74.1,dudoso
Ps-Juliano,Jul_Ep#74,spurious,Ps-Juliano,φρυγόσ,Φρυγὸς,1,0,0,74.1,sí
Ps-Juliano,Jul_Ep#74,spurious,Ps-Juliano,ἀθηνᾶσ,Ἀθηνᾶς,1,0,0,74.1,sí
Ps-Juliano,Jul_Ep#74,spurious,Ps-Juliano,ἀπόλλωνι,Ἀπόλλωνι,1,0,0,74.1,sí
Ps-Juliano,Jul_Ep#74,spurious,Ps-Juliano,ἀπόλλωνοσ,Ἀπόλλωνος,1,0,1,74.1,dudoso
Ps-Juliano,Jul_Ep#74,spurious,Ps-Juliano,ἀρισταῖοσ,Ἀρισταῖος,1,0,0,74.1,sí
Ps-Juliano,Jul_Ep#74,spurious,Ps-Juliano,ἐχρῆν,Ἐχρῆν,1,1,284,74.1,no
Ps-Juliano,Jul_Ep#74,spurious,Ps-Juliano,ἑκάλησ,Ἑκάλης,1,0,0,74.1,sí
Ps-Juliano,Jul_Ep#74,spurious,Ps-Juliano,ἑρμοῦ,Ἑρμοῦ,1,0,0,74.1,sí
Ps-Juliano,Jul_Ep#74,spurious,Ps-Juliano,ἑρμῆν,Ἑρμῆν,1,0,0,74.1,sí
Ps-Juliano,Jul_Ep#74,spurious,Ps-Juliano,ὀρφέωσ,Ὀρφέως,1,0,0,74.1,sí
Ps-Juliano,Jul_Ep#75,spurious,Ps-Juliano,ζεῦ,Ζεῦ,2,0,1,75.1,dudoso
Ps-Juliano,Jul_Ep#75,spurious,Ps-Juliano,θρᾴκην,Θρᾴκην,1,0,0,75.1,sí
Ps-Juliano,Jul_Ep#75,spurious,Ps-Juliano,θρᾴκῃ,Θρᾴκῃ,1,0,0,75.1,sí
Ps-Juliano,Jul_Ep#75,spurious,Ps-Juliano,θρᾴξ,Θρᾴξ,1,0,0,75.1,sí
Ps-Juliano,Jul_Ep#75,spurious,Ps-Juliano,θρῄκηθεν,Θρῄκηθεν,1,0,0,75.1,sí
Ps-Juliano,Jul_Ep#75,spurious,Ps-Juliano,κιμμερίων,Κιμμερίων,1,0,0,75.1,sí
Ps-Juliano,Jul_Ep#75,spurious,Ps-Juliano,οδυσσέα,Οδυσσέα,1,0,1,75.1,dudoso
Ps-Juliano,Jul_Ep#75,spurious,Ps-Juliano,σώπατρον,Σώπατρον,1,0,0,75.1,sí
Ps-Juliano,Jul_Ep#75,spurious,Ps-Juliano,τηρέωσ,Τηρέως,1,0,0,75.1,sí
Ps-Juliano,Jul_Ep#75,spurious,Ps-Juliano,φαίακεσ,Φαίακες,1,0,0,75.1,sí
Ps-Juliano,Jul_Ep#75,spurious,Ps-Juliano,ἀχαιούσ,Ἀχαιούς,1,0,0,75.1,sí
Ps-Juliano,Jul_Ep#75,spurious,Ps-Juliano,ἑρμῆν,Ἑρμῆν,1,0,0,75.1,sí
Ps-Juliano,Jul_Ep#75,spurious,Ps-Juliano,ἰάμβλιχοσ,Ἰάμβλιχος,1,0,0,75.1,sí
Ps-Juliano,Jul_Ep#75,spurious,Ps-Juliano,ἰαμβλίχου,Ἰαμβλίχου,1,0,0,75.1,sí
Ps-Juliano,Jul_Ep#75,spurious,Ps-Juliano,ἰθάκην,Ἰθάκην,1,0,0,75.1,sí
Ps-Juliano,Jul_Ep#75,spurious,Ps-Juliano,ὦ,Ὦ,1,3,1508,75.1,no
Ps-Juliano,Jul_Ep#76,spurious,Ps-Juliano,καλχηδόνιον,Καλχηδόνιον,1,0,0,76.1,sí
Ps-Juliano,Jul_Ep#76,spurious,Ps-Juliano,παννονίασ,Παννονίας,1,0,0,76.1,sí
Ps-Juliano,Jul_Ep#76,spurious,Ps-Juliano,ἀσκληπιοῦ,Ἀσκληπιοῦ,1,0,0,76.1,sí
Ps-Juliano,Jul_Ep#76,spurious,Ps-Juliano,ἑλλήνων,Ἑλλήνων,1,0,0,76.1,sí
Ps-Juliano,Jul_Ep#76,spurious,Ps-Juliano,ἑρμοῦ,Ἑρμοῦ,1,0,0,76.1,sí
Ps-Juliano,Jul_Ep#76,spurious,Ps-Juliano,ἱκανήν,Ἱκανὴν,1,0,28,76.1,no
Ps-Juliano,Jul_Ep#77,spurious,Ps-Juliano,δία,Δία,1,0,1,77.1,dudoso
Ps-Juliano,Jul_Ep#77,spurious,Ps-Juliano,ζεύσ,Ζεὺς,1,0,0,77.1,sí
Ps-Juliano,Jul_Ep#77,spurious,Ps-Juliano,μουσῶν,Μουσῶν,1,0,4,77.1,no
Ps-Juliano,Jul_Ep#77,spurious,Ps-Juliano,σαπφώ,Σαπφώ,1,0,0,77.1,sí
Ps-Juliano,Jul_Ep#77,spurious,Ps-Juliano,ἦλθεσ,Ἦλθες,1,1,27,77.1,no
Ps-Juliano,Jul_Ep#78,spurious,Ps-Juliano,αἰσθάνομαί,Αἰσθάνομαί,1,0,1,78.1,dudoso
Ps-Juliano,Jul_Ep#78,spurious,Ps-Juliano,βακχύλου,Βακχύλου,1,0,0,78.2,sí
Ps-Juliano,Jul_Ep#78,spurious,Ps-Juliano,εἰ,Εἰ,1,24,10237,78.3,no
Ps-Juliano,Jul_Ep#78,spurious,Ps-Juliano,καλχηδόνιον,Καλχηδόνιον,1,0,0,78.2,sí
Ps-Juliano,Jul_Ep#78,spurious,Ps-Juliano,λυδίασ,Λυδίας,1,0,0,78.3,sí
Ps-Juliano,Jul_Ep#78,spurious,Ps-Juliano,νικομήδουσ,Νικομήδους,1,0,0,78.2,sí
Ps-Juliano,Jul_Ep#78,spurious,Ps-Juliano,πίνδαροσ,Πίνδαρος,1,0,0,78.3,sí
Ps-Juliano,Jul_Ep#78,spurious,Ps-Juliano,παννονίασ,Παννονίας,1,0,0,78.2,sí
Ps-Juliano,Jul_Ep#78,spurious,Ps-Juliano,σώπατρον,Σώπατρον,1,0,0,78.2,sí
Ps-Juliano,Jul_Ep#78,spurious,Ps-Juliano,σώπατροσ,Σώπατρος,1,0,0,78.2,sí
Ps-Juliano,Jul_Ep#78,spurious,Ps-Juliano,ἀπαμείασ,Ἀπαμείας,1,0,0,78.2,sí
Ps-Juliano,Jul_Ep#78,spurious,Ps-Juliano,ἀπαμεύσ,Ἀπαμεὺς,1,0,0,78.2,sí
Ps-Juliano,Jul_Ep#78,spurious,Ps-Juliano,ἀπόλλωνοσ,Ἀπόλλωνος,1,0,1,78.2,dudoso
Ps-Juliano,Jul_Ep#78,spurious,Ps-Juliano,ἀσκληπιόσ,Ἀσκληπιὸς,1,0,0,78.3,sí
Ps-Juliano,Jul_Ep#78,spurious,Ps-Juliano,ἑλληνικοῦ,Ἑλληνικοῦ,1,0,0,78.3,sí
Ps-Juliano,Jul_Ep#78,spurious,Ps-Juliano,ἑλληνικόν,Ἑλληνικὸν,1,0,0,78.3,sí
Ps-Juliano,Jul_Ep#78,spurious,Ps-Juliano,ἑρμοῦ,Ἑρμοῦ,1,0,0,78.3,sí
Ps-Juliano,Jul_Ep#78,spurious,Ps-Juliano,ἡλίου,Ἡλίου,1,2,234,78.3,no
Ps-Juliano,Jul_Ep#78,spurious,Ps-Juliano,ἥλιοσ,Ἥλιος,2,0,180,78.3,no
Ps-Juliano,Jul_Ep#78,spurious,Ps-Juliano,ἦλθον,Ἦλθον,1,1,128,78.2,no
Ps-Juliano,Jul_Ep#78,spurious,Ps-Juliano,ἰάμβλιχοσ,Ἰάμβλιχος,1,0,0,78.2,sí
Ps-Juliano,Jul_Ep#78,spurious,Ps-Juliano,ἰαμβλίχου,Ἰαμβλίχου,2,0,0,78.2|78.3,sí
Ps-Juliano,Jul_Ep#78,spurious,Ps-Juliano,ἰουλιανόσ,Ἰουλιανὸς,1,0,0,78.2,sí
Ps-Juliano,Jul_Ep#78,spurious,Ps-Juliano,ὁμηρικοῖσ,Ὁμηρικοῖς,1,0,0,78.3,sí
Ps-Juliano,Jul_Ep#79,spurious,Ps-Juliano,αἰγύπτιόν,Αἰγύπτιόν,1,0,0,79.1,sí
Ps-Juliano,Jul_Ep#79,spurious,Ps-Juliano,δημόκριτον,Δημόκριτον,1,0,0,79.1,sí
Ps-Juliano,Jul_Ep#79,spurious,Ps-Juliano,διόσ,Διὸς,1,0,2,79.1,dudoso
Ps-Juliano,Jul_Ep#79,spurious,Ps-Juliano,ζεῦ,Ζεῦ,1,0,1,79.1,dudoso
Ps-Juliano,Jul_Ep#79,spurious,Ps-Juliano,πίνδαρον,Πίνδαρον,1,0,0,79.1,sí
Ps-Juliano,Jul_Ep#79,spurious,Ps-Juliano,πλάτωνι,Πλάτωνι,1,0,0,79.1,sí
Ps-Juliano,Jul_Ep#79,spurious,Ps-Juliano,πρωτέα,Πρωτέα,1,0,0,79.1,sí
Ps-Juliano,Jul_Ep#79,spurious,Ps-Juliano,πρωτέωσ,Πρωτέως,1,0,0,79.1,sí
Ps-Juliano,Jul_Ep#79,spurious,Ps-Juliano,πρωτεύσ,Πρωτεὺς,1,0,0,79.1,sí
Ps-Juliano,Jul_Ep#79,spurious,Ps-Juliano,σωκράτει,Σωκράτει,1,0,0,79.1,sí
Ps-Juliano,Jul_Ep#79,spurious,Ps-Juliano,τηλεμάχου,Τηλεμάχου,1,0,0,79.1,sí
Ps-Juliano,Jul_Ep#79,spurious,Ps-Juliano,ἀσκληπιοῦ,Ἀσκληπιοῦ,1,0,0,79.1,sí
Ps-Juliano,Jul_Ep#79,spurious,Ps-Juliano,ἄργον,Ἄργον,1,0,0,79.1,sí
Ps-Juliano,Jul_Ep#79,spurious,Ps-Juliano,ἑλληνικόν,Ἑλληνικόν,1,0,0,79.1,sí
Ps-Juliano,Jul_Ep#79,spurious,Ps-Juliano,ἑρμῆ,Ἑρμῆ,1,0,0,79.1,sí
Ps-Juliano,Jul_Ep#79,spurious,Ps-Juliano,ἰάμβλιχον,Ἰάμβλιχον,1,0,0,79.1,sí
Ps-Juliano,Jul_Ep#79,spurious,Ps-Juliano,ἰαμβλίχῳ,Ἰαμβλίχῳ,1,0,0,79.1,sí
Ps-Juliano,Jul_Ep#79,spurious,Ps-Juliano,ἰοῦσ,Ἰοῦς,1,0,0,79.1,sí
Ps-Juliano,Jul_Ep#79,spurious,Ps-Juliano,ὀδυσσεῖ,Ὀδυσσεῖ,1,0,0,79.1,sí
Ps-Juliano,Jul_Ep#79,spurious,Ps-Juliano,ὀρφέα,Ὀρφέα,2,0,0,79.1,sí
Ps-Juliano,Jul_Ep#79,spurious,Ps-Juliano,ὁμήρῳ,Ὁμήρῳ,1,0,0,79.1,sí
Ps-Juliano,Jul_Ep#79,spurious,Ps-Juliano,ὅμηροσ,Ὅμηρος,2,0,1,79.1,dudoso
Ps-Juliano,Jul_Ep#80,spurious,Ps-Juliano,αἰθιόπων,Αἰθιόπων,1,0,0,80.1,sí
Ps-Juliano,Jul_Ep#80,spurious,Ps-Juliano,βριάρεω,Βριάρεω,1,0,0,80.2,sí
Ps-Juliano,Jul_Ep#80,spurious,Ps-Juliano,δία,Δία,1,0,1,80.2,dudoso
Ps-Juliano,Jul_Ep#80,spurious,Ps-Juliano,δαμασκόν,Δαμασκὸν,1,0,0,80.1,sí
Ps-Juliano,Jul_Ep#80,spurious,Ps-Juliano,διί,Διί|Διὶ,2,0,0,80.2,sí
Ps-Juliano,Jul_Ep#80,spurious,Ps-Juliano,διόσ,Διὸς,4,0,2,80.1|80.2,dudoso
Ps-Juliano,Jul_Ep#80,spurious,Ps-Juliano,θήβασ,Θήβας,1,0,0,80.2,sí
Ps-Juliano,Jul_Ep#80,spurious,Ps-Juliano,θεόφραστοσ,Θεόφραστος,1,0,0,80.1,sí
Ps-Juliano,Jul_Ep#80,spurious,Ps-Juliano,θηβαῖοσ,Θηβαῖος,1,0,0,80.2,sí
Ps-Juliano,Jul_Ep#80,spurious,Ps-Juliano,κρήτη,Κρήτη,1,0,0,80.2,sí
Ps-Juliano,Jul_Ep#80,spurious,Ps-Juliano,πίνδαροσ,Πίνδαρος,1,0,0,80.2,sí
Ps-Juliano,Jul_Ep#80,spurious,Ps-Juliano,παρ’,Παρ’,1,20,2609,80.1,no
Ps-Juliano,Jul_Ep#80,spurious,Ps-Juliano,περσικοί,Περσικοὶ,1,0,0,80.1,sí
Ps-Juliano,Jul_Ep#80,spurious,Ps-Juliano,πύθιον,Πύθιον,1,0,0,80.2,sí
Ps-Juliano,Jul_Ep#80,spurious,Ps-Juliano,πύθωνα,Πύθωνα,1,0,0,80.2,sí
Ps-Juliano,Jul_Ep#80,spurious,Ps-Juliano,σιμωνίδῃ,Σιμωνίδῃ,1,0,0,80.2,sí
Ps-Juliano,Jul_Ep#80,spurious,Ps-Juliano,τυφωέωσ,Τυφωέως,1,0,0,80.2,sí
Ps-Juliano,Jul_Ep#80,spurious,Ps-Juliano,ἀλκίνου,Ἀλκίνου,1,0,0,80.1,sí
Ps-Juliano,Jul_Ep#80,spurious,Ps-Juliano,ἀπόλλωνοσ,Ἀπόλλωνος,1,0,1,80.2,dudoso
Ps-Juliano,Jul_Ep#80,spurious,Ps-Juliano,ἀριστοτέλησ,Ἀριστοτέλης,1,0,0,80.1,sí
Ps-Juliano,Jul_Ep#80,spurious,Ps-Juliano,ἀριστοφάνει,Ἀριστοφάνει,1,0,0,80.1,sí
Ps-Juliano,Jul_Ep#80,spurious,Ps-Juliano,ἄλλοι,Ἄλλοι,1,0,475,80.1,no
Ps-Juliano,Jul_Ep#80,spurious,Ps-Juliano,ἕκατον,Ἕκατον,2,0,0,80.2,sí
Ps-Juliano,Jul_Ep#80,spurious,Ps-Juliano,ἡροδότῳ,Ἡροδότῳ,1,0,0,80.1,sí
Ps-Juliano,Jul_Ep#80,spurious,Ps-Juliano,ἰνδῶν,Ἰνδῶν,1,0,0,80.1,sí
Ps-Juliano,Jul_Ep#80,spurious,Ps-Juliano,ἱπποκράτησ,Ἱπποκράτης,1,0,0,80.1,sí
Ps-Juliano,Jul_Ep#80,spurious,Ps-Juliano,ὅ,Ὅ,1,8,3642,80.2,no
Ps-Juliano,Jul_Ep#80,spurious,Ps-Juliano,ὅμηροσ,Ὅμηρος,4,0,1,80.1|80.2,dudoso
Ps-Juliano,Jul_Ep#81,spurious,Ps-Juliano,γόττοι,Γόττοι,1,0,0,81.1,sí
Ps-Juliano,Jul_Ep#81,spurious,Ps-Juliano,δάνουβιν,Δάνουβιν,1,0,0,81.1,sí
Ps-Juliano,Jul_Ep#81,spurious,Ps-Juliano,δαρείου,Δαρείου,1,0,0,81.1,sí
Ps-Juliano,Jul_Ep#81,spurious,Ps-Juliano,καίσαροσ,Καίσαρος,2,0,4,81.1,no
Ps-Juliano,Jul_Ep#81,spurious,Ps-Juliano,καμπανῷ,Καμπανῷ,1,0,0,81.1,sí
Ps-Juliano,Jul_Ep#81,spurious,Ps-Juliano,κώνστα,Κώνστα,1,0,0,81.1,sí
Ps-Juliano,Jul_Ep#81,spurious,Ps-Juliano,περσικόν,Περσικὸν,1,0,0,81.1,sí
Ps-Juliano,Jul_Ep#81,spurious,Ps-Juliano,περσῶν,Περσῶν,1,0,0,81.1,sí
Ps-Juliano,Jul_Ep#81,spurious,Ps-Juliano,σάπωριν,Σάπωριν,1,0,0,81.1,sí
Ps-Juliano,Jul_Ep#81,spurious,Ps-Juliano,σαγάδαρεσ,Σαγάδαρες,1,0,0,81.1,sí
Ps-Juliano,Jul_Ep#81,spurious,Ps-Juliano,σαρακηνῶν,Σαρακηνῶν,1,0,0,81.1,sí
Ps-Juliano,Jul_Ep#81,spurious,Ps-Juliano,τό,Τὸ,1,78,40665,81.1,no
Ps-Juliano,Jul_Ep#81,spurious,Ps-Juliano,ἰνδῶν,Ἰνδῶν,1,0,0,81.1,sí
Ps-Juliano,Jul_Ep#81,spurious,Ps-Juliano,ῥωμαίων,Ῥωμαίων,2,0,0,81.1,sí
paulinas,1Cor,core,Pablo,Βαρναβᾶς,Βαρναβᾶς,1,0,0,9:6,sí
paulinas,1Cor,core,Pablo,Γάϊος,Γάϊον,1,0,0,1:14,sí
paulinas,1Cor,core,Pablo,Γαλατία,Γαλατίας,1,0,0,16:1,sí
paulinas,1Cor,core,Pablo,Κηφᾶς,Κηφᾶ|Κηφᾶς|Κηφᾷ,4,0,0,1:12|3:22|9:5|15:5,sí
paulinas,1Cor,core,Pablo,Κρίσπος,Κρίσπον,1,0,0,1:14,sí
paulinas,1Cor,core,Pablo,Κόρινθος,Κορίνθῳ,1,0,0,1:2,sí
paulinas,1Cor,core,Pablo,Μακεδονία,Μακεδονίαν,2,0,0,16:5,sí
paulinas,1Cor,core,Pablo,Μωϋσῆς,Μωϋσέως|Μωϋσῆν,2,0,0,9:9|10:2,sí
paulinas,1Cor,core,Pablo,Παῦλος,Παύλου|Παῦλος,8,0,0,1:1|1:12|1:13|3:4|3:5|3:22|16:21,sí
paulinas,1Cor,core,Pablo,Πρίσκα,Πρίσκα,1,0,0,16:19,sí
paulinas,1Cor,core,Pablo,Σατανᾶς,Σατανᾶς|Σατανᾷ,2,0,0,5:5|7:5,sí
paulinas,1Cor,core,Pablo,Στεφανᾶς,Στεφανᾶ,3,0,0,1:16|16:15|16:17,sí
paulinas,1Cor,core,Pablo,Σωσθένης,Σωσθένης,1,0,0,1:1,sí
paulinas,1Cor,core,Pablo,Τιμόθεος,Τιμόθεον|Τιμόθεος,2,0,0,4:17|16:10,sí
paulinas,1Cor,core,Pablo,Φορτουνᾶτος,Φορτουνάτου,1,0,0,16:17,sí
paulinas,1Cor,core,Pablo,Χλόη,Χλόης,1,0,0,1:11,sí
paulinas,1Cor,core,Pablo,Χριστός,Χριστοῦ|Χριστόν|Χριστός|Χριστῷ,63,0,0,1:1|1:2|1:3|1:4|1:6|1:7|1:8|1:9|1:10|1:12|1:13|1:17|1:23|1:24|1:30|2:2|2:16|3:1|3:11|3:23|4:1|4:10|4:15|4:17|5:7|6:15|7:22|8:6|8:11|8:12|9:12|9:21|10:4|10:9|10:16|11:1|11:3|12:12|12:27|15:3|15:12|15:1,sí
paulinas,1Cor,core,Pablo,Ἀδάμ,Ἀδάμ,3,0,0,15:22|15:45,sí
paulinas,1Cor,core,Pablo,Ἀκύλας,Ἀκύλας,1,0,0,16:19,sí
paulinas,1Cor,core,Pablo,Ἀπολλῶς,Ἀπολλῶ|Ἀπολλῶν|Ἀπολλῶς,7,0,0,1:12|3:4|3:5|3:6|3:22|4:6|16:12,sí
paulinas,1Cor,core,Pablo,Ἀσία,Ἀσίας,1,0,0,16:19,sí
paulinas,1Cor,core,Pablo,Ἀχαΐα,Ἀχαΐας,1,0,0,16:15,sí
paulinas,1Cor,core,Pablo,Ἀχαϊκός,Ἀχαϊκοῦ,1,0,0,16:17,sí
paulinas,1Cor,core,Pablo,Ἔφεσος,Ἐφέσῳ,2,0,0,15:32|16:8,sí
paulinas,1Cor,core,Pablo,Ἕλλην,Ἕλληνες|Ἕλλησι(ν),4,0,0,1:22|1:24|10:32|12:13,sí
paulinas,1Cor,core,Pablo,Ἰάκωβος,Ἰακώβῳ,1,0,0,15:7,sí
paulinas,1Cor,core,Pablo,Ἰερουσαλήμ,Ἰερουσαλήμ,1,0,0,16:3,sí
paulinas,1Cor,core,Pablo,Ἰησοῦς,Ἰησοῦ|Ἰησοῦν|Ἰησοῦς,26,0,0,1:1|1:2|1:3|1:4|1:7|1:8|1:9|1:10|1:30|2:2|3:11|4:15|4:17|5:4|6:11|8:6|9:1|11:23|12:3|15:31|15:57|16:23|16:24,sí
paulinas,1Cor,core,Pablo,Ἰσραήλ,Ἰσραήλ,1,0,0,10:18,sí
paulinas,1Tes,core,Pablo,Θεσσαλονικεύς,Θεσσαλονικέων,1,0,0,1:1,sí
paulinas,1Tes,core,Pablo,Μακεδονία,Μακεδονίᾳ,3,0,0,1:7|1:8|4:10,sí
paulinas,1Tes,core,Pablo,Παῦλος,Παῦλος,2,0,0,1:1|2:18,sí
paulinas,1Tes,core,Pablo,Σατανᾶς,Σατανᾶς,1,0,0,2:18,sí
paulinas,1Tes,core,Pablo,Σιλουανός,Σιλουανός,1,0,0,1:1,sí
paulinas,1Tes,core,Pablo,Τιμόθεος,Τιμοθέου|Τιμόθεον|Τιμόθεος,3,0,0,1:1|3:2|3:6,sí
paulinas,1Tes,core,Pablo,Φίλιπποι,Φιλίπποις,1,0,0,2:2,sí
paulinas,1Tes,core,Pablo,Χριστός,Χριστοῦ|Χριστῷ,10,0,0,1:1|1:3|2:7|2:14|3:2|4:16|5:9|5:18|5:23|5:28,sí
paulinas,1Tes,core,Pablo,Ἀθῆναι,Ἀθήναις,1,0,0,3:1,sí
paulinas,1Tes,core,Pablo,Ἀχαΐα,Ἀχαΐᾳ,2,0,0,1:7|1:8,sí
paulinas,1Tes,core,Pablo,Ἰησοῦς,Ἰησοῦ|Ἰησοῦν|Ἰησοῦς,16,0,0,1:1|1:3|1:10|2:14|2:15|2:19|3:11|3:13|4:1|4:2|4:14|5:9|5:18|5:23|5:28,sí
paulinas,1Tes,core,Pablo,Ἰουδαία,Ἰουδαίᾳ,1,0,0,2:14,sí
paulinas,1Tim,target,Pablo?,Εὕα,Εὕα,1,0,0,2:13,sí
paulinas,1Tim,target,Pablo?,Μακεδονία,Μακεδονίαν,1,0,0,1:3,sí
paulinas,1Tim,target,Pablo?,Παῦλος,Παῦλος,1,0,0,1:1,sí
paulinas,1Tim,target,Pablo?,Πιλᾶτος,Πιλάτου,1,0,0,6:13,sí
paulinas,1Tim,target,Pablo?,Πόντιος,Ποντίου,1,0,0,6:13,sí
paulinas,1Tim,target,Pablo?,Σατανᾶς,Σατανᾶ|Σατανᾷ,2,0,0,1:20|5:15,sí
paulinas,1Tim,target,Pablo?,Τιμόθεος,Τιμοθέῳ|Τιμόθεε,3,0,0,1:2|1:18|6:20,sí
paulinas,1Tim,target,Pablo?,Χριστός,Χριστοῦ|Χριστός|Χριστῷ,15,0,0,1:1|1:2|1:12|1:14|1:15|1:16|2:5|3:13|4:6|5:11|5:21|6:3|6:13|6:14,sí
paulinas,1Tim,target,Pablo?,Ἀδάμ,Ἀδάμ,2,0,0,2:13|2:14,sí
paulinas,1Tim,target,Pablo?,Ἀλέξανδρος,Ἀλέξανδρος,1,0,0,1:20,sí
paulinas,1Tim,target,Pablo?,Ἔφεσος,Ἐφέσῳ,1,0,0,1:3,sí
paulinas,1Tim,target,Pablo?,Ἰησοῦς,Ἰησοῦ|Ἰησοῦς,14,0,0,1:1|1:2|1:12|1:14|1:15|1:16|2:5|3:13|4:6|5:21|6:3|6:13|6:14,sí
paulinas,1Tim,target,Pablo?,Ὑμέναιος,Ὑμέναιος,1,0,0,1:20,sí
paulinas,2Cor,core,Pablo,Βελιάρ,Βελιάρ,1,0,0,6:15,sí
paulinas,2Cor,core,Pablo,Δαμασκός,Δαμασκῷ,1,0,0,11:32,sí
paulinas,2Cor,core,Pablo,Εὕα,Εὕαν,1,0,0,11:3,sí
paulinas,2Cor,core,Pablo,Κορίνθιος,Κορίνθιοι,1,0,0,6:11,sí
paulinas,2Cor,core,Pablo,Κόρινθος,Κορίνθῳ|Κόρινθον,2,0,0,1:1|1:23,sí
paulinas,2Cor,core,Pablo,Μακεδονία,Μακεδονίαν|Μακεδονίας,6,0,0,1:16|2:13|7:5|8:1|11:9,sí
paulinas,2Cor,core,Pablo,Μακεδών,Μακεδόνες|Μακεδόσι(ν),2,0,0,9:2|9:4,sí
paulinas,2Cor,core,Pablo,Μωϋσῆς,Μωϋσέως|Μωϋσῆς,3,0,0,3:7|3:13|3:15,sí
paulinas,2Cor,core,Pablo,Παῦλος,Παῦλος,2,0,0,1:1|10:1,sí
paulinas,2Cor,core,Pablo,Σατανᾶς,Σατανᾶ|Σατανᾶς,3,0,0,2:11|11:14|12:7,sí
paulinas,2Cor,core,Pablo,Σιλουανός,Σιλουανοῦ,1,0,0,1:19,sí
paulinas,2Cor,core,Pablo,Τίτος,Τίτον|Τίτος|Τίτου,9,0,0,2:13|7:6|7:13|7:14|8:6|8:16|8:23|12:18,sí
paulinas,2Cor,core,Pablo,Τιμόθεος,Τιμοθέου|Τιμόθεος,2,0,0,1:1|1:19,sí
paulinas,2Cor,core,Pablo,Τρῳάς,Τρῳάδα,1,0,0,2:12,sí
paulinas,2Cor,core,Pablo,Χριστός,Χριστοῦ|Χριστόν|Χριστός|Χριστῷ,47,0,0,1:1|1:2|1:3|1:5|1:19|1:21|2:10|2:12|2:14|2:15|2:17|3:3|3:4|3:14|4:4|4:5|4:6|5:10|5:14|5:16|5:17|5:18|5:19|5:20|6:15|8:9|8:23|9:13|10:1|10:5|10:7|10:14|11:2|11:3|11:10|11:13|11:23|12:2|12:9|12:10|12:19,sí
paulinas,2Cor,core,Pablo,Ἀβραάμ,Ἀβραάμ,1,0,0,11:22,sí
paulinas,2Cor,core,Pablo,Ἀσία,Ἀσίᾳ,1,0,0,1:8,sí
paulinas,2Cor,core,Pablo,Ἀχαΐα,Ἀχαΐα|Ἀχαΐας|Ἀχαΐᾳ,3,0,0,1:1|9:2|11:10,sí
paulinas,2Cor,core,Pablo,Ἁρέτας,Ἁρέτα,1,0,0,11:32,sí
paulinas,2Cor,core,Pablo,Ἑβραῖος,Ἑβραῖοι,1,0,0,11:22,sí
paulinas,2Cor,core,Pablo,Ἰησοῦς,Ἰησοῦ|Ἰησοῦν|Ἰησοῦς,18,0,0,1:1|1:2|1:3|1:14|1:19|4:5|4:10|4:11|4:14|8:9|11:4|11:31|13:5|13:13,sí
paulinas,2Cor,core,Pablo,Ἰουδαία,Ἰουδαίαν,1,0,0,1:16,sí
paulinas,2Cor,core,Pablo,Ἰσραήλ,Ἰσραήλ,2,0,0,3:7|3:13,sí
paulinas,2Cor,core,Pablo,Ἰσραηλίτης,Ἰσραηλῖται,1,0,0,11:22,sí
paulinas,2Tes,target,Pablo?,Θεσσαλονικεύς,Θεσσαλονικέων,1,0,0,1:1,sí
paulinas,2Tes,target,Pablo?,Παῦλος,Παύλου|Παῦλος,2,0,0,1:1|3:17,sí
paulinas,2Tes,target,Pablo?,Σατανᾶς,Σατανᾶ,1,0,0,2:9,sí
paulinas,2Tes,target,Pablo?,Σιλουανός,Σιλουανός,1,0,0,1:1,sí
paulinas,2Tes,target,Pablo?,Τιμόθεος,Τιμόθεος,1,0,0,1:1,sí
paulinas,2Tes,target,Pablo?,Χριστός,Χριστοῦ|Χριστός|Χριστῷ,10,0,0,1:1|1:2|1:12|2:1|2:14|2:16|3:5|3:6|3:12|3:18,sí
paulinas,2Tes,target,Pablo?,Ἰησοῦς,Ἰησοῦ|Ἰησοῦς,13,0,0,1:1|1:2|1:7|1:8|1:12|2:1|2:8|2:14|2:16|3:6|3:12|3:18,sí
paulinas,2Tim,target,Pablo?,Γαλατία,Γαλατίαν,1,0,0,4:10,sí
paulinas,2Tim,target,Pablo?,Δαλματία,Δαλματίαν,1,0,0,4:10,sí
paulinas,2Tim,target,Pablo?,Δαυίδ,Δαυίδ,1,0,0,2:8,sí
paulinas,2Tim,target,Pablo?,Δημᾶς,Δημᾶς,1,0,0,4:10,sí
paulinas,2Tim,target,Pablo?,Εὐνίκη,Εὐνίκῃ,1,0,0,1:5,sí
paulinas,2Tim,target,Pablo?,Εὔβουλος,Εὔβουλος,1,0,0,4:21,sí
paulinas,2Tim,target,Pablo?,Θεσσαλονίκη,Θεσσαλονίκην,1,0,0,4:10,sí
paulinas,2Tim,target,Pablo?,Κάρπος,Κάρπῳ,1,0,0,4:13,sí
paulinas,2Tim,target,Pablo?,Κλαυδία,Κλαυδία,1,0,0,4:21,sí
paulinas,2Tim,target,Pablo?,Κρήσκης,Κρήσκης,1,0,0,4:10,sí
paulinas,2Tim,target,Pablo?,Κόρινθος,Κορίνθῳ,1,0,0,4:20,sí
paulinas,2Tim,target,Pablo?,Λίνος,Λίνος,1,0,0,4:21,sí
paulinas,2Tim,target,Pablo?,Λουκᾶς,Λουκᾶς,1,0,0,4:11,sí
paulinas,2Tim,target,Pablo?,Λωΐς,Λωΐδι,1,0,0,1:5,sí
paulinas,2Tim,target,Pablo?,Λύστρα,Λύστροις,1,0,0,3:11,sí
paulinas,2Tim,target,Pablo?,Μίλητος,Μιλήτῳ,1,0,0,4:20,sí
paulinas,2Tim,target,Pablo?,Μωϋσῆς,Μωϋσεῖ,1,0,0,3:8,sí
paulinas,2Tim,target,Pablo?,Μᾶρκος,Μᾶρκον,1,0,0,4:11,sí
paulinas,2Tim,target,Pablo?,Παῦλος,Παῦλος,1,0,0,1:1,sí
paulinas,2Tim,target,Pablo?,Πούδης,Πούδης,1,0,0,4:21,sí
paulinas,2Tim,target,Pablo?,Πρίσκα,Πρίσκαν,1,0,0,4:19,sí
paulinas,2Tim,target,Pablo?,Τίτος,Τίτος,1,0,0,4:10,sí
paulinas,2Tim,target,Pablo?,Τιμόθεος,Τιμοθέῳ,1,0,0,1:2,sí
paulinas,2Tim,target,Pablo?,Τρόφιμος,Τρόφιμον,1,0,0,4:20,sí
paulinas,2Tim,target,Pablo?,Τρῳάς,Τρῳάδι,1,0,0,4:13,sí
paulinas,2Tim,target,Pablo?,Τυχικός,Τυχικόν,1,0,0,4:12,sí
paulinas,2Tim,target,Pablo?,Φίλητος,Φίλητος,1,0,0,2:17,sí
paulinas,2Tim,target,Pablo?,Φύγελος,Φύγελος,1,0,0,1:15,sí
paulinas,2Tim,target,Pablo?,Χριστός,Χριστοῦ|Χριστόν|Χριστῷ,13,0,0,1:1|1:2|1:9|1:10|1:13|2:1|2:3|2:8|2:10|3:12|3:15|4:1,sí
paulinas,2Tim,target,Pablo?,Ἀκύλας,Ἀκύλαν,1,0,0,4:19,sí
paulinas,2Tim,target,Pablo?,Ἀλέξανδρος,Ἀλέξανδρος,1,0,0,4:14,sí
paulinas,2Tim,target,Pablo?,Ἀντιόχεια,Ἀντιοχείᾳ,1,0,0,3:11,sí
paulinas,2Tim,target,Pablo?,Ἀσία,Ἀσίᾳ,1,0,0,1:15,sí
paulinas,2Tim,target,Pablo?,Ἑρμογένης,Ἑρμογένης,1,0,0,1:15,sí
paulinas,2Tim,target,Pablo?,Ἔραστος,Ἔραστος,1,0,0,4:20,sí
paulinas,2Tim,target,Pablo?,Ἔφεσος,Ἐφέσῳ|Ἔφεσον,2,0,0,1:18|4:12,sí
paulinas,2Tim,target,Pablo?,Ἰάννης,Ἰάννης,1,0,0,3:8,sí
paulinas,2Tim,target,Pablo?,Ἰαμβρῆς,Ἰαμβρῆς,1,0,0,3:8,sí
paulinas,2Tim,target,Pablo?,Ἰησοῦς,Ἰησοῦ|Ἰησοῦν,13,0,0,1:1|1:2|1:9|1:10|1:13|2:1|2:3|2:8|2:10|3:12|3:15|4:1,sí
paulinas,2Tim,target,Pablo?,Ἰκόνιον,Ἰκονίῳ,1,0,0,3:11,sí
paulinas,2Tim,target,Pablo?,Ὀνησίφορος,Ὀνησιφόρου,2,0,0,1:16|4:19,sí
paulinas,2Tim,target,Pablo?,Ὑμέναιος,Ὑμέναιος,1,0,0,2:17,sí
paulinas,2Tim,target,Pablo?,Ῥώμη,Ῥώμῃ,1,0,0,1:17,sí
paulinas,Col,target,Pablo?,Βαρναβᾶς,Βαρναβᾶ,1,0,0,4:10,sí
paulinas,Col,target,Pablo?,Δημᾶς,Δημᾶς,1,0,0,4:14,sí
paulinas,Col,target,Pablo?,Κολοσσαί,Κολοσσαῖς,1,0,0,1:2,sí
paulinas,Col,target,Pablo?,Λαοδίκεια,Λαοδικείας|Λαοδικείᾳ,4,0,0,2:1|4:13|4:15|4:16,sí
paulinas,Col,target,Pablo?,Λαοδικεύς,Λαοδικέων,1,0,0,4:16,sí
paulinas,Col,target,Pablo?,Λουκᾶς,Λουκᾶς,1,0,0,4:14,sí
paulinas,Col,target,Pablo?,Μᾶρκος,Μᾶρκος,1,0,0,4:10,sí
paulinas,Col,target,Pablo?,Νύμφα,Νύμφαν,1,0,0,4:15,sí
paulinas,Col,target,Pablo?,Παῦλος,Παύλου|Παῦλος,3,0,0,1:1|1:23|4:18,sí
paulinas,Col,target,Pablo?,Σκύθης,Σκύθης,1,0,0,3:11,sí
paulinas,Col,target,Pablo?,Τιμόθεος,Τιμόθεος,1,0,0,1:1,sí
paulinas,Col,target,Pablo?,Τυχικός,Τυχικός,1,0,0,4:7,sí
paulinas,Col,target,Pablo?,Χριστός,Χριστοῦ|Χριστόν|Χριστός|Χριστῷ,25,0,0,1:1|1:2|1:3|1:4|1:7|1:24|1:27|1:28|2:2|2:5|2:6|2:8|2:11|2:17|2:20|3:1|3:3|3:4|3:11|3:15|3:16|3:24|4:3|4:12,sí
paulinas,Col,target,Pablo?,Ἀρίσταρχος,Ἀρίσταρχος,1,0,0,4:10,sí
paulinas,Col,target,Pablo?,Ἄρχιππος,Ἀρχίππῳ,1,0,0,4:17,sí
paulinas,Col,target,Pablo?,Ἐπαφρᾶς,Ἐπαφρᾶ|Ἐπαφρᾶς,2,0,0,1:7|4:12,sí
paulinas,Col,target,Pablo?,Ἕλλην,Ἕλλην,1,0,0,3:11,sí
paulinas,Col,target,Pablo?,Ἰησοῦς,Ἰησοῦ|Ἰησοῦν|Ἰησοῦς,6,0,0,1:1|1:3|1:4|2:6|3:17|4:11,sí
paulinas,Col,target,Pablo?,Ἰοῦστος,Ἰοῦστος,1,0,0,4:11,sí
paulinas,Col,target,Pablo?,Ἱεράπολις,Ἱεραπόλει,1,0,0,4:13,sí
paulinas,Col,target,Pablo?,Ὀνήσιμος,Ὀνησίμῳ,1,0,0,4:9,sí
paulinas,Ef,target,Pablo?,Παῦλος,Παῦλος,2,0,0,1:1|3:1,sí
paulinas,Ef,target,Pablo?,Τυχικός,Τυχικός,1,0,0,6:21,sí
paulinas,Ef,target,Pablo?,Χριστός,Χριστοῦ|Χριστόν|Χριστός|Χριστῷ,46,0,0,1:1|1:2|1:3|1:5|1:10|1:12|1:17|1:20|2:5|2:6|2:7|2:10|2:12|2:13|2:20|3:1|3:4|3:6|3:8|3:11|3:17|3:19|3:21|4:7|4:12|4:13|4:15|4:20|4:32|5:2|5:5|5:14|5:20|5:21|5:23|5:24|5:25|5:29|5:32|6:5|6:6|6:23|6:24,sí
paulinas,Ef,target,Pablo?,Ἔφεσος,Ἐφέσῳ,1,0,0,1:1,sí
paulinas,Ef,target,Pablo?,Ἰησοῦς,Ἰησοῦ|Ἰησοῦν,20,0,0,1:1|1:2|1:3|1:5|1:15|1:17|2:6|2:7|2:10|2:13|2:20|3:1|3:6|3:11|3:21|4:21|5:20|6:23|6:24,sí
paulinas,Ef,target,Pablo?,Ἰσραήλ,Ἰσραήλ,1,0,0,2:12,sí
paulinas,Flm,core,Pablo,Δημᾶς,Δημᾶς,1,0,0,1:24,sí
paulinas,Flm,core,Pablo,Λουκᾶς,Λουκᾶς,1,0,0,1:24,sí
paulinas,Flm,core,Pablo,Μᾶρκος,Μᾶρκος,1,0,0,1:24,sí
paulinas,Flm,core,Pablo,Παῦλος,Παῦλος,3,0,0,1:1|1:9|1:19,sí
paulinas,Flm,core,Pablo,Τιμόθεος,Τιμόθεος,1,0,0,1:1,sí
paulinas,Flm,core,Pablo,Φιλήμων,Φιλήμονι,1,0,0,1:1,sí
paulinas,Flm,core,Pablo,Χριστός,Χριστοῦ|Χριστόν|Χριστῷ,8,0,0,1:1|1:3|1:6|1:8|1:9|1:20|1:23|1:25,sí
paulinas,Flm,core,Pablo,Ἀπφία,Ἀπφίᾳ,1,0,0,1:2,sí
paulinas,Flm,core,Pablo,Ἀρίσταρχος,Ἀρίσταρχος,1,0,0,1:24,sí
paulinas,Flm,core,Pablo,Ἄρχιππος,Ἀρχίππῳ,1,0,0,1:2,sí
paulinas,Flm,core,Pablo,Ἐπαφρᾶς,Ἐπαφρᾶς,1,0,0,1:23,sí
paulinas,Flm,core,Pablo,Ἰησοῦς,Ἰησοῦ|Ἰησοῦν,6,0,0,1:1|1:3|1:5|1:9|1:23|1:25,sí
paulinas,Flm,core,Pablo,Ὀνήσιμος,Ὀνήσιμον,1,0,0,1:10,sí
paulinas,Flp,core,Pablo,Βενιαμίν,Βενιαμίν,1,0,0,3:5,sí
paulinas,Flp,core,Pablo,Εὐοδία,Εὐοδίαν,1,0,0,4:2,sí
paulinas,Flp,core,Pablo,Θεσσαλονίκη,Θεσσαλονίκῃ,1,0,0,4:16,sí
paulinas,Flp,core,Pablo,Καῖσαρ,Καίσαρος,1,0,0,4:22,sí
paulinas,Flp,core,Pablo,Κλήμης,Κλήμεντος,1,0,0,4:3,sí
paulinas,Flp,core,Pablo,Μακεδονία,Μακεδονίας,1,0,0,4:15,sí
paulinas,Flp,core,Pablo,Παῦλος,Παῦλος,1,0,0,1:1,sí
paulinas,Flp,core,Pablo,Συντύχη,Συντύχην,1,0,0,4:2,sí
paulinas,Flp,core,Pablo,Τιμόθεος,Τιμόθεον|Τιμόθεος,2,0,0,1:1|2:19,sí
paulinas,Flp,core,Pablo,Φίλιπποι,Φιλίπποις,1,0,0,1:1,sí
paulinas,Flp,core,Pablo,Φαρισαῖος,Φαρισαῖος,1,0,0,3:5,sí
paulinas,Flp,core,Pablo,Φιλιππήσιος,Φιλιππήσιοι,1,0,0,4:15,sí
paulinas,Flp,core,Pablo,Χριστός,Χριστοῦ|Χριστόν|Χριστός|Χριστῷ,37,0,0,1:1|1:2|1:6|1:8|1:10|1:11|1:13|1:15|1:17|1:18|1:19|1:20|1:21|1:23|1:26|1:27|1:29|2:1|2:5|2:11|2:16|2:21|2:30|3:3|3:7|3:8|3:9|3:12|3:14|3:18|3:20|4:7|4:19|4:21|4:23,sí
paulinas,Flp,core,Pablo,Ἐπαφρόδιτος,Ἐπαφροδίτου|Ἐπαφρόδιτον,2,0,0,2:25|4:18,sí
paulinas,Flp,core,Pablo,Ἑβραῖος,Ἑβραίων|Ἑβραῖος,2,0,0,3:5,sí
paulinas,Flp,core,Pablo,Ἰησοῦς,Ἰησοῦ|Ἰησοῦν|Ἰησοῦς,21,0,0,1:1|1:2|1:6|1:8|1:11|1:19|1:26|2:5|2:10|2:11|2:19|2:21|3:3|3:8|3:14|3:20|4:7|4:19|4:21|4:23,sí
paulinas,Flp,core,Pablo,Ἰσραήλ,Ἰσραήλ,1,0,0,3:5,sí
paulinas,Gal,core,Pablo,Βαρναβᾶς,Βαρναβᾶ|Βαρναβᾶς|Βαρναβᾷ,3,0,0,2:1|2:9|2:13,sí
paulinas,Gal,core,Pablo,Γαλάτης,Γαλάται,1,0,0,3:1,sí
paulinas,Gal,core,Pablo,Γαλατία,Γαλατίας,1,0,0,1:2,sí
paulinas,Gal,core,Pablo,Δαμασκός,Δαμασκόν,1,0,0,1:17,sí
paulinas,Gal,core,Pablo,Κηφᾶς,Κηφᾶν|Κηφᾶς|Κηφᾷ,4,0,0,1:18|2:9|2:11|2:14,sí
paulinas,Gal,core,Pablo,Κιλικία,Κιλικίας,1,0,0,1:21,sí
paulinas,Gal,core,Pablo,Πέτρος,Πέτρος|Πέτρῳ,2,0,0,2:7|2:8,sí
paulinas,Gal,core,Pablo,Παῦλος,Παῦλος,2,0,0,1:1|5:2,sí
paulinas,Gal,core,Pablo,Σινᾶ,Σινᾶ,2,0,0,4:24|4:25,sí
paulinas,Gal,core,Pablo,Συρία,Συρίας,1,0,0,1:21,sí
paulinas,Gal,core,Pablo,Τίτος,Τίτον|Τίτος,2,0,0,2:1|2:3,sí
paulinas,Gal,core,Pablo,Χριστός,Χριστοῦ|Χριστόν|Χριστός|Χριστῷ,38,0,0,1:1|1:3|1:6|1:7|1:10|1:12|1:22|2:4|2:16|2:17|2:19|2:20|2:21|3:1|3:13|3:14|3:16|3:22|3:24|3:26|3:27|3:28|3:29|4:14|4:19|5:1|5:2|5:4|5:6|5:24|6:2|6:12|6:14|6:18,sí
paulinas,Gal,core,Pablo,Ἀβραάμ,Ἀβραάμ,9,0,0,3:6|3:7|3:8|3:9|3:14|3:16|3:18|3:29|4:22,sí
paulinas,Gal,core,Pablo,Ἀντιόχεια,Ἀντιόχειαν,1,0,0,2:11,sí
paulinas,Gal,core,Pablo,Ἀραβία,Ἀραβίαν|Ἀραβίᾳ,2,0,0,1:17|4:25,sí
paulinas,Gal,core,Pablo,Ἁγάρ,Ἁγάρ,2,0,0,4:24|4:25,sí
paulinas,Gal,core,Pablo,Ἕλλην,Ἕλλην,2,0,0,2:3|3:28,sí
paulinas,Gal,core,Pablo,Ἰάκωβος,Ἰάκωβον|Ἰάκωβος|Ἰακώβου,3,0,0,1:19|2:9|2:12,sí
paulinas,Gal,core,Pablo,Ἰερουσαλήμ,Ἰερουσαλήμ,2,0,0,4:25|4:26,sí
paulinas,Gal,core,Pablo,Ἰησοῦς,Ἰησοῦ|Ἰησοῦν|Ἰησοῦς,16,0,0,1:1|1:3|1:12|2:4|2:16|3:1|3:14|3:22|3:26|3:28|4:14|5:6|6:14|6:17|6:18,sí
paulinas,Gal,core,Pablo,Ἰουδαία,Ἰουδαίας,1,0,0,1:22,sí
paulinas,Gal,core,Pablo,Ἰουδαϊσμός,Ἰουδαϊσμῷ,2,0,0,1:13|1:14,sí
paulinas,Gal,core,Pablo,Ἰσαάκ,Ἰσαάκ,1,0,0,4:28,sí
paulinas,Gal,core,Pablo,Ἰσραήλ,Ἰσραήλ,1,0,0,6:16,sí
paulinas,Gal,core,Pablo,Ἰωάννης,Ἰωάννης,1,0,0,2:9,sí
paulinas,Gal,core,Pablo,Ἱεροσόλυμα,Ἱεροσόλυμα,3,0,0,1:17|1:18|2:1,sí
paulinas,Heb,target,Pablo?,Αἴγυπτος,Αἰγύπτου|Αἴγυπτον,4,0,0,3:16|8:9|11:26|11:27,sí
paulinas,Heb,target,Pablo?,Βαράκ,Βαράκ,1,0,0,11:32,sí
paulinas,Heb,target,Pablo?,Γεδεών,Γεδεών,1,0,0,11:32,sí
paulinas,Heb,target,Pablo?,Δαυίδ,Δαυίδ,2,0,0,4:7|11:32,sí
paulinas,Heb,target,Pablo?,Κάϊν,Κάϊν,1,0,0,11:4,sí
paulinas,Heb,target,Pablo?,Λευί,Λευί,2,0,0,7:5|7:9,sí
paulinas,Heb,target,Pablo?,Μελχισέδεκ,Μελχισέδεκ,8,0,0,5:6|5:10|6:20|7:1|7:10|7:11|7:15|7:17,sí
paulinas,Heb,target,Pablo?,Μωϋσῆς,Μωϋσέως|Μωϋσῆν|Μωϋσῆς,11,0,0,3:2|3:3|3:5|3:16|7:14|8:5|9:19|10:28|11:23|11:24|12:21,sí
paulinas,Heb,target,Pablo?,Νῶε,Νῶε,1,0,0,11:7,sí
paulinas,Heb,target,Pablo?,Σάρρα,Σάρρᾳ,1,0,0,11:11,sí
paulinas,Heb,target,Pablo?,Σαλήμ,Σαλήμ,2,0,0,7:1|7:2,sí
paulinas,Heb,target,Pablo?,Σαμουήλ,Σαμουήλ,1,0,0,11:32,sí
paulinas,Heb,target,Pablo?,Σαμψών,Σαμψών,1,0,0,11:32,sí
paulinas,Heb,target,Pablo?,Σιών,Σιών,1,0,0,12:22,sí
paulinas,Heb,target,Pablo?,Τιμόθεος,Τιμόθεον,1,0,0,13:23,sí
paulinas,Heb,target,Pablo?,Φαραώ,Φαραώ,1,0,0,11:24,sí
paulinas,Heb,target,Pablo?,Χεροῦβ,Χερουβίν,1,0,0,9:5,sí
paulinas,Heb,target,Pablo?,Χριστός,Χριστοῦ|Χριστός,12,0,0,3:6|3:14|5:5|6:1|9:11|9:14|9:24|9:28|10:10|11:26|13:8|13:21,sí
paulinas,Heb,target,Pablo?,Ἀαρών,Ἀαρών,3,0,0,5:4|7:11|9:4,sí
paulinas,Heb,target,Pablo?,Ἀβραάμ,Ἀβραάμ,10,0,0,2:16|6:13|7:1|7:2|7:4|7:5|7:6|7:9|11:8|11:17,sí
paulinas,Heb,target,Pablo?,Ἅβελ,Ἅβελ,2,0,0,11:4|12:24,sí
paulinas,Heb,target,Pablo?,Ἑνώχ,Ἑνώχ,1,0,0,11:5,sí
paulinas,Heb,target,Pablo?,Ἠσαῦ,Ἠσαῦ,2,0,0,11:20|12:16,sí
paulinas,Heb,target,Pablo?,Ἰακώβ,Ἰακώβ,3,0,0,11:9|11:20|11:21,sí
paulinas,Heb,target,Pablo?,Ἰεριχώ,Ἰεριχώ,1,0,0,11:30,sí
paulinas,Heb,target,Pablo?,Ἰερουσαλήμ,Ἰερουσαλήμ,1,0,0,12:22,sí
paulinas,Heb,target,Pablo?,Ἰεφθάε,Ἰεφθάε,1,0,0,11:32,sí
paulinas,Heb,target,Pablo?,Ἰησοῦς,Ἰησοῦ|Ἰησοῦν|Ἰησοῦς,14,0,0,2:9|3:1|4:8|4:14|6:20|7:22|10:10|10:19|12:2|12:24|13:8|13:12|13:20|13:21,sí
paulinas,Heb,target,Pablo?,Ἰούδας,Ἰούδα,2,0,0,7:14|8:8,sí
paulinas,Heb,target,Pablo?,Ἰσαάκ,Ἰσαάκ,4,0,0,11:9|11:17|11:18|11:20,sí
paulinas,Heb,target,Pablo?,Ἰσραήλ,Ἰσραήλ,3,0,0,8:8|8:10|11:22,sí
paulinas,Heb,target,Pablo?,Ἰταλία,Ἰταλίας,1,0,0,13:24,sí
paulinas,Heb,target,Pablo?,Ἰωσήφ,Ἰωσήφ,2,0,0,11:21|11:22,sí
paulinas,Heb,target,Pablo?,Ῥαάβ,Ῥαάβ,1,0,0,11:31,sí
paulinas,Rom,core,Pablo,Βάαλ,Βάαλ,1,0,0,11:4,sí
paulinas,Rom,core,Pablo,Βενιαμίν,Βενιαμίν,1,0,0,11:1,sí
paulinas,Rom,core,Pablo,Γάϊος,Γάϊος,1,0,0,16:23,sí
paulinas,Rom,core,Pablo,Γόμορρα,Γόμορρα,1,0,0,9:29,sí
paulinas,Rom,core,Pablo,Δαυίδ,Δαυίδ,3,0,0,1:3|4:6|11:9,sí
paulinas,Rom,core,Pablo,Κεγχρεαί,Κεγχρεαῖς,1,0,0,16:1,sí
paulinas,Rom,core,Pablo,Κούαρτος,Κούαρτος,1,0,0,16:23,sí
paulinas,Rom,core,Pablo,Λούκιος,Λούκιος,1,0,0,16:21,sí
paulinas,Rom,core,Pablo,Μακεδονία,Μακεδονία,1,0,0,15:26,sí
paulinas,Rom,core,Pablo,Μαριάμ,Μαριάμ,1,0,0,16:6,sí
paulinas,Rom,core,Pablo,Μωϋσῆς,Μωϋσέως|Μωϋσεῖ|Μωϋσῆς,4,0,0,5:14|9:15|10:5|10:19,sí
paulinas,Rom,core,Pablo,Νάρκισσος,Ναρκίσσου,1,0,0,16:11,sí
paulinas,Rom,core,Pablo,Νηρεύς,Νηρέα,1,0,0,16:15,sí
paulinas,Rom,core,Pablo,Οὐρβανός,Οὐρβανόν,1,0,0,16:9,sí
paulinas,Rom,core,Pablo,Πατροβᾶς,Πατροβᾶν,1,0,0,16:14,sí
paulinas,Rom,core,Pablo,Παῦλος,Παῦλος,1,0,0,1:1,sí
paulinas,Rom,core,Pablo,Περσίς,Περσίδα,1,0,0,16:12,sí
paulinas,Rom,core,Pablo,Πρίσκα,Πρίσκαν,1,0,0,16:3,sí
paulinas,Rom,core,Pablo,Σάρρα,Σάρρας|Σάρρᾳ,2,0,0,4:19|9:9,sí
paulinas,Rom,core,Pablo,Σαβαώθ,Σαβαώθ,1,0,0,9:29,sí
paulinas,Rom,core,Pablo,Σατανᾶς,Σατανᾶν,1,0,0,16:20,sí
paulinas,Rom,core,Pablo,Σιών,Σιών,2,0,0,9:33|11:26,sí
paulinas,Rom,core,Pablo,Σπανία,Σπανίαν,2,0,0,15:24|15:28,sí
paulinas,Rom,core,Pablo,Στάχυς,Στάχυν,1,0,0,16:9,sí
paulinas,Rom,core,Pablo,Σωσίπατρος,Σωσίπατρος,1,0,0,16:21,sí
paulinas,Rom,core,Pablo,Σόδομα,Σόδομα,1,0,0,9:29,sí
paulinas,Rom,core,Pablo,Τέρτιος,Τέρτιος,1,0,0,16:22,sí
paulinas,Rom,core,Pablo,Τιμόθεος,Τιμόθεος,1,0,0,16:21,sí
paulinas,Rom,core,Pablo,Τρυφῶσα,Τρυφῶσαν,1,0,0,16:12,sí
paulinas,Rom,core,Pablo,Τρύφαινα,Τρύφαιναν,1,0,0,16:12,sí
paulinas,Rom,core,Pablo,Φαραώ,Φαραώ,1,0,0,9:17,sí
paulinas,Rom,core,Pablo,Φιλόλογος,Φιλόλογον,1,0,0,16:15,sí
paulinas,Rom,core,Pablo,Φλέγων,Φλέγοντα,1,0,0,16:14,sí
paulinas,Rom,core,Pablo,Φοίβη,Φοίβην,1,0,0,16:1,sí
paulinas,Rom,core,Pablo,Χριστός,Χριστοῦ|Χριστόν|Χριστός|Χριστῷ,65,0,0,1:1|1:4|1:6|1:7|1:8|2:16|3:22|3:24|5:1|5:6|5:8|5:11|5:15|5:17|5:21|6:3|6:4|6:8|6:9|6:11|6:23|7:4|7:25|8:1|8:2|8:9|8:10|8:11|8:17|8:34|8:35|8:39|9:1|9:3|9:5|10:4|10:6|10:7|10:17|12:5|13:14|14:9|14:15|1,sí
paulinas,Rom,core,Pablo,Ἀβραάμ,Ἀβραάμ,9,0,0,4:1|4:2|4:3|4:9|4:12|4:13|4:16|9:7|11:1,sí
paulinas,Rom,core,Pablo,Ἀδάμ,Ἀδάμ,2,0,0,5:14,sí
paulinas,Rom,core,Pablo,Ἀκύλας,Ἀκύλαν,1,0,0,16:3,sí
paulinas,Rom,core,Pablo,Ἀμπλιᾶτος,Ἀμπλιᾶτον,1,0,0,16:8,sí
paulinas,Rom,core,Pablo,Ἀνδρόνικος,Ἀνδρόνικον,1,0,0,16:7,sí
paulinas,Rom,core,Pablo,Ἀπελλῆς,Ἀπελλῆν,1,0,0,16:10,sí
paulinas,Rom,core,Pablo,Ἀριστόβουλος,Ἀριστοβούλου,1,0,0,16:10,sí
paulinas,Rom,core,Pablo,Ἀσία,Ἀσίας,1,0,0,16:5,sí
paulinas,Rom,core,Pablo,Ἀσύγκριτος,Ἀσύγκριτον,1,0,0,16:14,sí
paulinas,Rom,core,Pablo,Ἀχαΐα,Ἀχαΐα,1,0,0,15:26,sí
paulinas,Rom,core,Pablo,Ἐπαίνετος,Ἐπαίνετον,1,0,0,16:5,sí
paulinas,Rom,core,Pablo,Ἑρμᾶς,Ἑρμᾶν,1,0,0,16:14,sí
paulinas,Rom,core,Pablo,Ἑρμῆς,Ἑρμῆν,1,0,0,16:14,sí
paulinas,Rom,core,Pablo,Ἔραστος,Ἔραστος,1,0,0,16:23,sí
paulinas,Rom,core,Pablo,Ἕλλην,Ἕλληνας|Ἕλληνι|Ἕλληνος|Ἕλλησι(ν),6,0,0,1:14|1:16|2:9|2:10|3:9|10:12,sí
paulinas,Rom,core,Pablo,Ἠλίας,Ἠλίᾳ,1,0,0,11:2,sí
paulinas,Rom,core,Pablo,Ἠσαΐας,Ἠσαΐας,5,0,0,9:27|9:29|10:16|10:20|15:12,sí
paulinas,Rom,core,Pablo,Ἠσαῦ,Ἠσαῦ,1,0,0,9:13,sí
paulinas,Rom,core,Pablo,Ἡρῳδίων,Ἡρῳδίωνα,1,0,0,16:11,sí
paulinas,Rom,core,Pablo,Ἰάσων,Ἰάσων,1,0,0,16:21,sí
paulinas,Rom,core,Pablo,Ἰακώβ,Ἰακώβ,2,0,0,9:13|11:26,sí
paulinas,Rom,core,Pablo,Ἰερουσαλήμ,Ἰερουσαλήμ,4,0,0,15:19|15:25|15:26|15:31,sí
paulinas,Rom,core,Pablo,Ἰεσσαί,Ἰεσσαί,1,0,0,15:12,sí
paulinas,Rom,core,Pablo,Ἰησοῦς,Ἰησοῦ|Ἰησοῦν,35,0,0,1:1|1:4|1:6|1:7|1:8|2:16|3:22|3:24|3:26|4:24|5:1|5:11|5:15|5:17|5:21|6:3|6:11|6:23|7:25|8:1|8:2|8:11|8:39|10:9|13:14|14:14|15:5|15:6|15:16|15:17|15:30|16:3|16:20|16:24,sí
paulinas,Rom,core,Pablo,Ἰλλυρικόν,Ἰλλυρικοῦ,1,0,0,15:19,sí
paulinas,Rom,core,Pablo,Ἰουδαία,Ἰουδαίᾳ,1,0,0,15:31,sí
paulinas,Rom,core,Pablo,Ἰουλία,Ἰουλίαν,1,0,0,16:15,sí
paulinas,Rom,core,Pablo,Ἰουνία,Ἰουνίαν,1,0,0,16:7,sí
paulinas,Rom,core,Pablo,Ἰσαάκ,Ἰσαάκ,2,0,0,9:7|9:10,sí
paulinas,Rom,core,Pablo,Ἰσραήλ,Ἰσραήλ,11,0,0,9:6|9:27|9:31|10:19|10:21|11:2|11:7|11:25|11:26,sí
paulinas,Rom,core,Pablo,Ἰσραηλίτης,Ἰσραηλίτης|Ἰσραηλῖται,2,0,0,9:4|11:1,sí
paulinas,Rom,core,Pablo,Ὀλυμπᾶς,Ὀλυμπᾶν,1,0,0,16:15,sí
paulinas,Rom,core,Pablo,Ὡσηέ,Ὡσηέ,1,0,0,9:25,sí
paulinas,Rom,core,Pablo,Ῥεβέκκα,Ῥεβέκκα,1,0,0,9:10,sí
paulinas,Rom,core,Pablo,Ῥοῦφος,Ῥοῦφον,1,0,0,16:13,sí
paulinas,Rom,core,Pablo,Ῥώμη,Ῥώμῃ,2,0,0,1:7|1:15,sí
paulinas,Tit,target,Pablo?,Ζηνᾶς,Ζηνᾶν,1,0,0,3:13,sí
paulinas,Tit,target,Pablo?,Κρής,Κρῆτες,1,0,0,1:12,sí
paulinas,Tit,target,Pablo?,Κρήτη,Κρήτῃ,1,0,0,1:5,sí
paulinas,Tit,target,Pablo?,Νικόπολις,Νικόπολιν,1,0,0,3:12,sí
paulinas,Tit,target,Pablo?,Παῦλος,Παῦλος,1,0,0,1:1,sí
paulinas,Tit,target,Pablo?,Τίτος,Τίτῳ,1,0,0,1:4,sí
paulinas,Tit,target,Pablo?,Τυχικός,Τυχικόν,1,0,0,3:12,sí
paulinas,Tit,target,Pablo?,Χριστός,Χριστοῦ,4,0,0,1:1|1:4|2:13|3:6,sí
paulinas,Tit,target,Pablo?,Ἀπολλῶς,Ἀπολλῶν,1,0,0,3:13,sí
paulinas,Tit,target,Pablo?,Ἀρτεμᾶς,Ἀρτεμᾶν,1,0,0,3:12,sí
paulinas,Tit,target,Pablo?,Ἰησοῦς,Ἰησοῦ,4,0,0,1:1|1:4|2:13|3:6,sí
