family,spec_index,label,dia,features,metric,window,mask,core,edition,iters,target,kind,score,log10lr,log10lr_epistolar,log10lr_cristiana,log10lr_cj,valid,valid_epist,margin_median,nearest_impostor
dirichlet,0,dirichlet|dia|mfw:300|dirmult|w500|mnone|hauptbriefe|sblgnt,dia,mfw:300,dirmult,500,none,hauptbriefe,sblgnt,300,Rom,core_loo,0.8966666666666666,2.084874602434681,1.956953800983584,1.696328058284941,1.7699105172897012,True,True,27.450428806684045,Pedro(?)
dirichlet,0,dirichlet|dia|mfw:300|dirmult|w500|mnone|hauptbriefe|sblgnt,dia,mfw:300,dirmult,500,none,hauptbriefe,sblgnt,300,1Cor,core_loo,0.9033333333333333,2.084656160167108,1.9577153895103179,1.6982208226410425,1.7712009823668984,True,True,23.15758182176205,Santiago(?)
dirichlet,0,dirichlet|dia|mfw:300|dirmult|w500|mnone|hauptbriefe|sblgnt,dia,mfw:300,dirmult,500,none,hauptbriefe,sblgnt,300,2Cor,core_loo,0.95,2.0819460895508572,1.9602391081694253,1.7064907218532959,1.7764279553955382,True,True,26.712986867031645,Pedro(?)
dirichlet,0,dirichlet|dia|mfw:300|dirmult|w500|mnone|hauptbriefe|sblgnt,dia,mfw:300,dirmult,500,none,hauptbriefe,sblgnt,300,Gal,core_loo,0.98,2.0806024219224737,1.9606425597417036,1.7086755784229455,1.7776552528107488,True,True,32.287278948995436,Pedro(?)
dirichlet,0,dirichlet|dia|mfw:300|dirmult|w500|mnone|hauptbriefe|sblgnt,dia,mfw:300,dirmult,500,none,hauptbriefe,sblgnt,300,Ef,target,0.7766666666666666,2.0403462689198566,1.881199430431788,1.5906595358185998,1.6819974549817402,True,True,13.733684356566982,Pedro(?)
dirichlet,0,dirichlet|dia|mfw:300|dirmult|w500|mnone|hauptbriefe|sblgnt,dia,mfw:300,dirmult,500,none,hauptbriefe,sblgnt,300,Col,target,0.8333333333333334,2.078019818683184,1.9377386481875603,1.6626368434590053,1.744180489228039,True,True,12.612058347397806,Pedro(?)
dirichlet,0,dirichlet|dia|mfw:300|dirmult|w500|mnone|hauptbriefe|sblgnt,dia,mfw:300,dirmult,500,none,hauptbriefe,sblgnt,300,2Tes,target,0.7166666666666667,1.9335765382335044,1.738276836802528,1.4422915772473188,1.5420778360071392,True,True,7.828216165348749,Pedro(?)
dirichlet,0,dirichlet|dia|mfw:300|dirmult|w500|mnone|hauptbriefe|sblgnt,dia,mfw:300,dirmult,500,none,hauptbriefe,sblgnt,300,1Tim,target,0.8833333333333333,2.0849866990991357,1.9549371637084432,1.691812017844451,1.766732435293131,True,True,10.189807314765346,Pedro(?)
dirichlet,0,dirichlet|dia|mfw:300|dirmult|w500|mnone|hauptbriefe|sblgnt,dia,mfw:300,dirmult,500,none,hauptbriefe,sblgnt,300,2Tim,target,0.5566666666666666,1.1834020563352396,0.9056170619951067,0.7180665598189067,0.7963473017484193,True,True,1.2937382347150788,Pedro(?)
dirichlet,0,dirichlet|dia|mfw:300|dirmult|w500|mnone|hauptbriefe|sblgnt,dia,mfw:300,dirmult,500,none,hauptbriefe,sblgnt,300,Tit,target,0.5033333333333333,0.8481030854863096,0.5818433597810924,0.4516419792777894,0.514870994783223,True,True,0.061341679903534896,Juan(presb.)
dirichlet,0,dirichlet|dia|mfw:300|dirmult|w500|mnone|hauptbriefe|sblgnt,dia,mfw:300,dirmult,500,none,hauptbriefe,sblgnt,300,Heb,target,0.2,-0.5536396505899885,-0.7415961146072954,-0.5519782826312545,-0.5549637537637444,True,True,-7.564081609517075,Pedro(?)
dirichlet,1,dirichlet|dia|mfw:300|dirmult|w500|mnone|seven_plus|sblgnt,dia,mfw:300,dirmult,500,none,seven_plus,sblgnt,300,Rom,core_loo,0.89,2.0407460262183585,1.9103583135040436,1.655665153142488,1.728992973266904,True,True,25.005134890134286,Pedro(?)
dirichlet,1,dirichlet|dia|mfw:300|dirmult|w500|mnone|seven_plus|sblgnt,dia,mfw:300,dirmult,500,none,seven_plus,sblgnt,300,1Cor,core_loo,0.8866666666666667,2.0414869255310393,1.9103879977217262,1.654842759525775,1.7285481591592569,True,True,23.34715925423359,Santiago(?)
dirichlet,1,dirichlet|dia|mfw:300|dirmult|w500|mnone|seven_plus|sblgnt,dia,mfw:300,dirmult,500,none,seven_plus,sblgnt,300,2Cor,core_loo,0.98,2.024383206011553,1.9058311260029432,1.664708871084744,1.7321198457345428,True,True,31.63554544327428,Pedro(?)
dirichlet,1,dirichlet|dia|mfw:300|dirmult|w500|mnone|seven_plus|sblgnt,dia,mfw:300,dirmult,500,none,seven_plus,sblgnt,300,Gal,core_loo,1.0,2.023678435009509,1.9056377487866691,1.6650438433256194,1.732196343149766,True,True,29.800431081739134,Pedro(?)
dirichlet,1,dirichlet|dia|mfw:300|dirmult|w500|mnone|seven_plus|sblgnt,dia,mfw:300,dirmult,500,none,seven_plus,sblgnt,300,Flp,core_loo,1.0,2.023678435009509,1.9056377487866691,1.6650438433256194,1.732196343149766,True,True,23.574970798779077,Pedro(?)
dirichlet,1,dirichlet|dia|mfw:300|dirmult|w500|mnone|seven_plus|sblgnt,dia,mfw:300,dirmult,500,none,seven_plus,sblgnt,300,1Tes,core_loo,0.9566666666666667,2.0269162205879554,1.906756941318401,1.6638813117230806,1.7320619172518958,True,True,16.126813890827293,Pedro(?)
dirichlet,1,dirichlet|dia|mfw:300|dirmult|w500|mnone|seven_plus|sblgnt,dia,mfw:300,dirmult,500,none,seven_plus,sblgnt,300,Flm,core_loo,1.0,2.023678435009509,1.9056377487866691,1.6650438433256194,1.732196343149766,True,True,5.747828951488486,Ignacio
dirichlet,1,dirichlet|dia|mfw:300|dirmult|w500|mnone|seven_plus|sblgnt,dia,mfw:300,dirmult,500,none,seven_plus,sblgnt,300,Col,core_loo,0.9,2.0384548882727347,1.910093384244995,1.6578113207938603,1.730076604515209,True,True,16.416933454479363,Pedro(?)
dirichlet,1,dirichlet|dia|mfw:300|dirmult|w500|mnone|seven_plus|sblgnt,dia,mfw:300,dirmult,500,none,seven_plus,sblgnt,300,2Tes,core_loo,0.9966666666666667,2.023697500442002,1.905627035909448,1.665007207027503,1.7321775625954257,True,True,15.24108729447812,Pedro(?)
dirichlet,1,dirichlet|dia|mfw:300|dirmult|w500|mnone|seven_plus|sblgnt,dia,mfw:300,dirmult,500,none,seven_plus,sblgnt,300,Ef,target,0.8566666666666667,2.046878700506448,1.9085852502334324,1.644352431972326,1.7219801682015614,True,True,18.121355112525862,Pedro(?)
dirichlet,1,dirichlet|dia|mfw:300|dirmult|w500|mnone|seven_plus|sblgnt,dia,mfw:300,dirmult,500,none,seven_plus,sblgnt,300,1Tim,target,1.0,2.023678435009509,1.9056377487866691,1.6650438433256194,1.732196343149766,True,True,14.897171402626611,Pedro(?)
dirichlet,1,dirichlet|dia|mfw:300|dirmult|w500|mnone|seven_plus|sblgnt,dia,mfw:300,dirmult,500,none,seven_plus,sblgnt,300,2Tim,target,0.98,2.024383206011553,1.9058311260029432,1.664708871084744,1.7321198457345428,True,True,8.748616599768638,Pedro(?)
dirichlet,1,dirichlet|dia|mfw:300|dirmult|w500|mnone|seven_plus|sblgnt,dia,mfw:300,dirmult,500,none,seven_plus,sblgnt,300,Tit,target,1.0,2.023678435009509,1.9056377487866691,1.6650438433256194,1.732196343149766,True,True,8.136952361769318,Juan(presb.)
dirichlet,1,dirichlet|dia|mfw:300|dirmult|w500|mnone|seven_plus|sblgnt,dia,mfw:300,dirmult,500,none,seven_plus,sblgnt,300,Heb,target,0.3,-0.24254092552148981,-0.4586766267225584,-0.3437484361204661,-0.33072273128313595,True,True,-4.225917133499365,Pedro(?)
dirichlet,2,dirichlet|dia|mfw:300|dirmult|w500|mnone|trece|sblgnt,dia,mfw:300,dirmult,500,none,trece,sblgnt,300,Rom,core_loo,0.8766666666666667,2.031650146533378,1.911526962408269,1.6496178446615337,1.7240866043778507,True,True,24.25342659099738,Pedro(?)
dirichlet,2,dirichlet|dia|mfw:300|dirmult|w500|mnone|trece|sblgnt,dia,mfw:300,dirmult,500,none,trece,sblgnt,300,1Cor,core_loo,0.8866666666666667,2.0302838073999245,1.9117040859047532,1.6526427636481589,1.725964041307849,True,True,22.115796370343674,Santiago(?)
dirichlet,2,dirichlet|dia|mfw:300|dirmult|w500|mnone|trece|sblgnt,dia,mfw:300,dirmult,500,none,trece,sblgnt,300,2Cor,core_loo,1.0,2.016637690886726,1.9072823452062544,1.6639255539757383,1.7309642033914097,True,True,34.80888596378031,Pedro(?)
dirichlet,2,dirichlet|dia|mfw:300|dirmult|w500|mnone|trece|sblgnt,dia,mfw:300,dirmult,500,none,trece,sblgnt,300,Gal,core_loo,1.0,2.016637690886726,1.9072823452062544,1.6639255539757383,1.7309642033914097,True,True,28.122943890334,Pedro(?)
dirichlet,2,dirichlet|dia|mfw:300|dirmult|w500|mnone|trece|sblgnt,dia,mfw:300,dirmult,500,none,trece,sblgnt,300,Ef,core_loo,0.9033333333333333,2.0275869993083355,1.9113442752677168,1.6565177403101328,1.728146997730478,True,True,18.987610036261913,Pedro(?)
dirichlet,2,dirichlet|dia|mfw:300|dirmult|w500|mnone|trece|sblgnt,dia,mfw:300,dirmult,500,none,trece,sblgnt,300,Flp,core_loo,1.0,2.016637690886726,1.9072823452062544,1.6639255539757383,1.7309642033914097,True,True,27.480450478674243,Pedro(?)
dirichlet,2,dirichlet|dia|mfw:300|dirmult|w500|mnone|trece|sblgnt,dia,mfw:300,dirmult,500,none,trece,sblgnt,300,Col,core_loo,0.9033333333333333,2.0275869993083355,1.9113442752677168,1.6565177403101328,1.728146997730478,True,True,17.919148172736072,Pedro(?)
dirichlet,2,dirichlet|dia|mfw:300|dirmult|w500|mnone|trece|sblgnt,dia,mfw:300,dirmult,500,none,trece,sblgnt,300,1Tes,core_loo,0.9733333333333334,2.017650985868357,1.907648143490686,1.6633504972516113,1.7308011267117849,True,True,17.26783184971339,Pedro(?)
dirichlet,2,dirichlet|dia|mfw:300|dirmult|w500|mnone|trece|sblgnt,dia,mfw:300,dirmult,500,none,trece,sblgnt,300,2Tes,core_loo,1.0,2.016637690886726,1.9072823452062544,1.6639255539757383,1.7309642033914097,True,True,22.6428874359126,Pedro(?)
dirichlet,2,dirichlet|dia|mfw:300|dirmult|w500|mnone|trece|sblgnt,dia,mfw:300,dirmult,500,none,trece,sblgnt,300,1Tim,core_loo,1.0,2.016637690886726,1.9072823452062544,1.6639255539757383,1.7309642033914097,True,True,17.411287279963403,Pedro(?)
dirichlet,2,dirichlet|dia|mfw:300|dirmult|w500|mnone|trece|sblgnt,dia,mfw:300,dirmult,500,none,trece,sblgnt,300,2Tim,core_loo,1.0,2.016637690886726,1.9072823452062544,1.6639255539757383,1.7309642033914097,True,True,9.724990010697184,Pedro(?)
dirichlet,2,dirichlet|dia|mfw:300|dirmult|w500|mnone|trece|sblgnt,dia,mfw:300,dirmult,500,none,trece,sblgnt,300,Tit,core_loo,1.0,2.016637690886726,1.9072823452062544,1.6639255539757383,1.7309642033914097,True,True,15.911006142080623,Juan(presb.)
dirichlet,2,dirichlet|dia|mfw:300|dirmult|w500|mnone|trece|sblgnt,dia,mfw:300,dirmult,500,none,trece,sblgnt,300,Flm,core_loo,1.0,2.016637690886726,1.9072823452062544,1.6639255539757383,1.7309642033914097,True,True,9.624112277455652,Ignacio
dirichlet,2,dirichlet|dia|mfw:300|dirmult|w500|mnone|trece|sblgnt,dia,mfw:300,dirmult,500,none,trece,sblgnt,300,Heb,target,0.4266666666666667,0.36717633946166944,0.11776656101002121,0.08777756124034497,0.12959348353189928,True,True,-1.9072766633995002,Pedro(?)
dirichlet,3,dirichlet|dia|mfw:300|dirmult|w500|mformulae+preformed+otq+reuse|hauptbriefe|sblgnt,dia,mfw:300,dirmult,500,formulae+preformed+otq+reuse,hauptbriefe,sblgnt,300,Rom,core_loo,0.9566666666666667,2.1152142045666147,2.0417480954137166,1.7615383113945362,1.832218228985756,True,True,28.96841611949128,Pedro(?)
dirichlet,3,dirichlet|dia|mfw:300|dirmult|w500|mformulae+preformed+otq+reuse|hauptbriefe|sblgnt,dia,mfw:300,dirmult,500,formulae+preformed+otq+reuse,hauptbriefe,sblgnt,300,1Cor,core_loo,0.8766666666666667,2.111211009069667,2.0289218715733774,1.7381368291625228,1.8151052613118404,True,True,25.26547175171686,Santiago(?)
dirichlet,3,dirichlet|dia|mfw:300|dirmult|w500|mformulae+preformed+otq+reuse|hauptbriefe|sblgnt,dia,mfw:300,dirmult,500,formulae+preformed+otq+reuse,hauptbriefe,sblgnt,300,2Cor,core_loo,0.8866666666666667,2.112614049350358,2.0320251295377743,1.7430626893635845,1.8189052895235616,True,True,25.99999577773565,Pedro(?)
dirichlet,3,dirichlet|dia|mfw:300|dirmult|w500|mformulae+preformed+otq+reuse|hauptbriefe|sblgnt,dia,mfw:300,dirmult,500,formulae+preformed+otq+reuse,hauptbriefe,sblgnt,300,Gal,core_loo,0.9866666666666667,2.1150623536001407,2.0427327126702,1.7639675031939561,1.833793680640827,True,True,30.030083543310184,Pedro(?)
dirichlet,3,dirichlet|dia|mfw:300|dirmult|w500|mformulae+preformed+otq+reuse|hauptbriefe|sblgnt,dia,mfw:300,dirmult,500,formulae+preformed+otq+reuse,hauptbriefe,sblgnt,300,Ef,target,0.61,1.5089565569358407,1.2309479469401365,0.9933084352099545,1.0844050095968814,True,True,4.8031955179393435,Pedro(?)
dirichlet,3,dirichlet|dia|mfw:300|dirmult|w500|mformulae+preformed+otq+reuse|hauptbriefe|sblgnt,dia,mfw:300,dirmult,500,formulae+preformed+otq+reuse,hauptbriefe,sblgnt,300,Col,target,0.8633333333333333,2.108599851852643,2.023662884391285,1.7302710343007839,1.8088943074419215,True,True,8.195045931296136,Pedro(?)
dirichlet,3,dirichlet|dia|mfw:300|dirmult|w500|mformulae+preformed+otq+reuse|hauptbriefe|sblgnt,dia,mfw:300,dirmult,500,formulae+preformed+otq+reuse,hauptbriefe,sblgnt,300,2Tes,target,1.0,2.1150409392658815,2.0429088285082972,1.7643399482290074,1.8340278688624183,True,True,19.569821706671746,Pedro(?)
dirichlet,3,dirichlet|dia|mfw:300|dirmult|w500|mformulae+preformed+otq+reuse|hauptbriefe|sblgnt,dia,mfw:300,dirmult,500,formulae+preformed+otq+reuse,hauptbriefe,sblgnt,300,1Tim,target,0.71,1.9264105842992407,1.74216154699122,1.4382246748052965,1.5387193500876357,True,True,5.497966220841192,Pedro(?)
dirichlet,3,dirichlet|dia|mfw:300|dirmult|w500|mformulae+preformed+otq+reuse|hauptbriefe|sblgnt,dia,mfw:300,dirmult,500,formulae+preformed+otq+reuse,hauptbriefe,sblgnt,300,2Tim,target,0.4266666666666667,0.3862884421906484,0.14482380064545933,0.10429298716024726,0.1463550215620407,True,True,-2.6407153944157926,Pedro(?)
dirichlet,3,dirichlet|dia|mfw:300|dirmult|w500|mformulae+preformed+otq+reuse|hauptbriefe|sblgnt,dia,mfw:300,dirmult,500,formulae+preformed+otq+reuse,hauptbriefe,sblgnt,300,Tit,target,0.59,1.3952271254047917,1.1102123436884397,0.8914396427000495,0.9779700059113711,True,True,3.949298625490883,Juan(presb.)
dirichlet,3,dirichlet|dia|mfw:300|dirmult|w500|mformulae+preformed+otq+reuse|hauptbriefe|sblgnt,dia,mfw:300,dirmult,500,formulae+preformed+otq+reuse,hauptbriefe,sblgnt,300,Heb,target,0.19666666666666666,-0.5606652125485546,-0.7544142736536001,-0.5564963260503721,-0.559806139136324,True,True,-9.142339030495918,Pedro(?)
dirichlet,4,dirichlet|dia|mfw:300|dirmult|w500|mformulae+preformed+otq+reuse|seven_plus|sblgnt,dia,mfw:300,dirmult,500,formulae+preformed+otq+reuse,seven_plus,sblgnt,300,Rom,core_loo,0.97,2.0659770863516886,1.973847418001146,1.7172341284875636,1.7849480553001664,True,True,30.19140690105951,Pedro(?)
dirichlet,4,dirichlet|dia|mfw:300|dirmult|w500|mformulae+preformed+otq+reuse|seven_plus|sblgnt,dia,mfw:300,dirmult,500,formulae+preformed+otq+reuse,seven_plus,sblgnt,300,1Cor,core_loo,0.8866666666666667,2.07312023216325,1.97488581347659,1.7073645831772701,1.7808954679595101,True,True,25.96436302007919,Santiago(?)
dirichlet,4,dirichlet|dia|mfw:300|dirmult|w500|mformulae+preformed+otq+reuse|seven_plus|sblgnt,dia,mfw:300,dirmult,500,formulae+preformed+otq+reuse,seven_plus,sblgnt,300,2Cor,core_loo,0.96,2.066550514206107,1.974082440506866,1.716827406838593,1.7848819401880687,True,True,31.738920611824142,Pedro(?)
dirichlet,4,dirichlet|dia|mfw:300|dirmult|w500|mformulae+preformed+otq+reuse|seven_plus|sblgnt,dia,mfw:300,dirmult,500,formulae+preformed+otq+reuse,seven_plus,sblgnt,300,Gal,core_loo,1.0,2.065217406366408,1.9736256453515497,1.7179059210629055,1.785112718677728,True,True,30.105358314206228,Pedro(?)
dirichlet,4,dirichlet|dia|mfw:300|dirmult|w500|mformulae+preformed+otq+reuse|seven_plus|sblgnt,dia,mfw:300,dirmult,500,formulae+preformed+otq+reuse,seven_plus,sblgnt,300,Flp,core_loo,0.8933333333333333,2.072563223322395,1.9751661377859102,1.7089959475017107,1.7817905373143752,True,True,19.142694873117534,Pedro(?)
dirichlet,4,dirichlet|dia|mfw:300|dirmult|w500|mformulae+preformed+otq+reuse|seven_plus|sblgnt,dia,mfw:300,dirmult,500,formulae+preformed+otq+reuse,seven_plus,sblgnt,300,1Tes,core_loo,0.8633333333333333,2.0743601346295923,1.972437856667884,1.6995404460212777,1.7760647177700464,True,True,10.724068270788962,Pedro(?)
dirichlet,4,dirichlet|dia|mfw:300|dirmult|w500|mformulae+preformed+otq+reuse|seven_plus|sblgnt,dia,mfw:300,dirmult,500,formulae+preformed+otq+reuse,seven_plus,sblgnt,300,Flm,core_loo,1.0,2.065217406366408,1.9736256453515497,1.7179059210629055,1.785112718677728,True,True,6.010518346162769,Pedro(?)
dirichlet,4,dirichlet|dia|mfw:300|dirmult|w500|mformulae+preformed+otq+reuse|seven_plus|sblgnt,dia,mfw:300,dirmult,500,formulae+preformed+otq+reuse,seven_plus,sblgnt,300,Col,core_loo,0.8933333333333333,2.072563223322395,1.9751661377859102,1.7089959475017107,1.7817905373143752,True,True,13.255419794034879,Pedro(?)
dirichlet,4,dirichlet|dia|mfw:300|dirmult|w500|mformulae+preformed+otq+reuse|seven_plus|sblgnt,dia,mfw:300,dirmult,500,formulae+preformed+otq+reuse,seven_plus,sblgnt,300,2Tes,core_loo,1.0,2.065217406366408,1.9736256453515497,1.7179059210629055,1.785112718677728,True,True,20.527330647675967,Pedro(?)
dirichlet,4,dirichlet|dia|mfw:300|dirmult|w500|mformulae+preformed+otq+reuse|seven_plus|sblgnt,dia,mfw:300,dirmult,500,formulae+preformed+otq+reuse,seven_plus,sblgnt,300,Ef,target,0.6933333333333334,1.8986717612090873,1.6812351150645857,1.3858869201940922,1.4894426805461598,True,True,6.71139448658414,Pedro(?)
dirichlet,4,dirichlet|dia|mfw:300|dirmult|w500|mformulae+preformed+otq+reuse|seven_plus|sblgnt,dia,mfw:300,dirmult,500,formulae+preformed+otq+reuse,seven_plus,sblgnt,300,1Tim,target,0.8633333333333333,2.0743601346295923,1.972437856667884,1.6995404460212777,1.7760647177700464,True,True,10.363963272660385,Pedro(?)
dirichlet,4,dirichlet|dia|mfw:300|dirmult|w500|mformulae+preformed+otq+reuse|seven_plus|sblgnt,dia,mfw:300,dirmult,500,formulae+preformed+otq+reuse,seven_plus,sblgnt,300,2Tim,target,0.72,1.9683290384632437,1.7813291196413104,1.4793876705628348,1.5813911018287607,True,True,4.816206005297886,Pedro(?)
dirichlet,4,dirichlet|dia|mfw:300|dirmult|w500|mformulae+preformed+otq+reuse|seven_plus|sblgnt,dia,mfw:300,dirmult,500,formulae+preformed+otq+reuse,seven_plus,sblgnt,300,Tit,target,0.5966666666666667,1.4498939830664606,1.1580875522769838,0.9325895540486759,1.0225132485817836,True,True,8.555338458729466,Juan(presb.)
dirichlet,4,dirichlet|dia|mfw:300|dirmult|w500|mformulae+preformed+otq+reuse|seven_plus|sblgnt,dia,mfw:300,dirmult,500,formulae+preformed+otq+reuse,seven_plus,sblgnt,300,Heb,target,0.2733333333333333,-0.3388967846262002,-0.5542011989979806,-0.40964703947316156,-0.4013747931267375,True,True,-8.22369188359778,Pedro(?)
dirichlet,5,dirichlet|dia|mfw:300|dirmult|w500|mformulae+preformed+otq+reuse|trece|sblgnt,dia,mfw:300,dirmult,500,formulae+preformed+otq+reuse,trece,sblgnt,300,Rom,core_loo,0.9933333333333333,2.0442392156958156,1.9492691434587042,1.6980972584776146,1.7639409044723142,True,True,31.18222116601919,Pedro(?)
dirichlet,5,dirichlet|dia|mfw:300|dirmult|w500|mformulae+preformed+otq+reuse|trece|sblgnt,dia,mfw:300,dirmult,500,formulae+preformed+otq+reuse,trece,sblgnt,300,1Cor,core_loo,0.9166666666666666,2.055264293681191,1.9557632319365574,1.6960566203270273,1.7656690837044486,True,True,25.995683712170035,Santiago(?)
dirichlet,5,dirichlet|dia|mfw:300|dirmult|w500|mformulae+preformed+otq+reuse|trece|sblgnt,dia,mfw:300,dirmult,500,formulae+preformed+otq+reuse,trece,sblgnt,300,2Cor,core_loo,0.99,2.0443363766080087,1.9493143610572408,1.6980638800739045,1.7639477439224729,True,True,30.176877072440448,Pedro(?)
dirichlet,5,dirichlet|dia|mfw:300|dirmult|w500|mformulae+preformed+otq+reuse|trece|sblgnt,dia,mfw:300,dirmult,500,formulae+preformed+otq+reuse,trece,sblgnt,300,Gal,core_loo,1.0,2.0441623649024545,1.949258785033107,1.6981665053838073,1.7639613406229107,True,True,27.041617949511078,Pedro(?)
dirichlet,5,dirichlet|dia|mfw:300|dirmult|w500|mformulae+preformed+otq+reuse|trece|sblgnt,dia,mfw:300,dirmult,500,formulae+preformed+otq+reuse,trece,sblgnt,300,Ef,core_loo,0.8233333333333334,2.072462580255056,1.9550357817853814,1.6655085019949725,1.749036946673969,True,True,12.919299808427354,Pedro(?)
dirichlet,5,dirichlet|dia|mfw:300|dirmult|w500|mformulae+preformed+otq+reuse|trece|sblgnt,dia,mfw:300,dirmult,500,formulae+preformed+otq+reuse,trece,sblgnt,300,Flp,core_loo,1.0,2.0441623649024545,1.949258785033107,1.6981665053838073,1.7639613406229107,True,True,26.91936106271646,Pedro(?)
dirichlet,5,dirichlet|dia|mfw:300|dirmult|w500|mformulae+preformed+otq+reuse|trece|sblgnt,dia,mfw:300,dirmult,500,formulae+preformed+otq+reuse,trece,sblgnt,300,Col,core_loo,0.92,2.0544790524959153,1.9553271019646041,1.6962931711142197,1.7656095681090276,True,True,15.58030337212631,Pedro(?)
dirichlet,5,dirichlet|dia|mfw:300|dirmult|w500|mformulae+preformed+otq+reuse|trece|sblgnt,dia,mfw:300,dirmult,500,formulae+preformed+otq+reuse,trece,sblgnt,300,1Tes,core_loo,0.9666666666666667,2.046088736468013,1.9503450889927652,1.6978145170607521,1.7642812256264635,True,True,18.386713526460312,Pedro(?)
dirichlet,5,dirichlet|dia|mfw:300|dirmult|w500|mformulae+preformed+otq+reuse|trece|sblgnt,dia,mfw:300,dirmult,500,formulae+preformed+otq+reuse,trece,sblgnt,300,2Tes,core_loo,1.0,2.0441623649024545,1.949258785033107,1.6981665053838073,1.7639613406229107,True,True,25.898376240516427,Pedro(?)
dirichlet,5,dirichlet|dia|mfw:300|dirmult|w500|mformulae+preformed+otq+reuse|trece|sblgnt,dia,mfw:300,dirmult,500,formulae+preformed+otq+reuse,trece,sblgnt,300,1Tim,core_loo,0.95,2.0484218296275474,1.9517689525861843,1.6975302159934103,1.764747020499311,True,True,13.537814728583953,Pedro(?)
dirichlet,5,dirichlet|dia|mfw:300|dirmult|w500|mformulae+preformed+otq+reuse|trece|sblgnt,dia,mfw:300,dirmult,500,formulae+preformed+otq+reuse,trece,sblgnt,300,2Tim,core_loo,0.8533333333333334,2.07010715266445,1.9606399047595902,1.6827834488077462,1.760644282595658,True,True,7.4525276650473415,Pedro(?)
dirichlet,5,dirichlet|dia|mfw:300|dirmult|w500|mformulae+preformed+otq+reuse|trece|sblgnt,dia,mfw:300,dirmult,500,formulae+preformed+otq+reuse,trece,sblgnt,300,Tit,core_loo,1.0,2.0441623649024545,1.949258785033107,1.6981665053838073,1.7639613406229107,True,True,15.648152656945285,Juan(presb.)
dirichlet,5,dirichlet|dia|mfw:300|dirmult|w500|mformulae+preformed+otq+reuse|trece|sblgnt,dia,mfw:300,dirmult,500,formulae+preformed+otq+reuse,trece,sblgnt,300,Flm,core_loo,1.0,2.0441623649024545,1.949258785033107,1.6981665053838073,1.7639613406229107,True,True,8.322733360651,Pedro(?)
dirichlet,5,dirichlet|dia|mfw:300|dirmult|w500|mformulae+preformed+otq+reuse|trece|sblgnt,dia,mfw:300,dirmult,500,formulae+preformed+otq+reuse,trece,sblgnt,300,Heb,target,0.35,-0.029813045985723104,-0.2692361318154449,-0.19711572426675825,-0.1736309046725142,True,True,-5.3704807110405,Pedro(?)
dirichlet,6,dirichlet|dia|closed:150|dirmult|w500|mnone|hauptbriefe|sblgnt,dia,closed:150,dirmult,500,none,hauptbriefe,sblgnt,300,Rom,core_loo,0.8466666666666667,2.0545211099578378,2.0447223707892075,1.8309407171785874,1.9146127396618455,True,True,13.191904034830657,Pedro(?)
dirichlet,6,dirichlet|dia|closed:150|dirmult|w500|mnone|hauptbriefe|sblgnt,dia,closed:150,dirmult,500,none,hauptbriefe,sblgnt,300,1Cor,core_loo,0.8966666666666666,2.0627762932595943,2.076630402291956,1.8672833552994017,1.9431155937156523,True,True,10.428134170416001,Juan(presb.)
dirichlet,6,dirichlet|dia|closed:150|dirmult|w500|mnone|hauptbriefe|sblgnt,dia,closed:150,dirmult,500,none,hauptbriefe,sblgnt,300,2Cor,core_loo,0.9133333333333333,2.063037806010124,2.082366076116216,1.8738010456236254,1.9477658818809387,True,True,14.92181555191911,Pedro(?)
dirichlet,6,dirichlet|dia|closed:150|dirmult|w500|mnone|hauptbriefe|sblgnt,dia,closed:150,dirmult,500,none,hauptbriefe,sblgnt,300,Gal,core_loo,0.9766666666666667,2.0611347595789042,2.092329565815893,1.8852794201748195,1.9551828837981233,True,True,15.333176092813005,Juan(presb.)
dirichlet,6,dirichlet|dia|closed:150|dirmult|w500|mnone|hauptbriefe|sblgnt,dia,closed:150,dirmult,500,none,hauptbriefe,sblgnt,300,Ef,target,0.39,0.28732982375278016,0.029619383111467015,0.06283910782771157,0.09562552344230298,True,True,-2.9984266552905297,Ignacio
dirichlet,6,dirichlet|dia|closed:150|dirmult|w500|mnone|hauptbriefe|sblgnt,dia,closed:150,dirmult,500,none,hauptbriefe,sblgnt,300,Col,target,0.13666666666666666,-0.4946713668956233,-0.6870264530810203,-0.45155882964684657,-0.4607037586739393,True,True,-8.980214720011872,Ignacio
dirichlet,6,dirichlet|dia|closed:150|dirmult|w500|mnone|hauptbriefe|sblgnt,dia,closed:150,dirmult,500,none,hauptbriefe,sblgnt,300,2Tes,target,0.29,-0.12030504309791805,-0.3446698394290078,-0.21190209966864504,-0.20022487622763518,True,True,-5.4926436911131304,Ignacio
dirichlet,6,dirichlet|dia|closed:150|dirmult|w500|mnone|hauptbriefe|sblgnt,dia,closed:150,dirmult,500,none,hauptbriefe,sblgnt,300,1Tim,target,0.48333333333333334,0.7745957042474391,0.4831736259699057,0.41149432791047563,0.4683911140176421,True,True,-0.32126615890638277,Pedro(?)
dirichlet,6,dirichlet|dia|closed:150|dirmult|w500|mnone|hauptbriefe|sblgnt,dia,closed:150,dirmult,500,none,hauptbriefe,sblgnt,300,2Tim,target,0.03666666666666667,-0.5891325521714429,-0.7741872125878287,-0.5096921128664396,-0.5244127432826886,True,True,-13.229510740961814,Pedro(?)
dirichlet,6,dirichlet|dia|closed:150|dirmult|w500|mnone|hauptbriefe|sblgnt,dia,closed:150,dirmult,500,none,hauptbriefe,sblgnt,300,Tit,target,0.07,-0.5699429745349175,-0.7561885323082221,-0.49797055729077155,-0.5115457911806713,True,True,-6.025144128002353,Juan(presb.)
dirichlet,6,dirichlet|dia|closed:150|dirmult|w500|mnone|hauptbriefe|sblgnt,dia,closed:150,dirmult,500,none,hauptbriefe,sblgnt,300,Heb,target,0.13333333333333333,-0.4996317318477487,-0.6915662814740445,-0.45463803665291846,-0.4640719559686338,True,True,-13.334044584077162,Ps-Pablo
dirichlet,7,dirichlet|dia|closed:150|dirmult|w500|mnone|seven_plus|sblgnt,dia,closed:150,dirmult,500,none,seven_plus,sblgnt,300,Rom,core_loo,0.8266666666666667,1.9848300578762064,1.9107777086649418,1.6912924562184055,1.7720443934735994,True,True,10.265512313261752,Pedro(?)
dirichlet,7,dirichlet|dia|closed:150|dirmult|w500|mnone|seven_plus|sblgnt,dia,closed:150,dirmult,500,none,seven_plus,sblgnt,300,1Cor,core_loo,0.8466666666666667,2.0005681217233384,1.9364182838609825,1.718561579208735,1.7975865137097902,True,True,8.843850720538683,Juan(presb.)
dirichlet,7,dirichlet|dia|closed:150|dirmult|w500|mnone|seven_plus|sblgnt,dia,closed:150,dirmult,500,none,seven_plus,sblgnt,300,2Cor,core_loo,0.9533333333333334,2.0398671136326576,2.008465851477534,1.7933178433648391,1.8681331197544206,True,True,16.91821414221323,Pedro(?)
dirichlet,7,dirichlet|dia|closed:150|dirmult|w500|mnone|seven_plus|sblgnt,dia,closed:150,dirmult,500,none,seven_plus,sblgnt,300,Gal,core_loo,1.0,2.042734250803922,2.015164360809288,1.8003300649558402,1.87467960142569,True,True,13.979383669879496,Juan(presb.)
dirichlet,7,dirichlet|dia|closed:150|dirmult|w500|mnone|seven_plus|sblgnt,dia,closed:150,dirmult,500,none,seven_plus,sblgnt,300,Flp,core_loo,0.8066666666666666,1.9653037232907113,1.8797341382384407,1.6581448604016547,1.7409601101713945,True,True,5.846482720889298,Pedro(?)
dirichlet,7,dirichlet|dia|closed:150|dirmult|w500|mnone|seven_plus|sblgnt,dia,closed:150,dirmult,500,none,seven_plus,sblgnt,300,1Tes,core_loo,0.5466666666666666,1.119771504238767,0.8224430636059835,0.6805336283966079,0.7530842720077573,True,True,0.7563280878909495,Pedro(?)
dirichlet,7,dirichlet|dia|closed:150|dirmult|w500|mnone|seven_plus|sblgnt,dia,closed:150,dirmult,500,none,seven_plus,sblgnt,300,Flm,core_loo,0.5866666666666667,1.3302509704377579,1.0414880257768546,0.8638969086441086,0.9457113335853943,True,True,4.312298598879806,Ignacio
dirichlet,7,dirichlet|dia|closed:150|dirmult|w500|mnone|seven_plus|sblgnt,dia,closed:150,dirmult,500,none,seven_plus,sblgnt,300,Col,core_loo,0.2733333333333333,-0.17371342210355384,-0.3817081331641803,-0.24548016162562522,-0.2368976867987342,True,True,-5.009792597616297,Ignacio
dirichlet,7,dirichlet|dia|closed:150|dirmult|w500|mnone|seven_plus|sblgnt,dia,closed:150,dirmult,500,none,seven_plus,sblgnt,300,2Tes,core_loo,0.39666666666666667,0.31964834993914537,0.06777961229933621,0.08564870387898799,0.11981706189279462,True,True,-2.0157221488344703,Pedro(?)
dirichlet,7,dirichlet|dia|closed:150|dirmult|w500|mnone|seven_plus|sblgnt,dia,closed:150,dirmult,500,none,seven_plus,sblgnt,300,Ef,target,0.5966666666666667,1.3796337229651083,1.095599049609697,0.9101990349701627,0.9940533234191197,True,True,2.9212048621793656,Pedro(?)
dirichlet,7,dirichlet|dia|closed:150|dirmult|w500|mnone|seven_plus|sblgnt,dia,closed:150,dirmult,500,none,seven_plus,sblgnt,300,1Tim,target,0.7466666666666667,1.8784039310527674,1.7453728403005075,1.5165235512736224,1.6063834996773418,True,True,5.266903581319696,Pedro(?)
dirichlet,7,dirichlet|dia|closed:150|dirmult|w500|mnone|seven_plus|sblgnt,dia,closed:150,dirmult,500,none,seven_plus,sblgnt,300,2Tim,target,0.07666666666666666,-0.5632556638320888,-0.7388858210257273,-0.4920146038414295,-0.5054690920655531,True,True,-11.34967809919874,Pedro(?)
dirichlet,7,dirichlet|dia|closed:150|dirmult|w500|mnone|seven_plus|sblgnt,dia,closed:150,dirmult,500,none,seven_plus,sblgnt,300,Tit,target,0.27666666666666667,-0.1629682657505499,-0.3719133506746789,-0.23847557185380466,-0.2293131552498285,True,True,-1.6405260930685017,Juan(presb.)
dirichlet,7,dirichlet|dia|closed:150|dirmult|w500|mnone|seven_plus|sblgnt,dia,closed:150,dirmult,500,none,seven_plus,sblgnt,300,Heb,target,0.11333333333333333,-0.5253016678761036,-0.7036927039493681,-0.4687126426110583,-0.47991717684623103,True,True,-11.003169683385806,Ps-Pablo
dirichlet,8,dirichlet|dia|closed:150|dirmult|w500|mnone|trece|sblgnt,dia,closed:150,dirmult,500,none,trece,sblgnt,300,Rom,core_loo,0.7833333333333333,1.8573300776571842,1.7464164222427032,1.5225276795182248,1.6043811857822055,True,True,9.649522142981311,Pedro(?)
dirichlet,8,dirichlet|dia|closed:150|dirmult|w500|mnone|trece|sblgnt,dia,closed:150,dirmult,500,none,trece,sblgnt,300,1Cor,core_loo,0.8433333333333334,1.9143176991466349,1.8330486835009552,1.612912240642489,1.6899904350512596,True,True,7.657887927011359,Juan(presb.)
dirichlet,8,dirichlet|dia|closed:150|dirmult|w500|mnone|trece|sblgnt,dia,closed:150,dirmult,500,none,trece,sblgnt,300,2Cor,core_loo,0.9833333333333333,1.9642553064881645,1.9090433201052157,1.6897217034601117,1.7639013748825423,True,True,17.428856093614286,Pedro(?)
dirichlet,8,dirichlet|dia|closed:150|dirmult|w500|mnone|trece|sblgnt,dia,closed:150,dirmult,500,none,trece,sblgnt,300,Gal,core_loo,1.0,1.9647579770237285,1.9099119769970585,1.6906837228971037,1.7647784075463062,True,True,14.462957536937893,Pedro(?)
dirichlet,8,dirichlet|dia|closed:150|dirmult|w500|mnone|trece|sblgnt,dia,closed:150,dirmult,500,none,trece,sblgnt,300,Ef,core_loo,0.56,1.1708976834535711,0.8744179323101284,0.7226778862622355,0.797328158957335,True,True,1.497168198077759,Pedro(?)
dirichlet,8,dirichlet|dia|closed:150|dirmult|w500|mnone|trece|sblgnt,dia,closed:150,dirmult,500,none,trece,sblgnt,300,Flp,core_loo,0.93,1.9556878029925937,1.8955821551831145,1.6763628255287317,1.7508988942251968,True,True,9.775891616450792,Pedro(?)
dirichlet,8,dirichlet|dia|closed:150|dirmult|w500|mnone|trece|sblgnt,dia,closed:150,dirmult,500,none,trece,sblgnt,300,Col,core_loo,0.33666666666666667,0.05036302273758192,-0.18776704830072877,-0.09833427029686266,-0.07777381877552099,True,True,-2.4992222791283325,Ignacio
dirichlet,8,dirichlet|dia|closed:150|dirmult|w500|mnone|trece|sblgnt,dia,closed:150,dirmult,500,none,trece,sblgnt,300,1Tes,core_loo,0.6666666666666666,1.621506683217764,1.3984983483798006,1.178898210900862,1.2682960466841877,True,True,1.8432506117721346,Pedro(?)
dirichlet,8,dirichlet|dia|closed:150|dirmult|w500|mnone|trece|sblgnt,dia,closed:150,dirmult,500,none,trece,sblgnt,300,2Tes,core_loo,0.8966666666666666,1.9443429714304417,1.8782350679243118,1.659066022487659,1.7341236145925283,True,True,3.478145664138765,Ignacio
dirichlet,8,dirichlet|dia|closed:150|dirmult|w500|mnone|trece|sblgnt,dia,closed:150,dirmult,500,none,trece,sblgnt,300,1Tim,core_loo,0.7733333333333333,1.8447118906847069,1.7269957404815601,1.5023041004007198,1.5851630491768507,True,True,5.955390096198357,Pedro(?)
dirichlet,8,dirichlet|dia|closed:150|dirmult|w500|mnone|trece|sblgnt,dia,closed:150,dirmult,500,none,trece,sblgnt,300,2Tim,core_loo,0.12666666666666668,-0.5135753481025178,-0.7053040849693688,-0.46245402302916755,-0.4729154697554534,True,True,-8.938913948281026,Pedro(?)
dirichlet,8,dirichlet|dia|closed:150|dirmult|w500|mnone|trece|sblgnt,dia,closed:150,dirmult,500,none,trece,sblgnt,300,Tit,core_loo,0.6,1.3659825636595133,1.0844793137335915,0.8993200560917951,0.9819045378525606,True,True,1.5667545615519316,Juan(presb.)
dirichlet,8,dirichlet|dia|closed:150|dirmult|w500|mnone|trece|sblgnt,dia,closed:150,dirmult,500,none,trece,sblgnt,300,Flm,core_loo,1.0,1.9647579770237285,1.9099119769970585,1.6906837228971037,1.7647784075463062,True,True,6.004682082051545,Ignacio
dirichlet,8,dirichlet|dia|closed:150|dirmult|w500|mnone|trece|sblgnt,dia,closed:150,dirmult,500,none,trece,sblgnt,300,Heb,target,0.15,-0.47770246856657195,-0.672331970601277,-0.4401580894610365,-0.4485269777615516,True,True,-7.919352046129291,Ps-Pablo
dirichlet,9,dirichlet|dia|closed:150|dirmult|w500|mformulae+preformed+otq+reuse|hauptbriefe|sblgnt,dia,closed:150,dirmult,500,formulae+preformed+otq+reuse,hauptbriefe,sblgnt,300,Rom,core_loo,0.9066666666666666,2.389893549002421,2.631847086313506,2.495133871978951,2.605354709629568,True,True,11.962777178916326,Pedro(?)
dirichlet,9,dirichlet|dia|closed:150|dirmult|w500|mformulae+preformed+otq+reuse|hauptbriefe|sblgnt,dia,closed:150,dirmult,500,formulae+preformed+otq+reuse,hauptbriefe,sblgnt,300,1Cor,core_loo,0.9166666666666666,2.399721789815537,2.6626062557130266,2.531580955242796,2.643233157429698,True,True,10.752174771746127,Juan(presb.)
dirichlet,9,dirichlet|dia|closed:150|dirmult|w500|mformulae+preformed+otq+reuse|hauptbriefe|sblgnt,dia,closed:150,dirmult,500,formulae+preformed+otq+reuse,hauptbriefe,sblgnt,300,2Cor,core_loo,0.84,2.287897418489764,2.3853200970229906,2.206353781130086,2.310443835192895,True,True,13.75876895784802,Pedro(?)
dirichlet,9,dirichlet|dia|closed:150|dirmult|w500|mformulae+preformed+otq+reuse|hauptbriefe|sblgnt,dia,closed:150,dirmult,500,formulae+preformed+otq+reuse,hauptbriefe,sblgnt,300,Gal,core_loo,0.9566666666666667,2.426550530323125,2.759655268730188,2.647615218200963,2.7649438102599295,True,True,18.15643373223878,Ps-Pablo
dirichlet,9,dirichlet|dia|closed:150|dirmult|w500|mformulae+preformed+otq+reuse|hauptbriefe|sblgnt,dia,closed:150,dirmult,500,formulae+preformed+otq+reuse,hauptbriefe,sblgnt,300,Ef,target,0.32666666666666666,0.015337073625711071,-0.22238226006407977,-0.12307361527976017,-0.10401222283172709,True,True,-8.336849677352404,Pedro(?)
dirichlet,9,dirichlet|dia|closed:150|dirmult|w500|mformulae+preformed+otq+reuse|hauptbriefe|sblgnt,dia,closed:150,dirmult,500,formulae+preformed+otq+reuse,hauptbriefe,sblgnt,300,Col,target,0.08333333333333333,-0.5605701909919826,-0.7448870066667101,-0.4934507073593899,-0.5060986443976729,True,True,-9.204249858180049,Ignacio
dirichlet,9,dirichlet|dia|closed:150|dirmult|w500|mformulae+preformed+otq+reuse|hauptbriefe|sblgnt,dia,closed:150,dirmult,500,formulae+preformed+otq+reuse,hauptbriefe,sblgnt,300,2Tes,target,0.9933333333333333,2.4356985412581196,2.7997780990729515,2.697439318088837,2.816871721457062,True,True,3.287006410322192,Pedro(?)
dirichlet,9,dirichlet|dia|closed:150|dirmult|w500|mformulae+preformed+otq+reuse|hauptbriefe|sblgnt,dia,closed:150,dirmult,500,formulae+preformed+otq+reuse,hauptbriefe,sblgnt,300,1Tim,target,0.5033333333333333,0.8877111469112882,0.5897993353889273,0.49737952996559986,0.5587907152978713,True,True,0.17779141439172008,Pedro(?)
dirichlet,9,dirichlet|dia|closed:150|dirmult|w500|mformulae+preformed+otq+reuse|hauptbriefe|sblgnt,dia,closed:150,dirmult,500,formulae+preformed+otq+reuse,hauptbriefe,sblgnt,300,2Tim,target,0.023333333333333334,-0.5952187269126237,-0.777058183680477,-0.5146215887830485,-0.5293377472561093,True,True,-13.57269018408482,Pedro(?)
dirichlet,9,dirichlet|dia|closed:150|dirmult|w500|mformulae+preformed+otq+reuse|hauptbriefe|sblgnt,dia,closed:150,dirmult,500,formulae+preformed+otq+reuse,hauptbriefe,sblgnt,300,Tit,target,0.08666666666666667,-0.5574859762034882,-0.7420703245963595,-0.4915587687434652,-0.5040237175093669,True,True,-4.486115920270777,Juan(presb.)
dirichlet,9,dirichlet|dia|closed:150|dirmult|w500|mformulae+preformed+otq+reuse|hauptbriefe|sblgnt,dia,closed:150,dirmult,500,formulae+preformed+otq+reuse,hauptbriefe,sblgnt,300,Heb,target,0.08,-0.5635309361527095,-0.7475936928592418,-0.4952657662078608,-0.5080895367164232,True,True,-19.703616525660266,Ps-Pablo
dirichlet,10,dirichlet|dia|closed:150|dirmult|w500|mformulae+preformed+otq+reuse|seven_plus|sblgnt,dia,closed:150,dirmult,500,formulae+preformed+otq+reuse,seven_plus,sblgnt,300,Rom,core_loo,0.95,2.214486841405753,2.3162652541081417,2.1271164248869465,2.205455626530224,True,True,13.615261007155425,Pedro(?)
dirichlet,10,dirichlet|dia|closed:150|dirmult|w500|mformulae+preformed+otq+reuse|seven_plus|sblgnt,dia,closed:150,dirmult,500,formulae+preformed+otq+reuse,seven_plus,sblgnt,300,1Cor,core_loo,0.93,2.2139157079476486,2.3063540114643946,2.1159519943660787,2.196664518623475,True,True,10.412477071723856,Juan(presb.)
dirichlet,10,dirichlet|dia|closed:150|dirmult|w500|mformulae+preformed+otq+reuse|seven_plus|sblgnt,dia,closed:150,dirmult,500,formulae+preformed+otq+reuse,seven_plus,sblgnt,300,2Cor,core_loo,0.8466666666666667,2.1880766429796488,2.2098903215581265,2.005779274294196,2.1022930454242066,True,True,15.403176389871987,Pedro(?)
dirichlet,10,dirichlet|dia|closed:150|dirmult|w500|mformulae+preformed+otq+reuse|seven_plus|sblgnt,dia,closed:150,dirmult,500,formulae+preformed+otq+reuse,seven_plus,sblgnt,300,Gal,core_loo,0.9866666666666667,2.214421635111192,2.3254988293666568,2.1377102764686158,2.213505585990132,True,True,15.484753389863215,Ps-Pablo
dirichlet,10,dirichlet|dia|closed:150|dirmult|w500|mformulae+preformed+otq+reuse|seven_plus|sblgnt,dia,closed:150,dirmult,500,formulae+preformed+otq+reuse,seven_plus,sblgnt,300,Flp,core_loo,0.7733333333333333,2.0900162794838772,2.013019914481361,1.7856864408917577,1.8947462968617852,True,True,4.498500878283949,Pedro(?)
dirichlet,10,dirichlet|dia|closed:150|dirmult|w500|mformulae+preformed+otq+reuse|seven_plus|sblgnt,dia,closed:150,dirmult,500,formulae+preformed+otq+reuse,seven_plus,sblgnt,300,1Tes,core_loo,0.25333333333333335,-0.24178200587063248,-0.45032594170299267,-0.2931412244377241,-0.28773196779377774,True,True,-2.0980216369639493,Pedro(?)
dirichlet,10,dirichlet|dia|closed:150|dirmult|w500|mformulae+preformed+otq+reuse|seven_plus|sblgnt,dia,closed:150,dirmult,500,formulae+preformed+otq+reuse,seven_plus,sblgnt,300,Flm,core_loo,1.0,2.2143959656648016,2.326367039796574,2.138900404409544,2.214344161300557,True,True,4.0883705610373795,Ignacio
dirichlet,10,dirichlet|dia|closed:150|dirmult|w500|mformulae+preformed+otq+reuse|seven_plus|sblgnt,dia,closed:150,dirmult,500,formulae+preformed+otq+reuse,seven_plus,sblgnt,300,Col,core_loo,0.14333333333333334,-0.4866156907629591,-0.6712708317459674,-0.4471890596684539,-0.4557021622520091,True,True,-6.727267214267613,Ignacio
dirichlet,10,dirichlet|dia|closed:150|dirmult|w500|mformulae+preformed+otq+reuse|seven_plus|sblgnt,dia,closed:150,dirmult,500,formulae+preformed+otq+reuse,seven_plus,sblgnt,300,2Tes,core_loo,1.0,2.2143959656648016,2.326367039796574,2.138900404409544,2.214344161300557,True,True,4.04574607266909,Pedro(?)
dirichlet,10,dirichlet|dia|closed:150|dirmult|w500|mformulae+preformed+otq+reuse|seven_plus|sblgnt,dia,closed:150,dirmult,500,formulae+preformed+otq+reuse,seven_plus,sblgnt,300,Ef,target,0.42333333333333334,0.4428577805732767,0.1727935252420151,0.16734769823227977,0.20817928789308499,True,True,-4.480383451942487,Pedro(?)
dirichlet,10,dirichlet|dia|closed:150|dirmult|w500|mformulae+preformed+otq+reuse|seven_plus|sblgnt,dia,closed:150,dirmult,500,formulae+preformed+otq+reuse,seven_plus,sblgnt,300,1Tim,target,0.6633333333333333,1.7357778426766066,1.4970155984436522,1.2704747743968097,1.37291346564408,True,True,1.9736406953779237,Pedro(?)
dirichlet,10,dirichlet|dia|closed:150|dirmult|w500|mformulae+preformed+otq+reuse|seven_plus|sblgnt,dia,closed:150,dirmult,500,formulae+preformed+otq+reuse,seven_plus,sblgnt,300,2Tim,target,0.11333333333333333,-0.5283719500137366,-0.7089916270022415,-0.4727658100248584,-0.48375348280760155,True,True,-10.199673164513115,Pedro(?)
dirichlet,10,dirichlet|dia|closed:150|dirmult|w500|mformulae+preformed+otq+reuse|seven_plus|sblgnt,dia,closed:150,dirmult,500,formulae+preformed+otq+reuse,seven_plus,sblgnt,300,Tit,target,0.17666666666666667,-0.4280037562924738,-0.6183965145362703,-0.4109221180688698,-0.41601524068169965,True,True,-1.4747706118091628,Juan(presb.)
dirichlet,10,dirichlet|dia|closed:150|dirmult|w500|mformulae+preformed+otq+reuse|seven_plus|sblgnt,dia,closed:150,dirmult,500,formulae+preformed+otq+reuse,seven_plus,sblgnt,300,Heb,target,0.08666666666666667,-0.5570107488220508,-0.7349473522386926,-0.4901760386977967,-0.5028803592899052,True,True,-16.925874820668582,Ps-Pablo
dirichlet,11,dirichlet|dia|closed:150|dirmult|w500|mformulae+preformed+otq+reuse|trece|sblgnt,dia,closed:150,dirmult,500,formulae+preformed+otq+reuse,trece,sblgnt,300,Rom,core_loo,0.9033333333333333,2.1440515993925673,2.14028413144899,1.94489332091738,2.030159731761135,True,True,12.606409519877445,Pedro(?)
dirichlet,11,dirichlet|dia|closed:150|dirmult|w500|mformulae+preformed+otq+reuse|trece|sblgnt,dia,closed:150,dirmult,500,formulae+preformed+otq+reuse,trece,sblgnt,300,1Cor,core_loo,0.89,2.135409747248611,2.123184266152832,1.9270452923000425,2.0129892998048637,True,True,8.686928563960635,Juan(presb.)
dirichlet,11,dirichlet|dia|closed:150|dirmult|w500|mformulae+preformed+otq+reuse|trece|sblgnt,dia,closed:150,dirmult,500,formulae+preformed+otq+reuse,trece,sblgnt,300,2Cor,core_loo,0.94,2.1603051149197348,2.1756912843743543,1.981407493270402,2.065200388440585,True,True,14.672801704903236,Pedro(?)
dirichlet,11,dirichlet|dia|closed:150|dirmult|w500|mformulae+preformed+otq+reuse|trece|sblgnt,dia,closed:150,dirmult,500,formulae+preformed+otq+reuse,trece,sblgnt,300,Gal,core_loo,1.0,2.1691440734511223,2.198077415730909,2.0045714215246035,2.087100016387381,True,True,15.239054123947994,Ps-Pablo
dirichlet,11,dirichlet|dia|closed:150|dirmult|w500|mformulae+preformed+otq+reuse|trece|sblgnt,dia,closed:150,dirmult,500,formulae+preformed+otq+reuse,trece,sblgnt,300,Ef,core_loo,0.42,0.4274303835022861,0.16030587367751292,0.1570448075773322,0.19690090382150632,True,True,-4.508147781377318,Pedro(?)
dirichlet,11,dirichlet|dia|closed:150|dirmult|w500|mformulae+preformed+otq+reuse|trece|sblgnt,dia,closed:150,dirmult,500,formulae+preformed+otq+reuse,trece,sblgnt,300,Flp,core_loo,0.87,2.119209157180757,2.0931767232566836,1.8954220129291997,1.9825231060431336,True,True,6.964036680979461,Pedro(?)
dirichlet,11,dirichlet|dia|closed:150|dirmult|w500|mformulae+preformed+otq+reuse|trece|sblgnt,dia,closed:150,dirmult,500,formulae+preformed+otq+reuse,trece,sblgnt,300,Col,core_loo,0.23666666666666666,-0.2889477726050927,-0.4896116821640595,-0.322456915496708,-0.3197974557847924,True,True,-5.199260007699536,Ignacio
dirichlet,11,dirichlet|dia|closed:150|dirmult|w500|mformulae+preformed+otq+reuse|trece|sblgnt,dia,closed:150,dirmult,500,formulae+preformed+otq+reuse,trece,sblgnt,300,1Tes,core_loo,0.5866666666666667,1.3204522548858664,1.027128926681574,0.8537953499404086,0.9351887286496209,True,True,0.8508818227759889,Pedro(?)
dirichlet,11,dirichlet|dia|closed:150|dirmult|w500|mformulae+preformed+otq+reuse|trece|sblgnt,dia,closed:150,dirmult,500,formulae+preformed+otq+reuse,trece,sblgnt,300,2Tes,core_loo,1.0,2.1691440734511223,2.198077415730909,2.0045714215246035,2.087100016387381,True,True,7.802618009207663,Pedro(?)
dirichlet,11,dirichlet|dia|closed:150|dirmult|w500|mformulae+preformed+otq+reuse|trece|sblgnt,dia,closed:150,dirmult,500,formulae+preformed+otq+reuse,trece,sblgnt,300,1Tim,core_loo,0.79,2.0081584170269573,1.9167638050377411,1.7059378260352664,1.7988077545464143,True,True,5.511568592636195,Pedro(?)
dirichlet,11,dirichlet|dia|closed:150|dirmult|w500|mformulae+preformed+otq+reuse|trece|sblgnt,dia,closed:150,dirmult,500,formulae+preformed+otq+reuse,trece,sblgnt,300,2Tim,core_loo,0.22,-0.3326382259850667,-0.5291458924118512,-0.350350252343932,-0.3501227766514033,True,True,-7.846867262765329,Pedro(?)
dirichlet,11,dirichlet|dia|closed:150|dirmult|w500|mformulae+preformed+otq+reuse|trece|sblgnt,dia,closed:150,dirmult,500,formulae+preformed+otq+reuse,trece,sblgnt,300,Tit,core_loo,0.56,1.182417628636007,0.8812118016597337,0.7305700180082284,0.8059663843361997,True,True,1.9465510299519337,Juan(presb.)
dirichlet,11,dirichlet|dia|closed:150|dirmult|w500|mformulae+preformed+otq+reuse|trece|sblgnt,dia,closed:150,dirmult,500,formulae+preformed+otq+reuse,trece,sblgnt,300,Flm,core_loo,1.0,2.1691440734511223,2.198077415730909,2.0045714215246035,2.087100016387381,True,True,4.545303498271267,Ignacio
dirichlet,11,dirichlet|dia|closed:150|dirmult|w500|mformulae+preformed+otq+reuse|trece|sblgnt,dia,closed:150,dirmult,500,formulae+preformed+otq+reuse,trece,sblgnt,300,Heb,target,0.11,-0.5357493672438229,-0.7133490015255369,-0.47748200330790264,-0.48892834816574593,True,True,-13.90099989215986,Ps-Pablo
impostores,0,dia|mfw:300|minmax|w500|mnone|hauptbriefe|sblgnt,dia,mfw:300,minmax,500,none,hauptbriefe,sblgnt,300,Rom,core_loo,0.8833333333333333,0.9646866331751618,1.3466325702697906,0.8818167183017436,0.9233615892457424,True,True,0.06615336574478242,1Pe
impostores,0,dia|mfw:300|minmax|w500|mnone|hauptbriefe|sblgnt,dia,mfw:300,minmax,500,none,hauptbriefe,sblgnt,300,1Cor,core_loo,0.9133333333333333,1.013456543473617,1.382406706527144,0.9141231516019765,0.9570425705154346,True,True,0.061021724122124255,Sant
impostores,0,dia|mfw:300|minmax|w500|mnone|hauptbriefe|sblgnt,dia,mfw:300,minmax,500,none,hauptbriefe,sblgnt,300,2Cor,core_loo,0.8466666666666667,0.8968579937455287,1.2931058954438321,0.8324462584850838,0.8723261334207646,True,True,0.054110015102166675,Bas_Ep#240
impostores,0,dia|mfw:300|minmax|w500|mnone|hauptbriefe|sblgnt,dia,mfw:300,minmax,500,none,hauptbriefe,sblgnt,300,Gal,core_loo,0.9233333333333333,1.0276290666881875,1.3924180512440845,0.9230447299654895,0.9663866129414042,True,True,0.056863008290887807,1Pe
impostores,0,dia|mfw:300|minmax|w500|mnone|hauptbriefe|sblgnt,dia,mfw:300,minmax,500,none,hauptbriefe,sblgnt,300,Ef,target,0.6566666666666666,0.554416790220351,0.8950908993916628,0.47944259432511405,0.5171723172927569,True,True,0.017259370642350225,1Pe
impostores,0,dia|mfw:300|minmax|w500|mnone|hauptbriefe|sblgnt,dia,mfw:300,minmax,500,none,hauptbriefe,sblgnt,300,Col,target,0.5466666666666666,0.38521042968016384,0.5391857312264577,0.2517485585584884,0.2887204197471872,True,True,0.0066788376213844924,2Pe
impostores,0,dia|mfw:300|minmax|w500|mnone|hauptbriefe|sblgnt,dia,mfw:300,minmax,500,none,hauptbriefe,sblgnt,300,2Tes,target,0.7233333333333334,0.663871315665461,1.057873005372002,0.6141226258017445,0.6513814712409622,True,True,0.03417713083641094,IgnFil
impostores,0,dia|mfw:300|minmax|w500|mnone|hauptbriefe|sblgnt,dia,mfw:300,minmax,500,none,hauptbriefe,sblgnt,300,1Tim,target,0.67,0.5753335757300457,0.9302673414699504,0.5067710531726151,0.544373512508245,True,True,0.025118709119137328,1Pe
impostores,0,dia|mfw:300|minmax|w500|mnone|hauptbriefe|sblgnt,dia,mfw:300,minmax,500,none,hauptbriefe,sblgnt,300,2Tim,target,0.7433333333333333,0.6993779791229604,1.1011938544752775,0.6531183611685718,0.6904205518791082,True,True,0.03240874414938294,1Pe
impostores,0,dia|mfw:300|minmax|w500|mnone|hauptbriefe|sblgnt,dia,mfw:300,minmax,500,none,hauptbriefe,sblgnt,300,Tit,target,0.6166666666666667,0.49341812717449074,0.7800030552015309,0.3968820878647246,0.4348664712722606,True,True,0.010865673729171965,2Jn
impostores,0,dia|mfw:300|minmax|w500|mnone|hauptbriefe|sblgnt,dia,mfw:300,minmax,500,none,hauptbriefe,sblgnt,300,Heb,target,0.5433333333333333,0.37975107062062863,0.5264235192860598,0.24483948362304808,0.28169047473830927,True,True,0.006186810531988551,IgnLong#13
impostores,1,dia|mfw:300|minmax|w500|mnone|seven_plus|sblgnt,dia,mfw:300,minmax,500,none,seven_plus,sblgnt,300,Rom,core_loo,0.94,0.9500154451943367,1.1722444488433377,0.7265858516918366,0.7832759676323373,True,True,0.07207520365400383,IgnFil
impostores,1,dia|mfw:300|minmax|w500|mnone|seven_plus|sblgnt,dia,mfw:300,minmax,500,none,seven_plus,sblgnt,300,1Cor,core_loo,0.9366666666666666,0.946062960282273,1.169944094015203,0.7240084521029831,0.7805573224956627,True,True,0.06867422712100174,Sant
impostores,1,dia|mfw:300|minmax|w500|mnone|seven_plus|sblgnt,dia,mfw:300,minmax,500,none,seven_plus,sblgnt,300,2Cor,core_loo,0.96,0.9697842633618763,1.1835895059966723,0.7392974636879339,0.796699432799237,True,True,0.09015063991026195,1Pe
impostores,1,dia|mfw:300|minmax|w500|mnone|seven_plus|sblgnt,dia,mfw:300,minmax,500,none,seven_plus,sblgnt,300,Gal,core_loo,0.9733333333333334,0.9788723909733251,1.1887169759532148,0.7450414780535315,0.8027735280323341,True,True,0.07455734915719076,1Pe
impostores,1,dia|mfw:300|minmax|w500|mnone|seven_plus|sblgnt,dia,mfw:300,minmax,500,none,seven_plus,sblgnt,300,Flp,core_loo,0.95,0.9607749034407345,1.1784520893462462,0.7335413420012049,0.7906178077791357,True,True,0.08136183891942939,1Pe
impostores,1,dia|mfw:300|minmax|w500|mnone|seven_plus|sblgnt,dia,mfw:300,minmax,500,none,seven_plus,sblgnt,300,1Tes,core_loo,0.8566666666666667,0.8118757160610958,1.0849927352158553,0.6292028724027341,0.6812240184086221,True,True,0.05537441506484175,IgnLong#3
impostores,1,dia|mfw:300|minmax|w500|mnone|seven_plus|sblgnt,dia,mfw:300,minmax,500,none,seven_plus,sblgnt,300,Flm,core_loo,0.9633333333333334,0.9723774289437384,1.185058115141146,0.7409428102951087,0.7984387912980032,True,True,0.07349689918190572,IgnFil
impostores,1,dia|mfw:300|minmax|w500|mnone|seven_plus|sblgnt,dia,mfw:300,minmax,500,none,seven_plus,sblgnt,300,Col,core_loo,0.8966666666666666,0.8866461621326446,1.134025680569634,0.6837998926166154,0.7382747937936488,True,True,0.055101202932473836,Bas_Ep#213
impostores,1,dia|mfw:300|minmax|w500|mnone|seven_plus|sblgnt,dia,mfw:300,minmax,500,none,seven_plus,sblgnt,300,2Tes,core_loo,0.9,0.8923169981513732,1.137565057493046,0.6877571137743841,0.7424256403084437,True,True,0.0560068333854441,1Pe
impostores,1,dia|mfw:300|minmax|w500|mnone|seven_plus|sblgnt,dia,mfw:300,minmax,500,none,seven_plus,sblgnt,300,Ef,target,0.9066666666666666,0.9033180733529469,1.1443628603814135,0.6953613284118513,0.7504082159348885,True,True,0.06206532478893012,Bas_Ep#139
impostores,1,dia|mfw:300|minmax|w500|mnone|seven_plus|sblgnt,dia,mfw:300,minmax,500,none,seven_plus,sblgnt,300,1Tim,target,0.9166666666666666,0.9188819440415303,1.1538284886028174,0.7059568534198049,0.761544968648481,True,True,0.06354355000503231,Sant
impostores,1,dia|mfw:300|minmax|w500|mnone|seven_plus|sblgnt,dia,mfw:300,minmax,500,none,seven_plus,sblgnt,300,2Tim,target,0.9233333333333333,0.9285652146053105,1.1596295620686239,0.7124534701459425,0.7683816678567463,True,True,0.06956838654590908,2Pe
impostores,1,dia|mfw:300|minmax|w500|mnone|seven_plus|sblgnt,dia,mfw:300,minmax,500,none,seven_plus,sblgnt,300,Tit,target,0.92,0.923796697376181,1.1567811932223053,0.7092633423251906,0.7650237543812669,True,True,0.0560989207710173,IgnPol
impostores,1,dia|mfw:300|minmax|w500|mnone|seven_plus|sblgnt,dia,mfw:300,minmax,500,none,seven_plus,sblgnt,300,Heb,target,0.7633333333333333,0.6222586668130328,0.9356317094117508,0.4692953481129013,0.5161107655270475,True,True,0.027932130421019996,PsClem_EpPet
impostores,2,dia|mfw:300|minmax|w500|mnone|trece|sblgnt,dia,mfw:300,minmax,500,none,trece,sblgnt,300,Rom,core_loo,0.9633333333333334,0.9227415136001756,1.1027321878477034,0.669525186348822,0.7324377664344972,True,True,0.07866282841247785,1Pe
impostores,2,dia|mfw:300|minmax|w500|mnone|trece|sblgnt,dia,mfw:300,minmax,500,none,trece,sblgnt,300,1Cor,core_loo,0.9333333333333333,0.8943263787092125,1.088063658588253,0.6510241110563555,0.7130492895765074,True,True,0.06950665613652568,IgnTral
impostores,2,dia|mfw:300|minmax|w500|mnone|trece|sblgnt,dia,mfw:300,minmax,500,none,trece,sblgnt,300,2Cor,core_loo,0.97,0.9269789771180496,1.104871016109273,0.6722318789995257,0.7352775674483991,True,True,0.09993595517398846,3Cor
impostores,2,dia|mfw:300|minmax|w500|mnone|trece|sblgnt,dia,mfw:300,minmax,500,none,trece,sblgnt,300,Gal,core_loo,0.97,0.9269789771180496,1.104871016109273,0.6722318789995257,0.7352775674483991,True,True,0.07677920167437702,3Jn
impostores,2,dia|mfw:300|minmax|w500|mnone|trece|sblgnt,dia,mfw:300,minmax,500,none,trece,sblgnt,300,Ef,core_loo,0.8966666666666666,0.8425102087174905,1.0597765512119988,0.6156930306034465,0.6761266879550971,True,True,0.05516113214081064,1Pe
impostores,2,dia|mfw:300|minmax|w500|mnone|trece|sblgnt,dia,mfw:300,minmax,500,none,trece,sblgnt,300,Flp,core_loo,0.9766666666666667,0.930400128641692,1.1065889153445598,0.6744073185736537,0.7375606028613495,True,True,0.08233223925535721,IgnFil
impostores,2,dia|mfw:300|minmax|w500|mnone|trece|sblgnt,dia,mfw:300,minmax,500,none,trece,sblgnt,300,Col,core_loo,0.88,0.8144509976746062,1.0435716908343011,0.5956867696493953,0.6552747875671996,True,True,0.05249298029995497,2Pe
impostores,2,dia|mfw:300|minmax|w500|mnone|trece|sblgnt,dia,mfw:300,minmax,500,none,trece,sblgnt,300,1Tes,core_loo,0.8866666666666667,0.825940131780827,1.0502858034465288,0.6039535951149069,0.6638864184206703,True,True,0.050223199070628666,Just_Dial#25-26
impostores,2,dia|mfw:300|minmax|w500|mnone|trece|sblgnt,dia,mfw:300,minmax,500,none,trece,sblgnt,300,2Tes,core_loo,0.9333333333333333,0.8943263787092125,1.088063658588253,0.6510241110563555,0.7130492895765074,True,True,0.07009481001592743,1Pe
impostores,2,dia|mfw:300|minmax|w500|mnone|trece|sblgnt,dia,mfw:300,minmax,500,none,trece,sblgnt,300,1Tim,core_loo,0.9433333333333334,0.9053997617433933,1.0938484642397581,0.6583068642875808,0.720676740006283,True,True,0.07728634297208842,2Pe
impostores,2,dia|mfw:300|minmax|w500|mnone|trece|sblgnt,dia,mfw:300,minmax,500,none,trece,sblgnt,300,2Tim,core_loo,0.9433333333333334,0.9053997617433933,1.0938484642397581,0.6583068642875808,0.720676740006283,True,True,0.07430543610881074,Sant
impostores,2,dia|mfw:300|minmax|w500|mnone|trece|sblgnt,dia,mfw:300,minmax,500,none,trece,sblgnt,300,Tit,core_loo,0.9766666666666667,0.930400128641692,1.1065889153445598,0.6744073185736537,0.7375606028613495,True,True,0.08646746529893035,2Jn
impostores,2,dia|mfw:300|minmax|w500|mnone|trece|sblgnt,dia,mfw:300,minmax,500,none,trece,sblgnt,300,Flm,core_loo,0.9866666666666667,0.9339577010067985,1.1083672529701327,0.676660252557172,0.7399255269773052,True,True,0.08240667474409985,Just_Dial#39
impostores,2,dia|mfw:300|minmax|w500|mnone|trece|sblgnt,dia,mfw:300,minmax,500,none,trece,sblgnt,300,Heb,target,0.79,0.6428453819412207,0.9276419694328545,0.4593732691693735,0.5140507244193113,True,True,0.03616754781418274,Bas_Ep#51
impostores,3,dia|mfw:300|minmax|w500|mformulae+preformed+otq+reuse|hauptbriefe|sblgnt,dia,mfw:300,minmax,500,formulae+preformed+otq+reuse,hauptbriefe,sblgnt,300,Rom,core_loo,0.9133333333333333,1.017390681635778,1.3923136008121777,0.9247603331623051,0.9634104966912941,True,True,0.06197046953518559,1Pe
impostores,3,dia|mfw:300|minmax|w500|mformulae+preformed+otq+reuse|hauptbriefe|sblgnt,dia,mfw:300,minmax,500,formulae+preformed+otq+reuse,hauptbriefe,sblgnt,300,1Cor,core_loo,0.8466666666666667,0.9009280148182173,1.3013258590187622,0.8405211537482061,0.877659441740526,True,True,0.051644779185193335,1Pe
impostores,3,dia|mfw:300|minmax|w500|mformulae+preformed+otq+reuse|hauptbriefe|sblgnt,dia,mfw:300,minmax,500,formulae+preformed+otq+reuse,hauptbriefe,sblgnt,300,2Cor,core_loo,0.89,0.980423296605875,1.3646953005993452,0.8995816091250282,0.9376906597884099,True,True,0.06580488679564622,1Pe
impostores,3,dia|mfw:300|minmax|w500|mformulae+preformed+otq+reuse|hauptbriefe|sblgnt,dia,mfw:300,minmax,500,formulae+preformed+otq+reuse,hauptbriefe,sblgnt,300,Gal,core_loo,0.8966666666666666,0.9915275669506233,1.3731064768400771,0.9072914884465172,0.9455577323205299,True,True,0.0696039642832777,1Pe
impostores,3,dia|mfw:300|minmax|w500|mformulae+preformed+otq+reuse|hauptbriefe|sblgnt,dia,mfw:300,minmax,500,formulae+preformed+otq+reuse,hauptbriefe,sblgnt,300,Ef,target,0.71,0.637977736994872,1.0304177340348288,0.5879720896170978,0.6244897455637217,True,True,0.026022449988959584,IgnFil
impostores,3,dia|mfw:300|minmax|w500|mformulae+preformed+otq+reuse|hauptbriefe|sblgnt,dia,mfw:300,minmax,500,formulae+preformed+otq+reuse,hauptbriefe,sblgnt,300,Col,target,0.61,0.4743107444226827,0.7585062217847559,0.37975717705631673,0.4173681837043981,True,True,0.015346989627489871,Bas_Ep#139
impostores,3,dia|mfw:300|minmax|w500|mformulae+preformed+otq+reuse|hauptbriefe|sblgnt,dia,mfw:300,minmax,500,formulae+preformed+otq+reuse,hauptbriefe,sblgnt,300,2Tes,target,0.8333333333333334,0.8748743441053133,1.2792215705799173,0.8196111008969571,0.8564980217179152,True,True,0.04830064331950551,1Pe
impostores,3,dia|mfw:300|minmax|w500|mformulae+preformed+otq+reuse|hauptbriefe|sblgnt,dia,mfw:300,minmax,500,formulae+preformed+otq+reuse,hauptbriefe,sblgnt,300,1Tim,target,0.6766666666666666,0.5806182100860311,0.9486342180972471,0.5190814254023888,0.5560087963085911,True,True,0.02299225471108407,Sant
impostores,3,dia|mfw:300|minmax|w500|mformulae+preformed+otq+reuse|hauptbriefe|sblgnt,dia,mfw:300,minmax,500,formulae+preformed+otq+reuse,hauptbriefe,sblgnt,300,2Tim,target,0.74,0.6925676326895812,1.0981172518360545,0.6486554647764092,0.684934848035383,True,True,0.03170597596144137,Jud
impostores,3,dia|mfw:300|minmax|w500|mformulae+preformed+otq+reuse|hauptbriefe|sblgnt,dia,mfw:300,minmax,500,formulae+preformed+otq+reuse,hauptbriefe,sblgnt,300,Tit,target,0.48,0.2580553802147613,0.2631763484758397,0.11067558006258575,0.14394725853796003,True,True,-0.0041075263457293065,IgnLong#8
impostores,3,dia|mfw:300|minmax|w500|mformulae+preformed+otq+reuse|hauptbriefe|sblgnt,dia,mfw:300,minmax,500,formulae+preformed+otq+reuse,hauptbriefe,sblgnt,300,Heb,target,0.43,0.1533511329658899,0.03779870747959915,0.008293269487064985,0.03648612481455007,True,True,-0.011101669849802431,IgnLong#2
impostores,4,dia|mfw:300|minmax|w500|mformulae+preformed+otq+reuse|seven_plus|sblgnt,dia,mfw:300,minmax,500,formulae+preformed+otq+reuse,seven_plus,sblgnt,300,Rom,core_loo,0.95,0.9320952658282422,1.1421104928558625,0.6954525315439261,0.753913813392355,True,True,0.07614766309627191,Sant
impostores,4,dia|mfw:300|minmax|w500|mformulae+preformed+otq+reuse|seven_plus|sblgnt,dia,mfw:300,minmax,500,formulae+preformed+otq+reuse,seven_plus,sblgnt,300,1Cor,core_loo,0.92,0.8971758227033748,1.1234522706023597,0.6731642831070164,0.7305202307589078,True,True,0.06566873453981398,Bas_Ep#366
impostores,4,dia|mfw:300|minmax|w500|mformulae+preformed+otq+reuse|seven_plus|sblgnt,dia,mfw:300,minmax,500,formulae+preformed+otq+reuse,seven_plus,sblgnt,300,2Cor,core_loo,0.9866666666666667,0.954374103573123,1.1535772371712925,0.7091812940115979,0.7683575157482002,True,True,0.08801151928490741,1Pe
impostores,4,dia|mfw:300|minmax|w500|mformulae+preformed+otq+reuse|seven_plus|sblgnt,dia,mfw:300,minmax,500,formulae+preformed+otq+reuse,seven_plus,sblgnt,300,Gal,core_loo,0.9633333333333334,0.9430328579615102,1.1477809796190814,0.7022398084848426,0.761051251643635,True,True,0.07610575494557459,3Jn
impostores,4,dia|mfw:300|minmax|w500|mformulae+preformed+otq+reuse|seven_plus|sblgnt,dia,mfw:300,minmax,500,formulae+preformed+otq+reuse,seven_plus,sblgnt,300,Flp,core_loo,0.9533333333333334,0.9351164154113502,1.1436848747480217,0.6973364620653894,0.7558942910867161,True,True,0.06867349740289541,2Pe
impostores,4,dia|mfw:300|minmax|w500|mformulae+preformed+otq+reuse|seven_plus|sblgnt,dia,mfw:300,minmax,500,formulae+preformed+otq+reuse,seven_plus,sblgnt,300,1Tes,core_loo,0.77,0.6229858816311934,0.9390068057332025,0.46265498127110627,0.51228716735532,True,True,0.035670343713570196,Just_Dial#44-45
impostores,4,dia|mfw:300|minmax|w500|mformulae+preformed+otq+reuse|seven_plus|sblgnt,dia,mfw:300,minmax,500,formulae+preformed+otq+reuse,seven_plus,sblgnt,300,Flm,core_loo,0.94,0.9219440681457338,1.136774617270766,0.6890709292226075,0.7472088265131431,True,True,0.06477788265264423,Bas_Ep#155
impostores,4,dia|mfw:300|minmax|w500|mformulae+preformed+otq+reuse|seven_plus|sblgnt,dia,mfw:300,minmax,500,formulae+preformed+otq+reuse,seven_plus,sblgnt,300,Col,core_loo,0.7833333333333333,0.6484862491388841,0.9599605477831858,0.48511835563932754,0.5353890096760697,True,True,0.03926682734026432,2Pe
impostores,4,dia|mfw:300|minmax|w500|mformulae+preformed+otq+reuse|seven_plus|sblgnt,dia,mfw:300,minmax,500,formulae+preformed+otq+reuse,seven_plus,sblgnt,300,2Tes,core_loo,0.89,0.8509643998510088,1.097391391517616,0.6421894589500021,0.6981170401297777,True,True,0.05017013206373583,IgnFil
impostores,4,dia|mfw:300|minmax|w500|mformulae+preformed+otq+reuse|seven_plus|sblgnt,dia,mfw:300,minmax,500,formulae+preformed+otq+reuse,seven_plus,sblgnt,300,Ef,target,0.85,0.778374292550845,1.052963103916782,0.5900076966689298,0.6437866131699354,True,True,0.044582998529136275,Bas_Ep#213
impostores,4,dia|mfw:300|minmax|w500|mformulae+preformed+otq+reuse|seven_plus|sblgnt,dia,mfw:300,minmax,500,formulae+preformed+otq+reuse,seven_plus,sblgnt,300,1Tim,target,0.92,0.8971758227033748,1.1234522706023597,0.6731642831070164,0.7305202307589078,True,True,0.061105133294559466,2Pe
impostores,4,dia|mfw:300|minmax|w500|mformulae+preformed+otq+reuse|seven_plus|sblgnt,dia,mfw:300,minmax,500,formulae+preformed+otq+reuse,seven_plus,sblgnt,300,2Tim,target,0.9566666666666667,0.9379490507013766,1.1451553839552655,0.6990964740786054,0.7577449476980865,True,True,0.07204942917504664,2Pe
impostores,4,dia|mfw:300|minmax|w500|mformulae+preformed+otq+reuse|seven_plus|sblgnt,dia,mfw:300,minmax,500,formulae+preformed+otq+reuse,seven_plus,sblgnt,300,Tit,target,0.8533333333333334,0.784723951462164,1.0570351908050308,0.5947490163378791,0.6487107760342656,True,True,0.03291248760135812,3Jn
impostores,4,dia|mfw:300|minmax|w500|mformulae+preformed+otq+reuse|seven_plus|sblgnt,dia,mfw:300,minmax,500,formulae+preformed+otq+reuse,seven_plus,sblgnt,300,Heb,target,0.6666666666666666,0.44609451376129605,0.7491302026929259,0.28790484895459323,0.33322695770086364,True,True,0.017452180631190528,Alciphr10#3
impostores,5,dia|mfw:300|minmax|w500|mformulae+preformed+otq+reuse|trece|sblgnt,dia,mfw:300,minmax,500,formulae+preformed+otq+reuse,trece,sblgnt,300,Rom,core_loo,0.96,0.91176730114157,1.0930237198790091,0.6602120579660526,0.7190859164377171,True,True,0.07467708207283652,1Pe
impostores,5,dia|mfw:300|minmax|w500|mformulae+preformed+otq+reuse|trece|sblgnt,dia,mfw:300,minmax,500,formulae+preformed+otq+reuse,trece,sblgnt,300,1Cor,core_loo,0.93,0.8823609688813829,1.0778745214784367,0.6414703745563226,0.699446655687805,True,True,0.07337202868585141,Sant
impostores,5,dia|mfw:300|minmax|w500|mformulae+preformed+otq+reuse|trece|sblgnt,dia,mfw:300,minmax,500,formulae+preformed+otq+reuse,trece,sblgnt,300,2Cor,core_loo,0.99,0.9258432330588272,1.1000614606982386,0.6689463103663144,0.7282548328648606,True,True,0.09830930663648996,1Pe
impostores,5,dia|mfw:300|minmax|w500|mformulae+preformed+otq+reuse|trece|sblgnt,dia,mfw:300,minmax,500,formulae+preformed+otq+reuse,trece,sblgnt,300,Gal,core_loo,0.96,0.91176730114157,1.0930237198790091,0.6602120579660526,0.7190859164377171,True,True,0.08274793354441107,3Cor
impostores,5,dia|mfw:300|minmax|w500|mformulae+preformed+otq+reuse|trece|sblgnt,dia,mfw:300,minmax,500,formulae+preformed+otq+reuse,trece,sblgnt,300,Ef,core_loo,0.86,0.7720348840345501,1.015078897791813,0.5650009481944669,0.6197684900333092,True,True,0.049530259920201325,1Pe
impostores,5,dia|mfw:300|minmax|w500|mformulae+preformed+otq+reuse|trece|sblgnt,dia,mfw:300,minmax,500,formulae+preformed+otq+reuse,trece,sblgnt,300,Flp,core_loo,0.96,0.91176730114157,1.0930237198790091,0.6602120579660526,0.7190859164377171,True,True,0.07114779948552613,1Pe
impostores,5,dia|mfw:300|minmax|w500|mformulae+preformed+otq+reuse|trece|sblgnt,dia,mfw:300,minmax,500,formulae+preformed+otq+reuse,trece,sblgnt,300,Col,core_loo,0.8633333333333333,0.778140394073687,1.018823684589209,0.5694937523615073,0.6244314305159919,True,True,0.0485747290327419,Just_Dial#44-45
impostores,5,dia|mfw:300|minmax|w500|mformulae+preformed+otq+reuse|trece|sblgnt,dia,mfw:300,minmax,500,formulae+preformed+otq+reuse,trece,sblgnt,300,1Tes,core_loo,0.89,0.8246064600440699,1.0462438082649885,0.6026727189079749,0.6589350344854978,True,True,0.0544256702455419,3Cor
impostores,5,dia|mfw:300|minmax|w500|mformulae+preformed+otq+reuse|trece|sblgnt,dia,mfw:300,minmax,500,formulae+preformed+otq+reuse,trece,sblgnt,300,2Tes,core_loo,0.9633333333333334,0.914132571549754,1.0942156775475431,0.661690361065114,0.720637053224765,True,True,0.07183135955454356,1Pe
impostores,5,dia|mfw:300|minmax|w500|mformulae+preformed+otq+reuse|trece|sblgnt,dia,mfw:300,minmax,500,formulae+preformed+otq+reuse,trece,sblgnt,300,1Tim,core_loo,0.9366666666666666,0.8900815024330309,1.0819119243616786,0.6464562384763215,0.7046666923680107,True,True,0.07113261249881092,Sant
impostores,5,dia|mfw:300|minmax|w500|mformulae+preformed+otq+reuse|trece|sblgnt,dia,mfw:300,minmax,500,formulae+preformed+otq+reuse,trece,sblgnt,300,2Tim,core_loo,0.9633333333333334,0.914132571549754,1.0942156775475431,0.661690361065114,0.720637053224765,True,True,0.07908538109262142,1Pe
impostores,5,dia|mfw:300|minmax|w500|mformulae+preformed+otq+reuse|trece|sblgnt,dia,mfw:300,minmax,500,formulae+preformed+otq+reuse,trece,sblgnt,300,Tit,core_loo,0.9833333333333333,0.9241503396977435,1.0992218037925077,0.6679038406737192,0.7271599508263694,True,True,0.07814213303599965,2Jn
impostores,5,dia|mfw:300|minmax|w500|mformulae+preformed+otq+reuse|trece|sblgnt,dia,mfw:300,minmax,500,formulae+preformed+otq+reuse,trece,sblgnt,300,Flm,core_loo,0.98,0.922990378882554,1.0986455374613124,0.6671883065821527,0.7264085177962132,True,True,0.08695925543379102,3Jn
impostores,5,dia|mfw:300|minmax|w500|mformulae+preformed+otq+reuse|trece|sblgnt,dia,mfw:300,minmax,500,formulae+preformed+otq+reuse,trece,sblgnt,300,Heb,target,0.8233333333333334,0.7023387844323749,0.9697218831115446,0.5114626180456108,0.5643557828122345,True,True,0.033950138022204535,1Pe
impostores,6,dia|mfw:300|delta|w500|mnone|hauptbriefe|sblgnt,dia,mfw:300,delta,500,none,hauptbriefe,sblgnt,300,Rom,core_loo,0.82,0.7549867833708378,1.1374529917155363,0.6596179162322423,0.7031147426169084,True,True,0.06855554081757592,1Pe
impostores,6,dia|mfw:300|delta|w500|mnone|hauptbriefe|sblgnt,dia,mfw:300,delta,500,none,hauptbriefe,sblgnt,300,1Cor,core_loo,0.84,0.7811120010106425,1.1627986638541603,0.6914223540670588,0.7345137714066847,True,True,0.06738767888584057,1Pe
impostores,6,dia|mfw:300|delta|w500|mnone|hauptbriefe|sblgnt,dia,mfw:300,delta,500,none,hauptbriefe,sblgnt,300,2Cor,core_loo,0.8333333333333334,0.772578028732376,1.1546556431413195,0.6811148810600463,0.7243327690390687,True,True,0.05879756042350198,1Pe
impostores,6,dia|mfw:300|delta|w500|mnone|hauptbriefe|sblgnt,dia,mfw:300,delta,500,none,hauptbriefe,sblgnt,300,Gal,core_loo,0.8433333333333334,0.7853088659499159,1.1667556153161853,0.6964603866674435,0.73949199782955,True,True,0.06536585908011333,Bas_Ep#125
impostores,6,dia|mfw:300|delta|w500|mnone|hauptbriefe|sblgnt,dia,mfw:300,delta,500,none,hauptbriefe,sblgnt,300,Ef,target,0.76,0.6688948335894456,1.0446338938313848,0.5509003670769992,0.5959319867408035,True,True,0.049181187314898955,1Pe
impostores,6,dia|mfw:300|delta|w500|mnone|hauptbriefe|sblgnt,dia,mfw:300,delta,500,none,hauptbriefe,sblgnt,300,Col,target,0.6866666666666666,0.5528013765369653,0.8941636898737907,0.40229179797733167,0.44885211738777286,True,True,0.029762019560608588,Just_Dial#30-31
impostores,6,dia|mfw:300|delta|w500|mnone|hauptbriefe|sblgnt,dia,mfw:300,delta,500,none,hauptbriefe,sblgnt,300,2Tes,target,0.83,0.7682436800465997,1.1504696060933646,0.6758485366484274,0.719132997639177,True,True,0.06451930769160108,Just_Dial#13
impostores,6,dia|mfw:300|delta|w500|mnone|hauptbriefe|sblgnt,dia,mfw:300,delta,500,none,hauptbriefe,sblgnt,300,1Tim,target,0.7933333333333333,0.717974878942305,1.09935641695548,0.6134545698797337,0.6575957256376734,True,True,0.0582995326329272,Liban_Ep10#163
impostores,6,dia|mfw:300|delta|w500|mnone|hauptbriefe|sblgnt,dia,mfw:300,delta,500,none,hauptbriefe,sblgnt,300,2Tim,target,0.72,0.6067443620836069,0.9679411760686688,0.4709664758579378,0.5169843548245683,True,True,0.03550570922291374,1Pe
impostores,6,dia|mfw:300|delta|w500|mnone|hauptbriefe|sblgnt,dia,mfw:300,delta,500,none,hauptbriefe,sblgnt,300,Tit,target,0.71,0.5907446914383644,0.946780721232153,0.45047332485722813,0.49669019377783574,True,True,0.032186003614107284,IgnPol
impostores,6,dia|mfw:300|delta|w500|mnone|hauptbriefe|sblgnt,dia,mfw:300,delta,500,none,hauptbriefe,sblgnt,300,Heb,target,0.61,0.42362629838666316,0.6877985490267131,0.2461243822381274,0.2920111861753318,True,True,0.013784906950810194,Hch
impostores,7,dia|mfw:300|delta|w500|mnone|seven_plus|sblgnt,dia,mfw:300,delta,500,none,seven_plus,sblgnt,300,Rom,core_loo,0.8966666666666666,0.7327234440290722,0.9868284832385574,0.5275326649051212,0.585636134544961,False,True,0.07552102417318096,1Pe
impostores,7,dia|mfw:300|delta|w500|mnone|seven_plus|sblgnt,dia,mfw:300,delta,500,none,seven_plus,sblgnt,300,1Cor,core_loo,0.9466666666666667,0.7786783716759476,1.018765336543847,0.5728124001622783,0.6321207962979722,False,True,0.09272829699113166,Sant
impostores,7,dia|mfw:300|delta|w500|mnone|seven_plus|sblgnt,dia,mfw:300,delta,500,none,seven_plus,sblgnt,300,2Cor,core_loo,0.9633333333333334,0.7881248248726452,1.025060518809566,0.5819196561439515,0.6414925988921892,False,True,0.10475044001351094,1Pe
impostores,7,dia|mfw:300|delta|w500|mnone|seven_plus|sblgnt,dia,mfw:300,delta,500,none,seven_plus,sblgnt,300,Gal,core_loo,0.9266666666666666,0.763222789154963,1.0082718082792574,0.5577611807910221,0.6166494760266572,False,True,0.08886344159453727,1Pe
impostores,7,dia|mfw:300|delta|w500|mnone|seven_plus|sblgnt,dia,mfw:300,delta,500,none,seven_plus,sblgnt,300,Flp,core_loo,0.9333333333333333,0.7688465352979903,1.0121182798826454,0.5632591588470476,0.6222985110416921,False,True,0.10343522609596786,1Pe
impostores,7,dia|mfw:300|delta|w500|mnone|seven_plus|sblgnt,dia,mfw:300,delta,500,none,seven_plus,sblgnt,300,1Tes,core_loo,0.8933333333333333,0.728865218819953,0.984043536313969,0.5236608825439109,0.5816690256598152,False,True,0.08064988728868999,Bas_Ep#213
impostores,7,dia|mfw:300|delta|w500|mnone|seven_plus|sblgnt,dia,mfw:300,delta,500,none,seven_plus,sblgnt,300,Flm,core_loo,0.91,0.7472640112435891,0.9971763665952093,0.54202921331063,0.6004997678562904,False,True,0.08808350357547956,1Pe
impostores,7,dia|mfw:300|delta|w500|mnone|seven_plus|sblgnt,dia,mfw:300,delta,500,none,seven_plus,sblgnt,300,Col,core_loo,0.8966666666666666,0.7327234440290722,0.9868284832385574,0.5275326649051212,0.585636134544961,False,True,0.07390980295148325,IgnFil
impostores,7,dia|mfw:300|delta|w500|mnone|seven_plus|sblgnt,dia,mfw:300,delta,500,none,seven_plus,sblgnt,300,2Tes,core_loo,0.8966666666666666,0.7327234440290722,0.9868284832385574,0.5275326649051212,0.585636134544961,False,True,0.0737435283867171,Just_Dial#50-51
impostores,7,dia|mfw:300|delta|w500|mnone|seven_plus|sblgnt,dia,mfw:300,delta,500,none,seven_plus,sblgnt,300,Ef,target,0.9366666666666666,0.7714851339188677,1.0139118059639949,0.5658303656991543,0.6249412989254437,False,True,0.08668475126339126,1Pe
impostores,7,dia|mfw:300|delta|w500|mnone|seven_plus|sblgnt,dia,mfw:300,delta,500,none,seven_plus,sblgnt,300,1Tim,target,0.93,0.7660915738629348,1.0102380447163444,0.5605688360964988,0.619533933436796,False,True,0.08061879353481488,PsClem_EpJac
impostores,7,dia|mfw:300|delta|w500|mnone|seven_plus|sblgnt,dia,mfw:300,delta,500,none,seven_plus,sblgnt,300,2Tim,target,0.92,0.757154187615096,1.0040842400880556,0.5518012932604133,0.6105288539117885,False,True,0.08675522515165335,Just_Dial#50-51
impostores,7,dia|mfw:300|delta|w500|mnone|seven_plus|sblgnt,dia,mfw:300,delta,500,none,seven_plus,sblgnt,300,Tit,target,0.9266666666666666,0.763222789154963,1.0082718082792574,0.5577611807910221,0.6166494760266572,False,True,0.09341060024665887,1Pe
impostores,7,dia|mfw:300|delta|w500|mnone|seven_plus|sblgnt,dia,mfw:300,delta,500,none,seven_plus,sblgnt,300,Heb,target,0.79,0.5802509722137422,0.8621903287367462,0.36813019459522245,0.42292220595388913,False,True,0.04933159874591175,1Pe
impostores,8,dia|mfw:300|delta|w500|mnone|trece|sblgnt,dia,mfw:300,delta,500,none,trece,sblgnt,300,Rom,core_loo,0.95,0.7571670446262542,0.9782913569408209,0.5256520844682201,0.588265153580332,False,True,0.09159673454835737,1Pe
impostores,8,dia|mfw:300|delta|w500|mnone|trece|sblgnt,dia,mfw:300,delta,500,none,trece,sblgnt,300,1Cor,core_loo,0.9433333333333334,0.7527606875135056,0.975614184562865,0.5216201393661821,0.5840736682859142,False,True,0.09168456562519167,Sant
impostores,8,dia|mfw:300|delta|w500|mnone|trece|sblgnt,dia,mfw:300,delta,500,none,trece,sblgnt,300,2Cor,core_loo,0.96,0.7628115938002329,0.9816902190966109,0.5307964055314955,0.5936152393626242,False,True,0.11274933775662693,2Pe
impostores,8,dia|mfw:300|delta|w500|mnone|trece|sblgnt,dia,mfw:300,delta,500,none,trece,sblgnt,300,Gal,core_loo,0.9466666666666667,0.7550268909157499,0.9769936948848016,0.5236955341552902,0.5862309968395787,False,True,0.09818024200331038,1Pe
impostores,8,dia|mfw:300|delta|w500|mnone|trece|sblgnt,dia,mfw:300,delta,500,none,trece,sblgnt,300,Ef,core_loo,0.9166666666666666,0.7303610872990522,0.9616725921887893,0.5009106000433854,0.5625673507339601,False,True,0.09718295811694175,Bas_Ep#139
impostores,8,dia|mfw:300|delta|w500|mnone|trece|sblgnt,dia,mfw:300,delta,500,none,trece,sblgnt,300,Flp,core_loo,0.9466666666666667,0.7550268909157499,0.9769936948848016,0.5236955341552902,0.5862309968395787,False,True,0.11243080463343372,1Pe
impostores,8,dia|mfw:300|delta|w500|mnone|trece|sblgnt,dia,mfw:300,delta,500,none,trece,sblgnt,300,Col,core_loo,0.8833333333333333,0.6931106457041916,0.9371934962085372,0.4657213368724038,0.5261011267373695,False,True,0.0769137295464371,Just_Dial#30-31
impostores,8,dia|mfw:300|delta|w500|mnone|trece|sblgnt,dia,mfw:300,delta,500,none,trece,sblgnt,300,1Tes,core_loo,0.8966666666666666,0.7090974639032375,0.9479042858816011,0.48093374008701273,0.5418547496941877,False,True,0.0749396068132509,2Pe
impostores,8,dia|mfw:300|delta|w500|mnone|trece|sblgnt,dia,mfw:300,delta,500,none,trece,sblgnt,300,2Tes,core_loo,0.93,0.7424785831396168,0.9692843064361756,0.5121576037714066,0.5742424839341858,False,True,0.09616093929323682,1Pe
impostores,8,dia|mfw:300|delta|w500|mnone|trece|sblgnt,dia,mfw:300,delta,500,none,trece,sblgnt,300,1Tim,core_loo,0.94,0.7503705341912101,0.9741531497244464,0.5194272274116138,0.5817946106871157,False,True,0.0906843647005765,Sant
impostores,8,dia|mfw:300|delta|w500|mnone|trece|sblgnt,dia,mfw:300,delta,500,none,trece,sblgnt,300,2Tim,core_loo,0.9133333333333333,0.7270635444017668,0.9595721752572696,0.4978324377473638,0.5593738252650642,False,True,0.09114449468547581,Sant
impostores,8,dia|mfw:300|delta|w500|mnone|trece|sblgnt,dia,mfw:300,delta,500,none,trece,sblgnt,300,Tit,core_loo,0.99,0.7723929427367928,0.9873823302295562,0.5394750463570407,0.6026467754505723,False,True,0.1377377837547542,1Pe
impostores,8,dia|mfw:300|delta|w500|mnone|trece|sblgnt,dia,mfw:300,delta,500,none,trece,sblgnt,300,Flm,core_loo,0.9466666666666667,0.7550268909157499,0.9769936948848016,0.5236955341552902,0.5862309968395787,False,True,0.09432090700470713,Bas_Ep#213
impostores,8,dia|mfw:300|delta|w500|mnone|trece|sblgnt,dia,mfw:300,delta,500,none,trece,sblgnt,300,Heb,target,0.8366666666666667,0.6283684082821556,0.8903792202683833,0.4026118704013968,0.4608797772635622,False,True,0.05450581581962838,1Pe
impostores,9,dia|mfw:300|delta|w500|mformulae+preformed+otq+reuse|hauptbriefe|sblgnt,dia,mfw:300,delta,500,formulae+preformed+otq+reuse,hauptbriefe,sblgnt,300,Rom,core_loo,0.8266666666666667,0.7674986854383743,1.1440164844106904,0.6784696147103527,0.7196678782580187,True,True,0.05981895053924616,1Pe
impostores,9,dia|mfw:300|delta|w500|mformulae+preformed+otq+reuse|hauptbriefe|sblgnt,dia,mfw:300,delta,500,formulae+preformed+otq+reuse,hauptbriefe,sblgnt,300,1Cor,core_loo,0.8433333333333334,0.788023223511851,1.1643486477700629,0.7038441110334964,0.7442062510794379,True,True,0.07189645381060031,Sant
impostores,9,dia|mfw:300|delta|w500|mformulae+preformed+otq+reuse|hauptbriefe|sblgnt,dia,mfw:300,delta,500,formulae+preformed+otq+reuse,hauptbriefe,sblgnt,300,2Cor,core_loo,0.8133333333333334,0.7502702274721209,1.1262970680144355,0.6568386494124646,0.6987307356193979,True,True,0.06349530521310051,1Pe
impostores,9,dia|mfw:300|delta|w500|mformulae+preformed+otq+reuse|hauptbriefe|sblgnt,dia,mfw:300,delta,500,formulae+preformed+otq+reuse,hauptbriefe,sblgnt,300,Gal,core_loo,0.8133333333333334,0.7502702274721209,1.1262970680144355,0.6568386494124646,0.6987307356193979,True,True,0.07554736505400467,1Pe
impostores,9,dia|mfw:300|delta|w500|mformulae+preformed+otq+reuse|hauptbriefe|sblgnt,dia,mfw:300,delta,500,formulae+preformed+otq+reuse,hauptbriefe,sblgnt,300,Ef,target,0.8433333333333334,0.788023223511851,1.1643486477700629,0.7038441110334964,0.7442062510794379,True,True,0.06487937004859834,1Pe
impostores,9,dia|mfw:300|delta|w500|mformulae+preformed+otq+reuse|hauptbriefe|sblgnt,dia,mfw:300,delta,500,formulae+preformed+otq+reuse,hauptbriefe,sblgnt,300,Col,target,0.74,0.6451234643433738,1.0046807451042248,0.5210799892534047,0.5666691489282419,True,True,0.038894581270918493,1Pe
impostores,9,dia|mfw:300|delta|w500|mformulae+preformed+otq+reuse|hauptbriefe|sblgnt,dia,mfw:300,delta,500,formulae+preformed+otq+reuse,hauptbriefe,sblgnt,300,2Tes,target,0.84,0.7840140830748162,1.1604426184174579,0.6989245427250261,0.739450355398838,True,True,0.07429173396047017,1Pe
impostores,9,dia|mfw:300|delta|w500|mformulae+preformed+otq+reuse|hauptbriefe|sblgnt,dia,mfw:300,delta,500,formulae+preformed+otq+reuse,hauptbriefe,sblgnt,300,1Tim,target,0.8033333333333333,0.7369189453121634,1.112148155573372,0.639898602062638,0.6823189246809516,True,True,0.05482650875623979,Liban_Ep10#163
impostores,9,dia|mfw:300|delta|w500|mformulae+preformed+otq+reuse|hauptbriefe|sblgnt,dia,mfw:300,delta,500,formulae+preformed+otq+reuse,hauptbriefe,sblgnt,300,2Tim,target,0.71,0.5979510148001954,0.9423482387040949,0.4599060109106309,0.5066340727109798,True,True,0.038411300833533224,1Pe
impostores,9,dia|mfw:300|delta|w500|mformulae+preformed+otq+reuse|hauptbriefe|sblgnt,dia,mfw:300,delta,500,formulae+preformed+otq+reuse,hauptbriefe,sblgnt,300,Tit,target,0.64,0.4807028340121995,0.7660834168610136,0.3132278338957004,0.36078062405701744,True,True,0.024934991529211248,1Pe
impostores,9,dia|mfw:300|delta|w500|mformulae+preformed+otq+reuse|hauptbriefe|sblgnt,dia,mfw:300,delta,500,formulae+preformed+otq+reuse,hauptbriefe,sblgnt,300,Heb,target,0.58,0.37446534313143215,0.5805250400330232,0.19137106908542925,0.23691367528893675,True,True,0.01206542642206232,Bas_Ep#242
impostores,10,dia|mfw:300|delta|w500|mformulae+preformed+otq+reuse|seven_plus|sblgnt,dia,mfw:300,delta,500,formulae+preformed+otq+reuse,seven_plus,sblgnt,300,Rom,core_loo,0.94,0.7755088504214404,1.013603453968119,0.5604549975912252,0.6221960311226431,False,True,0.09800077431552379,Sant
impostores,10,dia|mfw:300|delta|w500|mformulae+preformed+otq+reuse|seven_plus|sblgnt,dia,mfw:300,delta,500,formulae+preformed+otq+reuse,seven_plus,sblgnt,300,1Cor,core_loo,0.9566666666666667,0.7868127166264973,1.0211070514083787,0.5711287813605348,0.633282583631901,False,True,0.10087892186181868,1Pe
impostores,10,dia|mfw:300|delta|w500|mformulae+preformed+otq+reuse|seven_plus|sblgnt,dia,mfw:300,delta,500,formulae+preformed+otq+reuse,seven_plus,sblgnt,300,2Cor,core_loo,0.96,0.7886648589805657,1.0223247328759815,0.5728691401107574,0.635091239154889,False,True,0.11755919123062364,1Pe
impostores,10,dia|mfw:300|delta|w500|mformulae+preformed+otq+reuse|seven_plus|sblgnt,dia,mfw:300,delta,500,formulae+preformed+otq+reuse,seven_plus,sblgnt,300,Gal,core_loo,0.96,0.7886648589805657,1.0223247328759815,0.5728691401107574,0.635091239154889,False,True,0.09697080744733577,Sant
impostores,10,dia|mfw:300|delta|w500|mformulae+preformed+otq+reuse|seven_plus|sblgnt,dia,mfw:300,delta,500,formulae+preformed+otq+reuse,seven_plus,sblgnt,300,Flp,core_loo,0.92,0.7577567584939723,1.0015650779305996,0.5435155139291756,0.6046220043696371,False,True,0.0848118241410463,1Pe
impostores,10,dia|mfw:300|delta|w500|mformulae+preformed+otq+reuse|seven_plus|sblgnt,dia,mfw:300,delta,500,formulae+preformed+otq+reuse,seven_plus,sblgnt,300,1Tes,core_loo,0.87,0.6971052628844167,0.9579473742253221,0.48413291163006583,0.543184519307975,False,True,0.07377756776341682,1Pe
impostores,10,dia|mfw:300|delta|w500|mformulae+preformed+otq+reuse|seven_plus|sblgnt,dia,mfw:300,delta,500,formulae+preformed+otq+reuse,seven_plus,sblgnt,300,Flm,core_loo,0.9166666666666666,0.7543901407576595,0.9992462550033874,0.5402792301771139,0.6012672068443297,False,True,0.0770669294340377,Liban_Ep10#658
impostores,10,dia|mfw:300|delta|w500|mformulae+preformed+otq+reuse|seven_plus|sblgnt,dia,mfw:300,delta,500,formulae+preformed+otq+reuse,seven_plus,sblgnt,300,Col,core_loo,0.91,0.7473322707798744,0.994347298709505,0.5334705776312467,0.5942119259220717,False,True,0.07484045334434758,1Pe
impostores,10,dia|mfw:300|delta|w500|mformulae+preformed+otq+reuse|seven_plus|sblgnt,dia,mfw:300,delta,500,formulae+preformed+otq+reuse,seven_plus,sblgnt,300,2Tes,core_loo,0.9033333333333333,0.7398606834367729,0.9891048749153611,0.5262279544502004,0.5867108513441269,False,True,0.08366205726425313,1Pe
impostores,10,dia|mfw:300|delta|w500|mformulae+preformed+otq+reuse|seven_plus|sblgnt,dia,mfw:300,delta,500,formulae+preformed+otq+reuse,seven_plus,sblgnt,300,Ef,target,0.92,0.7577567584939723,1.0015650779305996,0.5435155139291756,0.6046220043696371,False,True,0.09506531787282516,1Pe
impostores,10,dia|mfw:300|delta|w500|mformulae+preformed+otq+reuse|seven_plus|sblgnt,dia,mfw:300,delta,500,formulae+preformed+otq+reuse,seven_plus,sblgnt,300,1Tim,target,0.9133333333333333,0.7509143603217454,0.9968400823669461,0.536930221116004,0.5977964344781922,False,True,0.07561698677016215,1Pe
impostores,10,dia|mfw:300|delta|w500|mformulae+preformed+otq+reuse|seven_plus|sblgnt,dia,mfw:300,delta,500,formulae+preformed+otq+reuse,seven_plus,sblgnt,300,2Tim,target,0.92,0.7577567584939723,1.0015650779305996,0.5435155139291756,0.6046220043696371,False,True,0.0904558519425972,Just_Dial#50-51
impostores,10,dia|mfw:300|delta|w500|mformulae+preformed+otq+reuse|seven_plus|sblgnt,dia,mfw:300,delta,500,formulae+preformed+otq+reuse,seven_plus,sblgnt,300,Tit,target,0.9333333333333333,0.7700757065062009,1.0099523876895324,0.5552932236202152,0.6168383036883888,False,True,0.08163710416818565,2Jn
impostores,10,dia|mfw:300|delta|w500|mformulae+preformed+otq+reuse|seven_plus|sblgnt,dia,mfw:300,delta,500,formulae+preformed+otq+reuse,seven_plus,sblgnt,300,Heb,target,0.7666666666666667,0.530331622562926,0.814052043358667,0.31257914491102073,0.36643699885135056,False,True,0.04301797681962838,1Pe
impostores,11,dia|mfw:300|delta|w500|mformulae+preformed+otq+reuse|trece|sblgnt,dia,mfw:300,delta,500,formulae+preformed+otq+reuse,trece,sblgnt,300,Rom,core_loo,0.95,0.73648761233412,0.9516935065629386,0.4868289090977027,0.5518565829515218,False,True,0.10712354642287877,1Pe
impostores,11,dia|mfw:300|delta|w500|mformulae+preformed+otq+reuse|trece|sblgnt,dia,mfw:300,delta,500,formulae+preformed+otq+reuse,trece,sblgnt,300,1Cor,core_loo,0.9566666666666667,0.7404820349600086,0.9542161491313645,0.4902893851455238,0.5555063031419805,False,True,0.09927083095108641,1Pe
impostores,11,dia|mfw:300|delta|w500|mformulae+preformed+otq+reuse|trece|sblgnt,dia,mfw:300,delta,500,formulae+preformed+otq+reuse,trece,sblgnt,300,2Cor,core_loo,0.98,0.7501336333102812,0.9602377332777596,0.4985961929786117,0.5642736790135707,False,True,0.11916795094550064,1Pe
impostores,11,dia|mfw:300|delta|w500|mformulae+preformed+otq+reuse|trece|sblgnt,dia,mfw:300,delta,500,formulae+preformed+otq+reuse,trece,sblgnt,300,Gal,core_loo,0.98,0.7501336333102812,0.9602377332777596,0.4985961929786117,0.5642736790135707,False,True,0.11338834301566136,3Cor
impostores,11,dia|mfw:300|delta|w500|mformulae+preformed+otq+reuse|trece|sblgnt,dia,mfw:300,delta,500,formulae+preformed+otq+reuse,trece,sblgnt,300,Ef,core_loo,0.9266666666666666,0.7185194894256993,0.9401191098086664,0.4711016805833128,0.5352877818126163,False,True,0.09504850569619608,1Pe
impostores,11,dia|mfw:300|delta|w500|mformulae+preformed+otq+reuse|trece|sblgnt,dia,mfw:300,delta,500,formulae+preformed+otq+reuse,trece,sblgnt,300,Flp,core_loo,0.9733333333333334,0.7480820498245484,0.9589664067404859,0.4968369654778034,0.5624161594790846,False,True,0.0946573029281671,Bas_Ep#139
impostores,11,dia|mfw:300|delta|w500|mformulae+preformed+otq+reuse|trece|sblgnt,dia,mfw:300,delta,500,formulae+preformed+otq+reuse,trece,sblgnt,300,Col,core_loo,0.89,0.6794555194341735,0.9136117261143752,0.4360366140947962,0.4984445984925704,False,True,0.07018932522232196,Bas_Ep#213
impostores,11,dia|mfw:300|delta|w500|mformulae+preformed+otq+reuse|trece|sblgnt,dia,mfw:300,delta,500,formulae+preformed+otq+reuse,trece,sblgnt,300,1Tes,core_loo,0.9066666666666666,0.6986727933747529,0.9268888816811961,0.4534319451544836,0.5167062459527426,False,True,0.08245783124125933,Bas_Ep#228
impostores,11,dia|mfw:300|delta|w500|mformulae+preformed+otq+reuse|trece|sblgnt,dia,mfw:300,delta,500,formulae+preformed+otq+reuse,trece,sblgnt,300,2Tes,core_loo,0.9533333333333334,0.7385511201847982,0.9529989508780583,0.48861822496647445,0.5537435623988052,False,True,0.10470910185809407,Just_Dial#25-26
impostores,11,dia|mfw:300|delta|w500|mformulae+preformed+otq+reuse|trece|sblgnt,dia,mfw:300,delta,500,formulae+preformed+otq+reuse,trece,sblgnt,300,1Tim,core_loo,0.9533333333333334,0.7385511201847982,0.9529989508780583,0.48861822496647445,0.5537435623988052,False,True,0.09102799602603462,1Pe
impostores,11,dia|mfw:300|delta|w500|mformulae+preformed+otq+reuse|trece|sblgnt,dia,mfw:300,delta,500,formulae+preformed+otq+reuse,trece,sblgnt,300,2Tim,core_loo,0.9666666666666667,0.7454598424111378,0.9573347136338612,0.4945833086530712,0.5600371794142756,False,True,0.09517341587171135,1Pe
impostores,11,dia|mfw:300|delta|w500|mformulae+preformed+otq+reuse|trece|sblgnt,dia,mfw:300,delta,500,formulae+preformed+otq+reuse,trece,sblgnt,300,Tit,core_loo,0.96,0.7422783596365627,0.9553447351157536,0.4918412911470436,0.5571435739299695,False,True,0.10988225181634897,2Jn
impostores,11,dia|mfw:300|delta|w500|mformulae+preformed+otq+reuse|trece|sblgnt,dia,mfw:300,delta,500,formulae+preformed+otq+reuse,trece,sblgnt,300,Flm,core_loo,0.93,0.7214469038651389,0.9420305238147616,0.4736817619281798,0.5380039083767959,False,True,0.09101396894934888,Liban_Ep10#658
impostores,11,dia|mfw:300|delta|w500|mformulae+preformed+otq+reuse|trece|sblgnt,dia,mfw:300,delta,500,formulae+preformed+otq+reuse,trece,sblgnt,300,Heb,target,0.8466666666666667,0.6207170818715664,0.8699461663394159,0.38128461744786674,0.4411283312379828,False,True,0.05267662831381237,Bas_Ep#89
impostores,12,dia|closed:150|minmax|w500|mnone|hauptbriefe|sblgnt,dia,closed:150,minmax,500,none,hauptbriefe,sblgnt,300,Rom,core_loo,0.67,0.5366938026752822,0.9877622768147009,0.4869974368885811,0.523331569187711,True,True,0.024050522655177264,Bas_Ep#84
impostores,12,dia|closed:150|minmax|w500|mnone|hauptbriefe|sblgnt,dia,closed:150,minmax,500,none,hauptbriefe,sblgnt,300,1Cor,core_loo,0.6033333333333334,0.4477776316642615,0.7980240692979387,0.35619478391868115,0.3929284478359232,True,True,0.0174542666623817,PsDiog#35
impostores,12,dia|closed:150|minmax|w500|mnone|hauptbriefe|sblgnt,dia,closed:150,minmax,500,none,hauptbriefe,sblgnt,300,2Cor,core_loo,0.7266666666666667,0.6225644123821855,1.1192241406313765,0.5993009944042603,0.6350365687191428,True,True,0.031996095010321746,Just_Dial#28-29
impostores,12,dia|closed:150|minmax|w500|mnone|hauptbriefe|sblgnt,dia,closed:150,minmax,500,none,hauptbriefe,sblgnt,300,Gal,core_loo,0.7333333333333333,0.633498037106473,1.1333432571073283,0.6124519547026549,0.6481300265316379,True,True,0.03273139197058689,1Pe
impostores,12,dia|closed:150|minmax|w500|mnone|hauptbriefe|sblgnt,dia,closed:150,minmax,500,none,hauptbriefe,sblgnt,300,Ef,target,0.47333333333333333,0.25833782252424464,0.3016174521820651,0.11023517654152142,0.14180441119765086,True,True,-0.005524613057931782,1Pe
impostores,12,dia|closed:150|minmax|w500|mnone|hauptbriefe|sblgnt,dia,closed:150,minmax,500,none,hauptbriefe,sblgnt,300,Col,target,0.37333333333333335,0.05200985862616494,-0.137841995701017,-0.06905691588229794,-0.04963962165989306,True,True,-0.01775625710568246,2Pe
impostores,12,dia|closed:150|minmax|w500|mnone|hauptbriefe|sblgnt,dia,closed:150,minmax,500,none,hauptbriefe,sblgnt,300,2Tes,target,0.49333333333333335,0.2925011166588777,0.38670660227976933,0.1472500516109823,0.18039459576059083,True,True,-0.0014514136917951337,Just_Dial#37-38
impostores,12,dia|closed:150|minmax|w500|mnone|hauptbriefe|sblgnt,dia,closed:150,minmax,500,none,hauptbriefe,sblgnt,300,1Tim,target,0.3933333333333333,0.09735046591616503,-0.050050936971286826,-0.03414837447880945,-0.011823007523764462,True,True,-0.01295801509073713,Sant
impostores,12,dia|closed:150|minmax|w500|mnone|hauptbriefe|sblgnt,dia,closed:150,minmax,500,none,hauptbriefe,sblgnt,300,2Tim,target,0.47333333333333333,0.25833782252424464,0.3016174521820651,0.11023517654152142,0.14180441119765086,True,True,-0.002594304016779847,IgnLong#3
impostores,12,dia|closed:150|minmax|w500|mnone|hauptbriefe|sblgnt,dia,closed:150,minmax,500,none,hauptbriefe,sblgnt,300,Tit,target,0.32666666666666666,-0.057927263822636944,-0.33771334063059577,-0.14789154481638672,-0.13579199615053253,True,True,-0.029417050798045796,PsDiog#39
impostores,12,dia|closed:150|minmax|w500|mnone|hauptbriefe|sblgnt,dia,closed:150,minmax,500,none,hauptbriefe,sblgnt,300,Heb,target,0.24,-0.25921295237320313,-0.6758796594813014,-0.28035354324258166,-0.2821090570085167,True,True,-0.036899310324899515,Just_Dial#39
impostores,13,dia|closed:150|minmax|w500|mnone|seven_plus|sblgnt,dia,closed:150,minmax,500,none,seven_plus,sblgnt,300,Rom,core_loo,0.8166666666666667,0.724731604195538,1.0888642994741724,0.6089306483765125,0.6580426591799853,True,True,0.03711170212615805,Bas_Ep#140
impostores,13,dia|closed:150|minmax|w500|mnone|seven_plus|sblgnt,dia,closed:150,minmax,500,none,seven_plus,sblgnt,300,1Cor,core_loo,0.7833333333333333,0.6557917572057224,1.026084908274112,0.541146944547818,0.5900170138686713,True,True,0.037590735259687535,3Jn
impostores,13,dia|closed:150|minmax|w500|mnone|seven_plus|sblgnt,dia,closed:150,minmax,500,none,seven_plus,sblgnt,300,2Cor,core_loo,0.9266666666666666,0.9314958870132852,1.2513465846157636,0.7867851503443567,0.8356519518164953,True,True,0.07452491261387095,1Pe
impostores,13,dia|closed:150|minmax|w500|mnone|seven_plus|sblgnt,dia,closed:150,minmax,500,none,seven_plus,sblgnt,300,Gal,core_loo,0.8066666666666666,0.7039158490832595,1.0704757319533214,0.5889310304145685,0.6379894427943211,True,True,0.04863128918761289,IgnLong#11
impostores,13,dia|closed:150|minmax|w500|mnone|seven_plus|sblgnt,dia,closed:150,minmax,500,none,seven_plus,sblgnt,300,Flp,core_loo,0.86,0.8139977196260273,1.1630857971790525,0.690255747350179,0.7394251230287217,True,True,0.06288092428325887,1Pe
impostores,13,dia|closed:150|minmax|w500|mnone|seven_plus|sblgnt,dia,closed:150,minmax,500,none,seven_plus,sblgnt,300,1Tes,core_loo,0.6033333333333334,0.34231304768810394,0.6117859072183907,0.1813617436938732,0.22513071836643062,True,True,0.016489000859336245,Just_Dial#64
impostores,13,dia|closed:150|minmax|w500|mnone|seven_plus|sblgnt,dia,closed:150,minmax,500,none,seven_plus,sblgnt,300,Flm,core_loo,0.8666666666666667,0.8272675619805238,1.173550224509534,0.701744965230269,0.7509005560689964,True,True,0.050635357177761076,IgnEf
impostores,13,dia|closed:150|minmax|w500|mnone|seven_plus|sblgnt,dia,closed:150,minmax,500,none,seven_plus,sblgnt,300,Col,core_loo,0.7733333333333333,0.6354935315094336,1.0064742360005445,0.5203342303345838,0.5690958992329691,True,True,0.04144069265427203,2Pe
impostores,13,dia|closed:150|minmax|w500|mnone|seven_plus|sblgnt,dia,closed:150,minmax,500,none,seven_plus,sblgnt,300,2Tes,core_loo,0.6833333333333333,0.4675636523730512,0.8143203922319213,0.33315411381504284,0.380132468570875,True,True,0.022908015372813617,IgnPol
impostores,13,dia|closed:150|minmax|w500|mnone|seven_plus|sblgnt,dia,closed:150,minmax,500,none,seven_plus,sblgnt,300,Ef,target,0.7466666666666667,0.5827364213672932,0.9525534835824788,0.46438583331259553,0.5127751790261462,True,True,0.03426297031449277,Bas_Ep#265
impostores,13,dia|closed:150|minmax|w500|mnone|seven_plus|sblgnt,dia,closed:150,minmax,500,none,seven_plus,sblgnt,300,1Tim,target,0.7366666666666667,0.5635529089028849,0.9317213529458908,0.4433760323631872,0.49159372408078644,True,True,0.04430535504697014,IgnFil
impostores,13,dia|closed:150|minmax|w500|mnone|seven_plus|sblgnt,dia,closed:150,minmax,500,none,seven_plus,sblgnt,300,2Tim,target,0.7466666666666667,0.5827364213672932,0.9525534835824788,0.46438583331259553,0.5127751790261462,True,True,0.032408670708447995,IgnFil
impostores,13,dia|closed:150|minmax|w500|mnone|seven_plus|sblgnt,dia,closed:150,minmax,500,none,seven_plus,sblgnt,300,Tit,target,0.76,0.6088421430506936,0.9798077251072884,0.4924065579438722,0.5409973699364741,True,True,0.03472072564033851,2Pe
impostores,13,dia|closed:150|minmax|w500|mnone|seven_plus|sblgnt,dia,closed:150,minmax,500,none,seven_plus,sblgnt,300,Heb,target,0.42333333333333334,0.07240477847025445,0.004258089084817462,-0.07477459204591892,-0.049272569941803415,True,True,-0.009270443633520031,Jos_BJ#7
impostores,14,dia|closed:150|minmax|w500|mnone|trece|sblgnt,dia,closed:150,minmax,500,none,trece,sblgnt,300,Rom,core_loo,0.8266666666666667,0.7201884315921794,1.023274179518187,0.560555450826224,0.6138057642572735,True,True,0.045729261137440746,Bas_Ep#260
impostores,14,dia|closed:150|minmax|w500|mnone|trece|sblgnt,dia,closed:150,minmax,500,none,trece,sblgnt,300,1Cor,core_loo,0.7833333333333333,0.6289690038391145,0.9456275027260543,0.47589221765725354,0.5279433386466078,True,True,0.03594367341214011,Bas_Ep#238
impostores,14,dia|closed:150|minmax|w500|mnone|trece|sblgnt,dia,closed:150,minmax,500,none,trece,sblgnt,300,2Cor,core_loo,0.95,0.9346842700732744,1.1763042984462428,0.733549295564768,0.7891654589211764,True,True,0.0780424085118524,2Jn
impostores,14,dia|closed:150|minmax|w500|mnone|trece|sblgnt,dia,closed:150,minmax,500,none,trece,sblgnt,300,Gal,core_loo,0.8233333333333334,0.7131663248798881,1.0176106551823467,0.554275551157839,0.6074388165080348,True,True,0.05161215268537672,3Cor
impostores,14,dia|closed:150|minmax|w500|mnone|trece|sblgnt,dia,closed:150,minmax,500,none,trece,sblgnt,300,Ef,core_loo,0.7566666666666667,0.5741613437182957,0.8940194428228718,0.421816860726158,0.47305581229231636,True,True,0.038595506963421955,Bas_Ep#261
impostores,14,dia|closed:150|minmax|w500|mnone|trece|sblgnt,dia,closed:150,minmax,500,none,trece,sblgnt,300,Flp,core_loo,0.9266666666666666,0.9064257965973123,1.1581270416368599,0.7128193793637319,0.7681513004493024,True,True,0.07063344581992564,1Pe
impostores,14,dia|closed:150|minmax|w500|mnone|trece|sblgnt,dia,closed:150,minmax,500,none,trece,sblgnt,300,Col,core_loo,0.74,0.5408875854215938,0.860428842551056,0.387835351494211,0.43853357118744485,True,True,0.033510985785447034,Bas_Ep#217
impostores,14,dia|closed:150|minmax|w500|mnone|trece|sblgnt,dia,closed:150,minmax,500,none,trece,sblgnt,300,1Tes,core_loo,0.7633333333333333,0.5876997874730853,0.9071712327752166,0.43539616077469856,0.48684390442462844,True,True,0.03533602557927551,Just_Dial#28-29
impostores,14,dia|closed:150|minmax|w500|mnone|trece|sblgnt,dia,closed:150,minmax,500,none,trece,sblgnt,300,2Tes,core_loo,0.7966666666666666,0.6568987461531597,0.9703942260027442,0.5025250529079203,0.5549605848614265,True,True,0.04253053544199925,1Pe
impostores,14,dia|closed:150|minmax|w500|mnone|trece|sblgnt,dia,closed:150,minmax,500,none,trece,sblgnt,300,1Tim,core_loo,0.86,0.7891504535537263,1.076486117403218,0.6201344500208554,0.6742025919764182,True,True,0.05374413691731211,1Pe
impostores,14,dia|closed:150|minmax|w500|mnone|trece|sblgnt,dia,closed:150,minmax,500,none,trece,sblgnt,300,2Tim,core_loo,0.7666666666666667,0.5945134077912881,0.9136855408758505,0.44217558636949195,0.4937262347832385,True,True,0.0324173248115458,1Pe
impostores,14,dia|closed:150|minmax|w500|mnone|trece|sblgnt,dia,closed:150,minmax,500,none,trece,sblgnt,300,Tit,core_loo,0.8466666666666667,0.7619435825094689,1.0559955109731856,0.597082267097508,0.6508353199020326,True,True,0.05422061712259557,2Jn
impostores,14,dia|closed:150|minmax|w500|mnone|trece|sblgnt,dia,closed:150,minmax,500,none,trece,sblgnt,300,Flm,core_loo,0.91,0.8813126798688219,1.1415038267251987,0.693877671881084,0.7489507264042585,True,True,0.06487279036657584,1Pe
impostores,14,dia|closed:150|minmax|w500|mnone|trece|sblgnt,dia,closed:150,minmax,500,none,trece,sblgnt,300,Heb,target,0.5566666666666666,0.23691570650956725,0.40949330630704966,0.05677653145689069,0.09754883292847948,True,True,0.005119106028527665,PsPhal#69-70
impostores,15,dia|closed:150|minmax|w500|mformulae+preformed+otq+reuse|hauptbriefe|sblgnt,dia,closed:150,minmax,500,formulae+preformed+otq+reuse,hauptbriefe,sblgnt,300,Rom,core_loo,0.68,0.555987437736813,1.023840298631637,0.5128797031994223,0.5473450918257114,True,True,0.023735758436287557,Bas_Ep#140
impostores,15,dia|closed:150|minmax|w500|mformulae+preformed+otq+reuse|hauptbriefe|sblgnt,dia,closed:150,minmax,500,formulae+preformed+otq+reuse,hauptbriefe,sblgnt,300,1Cor,core_loo,0.6333333333333333,0.49125456044406624,0.8982105896613215,0.4204985083964188,0.45542223528117975,True,True,0.01810363718276492,IgnLong#7
impostores,15,dia|closed:150|minmax|w500|mformulae+preformed+otq+reuse|hauptbriefe|sblgnt,dia,closed:150,minmax,500,formulae+preformed+otq+reuse,hauptbriefe,sblgnt,300,2Cor,core_loo,0.6833333333333333,0.5608565532959595,1.0320885701070575,0.5195030313149438,0.5539329361819605,True,True,0.026385420427385564,1Pe
impostores,15,dia|closed:150|minmax|w500|mformulae+preformed+otq+reuse|hauptbriefe|sblgnt,dia,closed:150,minmax,500,formulae+preformed+otq+reuse,hauptbriefe,sblgnt,300,Gal,core_loo,0.6966666666666667,0.5807219238966641,1.064231031560263,0.5459998356589892,0.5802914726937363,True,True,0.02755234315988736,Sant
impostores,15,dia|closed:150|minmax|w500|mformulae+preformed+otq+reuse|hauptbriefe|sblgnt,dia,closed:150,minmax,500,formulae+preformed+otq+reuse,hauptbriefe,sblgnt,300,Ef,target,0.4266666666666667,0.17223031301258201,0.10476439059946434,0.02907159036787859,0.05533077872351693,True,True,-0.00756409688565135,Bas_Ep#213
impostores,15,dia|closed:150|minmax|w500|mformulae+preformed+otq+reuse|hauptbriefe|sblgnt,dia,closed:150,minmax,500,formulae+preformed+otq+reuse,hauptbriefe,sblgnt,300,Col,target,0.3333333333333333,-0.03900181703077333,-0.2985282734621555,-0.13410436343887466,-0.12072135970112305,True,True,-0.027092559441384723,Just_Dial#40-41
impostores,15,dia|closed:150|minmax|w500|mformulae+preformed+otq+reuse|hauptbriefe|sblgnt,dia,closed:150,minmax,500,formulae+preformed+otq+reuse,hauptbriefe,sblgnt,300,2Tes,target,0.5966666666666667,0.44315470433744963,0.7844838848001892,0.34873249646446247,0.3837867544373674,True,True,0.0159178612706688,3Cor
impostores,15,dia|closed:150|minmax|w500|mformulae+preformed+otq+reuse|hauptbriefe|sblgnt,dia,closed:150,minmax,500,formulae+preformed+otq+reuse,hauptbriefe,sblgnt,300,1Tim,target,0.42333333333333334,0.16534013450996837,0.09012132854288406,0.02304603326529154,0.048926235285442383,True,True,-0.011553456203464874,PsCrat#33-36
impostores,15,dia|closed:150|minmax|w500|mformulae+preformed+otq+reuse|hauptbriefe|sblgnt,dia,closed:150,minmax,500,formulae+preformed+otq+reuse,hauptbriefe,sblgnt,300,2Tim,target,0.37666666666666665,0.06293696487886768,-0.11402623107889519,-0.059940594704352104,-0.040080322583855375,True,True,-0.015972660582780296,Bas_Ep#229
impostores,15,dia|closed:150|minmax|w500|mformulae+preformed+otq+reuse|hauptbriefe|sblgnt,dia,closed:150,minmax,500,formulae+preformed+otq+reuse,hauptbriefe,sblgnt,300,Tit,target,0.29,-0.14249773793719497,-0.47386492552695947,-0.20442052259190013,-0.19788974172105694,True,True,-0.05951964193397219,2Jn
impostores,15,dia|closed:150|minmax|w500|mformulae+preformed+otq+reuse|hauptbriefe|sblgnt,dia,closed:150,minmax,500,formulae+preformed+otq+reuse,hauptbriefe,sblgnt,300,Heb,target,0.24666666666666667,-0.24247632580593348,-0.6364432252212018,-0.2695998670148092,-0.2698284384312885,True,True,-0.05393445434937599,Just_Dial#11-12
impostores,16,dia|closed:150|minmax|w500|mformulae+preformed+otq+reuse|seven_plus|sblgnt,dia,closed:150,minmax,500,formulae+preformed+otq+reuse,seven_plus,sblgnt,300,Rom,core_loo,0.81,0.7095353442396477,1.0868992344892803,0.5955559865267327,0.6432799194665932,True,True,0.044973211298652616,Bas_Ep#140
impostores,16,dia|closed:150|minmax|w500|mformulae+preformed+otq+reuse|seven_plus|sblgnt,dia,closed:150,minmax,500,formulae+preformed+otq+reuse,seven_plus,sblgnt,300,1Cor,core_loo,0.7166666666666667,0.5296473315688816,0.899399790422208,0.4049206108376938,0.451167672707522,True,True,0.03351446344596026,Bas_Ep#235
impostores,16,dia|closed:150|minmax|w500|mformulae+preformed+otq+reuse|seven_plus|sblgnt,dia,closed:150,minmax,500,formulae+preformed+otq+reuse,seven_plus,sblgnt,300,2Cor,core_loo,0.9266666666666666,0.927551751340861,1.2678510369436693,0.7875592166907401,0.8363817662920554,True,True,0.07127962200112059,1Pe
impostores,16,dia|closed:150|minmax|w500|mformulae+preformed+otq+reuse|seven_plus|sblgnt,dia,closed:150,minmax,500,formulae+preformed+otq+reuse,seven_plus,sblgnt,300,Gal,core_loo,0.85,0.791006851533126,1.158767599906417,0.6720901175935111,0.7202822638647248,True,True,0.047572725808428196,Sant
impostores,16,dia|closed:150|minmax|w500|mformulae+preformed+otq+reuse|seven_plus|sblgnt,dia,closed:150,minmax,500,formulae+preformed+otq+reuse,seven_plus,sblgnt,300,Flp,core_loo,0.8033333333333333,0.6959678297031394,1.0743226244186055,0.5822313284814525,0.6298686219421454,True,True,0.039147385708693805,1Pe
impostores,16,dia|closed:150|minmax|w500|mformulae+preformed+otq+reuse|seven_plus|sblgnt,dia,closed:150,minmax,500,formulae+preformed+otq+reuse,seven_plus,sblgnt,300,1Tes,core_loo,0.51,0.21995331952795047,0.3422029299538969,0.0473675564807108,0.08398987897570424,True,True,0.0020716724313610824,Bas_Ep#295
impostores,16,dia|closed:150|minmax|w500|mformulae+preformed+otq+reuse|seven_plus|sblgnt,dia,closed:150,minmax,500,formulae+preformed+otq+reuse,seven_plus,sblgnt,300,Flm,core_loo,0.8333333333333334,0.7572049463217707,1.129658369204049,0.6410519521488565,0.6890597939479051,True,True,0.053459671117270624,Jul_Ep#50
impostores,16,dia|closed:150|minmax|w500|mformulae+preformed+otq+reuse|seven_plus|sblgnt,dia,closed:150,minmax,500,formulae+preformed+otq+reuse,seven_plus,sblgnt,300,Col,core_loo,0.5666666666666667,0.29963644937069017,0.5237331600694163,0.13108995768389442,0.17203225438378933,True,True,0.014237273418314045,Bas_Ep#140
impostores,16,dia|closed:150|minmax|w500|mformulae+preformed+otq+reuse|seven_plus|sblgnt,dia,closed:150,minmax,500,formulae+preformed+otq+reuse,seven_plus,sblgnt,300,2Tes,core_loo,0.6966666666666667,0.4949565985386918,0.8559060351712141,0.3647362536856616,0.41056612053868974,True,True,0.03163422060786675,3Cor
impostores,16,dia|closed:150|minmax|w500|mformulae+preformed+otq+reuse|seven_plus|sblgnt,dia,closed:150,minmax,500,formulae+preformed+otq+reuse,seven_plus,sblgnt,300,Ef,target,0.6566666666666666,0.4300031261010885,0.7640939774108224,0.28712940208358584,0.3319416468440367,True,True,0.02159738264642108,Just_Dial#40-41
impostores,16,dia|closed:150|minmax|w500|mformulae+preformed+otq+reuse|seven_plus|sblgnt,dia,closed:150,minmax,500,formulae+preformed+otq+reuse,seven_plus,sblgnt,300,1Tim,target,0.6966666666666667,0.4949565985386918,0.8559060351712141,0.3647362536856616,0.41056612053868974,True,True,0.03109022408428075,Arist_Or41
impostores,16,dia|closed:150|minmax|w500|mformulae+preformed+otq+reuse|seven_plus|sblgnt,dia,closed:150,minmax,500,formulae+preformed+otq+reuse,seven_plus,sblgnt,300,2Tim,target,0.7066666666666667,0.5121118055139282,0.8778272699227503,0.38473519945945556,0.4307798741579435,True,True,0.03527007346933514,IgnFil
impostores,16,dia|closed:150|minmax|w500|mformulae+preformed+otq+reuse|seven_plus|sblgnt,dia,closed:150,minmax,500,formulae+preformed+otq+reuse,seven_plus,sblgnt,300,Tit,target,0.63,0.38961087517703985,0.6983988073169393,0.23798618768595894,0.2819308591942361,True,True,0.017244105219749672,Bas_Ep#93
impostores,16,dia|closed:150|minmax|w500|mformulae+preformed+otq+reuse|seven_plus|sblgnt,dia,closed:150,minmax,500,formulae+preformed+otq+reuse,seven_plus,sblgnt,300,Heb,target,0.36333333333333334,-0.023592697925367324,-0.20769610259712307,-0.13018847816340592,-0.11418534177025184,True,True,-0.01567539465368717,Bas_Ep#240
impostores,17,dia|closed:150|minmax|w500|mformulae+preformed+otq+reuse|trece|sblgnt,dia,closed:150,minmax,500,formulae+preformed+otq+reuse,trece,sblgnt,300,Rom,core_loo,0.8233333333333334,0.7092198373588132,1.024607267309033,0.5636619988510101,0.6154903583213889,True,True,0.04855670214098795,Bas_Ep#204
impostores,17,dia|closed:150|minmax|w500|mformulae+preformed+otq+reuse|trece|sblgnt,dia,closed:150,minmax,500,formulae+preformed+otq+reuse,trece,sblgnt,300,1Cor,core_loo,0.7933333333333333,0.6477739504943637,0.9727741849286748,0.5049373313778864,0.5558565790969663,True,True,0.0360827826761948,1Pe
impostores,17,dia|closed:150|minmax|w500|mformulae+preformed+otq+reuse|trece|sblgnt,dia,closed:150,minmax,500,formulae+preformed+otq+reuse,trece,sblgnt,300,2Cor,core_loo,0.9333333333333333,0.9072921328033138,1.1687161542303182,0.7317003975349682,0.7861718867729676,True,True,0.07449622622766577,IgnEf
impostores,17,dia|closed:150|minmax|w500|mformulae+preformed+otq+reuse|trece|sblgnt,dia,closed:150,minmax,500,formulae+preformed+otq+reuse,trece,sblgnt,300,Gal,core_loo,0.8733333333333333,0.8091368557763181,1.1011693933335114,0.6524454753057221,0.705646516961224,True,True,0.05249909033396927,Bas_Ep#125
impostores,17,dia|closed:150|minmax|w500|mformulae+preformed+otq+reuse|trece|sblgnt,dia,closed:150,minmax,500,formulae+preformed+otq+reuse,trece,sblgnt,300,Ef,core_loo,0.7233333333333334,0.5109844344523851,0.8389949309163912,0.3630826452130389,0.4116169223534083,True,True,0.0284669962198823,Bas_Ep#265
impostores,17,dia|closed:150|minmax|w500|mformulae+preformed+otq+reuse|trece|sblgnt,dia,closed:150,minmax,500,formulae+preformed+otq+reuse,trece,sblgnt,300,Flp,core_loo,0.85,0.7634397399818331,1.0672226349770244,0.6128657807171837,0.6654516016937181,True,True,0.04662365122940204,Bas_Ep#139
impostores,17,dia|closed:150|minmax|w500|mformulae+preformed+otq+reuse|trece|sblgnt,dia,closed:150,minmax,500,formulae+preformed+otq+reuse,trece,sblgnt,300,Col,core_loo,0.6233333333333333,0.34290820189431803,0.6132067105233864,0.17319673049965678,0.21697158494285612,True,True,0.01661463949191644,PsClem_Virg#1
impostores,17,dia|closed:150|minmax|w500|mformulae+preformed+otq+reuse|trece|sblgnt,dia,closed:150,minmax,500,formulae+preformed+otq+reuse,trece,sblgnt,300,1Tes,core_loo,0.7,0.4687720460725181,0.7904670371537352,0.3164705721704155,0.3640866987202462,True,True,0.02284032329953284,Sant
impostores,17,dia|closed:150|minmax|w500|mformulae+preformed+otq+reuse|trece|sblgnt,dia,closed:150,minmax,500,formulae+preformed+otq+reuse,trece,sblgnt,300,2Tes,core_loo,0.81,0.6818569369677335,1.0020283787208608,0.5379004395798797,0.5893318561913099,True,True,0.04068181154712586,1Pe
impostores,17,dia|closed:150|minmax|w500|mformulae+preformed+otq+reuse|trece|sblgnt,dia,closed:150,minmax,500,formulae+preformed+otq+reuse,trece,sblgnt,300,1Tim,core_loo,0.8166666666666667,0.6955393327983039,1.0134144777332474,0.5508602797712672,0.6024916000520113,True,True,0.05137839673068867,2Pe
impostores,17,dia|closed:150|minmax|w500|mformulae+preformed+otq+reuse|trece|sblgnt,dia,closed:150,minmax,500,formulae+preformed+otq+reuse,trece,sblgnt,300,2Tim,core_loo,0.8033333333333333,0.6681933413913426,0.9904580641840913,0.5248023000126361,0.5760309818635152,True,True,0.040706463692835704,2Pe
impostores,17,dia|closed:150|minmax|w500|mformulae+preformed+otq+reuse|trece|sblgnt,dia,closed:150,minmax,500,formulae+preformed+otq+reuse,trece,sblgnt,300,Tit,core_loo,0.8166666666666667,0.6955393327983039,1.0134144777332474,0.5508602797712672,0.6024916000520113,True,True,0.04168698564540524,2Jn
impostores,17,dia|closed:150|minmax|w500|mformulae+preformed+otq+reuse|trece|sblgnt,dia,closed:150,minmax,500,formulae+preformed+otq+reuse,trece,sblgnt,300,Flm,core_loo,0.9033333333333333,0.8628839696958952,1.1390181471433203,0.6968092101965597,0.7507133312837442,True,True,0.061276266462375106,IgnFil
impostores,17,dia|closed:150|minmax|w500|mformulae+preformed+otq+reuse|trece|sblgnt,dia,closed:150,minmax,500,formulae+preformed+otq+reuse,trece,sblgnt,300,Heb,target,0.42333333333333334,0.0443160597944379,-0.020577277076166703,-0.09544922814341297,-0.0739574758108033,True,True,-0.0075205797863232005,Bas_Ep#265
impostores,18,dia|closed:150|delta|w500|mnone|hauptbriefe|sblgnt,dia,closed:150,delta,500,none,hauptbriefe,sblgnt,300,Rom,core_loo,0.4633333333333333,0.27283296301650095,0.3474935782859819,0.12660997601988686,0.1553379155440449,True,True,-0.009204319029923858,IgnLong#6
impostores,18,dia|closed:150|delta|w500|mnone|hauptbriefe|sblgnt,dia,closed:150,delta,500,none,hauptbriefe,sblgnt,300,1Cor,core_loo,0.4,0.1570739048311092,0.07803102899502187,0.022966464349501968,0.04484636679506311,True,True,-0.023938032293839673,Bas_Ep#235
impostores,18,dia|closed:150|delta|w500|mnone|hauptbriefe|sblgnt,dia,closed:150,delta,500,none,hauptbriefe,sblgnt,300,2Cor,core_loo,0.5733333333333334,0.4084436961030158,0.7725554301077395,0.30135985296142875,0.33527731018636586,True,True,0.015123604304839666,1Pe
impostores,18,dia|closed:150|delta|w500|mnone|hauptbriefe|sblgnt,dia,closed:150,delta,500,none,hauptbriefe,sblgnt,300,Gal,core_loo,0.44333333333333336,0.23946554875373063,0.2625672372887576,0.0940039142277067,0.12087838857123093,True,True,-0.013611806907940116,3Cor
impostores,18,dia|closed:150|delta|w500|mnone|hauptbriefe|sblgnt,dia,closed:150,delta,500,none,hauptbriefe,sblgnt,300,Ef,target,0.36,0.07115435694114763,-0.08889177457844977,-0.042177529228780444,-0.025851084166691053,True,True,-0.02971473674689712,Theoph#1
impostores,18,dia|closed:150|delta|w500|mnone|hauptbriefe|sblgnt,dia,closed:150,delta,500,none,hauptbriefe,sblgnt,300,Col,target,0.29333333333333333,-0.08117822891093882,-0.35044919831609106,-0.14625959937976796,-0.1401265185773933,True,True,-0.050609016121300365,Just_Dial#40-41
impostores,18,dia|closed:150|delta|w500|mnone|hauptbriefe|sblgnt,dia,closed:150,delta,500,none,hauptbriefe,sblgnt,300,2Tes,target,0.42,0.1967219405054271,0.16302736150648858,0.055773836119533335,0.08011435950720623,True,True,-0.02836530847523222,Bas_Ep#139
impostores,18,dia|closed:150|delta|w500|mnone|hauptbriefe|sblgnt,dia,closed:150,delta,500,none,hauptbriefe,sblgnt,300,1Tim,target,0.30333333333333334,-0.058282211244788995,-0.31292544078917406,-0.13120488819722986,-0.1235264640708546,True,True,-0.03668013347229543,1Pe
impostores,18,dia|closed:150|delta|w500|mnone|hauptbriefe|sblgnt,dia,closed:150,delta,500,none,hauptbriefe,sblgnt,300,2Tim,target,0.22666666666666666,-0.22646275354455017,-0.58108711116595,-0.23911325244223272,-0.24279661576044878,True,True,-0.06472226812746934,Bas_Ep#113
impostores,18,dia|closed:150|delta|w500|mnone|hauptbriefe|sblgnt,dia,closed:150,delta,500,none,hauptbriefe,sblgnt,300,Tit,target,0.30333333333333334,-0.058282211244788995,-0.31292544078917406,-0.13120488819722986,-0.1235264640708546,True,True,-0.04667562503496481,3Cor
impostores,18,dia|closed:150|delta|w500|mnone|hauptbriefe|sblgnt,dia,closed:150,delta,500,none,hauptbriefe,sblgnt,300,Heb,target,0.24333333333333335,-0.191843762281651,-0.5269034691142916,-0.2173009692005075,-0.21864874872546192,True,True,-0.06791711620591534,3Cor
impostores,19,dia|closed:150|delta|w500|mnone|seven_plus|sblgnt,dia,closed:150,delta,500,none,seven_plus,sblgnt,300,Rom,core_loo,0.68,0.45866872443095486,0.8432705960907521,0.32942445241308344,0.3725347520371539,False,True,0.03856253112383545,Bas_Ep#300
impostores,19,dia|closed:150|delta|w500|mnone|seven_plus|sblgnt,dia,closed:150,delta,500,none,seven_plus,sblgnt,300,1Cor,core_loo,0.6766666666666666,0.45403280630857856,0.8355706072627609,0.3230627488780244,0.3660644487402784,False,True,0.03740556168395598,Theoph#1
impostores,19,dia|closed:150|delta|w500|mnone|seven_plus|sblgnt,dia,closed:150,delta,500,none,seven_plus,sblgnt,300,2Cor,core_loo,0.8533333333333334,0.7197378195502675,1.142063760842232,0.6589351806534941,0.7082395263716617,False,True,0.08381293598068618,1Pe
impostores,19,dia|closed:150|delta|w500|mnone|seven_plus|sblgnt,dia,closed:150,delta,500,none,seven_plus,sblgnt,300,Gal,core_loo,0.74,0.544774242127523,0.9680822776802777,0.4464128380971006,0.491382175757454,False,True,0.0466649232436151,3Cor
impostores,19,dia|closed:150|delta|w500|mnone|seven_plus|sblgnt,dia,closed:150,delta,500,none,seven_plus,sblgnt,300,Flp,core_loo,0.87,0.7446730912743883,1.1612343227511883,0.6857518623879203,0.7358173794891304,False,True,0.0891474826062732,IgnLong#4
impostores,19,dia|closed:150|delta|w500|mnone|seven_plus|sblgnt,dia,closed:150,delta,500,none,seven_plus,sblgnt,300,1Tes,core_loo,0.5666666666666667,0.3022246141074294,0.533926127524779,0.1290242274023929,0.16685644309778708,False,True,0.014143198127988754,Bas_Ep#140
impostores,19,dia|closed:150|delta|w500|mnone|seven_plus|sblgnt,dia,closed:150,delta,500,none,seven_plus,sblgnt,300,Flm,core_loo,0.5966666666666667,0.3442445948091302,0.6250735442010181,0.1783612583475965,0.21802850276947894,False,True,0.020986144548729074,Bas_Ep#65
impostores,19,dia|closed:150|delta|w500|mnone|seven_plus|sblgnt,dia,closed:150,delta,500,none,seven_plus,sblgnt,300,Col,core_loo,0.6,0.34884860939577256,0.6348147328734389,0.184026805848729,0.22387337369537524,False,True,0.02171623482518198,PsPhal#69-70
impostores,19,dia|closed:150|delta|w500|mnone|seven_plus|sblgnt,dia,closed:150,delta,500,none,seven_plus,sblgnt,300,2Tes,core_loo,0.6333333333333333,0.3945180527916061,0.7276707245707316,0.2425551012459282,0.2839697075549384,False,True,0.02083688628789443,Bas_Ep#140
impostores,19,dia|closed:150|delta|w500|mnone|seven_plus|sblgnt,dia,closed:150,delta,500,none,seven_plus,sblgnt,300,Ef,target,0.71,0.5010244663443404,0.908853133035791,0.38747143105407283,0.431517888927454,False,True,0.0449430953121438,Bas_Ep#213
impostores,19,dia|closed:150|delta|w500|mnone|seven_plus|sblgnt,dia,closed:150,delta,500,none,seven_plus,sblgnt,300,1Tim,target,0.6866666666666666,0.4679782004323736,0.8584187969325083,0.3422071982093517,0.3855310609498056,False,True,0.03182455649031418,Bas_Ep#302
impostores,19,dia|closed:150|delta|w500|mnone|seven_plus|sblgnt,dia,closed:150,delta,500,none,seven_plus,sblgnt,300,2Tim,target,0.42,0.071180579235887,0.028505273573648893,-0.06691426404166473,-0.045131465707983216,False,True,-0.01217852405790254,Bas_Ep#210
impostores,19,dia|closed:150|delta|w500|mnone|seven_plus|sblgnt,dia,closed:150,delta,500,none,seven_plus,sblgnt,300,Tit,target,0.6166666666666667,0.3717432967669055,0.6822937682344175,0.21287714875298244,0.25355565935012897,False,True,0.024617132635364525,Bas_Ep#113
impostores,19,dia|closed:150|delta|w500|mnone|seven_plus|sblgnt,dia,closed:150,delta,500,none,seven_plus,sblgnt,300,Heb,target,0.5133333333333333,0.22362185806084853,0.35863221398788037,0.049063741841683765,0.08248424362587599,False,True,0.005340644986518095,3Cor
impostores,20,dia|closed:150|delta|w500|mnone|trece|sblgnt,dia,closed:150,delta,500,none,trece,sblgnt,300,Rom,core_loo,0.7266666666666667,0.4927505219539058,0.842725086397952,0.3513680260129674,0.3989393354286928,False,True,0.05529302179349252,1Pe
impostores,20,dia|closed:150|delta|w500|mnone|trece|sblgnt,dia,closed:150,delta,500,none,trece,sblgnt,300,1Cor,core_loo,0.7333333333333333,0.503410549355461,0.8562595801609982,0.36477211399961096,0.4126216067932879,False,True,0.05009086226604692,Bas_Ep#8
impostores,20,dia|closed:150|delta|w500|mnone|trece|sblgnt,dia,closed:150,delta,500,none,trece,sblgnt,300,2Cor,core_loo,0.8633333333333333,0.7139063099547782,1.0682135695553057,0.6118197397077135,0.6633820881908246,False,True,0.09054059022263039,Bas_Ep#139
impostores,20,dia|closed:150|delta|w500|mnone|trece|sblgnt,dia,closed:150,delta,500,none,trece,sblgnt,300,Gal,core_loo,0.7633333333333333,0.5518974822182763,0.9139488579866255,0.4251011224265884,0.47405850332641686,False,True,0.06350765586759755,IgnLong#5
impostores,20,dia|closed:150|delta|w500|mnone|trece|sblgnt,dia,closed:150,delta,500,none,trece,sblgnt,300,Ef,core_loo,0.7533333333333333,0.5356448468966449,0.8952988505783185,0.4050264441552165,0.45363860192925487,False,True,0.047013773201769915,Bas_Ep#213
impostores,20,dia|closed:150|delta|w500|mnone|trece|sblgnt,dia,closed:150,delta,500,none,trece,sblgnt,300,Flp,core_loo,0.8833333333333333,0.7435743682435029,1.0913788415013257,0.6428582080460322,0.6948225387687827,False,True,0.09576385829342018,PsPhal#69-70
impostores,20,dia|closed:150|delta|w500|mnone|trece|sblgnt,dia,closed:150,delta,500,none,trece,sblgnt,300,Col,core_loo,0.6433333333333333,0.3623663749732546,0.6507532859921293,0.18932668110962228,0.23208994862078405,False,True,0.030385430583345918,Just_Dial#40-41
impostores,20,dia|closed:150|delta|w500|mnone|trece|sblgnt,dia,closed:150,delta,500,none,trece,sblgnt,300,1Tes,core_loo,0.67,0.40366663401292363,0.7168405409595477,0.23955462560444182,0.2841598578396933,False,True,0.03734992794999026,Bas_Ep#191
impostores,20,dia|closed:150|delta|w500|mnone|trece|sblgnt,dia,closed:150,delta,500,none,trece,sblgnt,300,2Tes,core_loo,0.7566666666666667,0.5410529862550902,0.9015795304545027,0.41172563039007604,0.46045533629337143,False,True,0.04509621769415528,Just_Dial#63
impostores,20,dia|closed:150|delta|w500|mnone|trece|sblgnt,dia,closed:150,delta,500,none,trece,sblgnt,300,1Tim,core_loo,0.79,0.5955735558296552,0.9608776021757186,0.4780432849892497,0.5278244413635153,False,True,0.05663443018306097,1Pe
impostores,20,dia|closed:150|delta|w500|mnone|trece|sblgnt,dia,closed:150,delta,500,none,trece,sblgnt,300,2Tim,core_loo,0.6166666666666667,0.3211327279908368,0.5803262266821609,0.14135951892992143,0.18194650579784116,False,True,0.016791588274440633,IgnLong#13
impostores,20,dia|closed:150|delta|w500|mnone|trece|sblgnt,dia,closed:150,delta,500,none,trece,sblgnt,300,Tit,core_loo,0.7633333333333333,0.5518974822182763,0.9139488579866255,0.4251011224265884,0.47405850332641686,False,True,0.044334286163057623,Bas_Ep#295
impostores,20,dia|closed:150|delta|w500|mnone|trece|sblgnt,dia,closed:150,delta,500,none,trece,sblgnt,300,Flm,core_loo,0.7066666666666667,0.46101982438940514,0.8005302010834539,0.31135769711179134,0.35801266966346873,False,True,0.042779000870555806,Bas_Ep#65
impostores,20,dia|closed:150|delta|w500|mnone|trece|sblgnt,dia,closed:150,delta,500,none,trece,sblgnt,300,Heb,target,0.6866666666666666,0.429625661206134,0.7559082968450386,0.2718708271698661,0.3174721196019954,False,True,0.035725584690963874,3Cor
impostores,21,dia|closed:150|delta|w500|mformulae+preformed+otq+reuse|hauptbriefe|sblgnt,dia,closed:150,delta,500,formulae+preformed+otq+reuse,hauptbriefe,sblgnt,300,Rom,core_loo,0.4666666666666667,0.2857621435026842,0.35909714005776666,0.1378368389739883,0.1664504496521135,True,True,-0.0096900561177507,PsPhal#69-70
impostores,21,dia|closed:150|delta|w500|mformulae+preformed+otq+reuse|hauptbriefe|sblgnt,dia,closed:150,delta,500,formulae+preformed+otq+reuse,hauptbriefe,sblgnt,300,1Cor,core_loo,0.42333333333333334,0.20941571117353747,0.1744740249393163,0.06691240251916308,0.09167017319825609,True,True,-0.02040593680663144,2Clem
impostores,21,dia|closed:150|delta|w500|mformulae+preformed+otq+reuse|hauptbriefe|sblgnt,dia,closed:150,delta,500,formulae+preformed+otq+reuse,hauptbriefe,sblgnt,300,2Cor,core_loo,0.49666666666666665,0.3300818013850013,0.4841506599533967,0.18592789390809722,0.21632462801598967,True,True,-0.003045844669313569,Bas_Ep#139
impostores,21,dia|closed:150|delta|w500|mformulae+preformed+otq+reuse|hauptbriefe|sblgnt,dia,closed:150,delta,500,formulae+preformed+otq+reuse,hauptbriefe,sblgnt,300,Gal,core_loo,0.4866666666666667,0.31606717565473175,0.44291795218585805,0.17000274767081175,0.19988409725010103,True,True,-0.004981963993368976,Bas_Ep#65
impostores,21,dia|closed:150|delta|w500|mformulae+preformed+otq+reuse|hauptbriefe|sblgnt,dia,closed:150,delta,500,formulae+preformed+otq+reuse,hauptbriefe,sblgnt,300,Ef,target,0.3933333333333333,0.14864418903695664,0.04705645920803083,0.01724309503677938,0.03850660043089525,True,True,-0.025617414016136375,Bas_Ep#65
impostores,21,dia|closed:150|delta|w500|mformulae+preformed+otq+reuse|hauptbriefe|sblgnt,dia,closed:150,delta,500,formulae+preformed+otq+reuse,hauptbriefe,sblgnt,300,Col,target,0.26666666666666666,-0.1405921898015709,-0.4492271297720325,-0.18418659775287613,-0.181521031898115,True,True,-0.057134056007258294,Just_Dial#40-41
impostores,21,dia|closed:150|delta|w500|mformulae+preformed+otq+reuse|hauptbriefe|sblgnt,dia,closed:150,delta,500,formulae+preformed+otq+reuse,hauptbriefe,sblgnt,300,2Tes,target,0.49333333333333335,0.32549194233344575,0.47046674450367176,0.18063139381885576,0.21086485548016315,True,True,-0.0030416063858663134,1Pe
impostores,21,dia|closed:150|delta|w500|mformulae+preformed+otq+reuse|hauptbriefe|sblgnt,dia,closed:150,delta,500,formulae+preformed+otq+reuse,hauptbriefe,sblgnt,300,1Tim,target,0.2966666666666667,-0.07174590122737763,-0.34046344026708886,-0.13911825501523914,-0.13188592770744983,True,True,-0.045806881846367165,1Pe
impostores,21,dia|closed:150|delta|w500|mformulae+preformed+otq+reuse|hauptbriefe|sblgnt,dia,closed:150,delta,500,formulae+preformed+otq+reuse,hauptbriefe,sblgnt,300,2Tim,target,0.22333333333333333,-0.23430395974242516,-0.5934223480311458,-0.2442759117169774,-0.2478557499509175,True,True,-0.07650211854857736,Bas_Ep#113
impostores,21,dia|closed:150|delta|w500|mformulae+preformed+otq+reuse|hauptbriefe|sblgnt,dia,closed:150,delta,500,formulae+preformed+otq+reuse,hauptbriefe,sblgnt,300,Tit,target,0.24,-0.1993066878230791,-0.5399167286520957,-0.22196001246257374,-0.22320685007654464,True,True,-0.059600801912294166,Bas_Ep#295
impostores,21,dia|closed:150|delta|w500|mformulae+preformed+otq+reuse|hauptbriefe|sblgnt,dia,closed:150,delta,500,formulae+preformed+otq+reuse,hauptbriefe,sblgnt,300,Heb,target,0.17666666666666667,-0.3231530513815508,-0.7285814989126604,-0.30052286582920584,-0.3100077694653925,True,True,-0.08359999638172033,Just_Dial#33-34
impostores,22,dia|closed:150|delta|w500|mformulae+preformed+otq+reuse|seven_plus|sblgnt,dia,closed:150,delta,500,formulae+preformed+otq+reuse,seven_plus,sblgnt,300,Rom,core_loo,0.6166666666666667,0.4054759244203008,0.7534044554543968,0.2649317928219981,0.30431637659325567,True,True,0.028245180237302686,Bas_Ep#302
impostores,22,dia|closed:150|delta|w500|mformulae+preformed+otq+reuse|seven_plus|sblgnt,dia,closed:150,delta,500,formulae+preformed+otq+reuse,seven_plus,sblgnt,300,1Cor,core_loo,0.6533333333333333,0.4502468348505912,0.8473849572977067,0.3283533846242662,0.36851327937786177,True,True,0.0322238632113685,Bas_Ep#366
impostores,22,dia|closed:150|delta|w500|mformulae+preformed+otq+reuse|seven_plus|sblgnt,dia,closed:150,delta,500,formulae+preformed+otq+reuse,seven_plus,sblgnt,300,2Cor,core_loo,0.8233333333333334,0.6811973937936564,1.1465455735707848,0.6297344742505073,0.6719013052744888,True,True,0.06192289862612288,Bas_Ep#300
impostores,22,dia|closed:150|delta|w500|mformulae+preformed+otq+reuse|seven_plus|sblgnt,dia,closed:150,delta,500,formulae+preformed+otq+reuse,seven_plus,sblgnt,300,Gal,core_loo,0.7133333333333334,0.5255905066575929,0.9754505154228676,0.43546751554281016,0.4763088598575976,True,True,0.05173648939848252,3Cor
impostores,22,dia|closed:150|delta|w500|mformulae+preformed+otq+reuse|seven_plus|sblgnt,dia,closed:150,delta,500,formulae+preformed+otq+reuse,seven_plus,sblgnt,300,Flp,core_loo,0.71,0.5212542973590195,0.9690952535287786,0.4294508300186328,0.4702625350133803,True,True,0.04638425992743739,Bas_Ep#113
impostores,22,dia|closed:150|delta|w500|mformulae+preformed+otq+reuse|seven_plus|sblgnt,dia,closed:150,delta,500,formulae+preformed+otq+reuse,seven_plus,sblgnt,300,1Tes,core_loo,0.45666666666666667,0.1764624049086859,0.21717927843190635,0.01768064562951917,0.04566126920531623,True,True,-0.009767464259349545,Bas_Ep#113
impostores,22,dia|closed:150|delta|w500|mformulae+preformed+otq+reuse|seven_plus|sblgnt,dia,closed:150,delta,500,formulae+preformed+otq+reuse,seven_plus,sblgnt,300,Flm,core_loo,0.6166666666666667,0.4054759244203008,0.7534044554543968,0.2649317928219981,0.30431637659325567,True,True,0.029440389946045142,Liban_Ep10#399
impostores,22,dia|closed:150|delta|w500|mformulae+preformed+otq+reuse|seven_plus|sblgnt,dia,closed:150,delta,500,formulae+preformed+otq+reuse,seven_plus,sblgnt,300,Col,core_loo,0.53,0.2919404120458678,0.4835651486575627,0.12435475685733635,0.1595356800740646,True,True,0.007681788499341646,IgnFil
impostores,22,dia|closed:150|delta|w500|mformulae+preformed+otq+reuse|seven_plus|sblgnt,dia,closed:150,delta,500,formulae+preformed+otq+reuse,seven_plus,sblgnt,300,2Tes,core_loo,0.6166666666666667,0.4054759244203008,0.7534044554543968,0.2649317928219981,0.30431637659325567,True,True,0.024689318284818795,Bas_Ep#139
impostores,22,dia|closed:150|delta|w500|mformulae+preformed+otq+reuse|seven_plus|sblgnt,dia,closed:150,delta,500,formulae+preformed+otq+reuse,seven_plus,sblgnt,300,Ef,target,0.6,0.38486647605445456,0.7065343207037381,0.23680334172057552,0.27567787863970145,True,True,0.019589167494693305,Bas_Ep#213
impostores,22,dia|closed:150|delta|w500|mformulae+preformed+otq+reuse|seven_plus|sblgnt,dia,closed:150,delta,500,formulae+preformed+otq+reuse,seven_plus,sblgnt,300,1Tim,target,0.5166666666666667,0.2724993742079955,0.43703156458905756,0.10407555993076492,0.13821423887832548,True,True,0.002181894164669629,PsPhal#132-135
impostores,22,dia|closed:150|delta|w500|mformulae+preformed+otq+reuse|seven_plus|sblgnt,dia,closed:150,delta,500,formulae+preformed+otq+reuse,seven_plus,sblgnt,300,2Tim,target,0.4766666666666667,0.21003527003652553,0.29194598215564566,0.04558036553498351,0.07587778472562932,True,True,-0.005687551758642634,VitProph
impostores,22,dia|closed:150|delta|w500|mformulae+preformed+otq+reuse|seven_plus|sblgnt,dia,closed:150,delta,500,formulae+preformed+otq+reuse,seven_plus,sblgnt,300,Tit,target,0.47,0.19901279116051,0.2671479519090593,0.03617952950008013,0.06573319237237239,True,True,-0.004071952261038847,Bas_Ep#113
impostores,22,dia|closed:150|delta|w500|mformulae+preformed+otq+reuse|seven_plus|sblgnt,dia,closed:150,delta,500,formulae+preformed+otq+reuse,seven_plus,sblgnt,300,Heb,target,0.38666666666666666,0.048971288371505425,-0.048520847953195,-0.07273942503117996,-0.0546426468757052,True,True,-0.021947897419494267,Bas_Ep#261
impostores,23,dia|closed:150|delta|w500|mformulae+preformed+otq+reuse|trece|sblgnt,dia,closed:150,delta,500,formulae+preformed+otq+reuse,trece,sblgnt,300,Rom,core_loo,0.6966666666666667,0.4693193795290652,0.8204840003057909,0.3289264500077536,0.375254433821223,False,True,0.041729901489422266,Bas_Ep#125
impostores,23,dia|closed:150|delta|w500|mformulae+preformed+otq+reuse|trece|sblgnt,dia,closed:150,delta,500,formulae+preformed+otq+reuse,trece,sblgnt,300,1Cor,core_loo,0.72,0.5040274134480016,0.8698959878723538,0.3749109251722091,0.42232829050553,False,True,0.05009480945680039,Bas_Ep#189
impostores,23,dia|closed:150|delta|w500|mformulae+preformed+otq+reuse|trece|sblgnt,dia,closed:150,delta,500,formulae+preformed+otq+reuse,trece,sblgnt,300,2Cor,core_loo,0.8833333333333333,0.7543268263506333,1.131713740907271,0.6739418541258559,0.7256641257226703,False,True,0.08940238111759458,Bas_Ep#101
impostores,23,dia|closed:150|delta|w500|mformulae+preformed+otq+reuse|trece|sblgnt,dia,closed:150,delta,500,formulae+preformed+otq+reuse,trece,sblgnt,300,Gal,core_loo,0.8033333333333333,0.6327593343865476,1.0218094565814282,0.5380873993986098,0.5882327183163625,False,True,0.06140766999779246,Bas_Ep#65
impostores,23,dia|closed:150|delta|w500|mformulae+preformed+otq+reuse|trece|sblgnt,dia,closed:150,delta,500,formulae+preformed+otq+reuse,trece,sblgnt,300,Ef,core_loo,0.6966666666666667,0.4693193795290652,0.8204840003057909,0.3289264500077536,0.375254433821223,False,True,0.03108799202224105,Bas_Ep#213
impostores,23,dia|closed:150|delta|w500|mformulae+preformed+otq+reuse|trece|sblgnt,dia,closed:150,delta,500,formulae+preformed+otq+reuse,trece,sblgnt,300,Flp,core_loo,0.83,0.6746789042385614,1.0626622472320841,0.5871351301858054,0.6378874304352075,False,True,0.06731935795733424,1Pe
impostores,23,dia|closed:150|delta|w500|mformulae+preformed+otq+reuse|trece|sblgnt,dia,closed:150,delta,500,formulae+preformed+otq+reuse,trece,sblgnt,300,Col,core_loo,0.58,0.2977080536367765,0.5219263384942401,0.11539971677991799,0.1529529814612593,False,True,0.014192537283229001,PsPhal#69-70
impostores,23,dia|closed:150|delta|w500|mformulae+preformed+otq+reuse|trece|sblgnt,dia,closed:150,delta,500,formulae+preformed+otq+reuse,trece,sblgnt,300,1Tes,core_loo,0.7166666666666667,0.4990349131524068,0.8630328663204283,0.36831489522437877,0.4155872922390881,False,True,0.045508623260448466,Bas_Ep#139
impostores,23,dia|closed:150|delta|w500|mformulae+preformed+otq+reuse|trece|sblgnt,dia,closed:150,delta,500,formulae+preformed+otq+reuse,trece,sblgnt,300,2Tes,core_loo,0.79,0.6117637524986872,0.9999602725613299,0.5126770315314494,0.562480355972528,False,True,0.056551813099892045,Bas_Ep#139
impostores,23,dia|closed:150|delta|w500|mformulae+preformed+otq+reuse|trece|sblgnt,dia,closed:150,delta,500,formulae+preformed+otq+reuse,trece,sblgnt,300,1Tim,core_loo,0.6333333333333333,0.37673815741412503,0.6692940589405625,0.20847066932872535,0.2508086890882547,False,True,0.029211636909922345,Just_Dial#39
impostores,23,dia|closed:150|delta|w500|mformulae+preformed+otq+reuse|trece|sblgnt,dia,closed:150,delta,500,formulae+preformed+otq+reuse,trece,sblgnt,300,2Tim,core_loo,0.57,0.2825131860817375,0.4923526438147131,0.09905195747351667,0.13554763283578655,False,True,0.011441788489582161,Bas_Ep#113
impostores,23,dia|closed:150|delta|w500|mformulae+preformed+otq+reuse|trece|sblgnt,dia,closed:150,delta,500,formulae+preformed+otq+reuse,trece,sblgnt,300,Tit,core_loo,0.69,0.4594943933389838,0.8057663968737914,0.31589546739656627,0.361878367883907,False,True,0.03938808538348093,Bas_Ep#295
impostores,23,dia|closed:150|delta|w500|mformulae+preformed+otq+reuse|trece|sblgnt,dia,closed:150,delta,500,formulae+preformed+otq+reuse,trece,sblgnt,300,Flm,core_loo,0.73,0.5190802289854031,0.8901045224732933,0.39472887238911136,0.4425613739273707,False,True,0.04854597616584305,Bas_Ep#89
impostores,23,dia|closed:150|delta|w500|mformulae+preformed+otq+reuse|trece|sblgnt,dia,closed:150,delta,500,formulae+preformed+otq+reuse,trece,sblgnt,300,Heb,target,0.49333333333333335,0.1604360728529496,0.24909636425562165,-0.012869189528304887,0.013864708399986676,False,True,-0.002428350542178992,Bas_Ep#302
impostores,24,dia|char3:600|minmax|w500|mnone|hauptbriefe|sblgnt,dia,char3:600,minmax,500,none,hauptbriefe,sblgnt,300,Rom,core_loo,0.7666666666666667,0.7787676550999425,1.2302772632737533,0.7805807221137255,0.8094880842516139,True,True,0.02602227343614244,1Pe
impostores,24,dia|char3:600|minmax|w500|mnone|hauptbriefe|sblgnt,dia,char3:600,minmax,500,none,hauptbriefe,sblgnt,300,1Cor,core_loo,0.65,0.6040391385097714,0.9774701071949743,0.5670727690371795,0.6018811295162163,True,True,0.01284938531964852,IgnFil
impostores,24,dia|char3:600|minmax|w500|mnone|hauptbriefe|sblgnt,dia,char3:600,minmax,500,none,hauptbriefe,sblgnt,300,2Cor,core_loo,0.6266666666666667,0.5687668829174048,0.9100657524048343,0.5173002302640104,0.5528995919564533,True,True,0.011356499535713716,1Pe
impostores,24,dia|char3:600|minmax|w500|mnone|hauptbriefe|sblgnt,dia,char3:600,minmax,500,none,hauptbriefe,sblgnt,300,Gal,core_loo,0.8066666666666666,0.8397537011791313,1.2951967248419782,0.8393767830256452,0.8663762164397124,True,True,0.02522831743123638,3Cor
impostores,24,dia|char3:600|minmax|w500|mnone|hauptbriefe|sblgnt,dia,char3:600,minmax,500,none,hauptbriefe,sblgnt,300,Ef,target,0.6066666666666667,0.5376964474689078,0.8463146618801222,0.4728452839043582,0.508897694449117,True,True,0.010920301365232032,IgnLong#6
impostores,24,dia|char3:600|minmax|w500|mnone|hauptbriefe|sblgnt,dia,char3:600,minmax,500,none,hauptbriefe,sblgnt,300,Col,target,0.53,0.4038729201824297,0.5474061860175127,0.2885578200205622,0.3237693390935172,True,True,0.0026947693439726694,Bas_Ep#139
impostores,24,dia|char3:600|minmax|w500|mnone|hauptbriefe|sblgnt,dia,char3:600,minmax,500,none,hauptbriefe,sblgnt,300,2Tes,target,0.54,0.42316580504269935,0.5911592798014524,0.3137020483722965,0.34928672611164624,True,True,0.0029110472721211034,3Cor
impostores,24,dia|char3:600|minmax|w500|mnone|hauptbriefe|sblgnt,dia,char3:600,minmax,500,none,hauptbriefe,sblgnt,300,1Tim,target,0.15,-0.6406442484127498,-1.3071542190081766,-0.6069497806667612,-0.6182385420382069,True,True,-0.02520633782580256,Bas_Ep#139
impostores,24,dia|char3:600|minmax|w500|mnone|hauptbriefe|sblgnt,dia,char3:600,minmax,500,none,hauptbriefe,sblgnt,300,2Tim,target,0.2833333333333333,-0.28303533615411014,-0.7115079970526583,-0.3477048711447366,-0.3418790096241259,True,True,-0.015535683586025584,2Pe
impostores,24,dia|char3:600|minmax|w500|mnone|hauptbriefe|sblgnt,dia,char3:600,minmax,500,none,hauptbriefe,sblgnt,300,Tit,target,0.12,-0.6973890686399973,-1.4135212006391433,-0.6474539140142787,-0.661400964513714,True,True,-0.03881524394856667,Jud
impostores,24,dia|char3:600|minmax|w500|mnone|hauptbriefe|sblgnt,dia,char3:600,minmax,500,none,hauptbriefe,sblgnt,300,Heb,target,0.18333333333333332,-0.5655493943866923,-1.174289062405967,-0.5532722905004626,-0.561010421337348,True,True,-0.03131332134262965,Bas_Ep#6
impostores,25,dia|char3:600|minmax|w500|mnone|seven_plus|sblgnt,dia,char3:600,minmax,500,none,seven_plus,sblgnt,300,Rom,core_loo,0.8933333333333333,0.9099371610485258,1.25207158101644,0.8098896360403873,0.844405259618578,True,True,0.03987098619080859,3Cor
impostores,25,dia|char3:600|minmax|w500|mnone|seven_plus|sblgnt,dia,char3:600,minmax,500,none,seven_plus,sblgnt,300,1Cor,core_loo,0.8133333333333334,0.7941574517078231,1.1503002924516337,0.7067696805421095,0.7450900923795123,True,True,0.020360735609401215,IgnFil
impostores,25,dia|char3:600|minmax|w500|mnone|seven_plus|sblgnt,dia,char3:600,minmax,500,none,seven_plus,sblgnt,300,2Cor,core_loo,0.9266666666666666,0.9458564480425057,1.281111553857519,0.8386291131269532,0.8719363353758219,True,True,0.03978851566107561,IgnEf
impostores,25,dia|char3:600|minmax|w500|mnone|seven_plus|sblgnt,dia,char3:600,minmax,500,none,seven_plus,sblgnt,300,Gal,core_loo,0.97,0.9749462850965249,1.303852231347704,0.8608228963079199,0.893157109167562,True,True,0.04065296959243364,Bas_Ep#139
impostores,25,dia|char3:600|minmax|w500|mnone|seven_plus|sblgnt,dia,char3:600,minmax,500,none,seven_plus,sblgnt,300,Flp,core_loo,0.9833333333333333,0.9791619027546624,1.3070958298934559,0.8639615418892774,0.8961551286698514,True,True,0.04755901804372503,Just_Dial#39
impostores,25,dia|char3:600|minmax|w500|mnone|seven_plus|sblgnt,dia,char3:600,minmax,500,none,seven_plus,sblgnt,300,1Tes,core_loo,0.8166666666666667,0.7994775323873552,1.1552829259440782,0.7118664366776846,0.7500200988022657,True,True,0.028317873479121736,PolFil
impostores,25,dia|char3:600|minmax|w500|mnone|seven_plus|sblgnt,dia,char3:600,minmax,500,none,seven_plus,sblgnt,300,Flm,core_loo,0.9866666666666667,0.9798435845903603,1.3076198649790582,0.8644674489217598,0.8966382378578621,True,True,0.059808028415612224,IgnFil
impostores,25,dia|char3:600|minmax|w500|mnone|seven_plus|sblgnt,dia,char3:600,minmax,500,none,seven_plus,sblgnt,300,Col,core_loo,0.95,0.9643064214827232,1.29561175415861,0.8528154283658635,0.8855047057203749,True,True,0.052234047074037504,Just_Dial#39
impostores,25,dia|char3:600|minmax|w500|mnone|seven_plus|sblgnt,dia,char3:600,minmax,500,none,seven_plus,sblgnt,300,2Tes,core_loo,0.91,0.9291570169333084,1.2677464355195678,0.8254537943791547,0.8593223356576415,True,True,0.036581003751086194,IgnFil
impostores,25,dia|char3:600|minmax|w500|mnone|seven_plus|sblgnt,dia,char3:600,minmax,500,none,seven_plus,sblgnt,300,Ef,target,0.97,0.9749462850965249,1.303852231347704,0.8608228963079199,0.893157109167562,True,True,0.048626565656383125,IgnLong#11
impostores,25,dia|char3:600|minmax|w500|mnone|seven_plus|sblgnt,dia,char3:600,minmax,500,none,seven_plus,sblgnt,300,1Tim,target,0.5066666666666667,0.27151191896406657,0.3583856646125399,0.11322371678507352,0.1498960710337648,True,True,0.0007696562543916263,2Pe
impostores,25,dia|char3:600|minmax|w500|mnone|seven_plus|sblgnt,dia,char3:600,minmax,500,none,seven_plus,sblgnt,300,2Tim,target,0.64,0.5070802752279162,0.8090013437218846,0.3869619338038978,0.4301870438274843,True,True,0.008677773703142988,1Pe
impostores,25,dia|char3:600|minmax|w500|mnone|seven_plus|sblgnt,dia,char3:600,minmax,500,none,seven_plus,sblgnt,300,Tit,target,0.29,-0.2730622153243257,-0.7225813611406149,-0.3310616692048509,-0.32726590815505713,True,True,-0.014756646307878873,Jud
impostores,25,dia|char3:600|minmax|w500|mnone|seven_plus|sblgnt,dia,char3:600,minmax,500,none,seven_plus,sblgnt,300,Heb,target,0.23666666666666666,-0.42229877758892387,-0.9888086536178919,-0.4313488637524746,-0.4368777251493382,True,True,-0.01923374781303433,2Pe
impostores,26,dia|char3:600|minmax|w500|mnone|trece|sblgnt,dia,char3:600,minmax,500,none,trece,sblgnt,300,Rom,core_loo,0.9466666666666667,0.9299503792500087,1.1627716734216706,0.7702929978975755,0.8135286912597604,True,True,0.04005879451032318,IgnMagn
impostores,26,dia|char3:600|minmax|w500|mnone|trece|sblgnt,dia,char3:600,minmax,500,none,trece,sblgnt,300,1Cor,core_loo,0.85,0.8192726723920729,1.0915825948927684,0.6865050028999273,0.7311416352341074,True,True,0.025600082995716922,1Pe
impostores,26,dia|char3:600|minmax|w500|mnone|trece|sblgnt,dia,char3:600,minmax,500,none,trece,sblgnt,300,2Cor,core_loo,0.9666666666666667,0.941347017053454,1.169502613160383,0.7781150156467876,0.8212210188671523,True,True,0.045671801641834875,1Pe
impostores,26,dia|char3:600|minmax|w500|mnone|trece|sblgnt,dia,char3:600,minmax,500,none,trece,sblgnt,300,Gal,core_loo,0.98,0.9461172958148638,1.172290944980312,0.7813468018683791,0.8243993988803479,True,True,0.04309884176617862,Bas_Ep#6
impostores,26,dia|char3:600|minmax|w500|mnone|trece|sblgnt,dia,char3:600,minmax,500,none,trece,sblgnt,300,Ef,core_loo,0.95,0.932189600124354,1.1641022331884794,0.771841236270509,0.8150511957613578,True,True,0.046412984750048125,1Pe
impostores,26,dia|char3:600|minmax|w500|mnone|trece|sblgnt,dia,char3:600,minmax,500,none,trece,sblgnt,300,Flp,core_loo,0.9866666666666667,0.9476196321845723,1.1731663320283554,0.7823596487164881,0.8253954747588333,True,True,0.05379440766538923,Just_Dial#39
impostores,26,dia|char3:600|minmax|w500|mnone|trece|sblgnt,dia,char3:600,minmax,500,none,trece,sblgnt,300,Col,core_loo,0.9433333333333334,0.9275802832659951,1.161358975119686,0.76864817480893,0.8119112419083231,True,True,0.05276503420228035,IgnMagn
impostores,26,dia|char3:600|minmax|w500|mnone|trece|sblgnt,dia,char3:600,minmax,500,none,trece,sblgnt,300,1Tes,core_loo,0.85,0.8192726723920729,1.0915825948927684,0.6865050028999273,0.7311416352341074,True,True,0.028322890627855535,Just_Dial#11-12
impostores,26,dia|char3:600|minmax|w500|mnone|trece|sblgnt,dia,char3:600,minmax,500,none,trece,sblgnt,300,2Tes,core_loo,0.9566666666666667,0.9362664388194537,1.16651451287535,0.7746457293386547,0.8178091558850517,True,True,0.04750384236342409,Just_Dial#39
impostores,26,dia|char3:600|minmax|w500|mnone|trece|sblgnt,dia,char3:600,minmax,500,none,trece,sblgnt,300,1Tim,core_loo,1.0,0.9488255071548153,1.1738710225276119,0.7831715807178258,0.8261937217505801,True,True,0.05104041585815894,2Pe
impostores,26,dia|char3:600|minmax|w500|mnone|trece|sblgnt,dia,char3:600,minmax,500,none,trece,sblgnt,300,2Tim,core_loo,0.97,0.9427573213653233,1.1703286180927694,0.7790730312593941,0.8221632002269034,True,True,0.045631176317460054,Bas_Ep#203
impostores,26,dia|char3:600|minmax|w500|mnone|trece|sblgnt,dia,char3:600,minmax,500,none,trece,sblgnt,300,Tit,core_loo,0.9866666666666667,0.9476196321845723,1.1731663320283554,0.7823596487164881,0.8253954747588333,True,True,0.06429930483673463,2Pe
impostores,26,dia|char3:600|minmax|w500|mnone|trece|sblgnt,dia,char3:600,minmax,500,none,trece,sblgnt,300,Flm,core_loo,0.9833333333333333,0.9469428903213041,1.1727720926922238,0.7819036786948619,0.8249470625833915,True,True,0.05815703003515332,IgnFil
impostores,26,dia|char3:600|minmax|w500|mnone|trece|sblgnt,dia,char3:600,minmax,500,none,trece,sblgnt,300,Heb,target,0.4533333333333333,0.13396259682782874,0.09074096188357857,-0.03106882797408143,-0.00039818574268911204,True,True,-0.0031958967305490416,PsThem#16
impostores,27,dia|char3:600|minmax|w500|mformulae+preformed+otq+reuse|hauptbriefe|sblgnt,dia,char3:600,minmax,500,formulae+preformed+otq+reuse,hauptbriefe,sblgnt,300,Rom,core_loo,0.83,0.8734551603566632,1.32716498518816,0.868210413602763,0.8948108841785058,True,True,0.03399454657713391,1Pe
impostores,27,dia|char3:600|minmax|w500|mformulae+preformed+otq+reuse|hauptbriefe|sblgnt,dia,char3:600,minmax,500,formulae+preformed+otq+reuse,hauptbriefe,sblgnt,300,1Cor,core_loo,0.67,0.6286700918650979,1.0302293927835644,0.6010971595781083,0.6350815542433699,True,True,0.012158302448591285,Just_Dial#19-20
impostores,27,dia|char3:600|minmax|w500|mformulae+preformed+otq+reuse|hauptbriefe|sblgnt,dia,char3:600,minmax,500,formulae+preformed+otq+reuse,hauptbriefe,sblgnt,300,2Cor,core_loo,0.6433333333333333,0.5886708773468217,0.9594732376011922,0.546809604870912,0.5817524794033118,True,True,0.017420721161139796,1Pe
impostores,27,dia|char3:600|minmax|w500|mformulae+preformed+otq+reuse|hauptbriefe|sblgnt,dia,char3:600,minmax,500,formulae+preformed+otq+reuse,hauptbriefe,sblgnt,300,Gal,core_loo,0.81,0.8430145466432131,1.2986714624818128,0.8410206404023595,0.868460822533752,True,True,0.02686635086857969,Bas_Ep#139
impostores,27,dia|char3:600|minmax|w500|mformulae+preformed+otq+reuse|hauptbriefe|sblgnt,dia,char3:600,minmax,500,formulae+preformed+otq+reuse,hauptbriefe,sblgnt,300,Ef,target,0.58,0.48963735306246003,0.7523307451734943,0.40727796194374843,0.44324399528039615,True,True,0.005467466566684953,IgnLong#6
impostores,27,dia|char3:600|minmax|w500|mformulae+preformed+otq+reuse|hauptbriefe|sblgnt,dia,char3:600,minmax,500,formulae+preformed+otq+reuse,hauptbriefe,sblgnt,300,Col,target,0.4533333333333333,0.23044992814491105,0.17171819285622403,0.08974257888614377,0.11927689630742011,True,True,-0.0038971196952140574,PolFil
impostores,27,dia|char3:600|minmax|w500|mformulae+preformed+otq+reuse|hauptbriefe|sblgnt,dia,char3:600,minmax,500,formulae+preformed+otq+reuse,hauptbriefe,sblgnt,300,2Tes,target,0.6266666666666667,0.5634052569213933,0.9106071062559158,0.5115330392934772,0.5469417634472308,True,True,0.009583245265897877,IgnFil
impostores,27,dia|char3:600|minmax|w500|mformulae+preformed+otq+reuse|hauptbriefe|sblgnt,dia,char3:600,minmax,500,formulae+preformed+otq+reuse,hauptbriefe,sblgnt,300,1Tim,target,0.17,-0.5981937995758948,-1.2515893113079102,-0.5773070757357966,-0.5865335384252492,True,True,-0.022510764377795534,2Pe
impostores,27,dia|char3:600|minmax|w500|mformulae+preformed+otq+reuse|hauptbriefe|sblgnt,dia,char3:600,minmax,500,formulae+preformed+otq+reuse,hauptbriefe,sblgnt,300,2Tim,target,0.22,-0.4707051179015085,-1.033126442647263,-0.4854035101546248,-0.4885886215584474,True,True,-0.02219801298535201,2Pe
impostores,27,dia|char3:600|minmax|w500|mformulae+preformed+otq+reuse|hauptbriefe|sblgnt,dia,char3:600,minmax,500,formulae+preformed+otq+reuse,hauptbriefe,sblgnt,300,Tit,target,0.04,-0.7932124111421514,-1.6410808609399514,-0.7173344412985128,-0.7355786563402245,True,True,-0.048224131898331524,2Pe
impostores,27,dia|char3:600|minmax|w500|mformulae+preformed+otq+reuse|hauptbriefe|sblgnt,dia,char3:600,minmax,500,formulae+preformed+otq+reuse,hauptbriefe,sblgnt,300,Heb,target,0.09,-0.7449318522488206,-1.53226980875979,-0.6826256262339422,-0.6986686173428762,True,True,-0.037251379627220915,Jos_AJ#13
impostores,28,dia|char3:600|minmax|w500|mformulae+preformed+otq+reuse|seven_plus|sblgnt,dia,char3:600,minmax,500,formulae+preformed+otq+reuse,seven_plus,sblgnt,300,Rom,core_loo,0.9533333333333334,0.9540075546254249,1.2428805219273023,0.8002577965155471,0.8444517411509354,True,True,0.045189353275111754,1Pe
impostores,28,dia|char3:600|minmax|w500|mformulae+preformed+otq+reuse|seven_plus|sblgnt,dia,char3:600,minmax,500,formulae+preformed+otq+reuse,seven_plus,sblgnt,300,1Cor,core_loo,0.8633333333333333,0.855075755532119,1.171472612249646,0.7268833150592644,0.7706144697408455,True,True,0.02707787822970853,1Pe
impostores,28,dia|char3:600|minmax|w500|mformulae+preformed+otq+reuse|seven_plus|sblgnt,dia,char3:600,minmax,500,formulae+preformed+otq+reuse,seven_plus,sblgnt,300,2Cor,core_loo,0.95,0.9518203885719907,1.2413891232621301,0.7987479683842149,0.8429273119736296,True,True,0.04325120004069738,3Cor
impostores,28,dia|char3:600|minmax|w500|mformulae+preformed+otq+reuse|seven_plus|sblgnt,dia,char3:600,minmax,500,formulae+preformed+otq+reuse,seven_plus,sblgnt,300,Gal,core_loo,0.96,0.9579595365991811,1.2455661332309877,0.8029734883080542,0.8471942890166169,True,True,0.04528402006362586,3Cor
impostores,28,dia|char3:600|minmax|w500|mformulae+preformed+otq+reuse|seven_plus|sblgnt,dia,char3:600,minmax,500,formulae+preformed+otq+reuse,seven_plus,sblgnt,300,Flp,core_loo,0.9833333333333333,0.967152863394094,1.25177095098966,0.8092301243216149,0.8535154971670693,True,True,0.055203913091118495,IgnFil
impostores,28,dia|char3:600|minmax|w500|mformulae+preformed+otq+reuse|seven_plus|sblgnt,dia,char3:600,minmax,500,formulae+preformed+otq+reuse,seven_plus,sblgnt,300,1Tes,core_loo,0.8066666666666666,0.766605973932648,1.099744585654246,0.6520149631863579,0.6956504868908069,True,True,0.02460772252340815,Just_Dial#11-12
impostores,28,dia|char3:600|minmax|w500|mformulae+preformed+otq+reuse|seven_plus|sblgnt,dia,char3:600,minmax,500,formulae+preformed+otq+reuse,seven_plus,sblgnt,300,Flm,core_loo,0.96,0.9579595365991811,1.2455661332309877,0.8029734883080542,0.8471942890166169,True,True,0.04979620849911587,Bas_Ep#240
impostores,28,dia|char3:600|minmax|w500|mformulae+preformed+otq+reuse|seven_plus|sblgnt,dia,char3:600,minmax,500,formulae+preformed+otq+reuse,seven_plus,sblgnt,300,Col,core_loo,0.9666666666666667,0.9613342404350873,1.2478503139722057,0.8052799313651655,0.8495241296057794,True,True,0.042954685483811816,Bas_Ep#139
impostores,28,dia|char3:600|minmax|w500|mformulae+preformed+otq+reuse|seven_plus|sblgnt,dia,char3:600,minmax,500,formulae+preformed+otq+reuse,seven_plus,sblgnt,300,2Tes,core_loo,0.8266666666666667,0.798964492917978,1.126963905825002,0.6804476058479907,0.7240884985912137,True,True,0.019768614806887408,IgnTral
impostores,28,dia|char3:600|minmax|w500|mformulae+preformed+otq+reuse|seven_plus|sblgnt,dia,char3:600,minmax,500,formulae+preformed+otq+reuse,seven_plus,sblgnt,300,Ef,target,0.9166666666666666,0.9228135347807804,1.2212534765628642,0.778254193894603,0.8222583554557311,True,True,0.03897731348378225,Bas_Ep#222
impostores,28,dia|char3:600|minmax|w500|mformulae+preformed+otq+reuse|seven_plus|sblgnt,dia,char3:600,minmax,500,formulae+preformed+otq+reuse,seven_plus,sblgnt,300,1Tim,target,0.4866666666666667,0.23051997949038167,0.27079635927887913,0.07134628982139378,0.1054926640841812,True,True,-0.0006211360329931304,Bas_Ep#139
impostores,28,dia|char3:600|minmax|w500|mformulae+preformed+otq+reuse|seven_plus|sblgnt,dia,char3:600,minmax,500,formulae+preformed+otq+reuse,seven_plus,sblgnt,300,2Tim,target,0.71,0.6062304930745447,0.9415626832822834,0.49305157983926,0.5367847295218715,True,True,0.014004861728260654,2Pe
impostores,28,dia|char3:600|minmax|w500|mformulae+preformed+otq+reuse|seven_plus|sblgnt,dia,char3:600,minmax,500,formulae+preformed+otq+reuse,seven_plus,sblgnt,300,Tit,target,0.22333333333333333,-0.45862320123317946,-1.0511705505407012,-0.45006006990564973,-0.45930090853197036,True,True,-0.014963382731880026,IgnPol
impostores,28,dia|char3:600|minmax|w500|mformulae+preformed+otq+reuse|seven_plus|sblgnt,dia,char3:600,minmax,500,formulae+preformed+otq+reuse,seven_plus,sblgnt,300,Heb,target,0.24333333333333335,-0.40460031606344815,-0.954804417183278,-0.41419114779358435,-0.42006038685730995,True,True,-0.02011763569674785,Bas_Ep#265
impostores,29,dia|char3:600|minmax|w500|mformulae+preformed+otq+reuse|trece|sblgnt,dia,char3:600,minmax,500,formulae+preformed+otq+reuse,trece,sblgnt,300,Rom,core_loo,0.97,0.926398361661725,1.1475373903870296,0.7557855738629391,0.801865477461582,True,True,0.04561729774690121,1Pe
impostores,29,dia|char3:600|minmax|w500|mformulae+preformed+otq+reuse|trece|sblgnt,dia,char3:600,minmax,500,formulae+preformed+otq+reuse,trece,sblgnt,300,1Cor,core_loo,0.9033333333333333,0.8762290932305278,1.1180901452825538,0.72015942499595,0.766447893668161,True,True,0.028345669910653626,1Pe
impostores,29,dia|char3:600|minmax|w500|mformulae+preformed+otq+reuse|trece|sblgnt,dia,char3:600,minmax,500,formulae+preformed+otq+reuse,trece,sblgnt,300,2Cor,core_loo,0.97,0.926398361661725,1.1475373903870296,0.7557855738629391,0.801865477461582,True,True,0.045275303099203634,1Pe
impostores,29,dia|char3:600|minmax|w500|mformulae+preformed+otq+reuse|trece|sblgnt,dia,char3:600,minmax,500,formulae+preformed+otq+reuse,trece,sblgnt,300,Gal,core_loo,0.9833333333333333,0.9303581779110843,1.149767199416337,0.7584743117799527,0.8045426464413499,True,True,0.04470005995551085,3Cor
impostores,29,dia|char3:600|minmax|w500|mformulae+preformed+otq+reuse|trece|sblgnt,dia,char3:600,minmax,500,formulae+preformed+otq+reuse,trece,sblgnt,300,Ef,core_loo,0.9133333333333333,0.8865952846983776,1.124366156651032,0.7277625807307122,0.7739983329820382,True,True,0.046578555748367556,1Pe
impostores,29,dia|char3:600|minmax|w500|mformulae+preformed+otq+reuse|trece|sblgnt,dia,char3:600,minmax,500,formulae+preformed+otq+reuse,trece,sblgnt,300,Flp,core_loo,0.9966666666666667,0.9320673562417136,1.15072844856833,0.7596300442919519,0.8056933922192434,True,True,0.05999837241490369,IgnFil
impostores,29,dia|char3:600|minmax|w500|mformulae+preformed+otq+reuse|trece|sblgnt,dia,char3:600,minmax,500,formulae+preformed+otq+reuse,trece,sblgnt,300,Col,core_loo,0.9566666666666667,0.9202543472080996,1.1440529643964226,0.75157907554971,0.7976782156575266,True,True,0.04614116664427781,IgnFil
impostores,29,dia|char3:600|minmax|w500|mformulae+preformed+otq+reuse|trece|sblgnt,dia,char3:600,minmax,500,formulae+preformed+otq+reuse,trece,sblgnt,300,1Tes,core_loo,0.8433333333333334,0.7993462593340326,1.068103757321444,0.6596691733411701,0.7064913169086264,True,True,0.030563804099618175,IgnMagn
impostores,29,dia|char3:600|minmax|w500|mformulae+preformed+otq+reuse|trece|sblgnt,dia,char3:600,minmax,500,formulae+preformed+otq+reuse,trece,sblgnt,300,2Tes,core_loo,0.9233333333333333,0.8960643140161492,1.1300097612723694,0.7345963368836304,0.7807882836039536,True,True,0.03825181715335896,PolFil
impostores,29,dia|char3:600|minmax|w500|mformulae+preformed+otq+reuse|trece|sblgnt,dia,char3:600,minmax,500,formulae+preformed+otq+reuse,trece,sblgnt,300,1Tim,core_loo,0.9933333333333333,0.9318533128576436,1.1506075243757359,0.7594853392148546,0.8055493545887161,True,True,0.05063386653927926,Bas_Ep#139
impostores,29,dia|char3:600|minmax|w500|mformulae+preformed+otq+reuse|trece|sblgnt,dia,char3:600,minmax,500,formulae+preformed+otq+reuse,trece,sblgnt,300,2Tim,core_loo,0.9466666666666667,0.9142720708616393,1.140628954486632,0.7474420565824715,0.7935615901285498,True,True,0.03849018643643182,Jud
impostores,29,dia|char3:600|minmax|w500|mformulae+preformed+otq+reuse|trece|sblgnt,dia,char3:600,minmax,500,formulae+preformed+otq+reuse,trece,sblgnt,300,Tit,core_loo,0.9966666666666667,0.9320673562417136,1.15072844856833,0.7596300442919519,0.8056933922192434,True,True,0.06595647482070927,IgnLong#8
impostores,29,dia|char3:600|minmax|w500|mformulae+preformed+otq+reuse|trece|sblgnt,dia,char3:600,minmax,500,formulae+preformed+otq+reuse,trece,sblgnt,300,Flm,core_loo,0.9733333333333334,0.9275962895916043,1.1482131419602968,0.7566007898328947,0.8026771340850809,True,True,0.054631037831299634,Bas_Ep#231
impostores,29,dia|char3:600|minmax|w500|mformulae+preformed+otq+reuse|trece|sblgnt,dia,char3:600,minmax,500,formulae+preformed+otq+reuse,trece,sblgnt,300,Heb,target,0.36666666666666664,-0.07029721845652534,-0.3426169666267267,-0.18879530530582328,-0.1722577990001757,True,True,-0.00789593614752443,Bas_Ep#5
impostores,30,dia|char3:600|delta|w500|mnone|hauptbriefe|sblgnt,dia,char3:600,delta,500,none,hauptbriefe,sblgnt,300,Rom,core_loo,0.76,0.7325509991634134,1.18043820541546,0.7283375343398384,0.7549068638563796,True,True,0.05685692642861795,1Pe
impostores,30,dia|char3:600|delta|w500|mnone|hauptbriefe|sblgnt,dia,char3:600,delta,500,none,hauptbriefe,sblgnt,300,1Cor,core_loo,0.58,0.4920328214471386,0.7736675175438023,0.39405680462923764,0.427126327686835,True,True,0.016920522304084806,Bas_Ep#6
impostores,30,dia|char3:600|delta|w500|mnone|hauptbriefe|sblgnt,dia,char3:600,delta,500,none,hauptbriefe,sblgnt,300,2Cor,core_loo,0.5766666666666667,0.48690890599856856,0.7614240132888836,0.3867848540738055,0.41990029120309985,True,True,0.013230901938370176,IgnFil
impostores,30,dia|char3:600|delta|w500|mnone|hauptbriefe|sblgnt,dia,char3:600,delta,500,none,hauptbriefe,sblgnt,300,Gal,core_loo,0.82,0.8109619847234459,1.2483989534735969,0.8110034862966877,0.8358364364095137,True,True,0.06245523536344433,IgnFil
impostores,30,dia|char3:600|delta|w500|mnone|hauptbriefe|sblgnt,dia,char3:600,delta,500,none,hauptbriefe,sblgnt,300,Ef,target,0.7,0.6547148385101066,1.0892970891524023,0.6301940454576886,0.6591065407123395,True,True,0.03791691144977499,1Pe
impostores,30,dia|char3:600|delta|w500|mnone|hauptbriefe|sblgnt,dia,char3:600,delta,500,none,hauptbriefe,sblgnt,300,Col,target,0.63,0.5634399933788532,0.9332310301955997,0.4986218767303784,0.530375022541916,True,True,0.024666432640894242,PolFil
impostores,30,dia|char3:600|delta|w500|mnone|hauptbriefe|sblgnt,dia,char3:600,delta,500,none,hauptbriefe,sblgnt,300,2Tes,target,0.59,0.5070832621924832,0.8091892896483598,0.4156516295929736,0.4485466739011836,True,True,0.020742036244938755,IgnFil
impostores,30,dia|char3:600|delta|w500|mnone|hauptbriefe|sblgnt,dia,char3:600,delta,500,none,hauptbriefe,sblgnt,300,1Tim,target,0.18333333333333332,-0.5366299421624416,-1.1606625897262932,-0.5224050279726422,-0.5300162787293745,True,True,-0.053533972254911466,PsClem_Virg#1
impostores,30,dia|char3:600|delta|w500|mnone|hauptbriefe|sblgnt,dia,char3:600,delta,500,none,hauptbriefe,sblgnt,300,2Tim,target,0.24,-0.38628443083121666,-0.9105716658775261,-0.4140417460576413,-0.41425129767027025,True,True,-0.045852026179684535,2Pe
impostores,30,dia|char3:600|delta|w500|mnone|hauptbriefe|sblgnt,dia,char3:600,delta,500,none,hauptbriefe,sblgnt,300,Tit,target,0.1,-0.6999627413200954,-1.4570515699829871,-0.6397614327813796,-0.6552200201848247,True,True,-0.0914406605209126,Jud
impostores,30,dia|char3:600|delta|w500|mnone|hauptbriefe|sblgnt,dia,char3:600,delta,500,none,hauptbriefe,sblgnt,300,Heb,target,0.15,-0.6114864930412313,-1.2915572605758818,-0.5761478461944982,-0.5873878850158027,True,True,-0.07485424989147693,Just_Dial#28-29
impostores,31,dia|char3:600|delta|w500|mnone|seven_plus|sblgnt,dia,char3:600,delta,500,none,seven_plus,sblgnt,300,Rom,core_loo,0.9566666666666667,0.9000417262445684,1.1778432669417591,0.7858982291022085,0.8278600785693788,True,True,0.10149549770983268,1Pe
impostores,31,dia|char3:600|delta|w500|mnone|seven_plus|sblgnt,dia,char3:600,delta,500,none,seven_plus,sblgnt,300,1Cor,core_loo,0.9133333333333333,0.8678781588751568,1.1565013047165824,0.7591789206002136,0.8014572750468397,True,True,0.06840658188224769,1Pe
impostores,31,dia|char3:600|delta|w500|mnone|seven_plus|sblgnt,dia,char3:600,delta,500,none,seven_plus,sblgnt,300,2Cor,core_loo,0.9866666666666667,0.9103046467022883,1.184415271186918,0.7940922585763326,0.8359616416502449,True,True,0.10819820423672233,1Pe
impostores,31,dia|char3:600|delta|w500|mnone|seven_plus|sblgnt,dia,char3:600,delta,500,none,seven_plus,sblgnt,300,Gal,core_loo,0.9766666666666667,0.9080676401827308,1.182991247524623,0.7923194770531317,0.8342087027839196,True,True,0.11893969686730405,Bas_Ep#240
impostores,31,dia|char3:600|delta|w500|mnone|seven_plus|sblgnt,dia,char3:600,delta,500,none,seven_plus,sblgnt,300,Flp,core_loo,0.9833333333333333,0.9096932551590633,1.1840263799114936,0.7936084403046131,0.8354832370763475,True,True,0.11064560018264302,IgnFil
impostores,31,dia|char3:600|delta|w500|mnone|seven_plus|sblgnt,dia,char3:600,delta,500,none,seven_plus,sblgnt,300,1Tes,core_loo,0.8766666666666667,0.8278730823174518,1.1282448040502437,0.7236912974756966,0.7664151986740412,True,True,0.07146035996524464,1Pe
impostores,31,dia|char3:600|delta|w500|mnone|seven_plus|sblgnt,dia,char3:600,delta,500,none,seven_plus,sblgnt,300,Flm,core_loo,0.9966666666666667,0.9113257992720938,1.1850656651591447,0.7948994708518197,0.8367597599773138,True,True,0.14741754741833002,IgnFil
impostores,31,dia|char3:600|delta|w500|mnone|seven_plus|sblgnt,dia,char3:600,delta,500,none,seven_plus,sblgnt,300,Col,core_loo,0.9766666666666667,0.9080676401827308,1.182991247524623,0.7923194770531317,0.8342087027839196,True,True,0.1071724720490757,IgnEf
impostores,31,dia|char3:600|delta|w500|mnone|seven_plus|sblgnt,dia,char3:600,delta,500,none,seven_plus,sblgnt,300,2Tes,core_loo,0.9333333333333333,0.8850509933261129,1.1680418236300931,0.7736430924353163,0.815747436738445,True,True,0.08588967398892555,IgnFil
impostores,31,dia|char3:600|delta|w500|mnone|seven_plus|sblgnt,dia,char3:600,delta,500,none,seven_plus,sblgnt,300,Ef,target,0.97,0.9059108552000086,1.1816142822462863,0.7906033776870477,0.8325118779486612,True,True,0.11584160142460675,IgnFil
impostores,31,dia|char3:600|delta|w500|mnone|seven_plus|sblgnt,dia,char3:600,delta,500,none,seven_plus,sblgnt,300,1Tim,target,0.6833333333333333,0.5381344042639518,0.844148754001178,0.39943674932765294,0.4449294133328241,True,True,0.025551303582614593,IgnFil
impostores,31,dia|char3:600|delta|w500|mnone|seven_plus|sblgnt,dia,char3:600,delta,500,none,seven_plus,sblgnt,300,2Tim,target,0.86,0.8068017152065455,1.1125392923908093,0.703978856321339,0.7469562774909602,True,True,0.06730649109697018,Just_Dial#6-8
impostores,31,dia|char3:600|delta|w500|mnone|seven_plus|sblgnt,dia,char3:600,delta,500,none,seven_plus,sblgnt,300,Tit,target,0.38333333333333336,-0.02115084891179675,-0.250651565706206,-0.15760424235414358,-0.13631296845127405,True,True,-0.013924500128657147,2Pe
impostores,31,dia|char3:600|delta|w500|mnone|seven_plus|sblgnt,dia,char3:600,delta,500,none,seven_plus,sblgnt,300,Heb,target,0.32666666666666666,-0.1619280945132694,-0.5333161139818537,-0.25046274373472527,-0.24009212274316277,True,True,-0.02506235248597466,Bas_Ep#139
impostores,32,dia|char3:600|delta|w500|mnone|trece|sblgnt,dia,char3:600,delta,500,none,trece,sblgnt,300,Rom,core_loo,0.9733333333333334,0.8879914913403201,1.09854079426997,0.7372838860396995,0.7879415070088163,True,True,0.11166278549052838,Just_Dial#28-29
impostores,32,dia|char3:600|delta|w500|mnone|trece|sblgnt,dia,char3:600,delta,500,none,trece,sblgnt,300,1Cor,core_loo,0.9466666666666667,0.8747938096175663,1.0905569174448668,0.726626690532121,0.7770950786627808,True,True,0.07759858312652707,IgnLong#11
impostores,32,dia|char3:600|delta|w500|mnone|trece|sblgnt,dia,char3:600,delta,500,none,trece,sblgnt,300,2Cor,core_loo,0.9766666666666667,0.8890407867337278,1.0991688179423333,0.7381219870737569,0.788794876324064,True,True,0.1137122685124563,1Pe
impostores,32,dia|char3:600|delta|w500|mnone|trece|sblgnt,dia,char3:600,delta,500,none,trece,sblgnt,300,Gal,core_loo,0.9833333333333333,0.8907252979490516,1.1001752084897833,0.7394646641221099,0.7901621232049096,True,True,0.12368958328346269,Just_Dial#11-12
impostores,32,dia|char3:600|delta|w500|mnone|trece|sblgnt,dia,char3:600,delta,500,none,trece,sblgnt,300,Ef,core_loo,0.96,0.8824404266257124,1.0952022455741817,0.7328276092778483,0.7834049890404262,True,True,0.11508435802393535,Bas_Ep#139
impostores,32,dia|char3:600|delta|w500|mnone|trece|sblgnt,dia,char3:600,delta,500,none,trece,sblgnt,300,Flp,core_loo,0.9866666666666667,0.8913587877800577,1.1005532040519836,0.7399687310843117,0.7906754443526948,True,True,0.12545812872242562,IgnFil
impostores,32,dia|char3:600|delta|w500|mnone|trece|sblgnt,dia,char3:600,delta,500,none,trece,sblgnt,300,Col,core_loo,0.9766666666666667,0.8890407867337278,1.0991688179423333,0.7381219870737569,0.788794876324064,True,True,0.12023046608909005,IgnFil
impostores,32,dia|char3:600|delta|w500|mnone|trece|sblgnt,dia,char3:600,delta,500,none,trece,sblgnt,300,1Tes,core_loo,0.9233333333333333,0.8567347882933622,1.0793648556285462,0.7116931540085083,0.7619113997066144,True,True,0.07735050516578357,3Cor
impostores,32,dia|char3:600|delta|w500|mnone|trece|sblgnt,dia,char3:600,delta,500,none,trece,sblgnt,300,2Tes,core_loo,0.9833333333333333,0.8907252979490516,1.1001752084897833,0.7394646641221099,0.7901621232049096,True,True,0.12090237676830373,Just_Dial#37-38
impostores,32,dia|char3:600|delta|w500|mnone|trece|sblgnt,dia,char3:600,delta,500,none,trece,sblgnt,300,1Tim,core_loo,0.9733333333333334,0.8879914913403201,1.09854079426997,0.7372838860396995,0.7879415070088163,True,True,0.10513361054938664,IgnFil
impostores,32,dia|char3:600|delta|w500|mnone|trece|sblgnt,dia,char3:600,delta,500,none,trece,sblgnt,300,2Tim,core_loo,0.9533333333333334,0.8788723630363453,1.0930414448184185,0.7299431565286425,0.7804694532161895,True,True,0.08619545357780034,Bas_Ep#226
impostores,32,dia|char3:600|delta|w500|mnone|trece|sblgnt,dia,char3:600,delta,500,none,trece,sblgnt,300,Tit,core_loo,0.9933333333333333,0.89220497086974,1.1010581008886502,0.7406413655550713,0.7913604358585271,True,True,0.12276990029597551,Bas_Ep#219
impostores,32,dia|char3:600|delta|w500|mnone|trece|sblgnt,dia,char3:600,delta,500,none,trece,sblgnt,300,Flm,core_loo,0.9966666666666667,0.8924167875366092,1.1011848191959084,0.7408096780145939,0.7915318269321352,True,True,0.15193312630531536,IgnFil
impostores,32,dia|char3:600|delta|w500|mnone|trece|sblgnt,dia,char3:600,delta,500,none,trece,sblgnt,300,Heb,target,0.48,0.16222289994390818,0.16514683884725873,-0.024572220631651442,0.010241233734640613,True,True,-0.002751430774306507,2Pe
impostores,33,dia|char3:600|delta|w500|mformulae+preformed+otq+reuse|hauptbriefe|sblgnt,dia,char3:600,delta,500,formulae+preformed+otq+reuse,hauptbriefe,sblgnt,300,Rom,core_loo,0.82,0.8166420298291689,1.2538385555648848,0.8184095133870375,0.8447990964115861,True,True,0.07468988588084463,1Pe
impostores,33,dia|char3:600|delta|w500|mformulae+preformed+otq+reuse|hauptbriefe|sblgnt,dia,char3:600,delta,500,formulae+preformed+otq+reuse,hauptbriefe,sblgnt,300,1Cor,core_loo,0.63,0.5627144992868415,0.93939229416085,0.4961169611177697,0.5286281024024493,True,True,0.022422433547583553,Just_Dial#19-20
impostores,33,dia|char3:600|delta|w500|mformulae+preformed+otq+reuse|hauptbriefe|sblgnt,dia,char3:600,delta,500,formulae+preformed+otq+reuse,hauptbriefe,sblgnt,300,2Cor,core_loo,0.62,0.5488454836719101,0.9108565357096845,0.47576694390416974,0.5085627207298977,True,True,0.016511432661985403,3Cor
impostores,33,dia|char3:600|delta|w500|mformulae+preformed+otq+reuse|hauptbriefe|sblgnt,dia,char3:600,delta,500,formulae+preformed+otq+reuse,hauptbriefe,sblgnt,300,Gal,core_loo,0.83,0.8295587172044752,1.2633029313748356,0.8310789951652243,0.8572441671065394,True,True,0.061713623004870266,IgnFil
impostores,33,dia|char3:600|delta|w500|mformulae+preformed+otq+reuse|hauptbriefe|sblgnt,dia,char3:600,delta,500,formulae+preformed+otq+reuse,hauptbriefe,sblgnt,300,Ef,target,0.5866666666666667,0.5006266474035733,0.8027310484180874,0.4058217917759911,0.4393201502607126,True,True,0.019074882861255638,IgnMagn
impostores,33,dia|char3:600|delta|w500|mformulae+preformed+otq+reuse|hauptbriefe|sblgnt,dia,char3:600,delta,500,formulae+preformed+otq+reuse,hauptbriefe,sblgnt,300,Col,target,0.5866666666666667,0.5006266474035733,0.8027310484180874,0.4058217917759911,0.4393201502607126,True,True,0.01427556721444495,1Pe
impostores,33,dia|char3:600|delta|w500|mformulae+preformed+otq+reuse|hauptbriefe|sblgnt,dia,char3:600,delta,500,formulae+preformed+otq+reuse,hauptbriefe,sblgnt,300,2Tes,target,0.6666666666666666,0.6122426686098086,1.0299780478098528,0.568180277817537,0.5994768645774403,True,True,0.022235109754778437,IgnFil
impostores,33,dia|char3:600|delta|w500|mformulae+preformed+otq+reuse|hauptbriefe|sblgnt,dia,char3:600,delta,500,formulae+preformed+otq+reuse,hauptbriefe,sblgnt,300,1Tim,target,0.16333333333333333,-0.5838995257611597,-1.2551807395083154,-0.5568638248813713,-0.5668645490110815,True,True,-0.06291865017890064,1Pe
impostores,33,dia|char3:600|delta|w500|mformulae+preformed+otq+reuse|hauptbriefe|sblgnt,dia,char3:600,delta,500,formulae+preformed+otq+reuse,hauptbriefe,sblgnt,300,2Tim,target,0.18666666666666668,-0.529138080281484,-1.159715688749078,-0.5173465113769071,-0.5247231483464776,True,True,-0.053414819487190845,Bas_Ep#5
impostores,33,dia|char3:600|delta|w500|mformulae+preformed+otq+reuse|hauptbriefe|sblgnt,dia,char3:600,delta,500,formulae+preformed+otq+reuse,hauptbriefe,sblgnt,300,Tit,target,0.07333333333333333,-0.7358814655651902,-1.5456032752656108,-0.6668170071076044,-0.6839193949084335,True,True,-0.10999451706926533,Bas_Ep#239
impostores,33,dia|char3:600|delta|w500|mformulae+preformed+otq+reuse|hauptbriefe|sblgnt,dia,char3:600,delta,500,formulae+preformed+otq+reuse,hauptbriefe,sblgnt,300,Heb,target,0.09333333333333334,-0.7111737403274889,-1.4943150094005444,-0.6488858299726802,-0.6648541394720567,True,True,-0.07938449316033458,Bas_Ep#164
impostores,34,dia|char3:600|delta|w500|mformulae+preformed+otq+reuse|seven_plus|sblgnt,dia,char3:600,delta,500,formulae+preformed+otq+reuse,seven_plus,sblgnt,300,Rom,core_loo,0.97,0.8943497834288637,1.1511152136729539,0.7639625215655733,0.8087143148774706,True,True,0.11479546526488582,IgnFil
impostores,34,dia|char3:600|delta|w500|mformulae+preformed+otq+reuse|seven_plus|sblgnt,dia,char3:600,delta,500,formulae+preformed+otq+reuse,seven_plus,sblgnt,300,1Cor,core_loo,0.9133333333333333,0.8569256176461065,1.126219800244017,0.7335268246848663,0.7782116171946145,True,True,0.07543845823772855,1Pe
impostores,34,dia|char3:600|delta|w500|mformulae+preformed+otq+reuse|seven_plus|sblgnt,dia,char3:600,delta,500,formulae+preformed+otq+reuse,seven_plus,sblgnt,300,2Cor,core_loo,0.9933333333333333,0.8994799034813754,1.1544146731488634,0.7679781769788807,0.8127439036895496,True,True,0.1157564294488912,Just_Dial#39
impostores,34,dia|char3:600|delta|w500|mformulae+preformed+otq+reuse|seven_plus|sblgnt,dia,char3:600,delta,500,formulae+preformed+otq+reuse,seven_plus,sblgnt,300,Gal,core_loo,0.9733333333333334,0.8954763471567402,1.151841521850728,0.76484743223393,0.8096022095996248,True,True,0.1313041641288289,3Cor
impostores,34,dia|char3:600|delta|w500|mformulae+preformed+otq+reuse|seven_plus|sblgnt,dia,char3:600,delta,500,formulae+preformed+otq+reuse,seven_plus,sblgnt,300,Flp,core_loo,0.9833333333333333,0.8980737643277632,1.1535117799094738,0.7668809617195206,0.8116428060093898,True,True,0.11293885993041658,IgnFil
impostores,34,dia|char3:600|delta|w500|mformulae+preformed+otq+reuse|seven_plus|sblgnt,dia,char3:600,delta,500,formulae+preformed+otq+reuse,seven_plus,sblgnt,300,1Tes,core_loo,0.9066666666666666,0.8505184137803103,1.1218010822942883,0.7281106063258947,0.7727901863899881,True,True,0.07017460064726466,1Pe
impostores,34,dia|char3:600|delta|w500|mformulae+preformed+otq+reuse|seven_plus|sblgnt,dia,char3:600,delta,500,formulae+preformed+otq+reuse,seven_plus,sblgnt,300,Flm,core_loo,0.9833333333333333,0.8980737643277632,1.1535117799094738,0.7668809617195206,0.8116428060093898,True,True,0.13456484200143526,Liban_Ep10#203
impostores,34,dia|char3:600|delta|w500|mformulae+preformed+otq+reuse|seven_plus|sblgnt,dia,char3:600,delta,500,formulae+preformed+otq+reuse,seven_plus,sblgnt,300,Col,core_loo,0.9766666666666667,0.8964732118084665,1.1524832196025623,0.7656289818932908,0.8103864426039342,True,True,0.09416731210573298,Bas_Ep#213
impostores,34,dia|char3:600|delta|w500|mformulae+preformed+otq+reuse|seven_plus|sblgnt,dia,char3:600,delta,500,formulae+preformed+otq+reuse,seven_plus,sblgnt,300,2Tes,core_loo,0.86,0.7969158699638725,1.082903948621841,0.6803939744036861,0.7250967833948625,True,True,0.0599212639878145,Just_Dial#37-38
impostores,34,dia|char3:600|delta|w500|mformulae+preformed+otq+reuse|seven_plus|sblgnt,dia,char3:600,delta,500,formulae+preformed+otq+reuse,seven_plus,sblgnt,300,Ef,target,0.9433333333333334,0.8808350768966582,1.1423004839700126,0.7532057374858776,0.7979260794601627,True,True,0.10194890365272441,Bas_Ep#161
impostores,34,dia|char3:600|delta|w500|mformulae+preformed+otq+reuse|seven_plus|sblgnt,dia,char3:600,delta,500,formulae+preformed+otq+reuse,seven_plus,sblgnt,300,1Tim,target,0.6466666666666666,0.4776265650098529,0.7466110932539359,0.3210970032992755,0.36582111573111686,True,True,0.01994038044845914,Bas_Ep#139
impostores,34,dia|char3:600|delta|w500|mformulae+preformed+otq+reuse|seven_plus|sblgnt,dia,char3:600,delta,500,formulae+preformed+otq+reuse,seven_plus,sblgnt,300,2Tim,target,0.85,0.7838447193511695,1.0728652569866044,0.6681013595698485,0.7128262551143213,True,True,0.050728301175569646,2Pe
impostores,34,dia|char3:600|delta|w500|mformulae+preformed+otq+reuse|seven_plus|sblgnt,dia,char3:600,delta,500,formulae+preformed+otq+reuse,seven_plus,sblgnt,300,Tit,target,0.38666666666666666,-0.010845252848500513,-0.22987483859560626,-0.14938641781115625,-0.12779179177655817,True,True,-0.011565472047169179,Jud
impostores,34,dia|char3:600|delta|w500|mformulae+preformed+otq+reuse|seven_plus|sblgnt,dia,char3:600,delta,500,formulae+preformed+otq+reuse,seven_plus,sblgnt,300,Heb,target,0.25,-0.3649820664159942,-0.9066322711449489,-0.3735747122288572,-0.3795985575684123,True,True,-0.036096366601714336,Bas_Ep#265
impostores,35,dia|char3:600|delta|w500|mformulae+preformed+otq+reuse|trece|sblgnt,dia,char3:600,delta,500,formulae+preformed+otq+reuse,trece,sblgnt,300,Rom,core_loo,0.9666666666666667,0.8688963490646215,1.0691129042729857,0.7029966506600662,0.7515924165197048,True,True,0.11340689390151448,1Pe
impostores,35,dia|char3:600|delta|w500|mformulae+preformed+otq+reuse|trece|sblgnt,dia,char3:600,delta,500,formulae+preformed+otq+reuse,trece,sblgnt,300,1Cor,core_loo,0.9666666666666667,0.8688963490646215,1.0691129042729857,0.7029966506600662,0.7515924165197048,True,True,0.07851264386498619,Sant
impostores,35,dia|char3:600|delta|w500|mformulae+preformed+otq+reuse|trece|sblgnt,dia,char3:600,delta,500,formulae+preformed+otq+reuse,trece,sblgnt,300,2Cor,core_loo,0.9866666666666667,0.8745746164200365,1.0723595017087002,0.7074543573863774,0.7560479691377935,True,True,0.12088747149424012,Bas_Ep#219
impostores,35,dia|char3:600|delta|w500|mformulae+preformed+otq+reuse|trece|sblgnt,dia,char3:600,delta,500,formulae+preformed+otq+reuse,trece,sblgnt,300,Gal,core_loo,0.9766666666666667,0.8723343046182496,1.0710817686488416,0.7057001781292395,0.7542945094701956,True,True,0.12747274378915868,3Cor
impostores,35,dia|char3:600|delta|w500|mformulae+preformed+otq+reuse|trece|sblgnt,dia,char3:600,delta,500,formulae+preformed+otq+reuse,trece,sblgnt,300,Ef,core_loo,0.9433333333333334,0.8564059564991072,1.0618668341492858,0.6930544560058534,0.7416590806071238,True,True,0.09313397289979747,IgnMagn
impostores,35,dia|char3:600|delta|w500|mformulae+preformed+otq+reuse|trece|sblgnt,dia,char3:600,delta,500,formulae+preformed+otq+reuse,trece,sblgnt,300,Flp,core_loo,0.9966666666666667,0.8755970635894585,1.0729423655656964,0.7082531375338259,0.7568464420309904,True,True,0.1203058872682472,IgnFil
impostores,35,dia|char3:600|delta|w500|mformulae+preformed+otq+reuse|trece|sblgnt,dia,char3:600,delta,500,formulae+preformed+otq+reuse,trece,sblgnt,300,Col,core_loo,0.9733333333333334,0.8713200881226039,1.070502029640962,0.7049040928102519,0.7534988035880538,True,True,0.09669596161685784,IgnMagn
impostores,35,dia|char3:600|delta|w500|mformulae+preformed+otq+reuse|trece|sblgnt,dia,char3:600,delta,500,formulae+preformed+otq+reuse,trece,sblgnt,300,1Tes,core_loo,0.94,0.8541349009101411,1.0605331743020485,0.6912263801127716,0.7398332325430613,True,True,0.07781004102315514,Just_Dial#46
impostores,35,dia|char3:600|delta|w500|mformulae+preformed+otq+reuse|trece|sblgnt,dia,char3:600,delta,500,formulae+preformed+otq+reuse,trece,sblgnt,300,2Tes,core_loo,0.9366666666666666,0.8517479381239108,1.0591260032712284,0.6892982321809153,0.7379076293331897,True,True,0.08562863754327693,Just_Dial#39
impostores,35,dia|char3:600|delta|w500|mformulae+preformed+otq+reuse|trece|sblgnt,dia,char3:600,delta,500,formulae+preformed+otq+reuse,trece,sblgnt,300,1Tim,core_loo,0.9766666666666667,0.8723343046182496,1.0710817686488416,0.7057001781292395,0.7542945094701956,True,True,0.09297354923747592,Bas_Ep#139
impostores,35,dia|char3:600|delta|w500|mformulae+preformed+otq+reuse|trece|sblgnt,dia,char3:600,delta,500,formulae+preformed+otq+reuse,trece,sblgnt,300,2Tim,core_loo,0.9666666666666667,0.8688963490646215,1.0691129042729857,0.7029966506600662,0.7515924165197048,True,True,0.07749910670844462,PolFil
impostores,35,dia|char3:600|delta|w500|mformulae+preformed+otq+reuse|trece|sblgnt,dia,char3:600,delta,500,formulae+preformed+otq+reuse,trece,sblgnt,300,Tit,core_loo,0.9933333333333333,0.8753923700521047,1.0728254307572809,0.7080932713025614,0.7566866445958959,True,True,0.13109507033906737,2Pe
impostores,35,dia|char3:600|delta|w500|mformulae+preformed+otq+reuse|trece|sblgnt,dia,char3:600,delta,500,formulae+preformed+otq+reuse,trece,sblgnt,300,Flm,core_loo,0.9766666666666667,0.8723343046182496,1.0710817686488416,0.7057001781292395,0.7542945094701956,True,True,0.1405200640175368,2Jn
impostores,35,dia|char3:600|delta|w500|mformulae+preformed+otq+reuse|trece|sblgnt,dia,char3:600,delta,500,formulae+preformed+otq+reuse,trece,sblgnt,300,Heb,target,0.4033333333333333,0.006214482583695933,-0.17760383070957542,-0.14519528976124776,-0.12080678580060844,True,True,-0.01036478228894433,Bas_Ep#98
impostores,36,dia|lemma_dict:300|minmax|w500|mnone|hauptbriefe|sblgnt,dia,lemma_dict:300,minmax,500,none,hauptbriefe,sblgnt,300,Rom,core_loo,0.6533333333333333,0.5094037768023267,0.798143665715368,0.4085119289008601,0.4472613749947112,True,True,0.027384507746519682,1Pe
impostores,36,dia|lemma_dict:300|minmax|w500|mnone|hauptbriefe|sblgnt,dia,lemma_dict:300,minmax,500,none,hauptbriefe,sblgnt,300,1Cor,core_loo,0.67,0.5397881092583732,0.8450501200267204,0.4454750379210945,0.4833485186578632,True,True,0.022358799852663702,IgnLong#12
impostores,36,dia|lemma_dict:300|minmax|w500|mnone|hauptbriefe|sblgnt,dia,lemma_dict:300,minmax,500,none,hauptbriefe,sblgnt,300,2Cor,core_loo,0.6066666666666667,0.42932235128688256,0.6592793794110313,0.3087433782259032,0.34934949657712666,True,True,0.013091043825648518,1Pe
impostores,36,dia|lemma_dict:300|minmax|w500|mnone|hauptbriefe|sblgnt,dia,lemma_dict:300,minmax,500,none,hauptbriefe,sblgnt,300,Gal,core_loo,0.8,0.8161405674208145,1.1810171542854668,0.7483643806805649,0.7795013425596946,True,True,0.03859585577051666,1Pe
impostores,36,dia|lemma_dict:300|minmax|w500|mnone|hauptbriefe|sblgnt,dia,lemma_dict:300,minmax,500,none,hauptbriefe,sblgnt,300,Ef,target,0.48333333333333334,0.2228734854804052,0.21946546903859787,0.06772971103922247,0.10522413007121575,True,True,-0.0023275018496531907,3Cor
impostores,36,dia|lemma_dict:300|minmax|w500|mnone|hauptbriefe|sblgnt,dia,lemma_dict:300,minmax,500,none,hauptbriefe,sblgnt,300,Col,target,0.44666666666666666,0.15236016557804746,0.06803719746253463,2.1706954846936807e-05,0.03370029739709876,True,True,-0.00808740518352169,Just_Dial#64
impostores,36,dia|lemma_dict:300|minmax|w500|mnone|hauptbriefe|sblgnt,dia,lemma_dict:300,minmax,500,none,hauptbriefe,sblgnt,300,2Tes,target,0.6333333333333333,0.47429078962393145,0.7401176861208612,0.36507502328431507,0.4047497693738661,True,True,0.017427577624389234,IgnFil
impostores,36,dia|lemma_dict:300|minmax|w500|mnone|hauptbriefe|sblgnt,dia,lemma_dict:300,minmax,500,none,hauptbriefe,sblgnt,300,1Tim,target,0.6333333333333333,0.47429078962393145,0.7401176861208612,0.36507502328431507,0.4047497693738661,True,True,0.012888447236716172,1Pe
impostores,36,dia|lemma_dict:300|minmax|w500|mnone|hauptbriefe|sblgnt,dia,lemma_dict:300,minmax,500,none,hauptbriefe,sblgnt,300,2Tim,target,0.49333333333333335,0.24097228096107867,0.25933793616472806,0.08640053117653888,0.12469998832849119,True,True,-0.0016067755183865606,2Pe
impostores,36,dia|lemma_dict:300|minmax|w500|mnone|hauptbriefe|sblgnt,dia,lemma_dict:300,minmax,500,none,hauptbriefe,sblgnt,300,Tit,target,0.44,0.13877536330648377,0.03975188455121951,-0.012183543009817487,0.020661535887757033,True,True,-0.0062778745206242825,PolFil
impostores,36,dia|lemma_dict:300|minmax|w500|mnone|hauptbriefe|sblgnt,dia,lemma_dict:300,minmax,500,none,hauptbriefe,sblgnt,300,Heb,target,0.3,-0.19399009303295447,-0.5682750000109352,-0.2610662400311425,-0.25251249514181956,True,True,-0.017291727335707774,IgnLong#13
impostores,37,dia|lemma_dict:300|minmax|w500|mnone|seven_plus|sblgnt,dia,lemma_dict:300,minmax,500,none,seven_plus,sblgnt,300,Rom,core_loo,0.8333333333333334,0.7636206981365168,0.9674300477373544,0.5580631017485023,0.6088745552321431,True,True,0.04630988018542681,Bas_Ep#261
impostores,37,dia|lemma_dict:300|minmax|w500|mnone|seven_plus|sblgnt,dia,lemma_dict:300,minmax,500,none,seven_plus,sblgnt,300,1Cor,core_loo,0.8033333333333333,0.7006026195697368,0.9257506804405743,0.5055836465220298,0.5550296443166624,True,True,0.03379429768589148,IgnLong#12
impostores,37,dia|lemma_dict:300|minmax|w500|mnone|seven_plus|sblgnt,dia,lemma_dict:300,minmax,500,none,seven_plus,sblgnt,300,2Cor,core_loo,0.9366666666666666,0.9400499958718863,1.067267698784699,0.6919022576725353,0.7477762324782609,True,True,0.062434754844832574,IgnFil
impostores,37,dia|lemma_dict:300|minmax|w500|mnone|seven_plus|sblgnt,dia,lemma_dict:300,minmax,500,none,seven_plus,sblgnt,300,Gal,core_loo,0.9166666666666666,0.9144395781377918,1.0541107701872625,0.6736882570924748,0.7287157693648758,True,True,0.0555940460488723,1Pe
impostores,37,dia|lemma_dict:300|minmax|w500|mnone|seven_plus|sblgnt,dia,lemma_dict:300,minmax,500,none,seven_plus,sblgnt,300,Flp,core_loo,0.9433333333333334,0.9472747195712226,1.070904731962436,0.6969649782034663,0.7530842470602329,True,True,0.07280334234618796,IgnFil
impostores,37,dia|lemma_dict:300|minmax|w500|mnone|seven_plus|sblgnt,dia,lemma_dict:300,minmax,500,none,seven_plus,sblgnt,300,1Tes,core_loo,0.8466666666666667,0.7908464408674662,0.9843481748668053,0.579982455799978,0.6314555637772443,True,True,0.050676082073005724,Just_Dial#19-20
impostores,37,dia|lemma_dict:300|minmax|w500|mnone|seven_plus|sblgnt,dia,lemma_dict:300,minmax,500,none,seven_plus,sblgnt,300,Flm,core_loo,0.9566666666666667,0.9595587075191297,1.077014853743521,0.7054965511241326,0.7620393242217687,True,True,0.07660173512573787,IgnFil
impostores,37,dia|lemma_dict:300|minmax|w500|mnone|seven_plus|sblgnt,dia,lemma_dict:300,minmax,500,none,seven_plus,sblgnt,300,Col,core_loo,0.79,0.6722647305102372,0.9057259302149032,0.48119656802414057,0.5301014346292932,True,True,0.045041116457090635,IgnLong#4
impostores,37,dia|lemma_dict:300|minmax|w500|mnone|seven_plus|sblgnt,dia,lemma_dict:300,minmax,500,none,seven_plus,sblgnt,300,2Tes,core_loo,0.9133333333333333,0.9096437866999135,1.051600417250401,0.6702312293419522,0.7251042943472525,True,True,0.062187546934450444,PolFil
impostores,37,dia|lemma_dict:300|minmax|w500|mnone|seven_plus|sblgnt,dia,lemma_dict:300,minmax,500,none,seven_plus,sblgnt,300,Ef,target,0.73,0.5471037166022051,0.8049969673256178,0.3677090823252588,0.4146864045263982,True,True,0.031416262521065996,1Pe
impostores,37,dia|lemma_dict:300|minmax|w500|mnone|seven_plus|sblgnt,dia,lemma_dict:300,minmax,500,none,seven_plus,sblgnt,300,1Tim,target,0.8933333333333333,0.878127697577634,1.034726961920522,0.6471511734250316,0.7010418263484375,True,True,0.04691626879716859,1Pe
impostores,37,dia|lemma_dict:300|minmax|w500|mnone|seven_plus|sblgnt,dia,lemma_dict:300,minmax,500,none,seven_plus,sblgnt,300,2Tim,target,0.9366666666666666,0.9400499958718863,1.067267698784699,0.6919022576725353,0.7477762324782609,True,True,0.05883755959385084,Just_Dial#23-24
impostores,37,dia|lemma_dict:300|minmax|w500|mnone|seven_plus|sblgnt,dia,lemma_dict:300,minmax,500,none,seven_plus,sblgnt,300,Tit,target,0.83,0.7567168850510622,0.9630406793290106,0.5524323588669902,0.6030829913927543,True,True,0.03686908234484959,PolFil
impostores,37,dia|lemma_dict:300|minmax|w500|mnone|seven_plus|sblgnt,dia,lemma_dict:300,minmax,500,none,seven_plus,sblgnt,300,Heb,target,0.5533333333333333,0.24741857800944275,0.38857901622653884,0.06645428314315646,0.10767970733306309,True,True,0.004101990659588217,Just_Dial#28-29
impostores,38,dia|lemma_dict:300|minmax|w500|mnone|trece|sblgnt,dia,lemma_dict:300,minmax,500,none,trece,sblgnt,300,Rom,core_loo,0.8966666666666666,0.8310079904061414,0.9558638839350106,0.5677550399962212,0.6246150439693124,True,True,0.0501243082879787,1Pe
impostores,38,dia|lemma_dict:300|minmax|w500|mnone|trece|sblgnt,dia,lemma_dict:300,minmax,500,none,trece,sblgnt,300,1Cor,core_loo,0.85,0.75168350100817,0.9115043207288908,0.5094761775203345,0.5642153629894772,True,True,0.03981789508710476,PsCrat#26-32
impostores,38,dia|lemma_dict:300|minmax|w500|mnone|trece|sblgnt,dia,lemma_dict:300,minmax,500,none,trece,sblgnt,300,2Cor,core_loo,0.95,0.8943045043833575,0.9879428472336153,0.6114358191257554,0.6702051275594858,True,True,0.06637188745226952,PsPhal#84-87
impostores,38,dia|lemma_dict:300|minmax|w500|mnone|trece|sblgnt,dia,lemma_dict:300,minmax,500,none,trece,sblgnt,300,Gal,core_loo,0.9333333333333333,0.8785211919335761,0.9802003893562439,0.600780966534278,0.65905623806121,True,True,0.06346334983176372,IgnEf
impostores,38,dia|lemma_dict:300|minmax|w500|mnone|trece|sblgnt,dia,lemma_dict:300,minmax,500,none,trece,sblgnt,300,Ef,core_loo,0.8233333333333334,0.7005005463603536,0.8801003939880565,0.46982751447545423,0.523352410504647,True,True,0.047800851509925135,IgnFil
impostores,38,dia|lemma_dict:300|minmax|w500|mnone|trece|sblgnt,dia,lemma_dict:300,minmax,500,none,trece,sblgnt,300,Flp,core_loo,0.9533333333333334,0.8969680630402694,0.9892331903111306,0.6132182946687667,0.672072133720848,True,True,0.07123685468987545,IgnFil
impostores,38,dia|lemma_dict:300|minmax|w500|mnone|trece|sblgnt,dia,lemma_dict:300,minmax,500,none,trece,sblgnt,300,Col,core_loo,0.8366666666666667,0.7264568934270674,0.8963204068299515,0.4901323744246623,0.5442587139555954,True,True,0.041336146433043064,Just_Dial#37-38
impostores,38,dia|lemma_dict:300|minmax|w500|mnone|trece|sblgnt,dia,lemma_dict:300,minmax,500,none,trece,sblgnt,300,1Tes,core_loo,0.8766666666666667,0.7990734769572211,0.9385933959196723,0.5447618078184009,0.6007318605805635,True,True,0.0551275861418295,1Pe
impostores,38,dia|lemma_dict:300|minmax|w500|mnone|trece|sblgnt,dia,lemma_dict:300,minmax,500,none,trece,sblgnt,300,2Tes,core_loo,0.9533333333333334,0.8969680630402694,0.9892331903111306,0.6132182946687667,0.672072133720848,True,True,0.07486590957212341,1Pe
impostores,38,dia|lemma_dict:300|minmax|w500|mnone|trece|sblgnt,dia,lemma_dict:300,minmax,500,none,trece,sblgnt,300,1Tim,core_loo,0.9633333333333334,0.9039219843393523,0.99258013980486,0.6178506309247102,0.6769267212643632,True,True,0.08206059611033822,2Pe
impostores,38,dia|lemma_dict:300|minmax|w500|mnone|trece|sblgnt,dia,lemma_dict:300,minmax,500,none,trece,sblgnt,300,2Tim,core_loo,0.9533333333333334,0.8969680630402694,0.9892331903111306,0.6132182946687667,0.672072133720848,True,True,0.061020382615249835,Jud
impostores,38,dia|lemma_dict:300|minmax|w500|mnone|trece|sblgnt,dia,lemma_dict:300,minmax,500,none,trece,sblgnt,300,Tit,core_loo,0.9366666666666666,0.881996353140752,0.9819193797532245,0.6031405262755746,0.6615235619268617,True,True,0.06725767323335652,IgnLong#4
impostores,38,dia|lemma_dict:300|minmax|w500|mnone|trece|sblgnt,dia,lemma_dict:300,minmax,500,none,trece,sblgnt,300,Flm,core_loo,0.9666666666666667,0.9058862371321026,0.9935198663351881,0.619153534856376,0.6782928106399793,True,True,0.08306347133621367,1Pe
impostores,38,dia|lemma_dict:300|minmax|w500|mnone|trece|sblgnt,dia,lemma_dict:300,minmax,500,none,trece,sblgnt,300,Heb,target,0.6766666666666666,0.4125958220003319,0.6402109980748194,0.2190184400038821,0.2668126984651359,True,True,0.015981974908726104,Bas_Ep#262
impostores,39,dia|lemma_dict:300|minmax|w500|mformulae+preformed+otq+reuse|hauptbriefe|sblgnt,dia,lemma_dict:300,minmax,500,formulae+preformed+otq+reuse,hauptbriefe,sblgnt,300,Rom,core_loo,0.66,0.5364559511336398,0.8419563532683315,0.44844639991990676,0.4839323327210635,True,True,0.025251841489514593,Bas_Ep#140
impostores,39,dia|lemma_dict:300|minmax|w500|mformulae+preformed+otq+reuse|hauptbriefe|sblgnt,dia,lemma_dict:300,minmax,500,formulae+preformed+otq+reuse,hauptbriefe,sblgnt,300,1Cor,core_loo,0.6666666666666666,0.5485408013867124,0.8608521439756105,0.4632463783135369,0.49833689106501533,True,True,0.015057022691182642,IgnFil
impostores,39,dia|lemma_dict:300|minmax|w500|mformulae+preformed+otq+reuse|hauptbriefe|sblgnt,dia,lemma_dict:300,minmax,500,formulae+preformed+otq+reuse,hauptbriefe,sblgnt,300,2Cor,core_loo,0.6466666666666666,0.5127876930963825,0.8034829312147872,0.4191644144752243,0.4554117634523674,True,True,0.019585442774329775,IgnLong#11
impostores,39,dia|lemma_dict:300|minmax|w500|mformulae+preformed+otq+reuse|hauptbriefe|sblgnt,dia,lemma_dict:300,minmax,500,formulae+preformed+otq+reuse,hauptbriefe,sblgnt,300,Gal,core_loo,0.8366666666666667,0.9107768346511533,1.289745914776329,0.8552252162097901,0.8823203378676777,True,True,0.04260913047071535,1Pe
impostores,39,dia|lemma_dict:300|minmax|w500|mformulae+preformed+otq+reuse|hauptbriefe|sblgnt,dia,lemma_dict:300,minmax,500,formulae+preformed+otq+reuse,hauptbriefe,sblgnt,300,Ef,target,0.5533333333333333,0.3589345666455585,0.5018739361581945,0.22560979418223054,0.2647985713222845,True,True,0.009253102948679981,Bas_Ep#161
impostores,39,dia|lemma_dict:300|minmax|w500|mformulae+preformed+otq+reuse|hauptbriefe|sblgnt,dia,lemma_dict:300,minmax,500,formulae+preformed+otq+reuse,hauptbriefe,sblgnt,300,Col,target,0.37333333333333335,0.001701195469797561,-0.2448314605388809,-0.11902524515993157,-0.09622902738753825,True,True,-0.014816059584149277,Bas_Ep#242
impostores,39,dia|lemma_dict:300|minmax|w500|mformulae+preformed+otq+reuse|hauptbriefe|sblgnt,dia,lemma_dict:300,minmax,500,formulae+preformed+otq+reuse,hauptbriefe,sblgnt,300,2Tes,target,0.7,0.6116805002491683,0.95236818100715,0.5387321397901421,0.5717766641621637,True,True,0.029930825921685333,IgnFil
impostores,39,dia|lemma_dict:300|minmax|w500|mformulae+preformed+otq+reuse|hauptbriefe|sblgnt,dia,lemma_dict:300,minmax,500,formulae+preformed+otq+reuse,hauptbriefe,sblgnt,300,1Tim,target,0.59,0.41801587712997407,0.6278817410879887,0.29944355469836864,0.33813931449191775,True,True,0.009682168610774589,IgnFil
impostores,39,dia|lemma_dict:300|minmax|w500|mformulae+preformed+otq+reuse|hauptbriefe|sblgnt,dia,lemma_dict:300,minmax,500,formulae+preformed+otq+reuse,hauptbriefe,sblgnt,300,2Tim,target,0.5433333333333333,0.3426754714556776,0.46566161342462886,0.2058653377111623,0.24499046750737768,True,True,0.0049075079246783115,2Pe
impostores,39,dia|lemma_dict:300|minmax|w500|mformulae+preformed+otq+reuse|hauptbriefe|sblgnt,dia,lemma_dict:300,minmax,500,formulae+preformed+otq+reuse,hauptbriefe,sblgnt,300,Tit,target,0.38666666666666666,0.03413275081856597,-0.1855664714045965,-0.09387366654124965,-0.06886683802382584,True,True,-0.012585015778800779,PolFil
impostores,39,dia|lemma_dict:300|minmax|w500|mformulae+preformed+otq+reuse|hauptbriefe|sblgnt,dia,lemma_dict:300,minmax,500,formulae+preformed+otq+reuse,hauptbriefe,sblgnt,300,Heb,target,0.29333333333333333,-0.2049886230819686,-0.5933287924003692,-0.2669327380035972,-0.2589083102465164,True,True,-0.020981378982248555,Just_Dial#23-24
impostores,40,dia|lemma_dict:300|minmax|w500|mformulae+preformed+otq+reuse|seven_plus|sblgnt,dia,lemma_dict:300,minmax,500,formulae+preformed+otq+reuse,seven_plus,sblgnt,300,Rom,core_loo,0.83,0.7482402055093905,0.951232631419683,0.5438706923403723,0.5965102227197989,True,True,0.04592525961528365,Bas_Ep#71
impostores,40,dia|lemma_dict:300|minmax|w500|mformulae+preformed+otq+reuse|seven_plus|sblgnt,dia,lemma_dict:300,minmax,500,formulae+preformed+otq+reuse,seven_plus,sblgnt,300,1Cor,core_loo,0.75,0.5837615739355533,0.8276082143741418,0.402599915544091,0.45161314156065857,True,True,0.028784675584348995,PsCrat#26-32
impostores,40,dia|lemma_dict:300|minmax|w500|mformulae+preformed+otq+reuse|seven_plus|sblgnt,dia,lemma_dict:300,minmax,500,formulae+preformed+otq+reuse,seven_plus,sblgnt,300,2Cor,core_loo,0.9433333333333334,0.9353568236803199,1.0610613298351153,0.6821045357379796,0.7409361184332058,True,True,0.07195988942978354,IgnLong#3
impostores,40,dia|lemma_dict:300|minmax|w500|mformulae+preformed+otq+reuse|seven_plus|sblgnt,dia,lemma_dict:300,minmax,500,formulae+preformed+otq+reuse,seven_plus,sblgnt,300,Gal,core_loo,0.9366666666666666,0.9282383567149557,1.0573447134025684,0.6772834421411064,0.7358410317920492,True,True,0.06072430646533378,IgnEsm
impostores,40,dia|lemma_dict:300|minmax|w500|mformulae+preformed+otq+reuse|seven_plus|sblgnt,dia,lemma_dict:300,minmax,500,formulae+preformed+otq+reuse,seven_plus,sblgnt,300,Flp,core_loo,0.9733333333333334,0.95831804073209,1.0728264245295784,0.6974197785303339,0.7571537223694216,True,True,0.08149192423628737,IgnFil
impostores,40,dia|lemma_dict:300|minmax|w500|mformulae+preformed+otq+reuse|seven_plus|sblgnt,dia,lemma_dict:300,minmax,500,formulae+preformed+otq+reuse,seven_plus,sblgnt,300,1Tes,core_loo,0.7533333333333333,0.5904880841728325,0.8333542575900088,0.4087400577899719,0.45787141594302416,True,True,0.03627499942935597,1Pe
impostores,40,dia|lemma_dict:300|minmax|w500|mformulae+preformed+otq+reuse|seven_plus|sblgnt,dia,lemma_dict:300,minmax,500,formulae+preformed+otq+reuse,seven_plus,sblgnt,300,Flm,core_loo,0.94,0.9318830682091258,1.0592517948874853,0.6797562019589158,0.738453731128523,True,True,0.05587015210386087,IgnFil
impostores,40,dia|lemma_dict:300|minmax|w500|mformulae+preformed+otq+reuse|seven_plus|sblgnt,dia,lemma_dict:300,minmax,500,formulae+preformed+otq+reuse,seven_plus,sblgnt,300,Col,core_loo,0.7233333333333334,0.5310168265447707,0.7798510989009487,0.35338723871471056,0.4015412901712756,True,True,0.03603531846788782,IgnLong#4
impostores,40,dia|lemma_dict:300|minmax|w500|mformulae+preformed+otq+reuse|seven_plus|sblgnt,dia,lemma_dict:300,minmax,500,formulae+preformed+otq+reuse,seven_plus,sblgnt,300,2Tes,core_loo,0.93,0.9204527426473295,1.0532415952136083,0.6719708976868682,0.730232020677436,True,True,0.060769464902648895,Bas_Ep#295
impostores,40,dia|lemma_dict:300|minmax|w500|mformulae+preformed+otq+reuse|seven_plus|sblgnt,dia,lemma_dict:300,minmax,500,formulae+preformed+otq+reuse,seven_plus,sblgnt,300,Ef,target,0.7866666666666666,0.6588569163407916,0.8880613721150052,0.46939444226454496,0.5198623191484019,True,True,0.046006872589676895,Bas_Ep#242
impostores,40,dia|lemma_dict:300|minmax|w500|mformulae+preformed+otq+reuse|seven_plus|sblgnt,dia,lemma_dict:300,minmax,500,formulae+preformed+otq+reuse,seven_plus,sblgnt,300,1Tim,target,0.9,0.8781129177101037,1.0302112743017304,0.6423552177226459,0.6990647589302794,True,True,0.0477016197176493,2Jn
impostores,40,dia|lemma_dict:300|minmax|w500|mformulae+preformed+otq+reuse|seven_plus|sblgnt,dia,lemma_dict:300,minmax,500,formulae+preformed+otq+reuse,seven_plus,sblgnt,300,2Tim,target,0.9466666666666667,0.9386556102716942,1.0627724418363595,0.6843269621051986,0.7432864543342528,True,True,0.07636862333697325,Jud
impostores,40,dia|lemma_dict:300|minmax|w500|mformulae+preformed+otq+reuse|seven_plus|sblgnt,dia,lemma_dict:300,minmax,500,formulae+preformed+otq+reuse,seven_plus,sblgnt,300,Tit,target,0.7566666666666667,0.5972397076403098,0.8390507341038996,0.4148720684322505,0.46412422224558614,True,True,0.024448017247949372,PolFil
impostores,40,dia|lemma_dict:300|minmax|w500|mformulae+preformed+otq+reuse|seven_plus|sblgnt,dia,lemma_dict:300,minmax,500,formulae+preformed+otq+reuse,seven_plus,sblgnt,300,Heb,target,0.5466666666666666,0.2421709972569881,0.362765784404099,0.06055344322232637,0.10200493860476796,True,True,0.004763839445652562,2Clem
impostores,41,dia|lemma_dict:300|minmax|w500|mformulae+preformed+otq+reuse|trece|sblgnt,dia,lemma_dict:300,minmax,500,formulae+preformed+otq+reuse,trece,sblgnt,300,Rom,core_loo,0.9133333333333333,0.8447463155035455,0.9549904699064712,0.5826186239247471,0.6408038711186368,True,True,0.04916031977827201,Bas_Ep#261
impostores,41,dia|lemma_dict:300|minmax|w500|mformulae+preformed+otq+reuse|trece|sblgnt,dia,lemma_dict:300,minmax,500,formulae+preformed+otq+reuse,trece,sblgnt,300,1Cor,core_loo,0.83,0.7109529403970972,0.8787117869492418,0.4828760281736546,0.5381793564714044,True,True,0.03703973310062164,IgnLong#11
impostores,41,dia|lemma_dict:300|minmax|w500|mformulae+preformed+otq+reuse|trece|sblgnt,dia,lemma_dict:300,minmax,500,formulae+preformed+otq+reuse,trece,sblgnt,300,2Cor,core_loo,0.95,0.8822225030506292,0.9738504573121445,0.608393775161184,0.6674859874358063,True,True,0.06771950829950146,IgnTral
impostores,41,dia|lemma_dict:300|minmax|w500|mformulae+preformed+otq+reuse|trece|sblgnt,dia,lemma_dict:300,minmax,500,formulae+preformed+otq+reuse,trece,sblgnt,300,Gal,core_loo,0.9366666666666666,0.8706189103934998,0.9681170711903202,0.6005154509985504,0.6593219905448355,True,True,0.06221111585815414,3Cor
impostores,41,dia|lemma_dict:300|minmax|w500|mformulae+preformed+otq+reuse|trece|sblgnt,dia,lemma_dict:300,minmax,500,formulae+preformed+otq+reuse,trece,sblgnt,300,Ef,core_loo,0.8033333333333333,0.6604421271198223,0.845647061799803,0.442152365342791,0.49648785538640633,True,True,0.05223703711752853,IgnLong#6
impostores,41,dia|lemma_dict:300|minmax|w500|mformulae+preformed+otq+reuse|trece|sblgnt,dia,lemma_dict:300,minmax,500,formulae+preformed+otq+reuse,trece,sblgnt,300,Flp,core_loo,0.9466666666666667,0.879553508704673,0.9725399678527554,0.6065897869535003,0.6656159064063777,True,True,0.07369703893341495,IgnFil
impostores,41,dia|lemma_dict:300|minmax|w500|mformulae+preformed+otq+reuse|trece|sblgnt,dia,lemma_dict:300,minmax,500,formulae+preformed+otq+reuse,trece,sblgnt,300,Col,core_loo,0.7433333333333333,0.5440795352238387,0.7576493801342441,0.34224337537325367,0.3944329760121915,True,True,0.0411621529356172,IgnEf
impostores,41,dia|lemma_dict:300|minmax|w500|mformulae+preformed+otq+reuse|trece|sblgnt,dia,lemma_dict:300,minmax,500,formulae+preformed+otq+reuse,trece,sblgnt,300,1Tes,core_loo,0.8733333333333333,0.7868552253821667,0.9238080544556861,0.5409302458792317,0.5978031026942769,True,True,0.05032411125339742,1Pe
impostores,41,dia|lemma_dict:300|minmax|w500|mformulae+preformed+otq+reuse|trece|sblgnt,dia,lemma_dict:300,minmax,500,formulae+preformed+otq+reuse,trece,sblgnt,300,2Tes,core_loo,0.9733333333333334,0.8963202885931046,0.9806918037334007,0.6178418017590661,0.6772868956222202,True,True,0.08736565592918871,3Cor
impostores,41,dia|lemma_dict:300|minmax|w500|mformulae+preformed+otq+reuse|trece|sblgnt,dia,lemma_dict:300,minmax,500,formulae+preformed+otq+reuse,trece,sblgnt,300,1Tim,core_loo,0.9766666666666667,0.8976544016359937,0.9813322956514383,0.6187288638619937,0.6782076764417616,True,True,0.07547976267803219,IgnFil
impostores,41,dia|lemma_dict:300|minmax|w500|mformulae+preformed+otq+reuse|trece|sblgnt,dia,lemma_dict:300,minmax,500,formulae+preformed+otq+reuse,trece,sblgnt,300,2Tim,core_loo,0.97,0.8948126197050069,0.979966572572665,0.6168378792091668,0.6762449342124318,True,True,0.07580095639761203,2Pe
impostores,41,dia|lemma_dict:300|minmax|w500|mformulae+preformed+otq+reuse|trece|sblgnt,dia,lemma_dict:300,minmax,500,formulae+preformed+otq+reuse,trece,sblgnt,300,Tit,core_loo,0.9466666666666667,0.879553508704673,0.9725399678527554,0.6065897869535003,0.6656159064063777,True,True,0.06644111191638935,PolFil
impostores,41,dia|lemma_dict:300|minmax|w500|mformulae+preformed+otq+reuse|trece|sblgnt,dia,lemma_dict:300,minmax,500,formulae+preformed+otq+reuse,trece,sblgnt,300,Flm,core_loo,0.9166666666666666,0.848844132504696,0.9571016507948766,0.5854835654599695,0.6437657711988513,True,True,0.06272213772640228,IgnFil
impostores,41,dia|lemma_dict:300|minmax|w500|mformulae+preformed+otq+reuse|trece|sblgnt,dia,lemma_dict:300,minmax,500,formulae+preformed+otq+reuse,trece,sblgnt,300,Heb,target,0.6166666666666667,0.31982912732411706,0.5076424453052155,0.13018933049258774,0.1762753416931851,True,True,0.010847864918253958,Just_Dial#44-45
impostores,42,dia|lemma_dict:300|delta|w500|mnone|hauptbriefe|sblgnt,dia,lemma_dict:300,delta,500,none,hauptbriefe,sblgnt,300,Rom,core_loo,0.71,0.49374802370991744,0.6895459706931916,0.3025329628247783,0.35539079669752605,False,True,0.03932375136627625,PolFil
impostores,42,dia|lemma_dict:300|delta|w500|mnone|hauptbriefe|sblgnt,dia,lemma_dict:300,delta,500,none,hauptbriefe,sblgnt,300,1Cor,core_loo,0.6766666666666666,0.4233425609176366,0.6010525227582684,0.22127203888709154,0.27274413392175073,False,True,0.03614928935886458,PolFil
impostores,42,dia|lemma_dict:300|delta|w500|mnone|hauptbriefe|sblgnt,dia,lemma_dict:300,delta,500,none,hauptbriefe,sblgnt,300,2Cor,core_loo,0.63,0.3268203899869738,0.47307922991242124,0.11567061845856855,0.16426748090027846,False,True,0.019700536449849648,2Jn
impostores,42,dia|lemma_dict:300|delta|w500|mnone|hauptbriefe|sblgnt,dia,lemma_dict:300,delta,500,none,hauptbriefe,sblgnt,300,Gal,core_loo,0.7933333333333333,0.6694632016923607,0.8995768431240897,0.5133714590855869,0.567545320397624,False,True,0.0563865702519048,IgnLong#4
impostores,42,dia|lemma_dict:300|delta|w500|mnone|hauptbriefe|sblgnt,dia,lemma_dict:300,delta,500,none,hauptbriefe,sblgnt,300,Ef,target,0.7233333333333334,0.5220682844802214,0.7242868417979645,0.3359510099500068,0.38921622252796206,False,True,0.05002457433109603,IgnLong#6
impostores,42,dia|lemma_dict:300|delta|w500|mnone|hauptbriefe|sblgnt,dia,lemma_dict:300,delta,500,none,hauptbriefe,sblgnt,300,Col,target,0.6666666666666666,0.4024120513685776,0.5740437197924666,0.19773054779227223,0.24868054320466276,False,True,0.02947200733717248,PsClem_Virg#1
impostores,42,dia|lemma_dict:300|delta|w500|mnone|hauptbriefe|sblgnt,dia,lemma_dict:300,delta,500,none,hauptbriefe,sblgnt,300,2Tes,target,0.78,0.6418177888202182,0.867267953444717,0.47989886077351107,0.5340448504254426,False,True,0.05195663246290261,PolFil
impostores,42,dia|lemma_dict:300|delta|w500|mnone|hauptbriefe|sblgnt,dia,lemma_dict:300,delta,500,none,hauptbriefe,sblgnt,300,1Tim,target,0.6566666666666666,0.3816019851724702,0.5468150322586236,0.17465342836335995,0.2250306886209872,False,True,0.02434490313255211,2Jn
impostores,42,dia|lemma_dict:300|delta|w500|mnone|hauptbriefe|sblgnt,dia,lemma_dict:300,delta,500,none,hauptbriefe,sblgnt,300,2Tim,target,0.6166666666666667,0.2998827213179365,0.4355622687130123,0.08771812330814892,0.13528390096875345,False,True,0.020027778692169818,PolFil
impostores,42,dia|lemma_dict:300|delta|w500|mnone|hauptbriefe|sblgnt,dia,lemma_dict:300,delta,500,none,hauptbriefe,sblgnt,300,Tit,target,0.55,0.17075057790524834,0.2407201117413283,-0.03454604209305091,0.006412474399414135,False,True,0.008165468870824366,Bas_Ep#114
impostores,42,dia|lemma_dict:300|delta|w500|mnone|hauptbriefe|sblgnt,dia,lemma_dict:300,delta,500,none,hauptbriefe,sblgnt,300,Heb,target,0.5,0.08061706098762642,0.08598182511184534,-0.10601418829284122,-0.0716203311954598,False,True,0.00047391054165263347,2Jn
impostores,43,dia|lemma_dict:300|delta|w500|mnone|seven_plus|sblgnt,dia,lemma_dict:300,delta,500,none,seven_plus,sblgnt,300,Rom,core_loo,0.8666666666666667,0.5812149807921981,0.7083446888498919,0.31132343192126277,0.37403630353018413,False,True,0.07740495562195482,IgnFil
impostores,43,dia|lemma_dict:300|delta|w500|mnone|seven_plus|sblgnt,dia,lemma_dict:300,delta,500,none,seven_plus,sblgnt,300,1Cor,core_loo,0.8533333333333334,0.5602214544156265,0.6940078235586173,0.2941545073987084,0.35586233587002775,False,True,0.062199308384012386,Bas_Ep#265
impostores,43,dia|lemma_dict:300|delta|w500|mnone|seven_plus|sblgnt,dia,lemma_dict:300,delta,500,none,seven_plus,sblgnt,300,2Cor,core_loo,0.9266666666666666,0.6610986839377739,0.7593515140017212,0.37348413540849756,0.440120706966657,False,True,0.08975295753249665,2Jn
impostores,43,dia|lemma_dict:300|delta|w500|mnone|seven_plus|sblgnt,dia,lemma_dict:300,delta,500,none,seven_plus,sblgnt,300,Gal,core_loo,0.93,0.6645501665030843,0.761437364048564,0.3760537880540649,0.442864218257482,False,True,0.08505092289408628,PolFil
impostores,43,dia|lemma_dict:300|delta|w500|mnone|seven_plus|sblgnt,dia,lemma_dict:300,delta,500,none,seven_plus,sblgnt,300,Flp,core_loo,0.9733333333333334,0.6962555863411974,0.7801704422665054,0.3992021235694039,0.46762812898479433,False,True,0.10058243655376592,IgnEf
impostores,43,dia|lemma_dict:300|delta|w500|mnone|seven_plus|sblgnt,dia,lemma_dict:300,delta,500,none,seven_plus,sblgnt,300,1Tes,core_loo,0.9233333333333333,0.6575205392582171,0.7571792708370599,0.3708099090508004,0.4372666523799136,False,True,0.08224927894794784,IgnLong#11
impostores,43,dia|lemma_dict:300|delta|w500|mnone|seven_plus|sblgnt,dia,lemma_dict:300,delta,500,none,seven_plus,sblgnt,300,Flm,core_loo,0.9033333333333333,0.6336160947707977,0.7424054785288076,0.3526768939711313,0.41794274383567653,False,True,0.09103114964176712,IgnEf
impostores,43,dia|lemma_dict:300|delta|w500|mnone|seven_plus|sblgnt,dia,lemma_dict:300,delta,500,none,seven_plus,sblgnt,300,Col,core_loo,0.8666666666666667,0.5812149807921981,0.7083446888498919,0.31132343192126277,0.37403630353018413,False,True,0.07499491438293826,IgnEf
impostores,43,dia|lemma_dict:300|delta|w500|mnone|seven_plus|sblgnt,dia,lemma_dict:300,delta,500,none,seven_plus,sblgnt,300,2Tes,core_loo,0.9233333333333333,0.6575205392582171,0.7571792708370599,0.3708099090508004,0.4372666523799136,False,True,0.09081128401643274,Bas_Ep#265
impostores,43,dia|lemma_dict:300|delta|w500|mnone|seven_plus|sblgnt,dia,lemma_dict:300,delta,500,none,seven_plus,sblgnt,300,Ef,target,0.9166666666666666,0.6500001366971865,0.7525807970285305,0.36515528875288367,0.43123542598687026,False,True,0.07959610813889051,IgnLong#9
impostores,43,dia|lemma_dict:300|delta|w500|mnone|seven_plus|sblgnt,dia,lemma_dict:300,delta,500,none,seven_plus,sblgnt,300,1Tim,target,0.8866666666666667,0.6109536448437568,0.7279659327600728,0.3350598485918752,0.39921263781532706,False,True,0.06848104367136343,PolFil
impostores,43,dia|lemma_dict:300|delta|w500|mnone|seven_plus|sblgnt,dia,lemma_dict:300,delta,500,none,seven_plus,sblgnt,300,2Tim,target,0.9166666666666666,0.6500001366971865,0.7525807970285305,0.36515528875288367,0.43123542598687026,False,True,0.08097084719798286,PolFil
impostores,43,dia|lemma_dict:300|delta|w500|mnone|seven_plus|sblgnt,dia,lemma_dict:300,delta,500,none,seven_plus,sblgnt,300,Tit,target,0.83,0.521959882958897,0.666765076274823,0.2620229280256146,0.32191364509688003,False,True,0.06862064694705267,Bas_Ep#219
impostores,43,dia|lemma_dict:300|delta|w500|mnone|seven_plus|sblgnt,dia,lemma_dict:300,delta,500,none,seven_plus,sblgnt,300,Heb,target,0.6566666666666666,0.23750463891438783,0.3955855803990175,0.006763050888335337,0.05012430275548828,False,True,0.022339644263273395,IgnLong#3
impostores,44,dia|lemma_dict:300|delta|w500|mnone|trece|sblgnt,dia,lemma_dict:300,delta,500,none,trece,sblgnt,300,Rom,core_loo,0.9433333333333334,0.5996667453182856,0.6838181071800566,0.2899502779426573,0.35738094535039816,False,True,0.09507068109297726,IgnFil
impostores,44,dia|lemma_dict:300|delta|w500|mnone|trece|sblgnt,dia,lemma_dict:300,delta,500,none,trece,sblgnt,300,1Cor,core_loo,0.9166666666666666,0.5775265020436648,0.6711916440232674,0.27419930968309836,0.3402560582793531,False,True,0.07292945761799963,IgnLong#6
impostores,44,dia|lemma_dict:300|delta|w500|mnone|trece|sblgnt,dia,lemma_dict:300,delta,500,none,trece,sblgnt,300,2Cor,core_loo,0.95,0.6040410663268337,0.6862565324405627,0.2930140994612804,0.36071505377901925,False,True,0.0908149289327636,2Jn
impostores,44,dia|lemma_dict:300|delta|w500|mnone|trece|sblgnt,dia,lemma_dict:300,delta,500,none,trece,sblgnt,300,Gal,core_loo,0.93,0.5894836451798555,0.6780704111213011,0.2827561151672699,0.3495561663625246,False,True,0.08810751670699957,Bas_Ep#224
impostores,44,dia|lemma_dict:300|delta|w500|mnone|trece|sblgnt,dia,lemma_dict:300,delta,500,none,trece,sblgnt,300,Ef,core_loo,0.8966666666666666,0.5566588346171117,0.6588397701941721,0.25898846424316085,0.3237392031572737,False,True,0.07583634456879124,2Jn
impostores,44,dia|lemma_dict:300|delta|w500|mnone|trece|sblgnt,dia,lemma_dict:300,delta,500,none,trece,sblgnt,300,Flp,core_loo,0.97,0.6140795290763914,0.691784113612828,0.29998435327202344,0.36830434451813254,False,True,0.10253888297347549,IgnFil
impostores,44,dia|lemma_dict:300|delta|w500|mnone|trece|sblgnt,dia,lemma_dict:300,delta,500,none,trece,sblgnt,300,Col,core_loo,0.9,0.560359191043036,0.6610629921247101,0.2617110694984711,0.3266943156308677,False,True,0.07173692781696195,PolFil
impostores,44,dia|lemma_dict:300|delta|w500|mnone|trece|sblgnt,dia,lemma_dict:300,delta,500,none,trece,sblgnt,300,1Tes,core_loo,0.9433333333333334,0.5996667453182856,0.6838181071800566,0.2899502779426573,0.35738094535039816,False,True,0.09379217911195264,1Pe
impostores,44,dia|lemma_dict:300|delta|w500|mnone|trece|sblgnt,dia,lemma_dict:300,delta,500,none,trece,sblgnt,300,2Tes,core_loo,0.9633333333333334,0.6112632469236053,0.6902428718679934,0.2980374294948313,0.3661839153619331,False,True,0.11041957961270091,PolFil
impostores,44,dia|lemma_dict:300|delta|w500|mnone|trece|sblgnt,dia,lemma_dict:300,delta,500,none,trece,sblgnt,300,1Tim,core_loo,0.9433333333333334,0.5996667453182856,0.6838181071800566,0.2899502779426573,0.35738094535039816,False,True,0.09469295355236268,PolFil
impostores,44,dia|lemma_dict:300|delta|w500|mnone|trece|sblgnt,dia,lemma_dict:300,delta,500,none,trece,sblgnt,300,2Tim,core_loo,0.9366666666666666,0.5948076351337135,0.681087970262657,0.2865281636533141,0.35365817313529363,False,True,0.08456519822506481,2Jn
impostores,44,dia|lemma_dict:300|delta|w500|mnone|trece|sblgnt,dia,lemma_dict:300,delta,500,none,trece,sblgnt,300,Tit,core_loo,0.9066666666666666,0.5675018645459822,0.6653139372687257,0.266935699261578,0.3323665796025502,False,True,0.08847026504046368,2Jn
impostores,44,dia|lemma_dict:300|delta|w500|mnone|trece|sblgnt,dia,lemma_dict:300,delta,500,none,trece,sblgnt,300,Flm,core_loo,0.9433333333333334,0.5996667453182856,0.6838181071800566,0.2899502779426573,0.35738094535039816,False,True,0.10449427607163109,Bas_Ep#172
impostores,44,dia|lemma_dict:300|delta|w500|mnone|trece|sblgnt,dia,lemma_dict:300,delta,500,none,trece,sblgnt,300,Heb,target,0.7866666666666666,0.40438936481432375,0.5529534530054105,0.1390352644854882,0.19352032429435254,False,True,0.038238031482860535,IgnLong#3
impostores,45,dia|lemma_dict:300|delta|w500|mformulae+preformed+otq+reuse|hauptbriefe|sblgnt,dia,lemma_dict:300,delta,500,formulae+preformed+otq+reuse,hauptbriefe,sblgnt,300,Rom,core_loo,0.7633333333333333,0.6258715804782852,0.8474300593176554,0.4617658366302395,0.5145463935589772,False,True,0.04538228536673017,Bas_Ep#295
impostores,45,dia|lemma_dict:300|delta|w500|mformulae+preformed+otq+reuse|hauptbriefe|sblgnt,dia,lemma_dict:300,delta,500,formulae+preformed+otq+reuse,hauptbriefe,sblgnt,300,1Cor,core_loo,0.6666666666666666,0.42091217058050917,0.5856922497695762,0.218779862555581,0.2690716844768154,False,True,0.026209295085073137,IgnLong#10
impostores,45,dia|lemma_dict:300|delta|w500|mformulae+preformed+otq+reuse|hauptbriefe|sblgnt,dia,lemma_dict:300,delta,500,formulae+preformed+otq+reuse,hauptbriefe,sblgnt,300,2Cor,core_loo,0.6566666666666666,0.39984278918208294,0.5574632939960114,0.19524129984045724,0.24501528086879673,False,True,0.022737773196652267,2Jn
impostores,45,dia|lemma_dict:300|delta|w500|mformulae+preformed+otq+reuse|hauptbriefe|sblgnt,dia,lemma_dict:300,delta,500,formulae+preformed+otq+reuse,hauptbriefe,sblgnt,300,Gal,core_loo,0.82,0.7409984555606148,0.9885638795406189,0.603212443695357,0.6556338332244734,False,True,0.0633939440261933,2Jn
impostores,45,dia|lemma_dict:300|delta|w500|mformulae+preformed+otq+reuse|hauptbriefe|sblgnt,dia,lemma_dict:300,delta,500,formulae+preformed+otq+reuse,hauptbriefe,sblgnt,300,Ef,target,0.7433333333333333,0.583765115785579,0.7950596242063859,0.4103820374392301,0.4629980478457669,False,True,0.04956923981412423,Bas_Ep#200
impostores,45,dia|lemma_dict:300|delta|w500|mformulae+preformed+otq+reuse|hauptbriefe|sblgnt,dia,lemma_dict:300,delta,500,formulae+preformed+otq+reuse,hauptbriefe,sblgnt,300,Col,target,0.7333333333333333,0.5625702830213459,0.768489204113897,0.3847098714999237,0.43717915591660433,False,True,0.04487657292269326,IgnEf
impostores,45,dia|lemma_dict:300|delta|w500|mformulae+preformed+otq+reuse|hauptbriefe|sblgnt,dia,lemma_dict:300,delta,500,formulae+preformed+otq+reuse,hauptbriefe,sblgnt,300,2Tes,target,0.7466666666666667,0.590812610906045,0.8038615685717647,0.4189503921099413,0.4716055860529512,False,True,0.04922315097160149,Bas_Ep#265
impostores,45,dia|lemma_dict:300|delta|w500|mformulae+preformed+otq+reuse|hauptbriefe|sblgnt,dia,lemma_dict:300,delta,500,formulae+preformed+otq+reuse,hauptbriefe,sblgnt,300,1Tim,target,0.6733333333333333,0.43500549131692257,0.6043941175866002,0.23471906734816567,0.28532738217324183,False,True,0.029009937527306018,2Jn
impostores,45,dia|lemma_dict:300|delta|w500|mformulae+preformed+otq+reuse|hauptbriefe|sblgnt,dia,lemma_dict:300,delta,500,formulae+preformed+otq+reuse,hauptbriefe,sblgnt,300,2Tim,target,0.5833333333333334,0.249277643559369,0.343593179158073,0.03928091153726311,0.08361009796468005,False,True,0.014333106273845875,2Jn
impostores,45,dia|lemma_dict:300|delta|w500|mformulae+preformed+otq+reuse|hauptbriefe|sblgnt,dia,lemma_dict:300,delta,500,formulae+preformed+otq+reuse,hauptbriefe,sblgnt,300,Tit,target,0.49666666666666665,0.08399522301115625,0.07370314688655362,-0.09996003326339557,-0.0659655411349567,False,True,-0.0008371485869091977,Bas_Ep#114
impostores,45,dia|lemma_dict:300|delta|w500|mformulae+preformed+otq+reuse|hauptbriefe|sblgnt,dia,lemma_dict:300,delta,500,formulae+preformed+otq+reuse,hauptbriefe,sblgnt,300,Heb,target,0.42,-0.0489652538689354,-0.17941457188259705,-0.1822107764571646,-0.16073864566596793,False,True,-0.008696830509009323,Bas_Ep#265
impostores,46,dia|lemma_dict:300|delta|w500|mformulae+preformed+otq+reuse|seven_plus|sblgnt,dia,lemma_dict:300,delta,500,formulae+preformed+otq+reuse,seven_plus,sblgnt,300,Rom,core_loo,0.9366666666666666,0.6990830275759348,0.7980650174547859,0.4126277056631213,0.48125393989960896,False,True,0.08730619450502441,IgnFil
impostores,46,dia|lemma_dict:300|delta|w500|mformulae+preformed+otq+reuse|seven_plus|sblgnt,dia,lemma_dict:300,delta,500,formulae+preformed+otq+reuse,seven_plus,sblgnt,300,1Cor,core_loo,0.86,0.5940156095269813,0.7234547580664147,0.32715884381206684,0.3906290777158806,False,True,0.059396563079968434,PolFil
impostores,46,dia|lemma_dict:300|delta|w500|mformulae+preformed+otq+reuse|seven_plus|sblgnt,dia,lemma_dict:300,delta,500,formulae+preformed+otq+reuse,seven_plus,sblgnt,300,2Cor,core_loo,0.9366666666666666,0.6990830275759348,0.7980650174547859,0.4126277056631213,0.48125393989960896,False,True,0.08598295422715815,2Jn
impostores,46,dia|lemma_dict:300|delta|w500|mformulae+preformed+otq+reuse|seven_plus|sblgnt,dia,lemma_dict:300,delta,500,formulae+preformed+otq+reuse,seven_plus,sblgnt,300,Gal,core_loo,0.9666666666666667,0.722075763102443,0.8133947930651879,0.4303438423324162,0.5001348194814386,False,True,0.09601971799943726,IgnLong#9
impostores,46,dia|lemma_dict:300|delta|w500|mformulae+preformed+otq+reuse|seven_plus|sblgnt,dia,lemma_dict:300,delta,500,formulae+preformed+otq+reuse,seven_plus,sblgnt,300,Flp,core_loo,0.97,0.7238019017350932,0.8145318327815052,0.4316588396181451,0.5015378974497202,False,True,0.10232464013040257,Bas_Ep#213
impostores,46,dia|lemma_dict:300|delta|w500|mformulae+preformed+otq+reuse|seven_plus|sblgnt,dia,lemma_dict:300,delta,500,formulae+preformed+otq+reuse,seven_plus,sblgnt,300,1Tes,core_loo,0.8733333333333333,0.6156619500355618,0.7394657778840331,0.34534303389264487,0.4098585695655479,False,True,0.06539481378767714,IgnFil
impostores,46,dia|lemma_dict:300|delta|w500|mformulae+preformed+otq+reuse|seven_plus|sblgnt,dia,lemma_dict:300,delta,500,formulae+preformed+otq+reuse,seven_plus,sblgnt,300,Flm,core_loo,0.86,0.5940156095269813,0.7234547580664147,0.32715884381206684,0.3906290777158806,False,True,0.07161066018745849,Bas_Ep#65
impostores,46,dia|lemma_dict:300|delta|w500|mformulae+preformed+otq+reuse|seven_plus|sblgnt,dia,lemma_dict:300,delta,500,formulae+preformed+otq+reuse,seven_plus,sblgnt,300,Col,core_loo,0.8666666666666667,0.6049621440509231,0.7315949857367078,0.3363897580347744,0.4003879091251413,False,True,0.07078241424236711,PolFil
impostores,46,dia|lemma_dict:300|delta|w500|mformulae+preformed+otq+reuse|seven_plus|sblgnt,dia,lemma_dict:300,delta,500,formulae+preformed+otq+reuse,seven_plus,sblgnt,300,2Tes,core_loo,0.8933333333333333,0.6459840041189524,0.7613218972371543,0.3703281234428098,0.4363198850112766,False,True,0.08210959935364565,IgnFil
impostores,46,dia|lemma_dict:300|delta|w500|mformulae+preformed+otq+reuse|seven_plus|sblgnt,dia,lemma_dict:300,delta,500,formulae+preformed+otq+reuse,seven_plus,sblgnt,300,Ef,target,0.9133333333333333,0.6729770181929354,0.78023813522736,0.392068688587265,0.45939072611513787,False,True,0.0827509885041835,Bas_Ep#242
impostores,46,dia|lemma_dict:300|delta|w500|mformulae+preformed+otq+reuse|seven_plus|sblgnt,dia,lemma_dict:300,delta,500,formulae+preformed+otq+reuse,seven_plus,sblgnt,300,1Tim,target,0.8833333333333333,0.631184970775111,0.7507365432881881,0.3582066254321996,0.42347581754758373,False,True,0.06431265709017159,1Pe
impostores,46,dia|lemma_dict:300|delta|w500|mformulae+preformed+otq+reuse|seven_plus|sblgnt,dia,lemma_dict:300,delta,500,formulae+preformed+otq+reuse,seven_plus,sblgnt,300,2Tim,target,0.96,0.7181065103187549,0.8107728923284027,0.42731201480239916,0.4969007944634065,False,True,0.08597340582128643,PolFil
impostores,46,dia|lemma_dict:300|delta|w500|mformulae+preformed+otq+reuse|seven_plus|sblgnt,dia,lemma_dict:300,delta,500,formulae+preformed+otq+reuse,seven_plus,sblgnt,300,Tit,target,0.7566666666666667,0.4098445361548336,0.5708358299050507,0.16350215529833512,0.21782227393821443,False,True,0.037367820027514764,Bas_Ep#295
impostores,46,dia|lemma_dict:300|delta|w500|mformulae+preformed+otq+reuse|seven_plus|sblgnt,dia,lemma_dict:300,delta,500,formulae+preformed+otq+reuse,seven_plus,sblgnt,300,Heb,target,0.6533333333333333,0.23128364852403513,0.38006543170653134,0.0046894128974660255,0.046972554001333634,False,True,0.018839314070472568,IgnLong#3
impostores,47,dia|lemma_dict:300|delta|w500|mformulae+preformed+otq+reuse|trece|sblgnt,dia,lemma_dict:300,delta,500,formulae+preformed+otq+reuse,trece,sblgnt,300,Rom,core_loo,0.9366666666666666,0.6129951860095729,0.6970008377942967,0.30829970654287986,0.37499191999516296,False,True,0.1009618978972131,2Jn
impostores,47,dia|lemma_dict:300|delta|w500|mformulae+preformed+otq+reuse|trece|sblgnt,dia,lemma_dict:300,delta,500,formulae+preformed+otq+reuse,trece,sblgnt,300,1Cor,core_loo,0.9133333333333333,0.5913740243565646,0.6840275838855534,0.2924769172990101,0.3580355812899706,False,True,0.07567446663950211,IgnLong#10
impostores,47,dia|lemma_dict:300|delta|w500|mformulae+preformed+otq+reuse|trece|sblgnt,dia,lemma_dict:300,delta,500,formulae+preformed+otq+reuse,trece,sblgnt,300,2Cor,core_loo,0.9533333333333334,0.6248306469378128,0.7039285590023472,0.31680361865968215,0.38411160451521326,False,True,0.0894041324078593,2Jn
impostores,47,dia|lemma_dict:300|delta|w500|mformulae+preformed+otq+reuse|trece|sblgnt,dia,lemma_dict:300,delta,500,formulae+preformed+otq+reuse,trece,sblgnt,300,Gal,core_loo,0.9466666666666667,0.6204841498070427,0.701398436330946,0.313693713668363,0.38077590632637903,False,True,0.09860548344322101,Bas_Ep#265
impostores,47,dia|lemma_dict:300|delta|w500|mformulae+preformed+otq+reuse|trece|sblgnt,dia,lemma_dict:300,delta,500,formulae+preformed+otq+reuse,trece,sblgnt,300,Ef,core_loo,0.9333333333333333,0.6102506787673847,0.6953770141447984,0.3063117029639651,0.37286068334562505,False,True,0.08719043264926835,IgnFil
impostores,47,dia|lemma_dict:300|delta|w500|mformulae+preformed+otq+reuse|trece|sblgnt,dia,lemma_dict:300,delta,500,formulae+preformed+otq+reuse,trece,sblgnt,300,Flp,core_loo,0.9633333333333334,0.6303344714858962,0.7071092289085802,0.3207196317070856,0.3883129962376142,False,True,0.10084290053582651,Bas_Ep#267
impostores,47,dia|lemma_dict:300|delta|w500|mformulae+preformed+otq+reuse|trece|sblgnt,dia,lemma_dict:300,delta,500,formulae+preformed+otq+reuse,trece,sblgnt,300,Col,core_loo,0.9,0.5767139358951612,0.6749903971183608,0.2815416161588971,0.3463240068802759,False,True,0.08775527627848442,2Jn
impostores,47,dia|lemma_dict:300|delta|w500|mformulae+preformed+otq+reuse|trece|sblgnt,dia,lemma_dict:300,delta,500,formulae+preformed+otq+reuse,trece,sblgnt,300,1Tes,core_loo,0.94,0.6156173737591759,0.6985461485253599,0.3101934847676083,0.37702238612739963,False,True,0.08679616267579737,2Clem
impostores,47,dia|lemma_dict:300|delta|w500|mformulae+preformed+otq+reuse|trece|sblgnt,dia,lemma_dict:300,delta,500,formulae+preformed+otq+reuse,trece,sblgnt,300,2Tes,core_loo,0.9433333333333334,0.6181145599566513,0.7000122411075946,0.3119918617257583,0.37895079290726746,False,True,0.1055988641696709,IgnFil
impostores,47,dia|lemma_dict:300|delta|w500|mformulae+preformed+otq+reuse|trece|sblgnt,dia,lemma_dict:300,delta,500,formulae+preformed+otq+reuse,trece,sblgnt,300,1Tim,core_loo,0.97,0.6333026819244134,0.7088139119512054,0.32282130884398175,0.39056834212540825,False,True,0.10232732988885138,PolFil
impostores,47,dia|lemma_dict:300|delta|w500|mformulae+preformed+otq+reuse|trece|sblgnt,dia,lemma_dict:300,delta,500,formulae+preformed+otq+reuse,trece,sblgnt,300,2Tim,core_loo,0.9533333333333334,0.6248306469378128,0.7039285590023472,0.31680361865968215,0.38411160451521326,False,True,0.0903115063022516,PolFil
impostores,47,dia|lemma_dict:300|delta|w500|mformulae+preformed+otq+reuse|trece|sblgnt,dia,lemma_dict:300,delta,500,formulae+preformed+otq+reuse,trece,sblgnt,300,Tit,core_loo,0.9,0.5767139358951612,0.6749903971183608,0.2815416161588971,0.3463240068802759,False,True,0.07991958506831287,Bas_Ep#114
impostores,47,dia|lemma_dict:300|delta|w500|mformulae+preformed+otq+reuse|trece|sblgnt,dia,lemma_dict:300,delta,500,formulae+preformed+otq+reuse,trece,sblgnt,300,Flm,core_loo,0.91,0.5878539681124237,0.6818756920740726,0.2898662616888268,0.3552391546662871,False,True,0.08071338959780205,Bas_Ep#65
impostores,47,dia|lemma_dict:300|delta|w500|mformulae+preformed+otq+reuse|trece|sblgnt,dia,lemma_dict:300,delta,500,formulae+preformed+otq+reuse,trece,sblgnt,300,Heb,target,0.8,0.43377203375929085,0.5752088834437454,0.16748665823563416,0.22406596585534105,False,True,0.039692482127274775,Bas_Ep#200
