author,a,b,distance
Alcifrón~Basilio de Cesarea,Alciphr10#1,Bas_Ep#2,0.6399263198903975
Alcifrón~Basilio de Cesarea,Alciphr10#1,Bas_Ep#52,0.6039739115459082
Alcifrón~Basilio de Cesarea,Alciphr10#1,Bas_Ep#58,0.6896611357242624
Alcifrón~Basilio de Cesarea,Alciphr10#1,Bas_Ep#66,0.6718041493812221
Alcifrón~Basilio de Cesarea,Alciphr10#1,Bas_Ep#100,0.6654063399719934
Alcifrón~Basilio de Cesarea,Alciphr10#1,Bas_Ep#116,0.6350664438277325
Alcifrón~Basilio de Cesarea,Alciphr10#1,Bas_Ep#124,0.7197647882739451
Alcifrón~Basilio de Cesarea,Alciphr10#1,Bas_Ep#135,0.5753229856557345
Alcifrón~Basilio de Cesarea,Alciphr10#1,Bas_Ep#156,0.5910482866268983
Alcifrón~Basilio de Cesarea,Alciphr10#1,Bas_Ep#159,0.6237803262805273
Alcifrón~Basilio de Cesarea,Alciphr10#1,Bas_Ep#165,0.6581461650416506
Alcifrón~Basilio de Cesarea,Alciphr10#1,Bas_Ep#237,0.6083261969838833
Alcifrón~Basilio de Cesarea,Alciphr10#1,Bas_Ep#323,0.6582526041277543
Alcifrón~Basilio de Cesarea,Alciphr10#2,Bas_Ep#22,0.7712961457372279
Alcifrón~Basilio de Cesarea,Alciphr10#2,Bas_Ep#24,0.6549836367945304
Alcifrón~Basilio de Cesarea,Alciphr10#2,Bas_Ep#37,0.696428580932867
Alcifrón~Basilio de Cesarea,Alciphr10#2,Bas_Ep#89,0.6585680740583773
Alcifrón~Basilio de Cesarea,Alciphr10#2,Bas_Ep#95,0.6821486479699906
Alcifrón~Basilio de Cesarea,Alciphr10#2,Bas_Ep#98,0.6244218466933077
Alcifrón~Basilio de Cesarea,Alciphr10#2,Bas_Ep#105,0.6968229428871366
Alcifrón~Basilio de Cesarea,Alciphr10#2,Bas_Ep#151,0.6873223348194961
Alcifrón~Basilio de Cesarea,Alciphr10#2,Bas_Ep#156,0.628008816768611
Alcifrón~Basilio de Cesarea,Alciphr10#2,Bas_Ep#204,0.6568585813847104
Alcifrón~Basilio de Cesarea,Alciphr10#2,Bas_Ep#205,0.6826132732946602
Alcifrón~Basilio de Cesarea,Alciphr10#2,Bas_Ep#240,0.6285565436581082
Alcifrón~Basilio de Cesarea,Alciphr10#2,Bas_Ep#242,0.62656431877902
Alcifrón~Basilio de Cesarea,Alciphr10#2,Bas_Ep#269,0.6735256001740652
Alcifrón~Basilio de Cesarea,Alciphr10#2,Bas_Ep#302,0.6859815670271319
Alcifrón~Basilio de Cesarea,Alciphr10#3,Bas_Ep#1,0.5999116187923195
Alcifrón~Basilio de Cesarea,Alciphr10#3,Bas_Ep#32,0.6181263395681975
Alcifrón~Basilio de Cesarea,Alciphr10#3,Bas_Ep#48,0.6421106202396727
Alcifrón~Basilio de Cesarea,Alciphr10#3,Bas_Ep#63,0.7029997768106652
Alcifrón~Basilio de Cesarea,Alciphr10#3,Bas_Ep#84,0.597249606589237
Alcifrón~Basilio de Cesarea,Alciphr10#3,Bas_Ep#105,0.6640315423640896
Alcifrón~Basilio de Cesarea,Alciphr10#3,Bas_Ep#124,0.7144619848170011
Alcifrón~Basilio de Cesarea,Alciphr10#3,Bas_Ep#128,0.6255624226454943
Alcifrón~Basilio de Cesarea,Alciphr10#3,Bas_Ep#141,0.6369203848576286
Alcifrón~Basilio de Cesarea,Alciphr10#3,Bas_Ep#198,0.642271405434167
Alcifrón~Basilio de Cesarea,Alciphr10#3,Bas_Ep#199,0.6616028142730987
Alcifrón~Basilio de Cesarea,Alciphr10#3,Bas_Ep#219,0.6340576434365996
Alcifrón~Basilio de Cesarea,Alciphr10#3,Bas_Ep#243,0.6467854550540523
Alcifrón~Basilio de Cesarea,Alciphr10#3,Bas_Ep#248,0.6867097062816797
Alcifrón~Basilio de Cesarea,Alciphr10#3,Bas_Ep#260,0.6537430457055585
Alcifrón~Basilio de Cesarea,Alciphr10#3,Bas_Ep#262,0.6813782536080101
Alcifrón~Basilio de Cesarea,Alciphr10#3,Bas_Ep#263,0.637448088237739
Alcifrón~Basilio de Cesarea,Alciphr10#3,Bas_Ep#293,0.6329168324566213
Alcifrón~Basilio de Cesarea,Alciphr10#3,Bas_Ep#300,0.6162536619688682
Alcifrón~Basilio de Cesarea,Alciphr10#4,Bas_Ep#53,0.6852278165354967
Alcifrón~Basilio de Cesarea,Alciphr10#4,Bas_Ep#83,0.6953489287645414
Alcifrón~Basilio de Cesarea,Alciphr10#4,Bas_Ep#98,0.654263390561863
Alcifrón~Basilio de Cesarea,Alciphr10#4,Bas_Ep#113,0.6816572253467352
Alcifrón~Basilio de Cesarea,Alciphr10#4,Bas_Ep#137,0.7020901240657518
Alcifrón~Basilio de Cesarea,Alciphr10#4,Bas_Ep#200,0.662759426067118
Alcifrón~Basilio de Cesarea,Alciphr10#4,Bas_Ep#228,0.6596828869214267
Alcifrón~Basilio de Cesarea,Alciphr10#4,Bas_Ep#257,0.6683779495467881
Alcifrón~Basilio de Cesarea,Alciphr10#4,Bas_Ep#294,0.6777792194359498
Alcifrón~Basilio de Cesarea,Alciphr10#4,Bas_Ep#302,0.6949168023139661
Alcifrón~Ignacio,Alciphr10#1,IgnRom,0.7207118177570859
Alcifrón~Isócrates,Alciphr10#1,Isoc_Ep25,0.6991128656090099
Alcifrón~Isócrates,Alciphr10#3,Isoc_Ep25,0.7123864680353237
Alcifrón~Isócrates,Alciphr10#4,Isoc_Ep29,0.667903768511033
Alcifrón~Juliano,Alciphr10#1,Jul_Ep#47,0.6104860245878896
Alcifrón~Juliano,Alciphr10#2,Jul_Ep#21,0.6213889368696595
Alcifrón~Juliano,Alciphr10#2,Jul_Ep#26,0.672831303921682
Alcifrón~Juliano,Alciphr10#2,Jul_Ep#69,0.657910245536981
Alcifrón~Juliano,Alciphr10#3,Jul_Ep#21,0.6144897112162435
Alcifrón~Juliano,Alciphr10#3,Jul_Ep#32,0.670131412848468
Alcifrón~Juliano,Alciphr10#4,Jul_Ep#50,0.6327408450839135
Alcifrón~Libanio,Alciphr10#1,Liban_Ep10#40,0.682067351810349
Alcifrón~Libanio,Alciphr10#1,Liban_Ep10#196,0.6853688544107879
Alcifrón~Libanio,Alciphr10#1,Liban_Ep10#245,0.6099340262003644
Alcifrón~Libanio,Alciphr10#1,Liban_Ep10#362,0.6987387161026533
Alcifrón~Libanio,Alciphr10#1,Liban_Ep10#399,0.6534835406355967
Alcifrón~Libanio,Alciphr10#1,Liban_Ep10#493,0.6859695432244359
Alcifrón~Libanio,Alciphr10#1,Liban_Ep10#503,0.6810662444713641
Alcifrón~Libanio,Alciphr10#1,Liban_Ep10#620,0.6138568845418998
Alcifrón~Libanio,Alciphr10#1,Liban_Ep10#715,0.6822384953586941
Alcifrón~Libanio,Alciphr10#2,Liban_Ep10#40,0.6778033406497694
Alcifrón~Libanio,Alciphr10#2,Liban_Ep10#50,0.6501474469484811
Alcifrón~Libanio,Alciphr10#2,Liban_Ep10#86,0.6742710799276967
Alcifrón~Libanio,Alciphr10#2,Liban_Ep10#88,0.6862444258227426
Alcifrón~Libanio,Alciphr10#2,Liban_Ep10#256,0.6911790778647167
Alcifrón~Libanio,Alciphr10#2,Liban_Ep10#510,0.6885121849580659
Alcifrón~Libanio,Alciphr10#2,Liban_Ep10#555,0.642958345753387
Alcifrón~Libanio,Alciphr10#2,Liban_Ep10#561,0.658990808525028
Alcifrón~Libanio,Alciphr10#2,Liban_Ep10#620,0.6040069767130832
Alcifrón~Libanio,Alciphr10#2,Liban_Ep10#666,0.6547856386919435
Alcifrón~Libanio,Alciphr10#2,Liban_Ep10#715,0.6843573435255871
Alcifrón~Libanio,Alciphr10#3,Liban_Ep10#44,0.6731362260506889
Alcifrón~Libanio,Alciphr10#3,Liban_Ep10#50,0.6471171075284968
Alcifrón~Libanio,Alciphr10#3,Liban_Ep10#61,0.596682663981919
Alcifrón~Libanio,Alciphr10#3,Liban_Ep10#70,0.7012808999042135
Alcifrón~Libanio,Alciphr10#3,Liban_Ep10#163,0.620406903902302
Alcifrón~Libanio,Alciphr10#3,Liban_Ep10#386,0.6671907514438544
Alcifrón~Libanio,Alciphr10#3,Liban_Ep10#391,0.6754062757190555
Alcifrón~Libanio,Alciphr10#3,Liban_Ep10#405,0.5898195010627156
Alcifrón~Libanio,Alciphr10#3,Liban_Ep10#430,0.6891057031010549
Alcifrón~Libanio,Alciphr10#3,Liban_Ep10#432,0.629590913154339
Alcifrón~Libanio,Alciphr10#3,Liban_Ep10#509,0.7049883710933702
Alcifrón~Libanio,Alciphr10#3,Liban_Ep10#528,0.6832414537275031
Alcifrón~Libanio,Alciphr10#3,Liban_Ep10#659,0.6909916136624428
Alcifrón~Libanio,Alciphr10#3,Liban_Ep10#673,0.6568873451821097
Alcifrón~Libanio,Alciphr10#4,Liban_Ep10#114,0.6481365874916181
Alcifrón~Libanio,Alciphr10#4,Liban_Ep10#217,0.6388411818146358
Alcifrón~Libanio,Alciphr10#4,Liban_Ep10#218,0.626921799820957
Alcifrón~Libanio,Alciphr10#4,Liban_Ep10#252,0.715610282315742
Alcifrón~Libanio,Alciphr10#4,Liban_Ep10#281,0.6984156481946359
Alcifrón~Libanio,Alciphr10#4,Liban_Ep10#348,0.652911350184938
Alcifrón~Libanio,Alciphr10#4,Liban_Ep10#368,0.6978837498586317
Alcifrón~Libanio,Alciphr10#4,Liban_Ep10#379,0.6665688566794357
Alcifrón~Libanio,Alciphr10#4,Liban_Ep10#411,0.6662774078117423
Alcifrón~Libanio,Alciphr10#4,Liban_Ep10#495,0.705628698859094
Alcifrón~Libanio,Alciphr10#4,Liban_Ep10#497,0.6745835949130956
Alcifrón~Libanio,Alciphr10#4,Liban_Ep10#510,0.6718674385937736
Alcifrón~Libanio,Alciphr10#4,Liban_Ep10#560,0.6836073565806894
Alcifrón~Libanio,Alciphr10#4,Liban_Ep10#580,0.67642125922162
Alcifrón~Libanio,Alciphr10#4,Liban_Ep10#625,0.6960888939229665
Alcifrón~Libanio,Alciphr10#4,Liban_Ep10#731,0.6742757704952131
Alcifrón~Libanio,Alciphr10#4,Liban_Ep10#799,0.6979691126756045
Alcifrón~Policarpo,Alciphr10#3,PolFil,0.6775302856946535
Basilio de Cesarea~Alcifrón,Bas_Ep#99,Alciphr10#1,0.6688798051770066
Basilio de Cesarea~Alcifrón,Bas_Ep#271,Alciphr10#4,0.6461181179171093
Basilio de Cesarea~Clemente Romano,Bas_Ep#139,1Clem,0.609975632833688
Basilio de Cesarea~Clemente Romano,Bas_Ep#161,1Clem,0.6244178170270861
Basilio de Cesarea~Ignacio,Bas_Ep#3,IgnRom,0.7055202241255529
Basilio de Cesarea~Ignacio,Bas_Ep#26,IgnMagn,0.6987792659790635
Basilio de Cesarea~Ignacio,Bas_Ep#84,IgnPol,0.7040911644699553
Basilio de Cesarea~Ignacio,Bas_Ep#95,IgnRom,0.7542348907782843
Basilio de Cesarea~Ignacio,Bas_Ep#116,IgnMagn,0.7379517834521738
Basilio de Cesarea~Ignacio,Bas_Ep#138,IgnMagn,0.7085094960932511
Basilio de Cesarea~Ignacio,Bas_Ep#174,IgnRom,0.7050706826417591
Basilio de Cesarea~Ignacio,Bas_Ep#205,IgnEf,0.7255526295073915
Basilio de Cesarea~Ignacio,Bas_Ep#257,IgnFil,0.6773897308978093
Basilio de Cesarea~Juliano,Bas_Ep#3,Jul_Ep#51,0.6901858404041741
Basilio de Cesarea~Juliano,Bas_Ep#91,Jul_Ep#18,0.7560975609757616
Basilio de Cesarea~Juliano,Bas_Ep#96,Jul_Ep#20,0.6819683560203682
Basilio de Cesarea~Juliano,Bas_Ep#109,Jul_Ep#48,0.6724386724388899
Basilio de Cesarea~Juliano,Bas_Ep#223,Jul_Ep#8,0.6842126039285643
Basilio de Cesarea~Juliano,Bas_Ep#223,Jul_Ep#18,0.6991764151373027
Basilio de Cesarea~Juliano,Bas_Ep#238,Jul_Ep#18,0.6524521606896272
Basilio de Cesarea~Juliano,Bas_Ep#239,Jul_Ep#69,0.6969756248063204
Basilio de Cesarea~Juliano,Bas_Ep#262,Jul_Ep#4,0.6858064908971194
Basilio de Cesarea~Juliano,Bas_Ep#263,Jul_Ep#4,0.663264680199544
Basilio de Cesarea~Juliano,Bas_Ep#267,Jul_Ep#67,0.6754297269971816
Basilio de Cesarea~Libanio,Bas_Ep#1,Liban_Ep10#40,0.675016479894744
Basilio de Cesarea~Libanio,Bas_Ep#2,Liban_Ep10#326,0.7824385536611487
Basilio de Cesarea~Libanio,Bas_Ep#6,Liban_Ep10#97,0.7097713240269491
Basilio de Cesarea~Libanio,Bas_Ep#14,Liban_Ep10#339,0.6460167184451849
Basilio de Cesarea~Libanio,Bas_Ep#18,Liban_Ep10#70,0.8024439918534789
Basilio de Cesarea~Libanio,Bas_Ep#18,Liban_Ep10#207,0.741538796387147
Basilio de Cesarea~Libanio,Bas_Ep#25,Liban_Ep10#516,0.6424159231299613
Basilio de Cesarea~Libanio,Bas_Ep#28,Liban_Ep10#625,0.6997976998497432
Basilio de Cesarea~Libanio,Bas_Ep#32,Liban_Ep10#371,0.6614446570833189
Basilio de Cesarea~Libanio,Bas_Ep#37,Liban_Ep10#694,0.7133622272829289
Basilio de Cesarea~Libanio,Bas_Ep#54,Liban_Ep10#411,0.7472482339413447
Basilio de Cesarea~Libanio,Bas_Ep#54,Liban_Ep10#791,0.6843027172694643
Basilio de Cesarea~Libanio,Bas_Ep#55,Liban_Ep10#510,0.7019053472650982
Basilio de Cesarea~Libanio,Bas_Ep#56,Liban_Ep10#226,0.7333849196115523
Basilio de Cesarea~Libanio,Bas_Ep#57,Liban_Ep10#348,0.7083829859677457
Basilio de Cesarea~Libanio,Bas_Ep#63,Liban_Ep10#37,0.7411167512691984
Basilio de Cesarea~Libanio,Bas_Ep#63,Liban_Ep10#281,0.7261112940403456
Basilio de Cesarea~Libanio,Bas_Ep#63,Liban_Ep10#298,0.747784763130696
Basilio de Cesarea~Libanio,Bas_Ep#66,Liban_Ep10#379,0.728291909533653
Basilio de Cesarea~Libanio,Bas_Ep#68,Liban_Ep10#693,0.7495366365996871
Basilio de Cesarea~Libanio,Bas_Ep#73,Liban_Ep10#371,0.6035086725200347
Basilio de Cesarea~Libanio,Bas_Ep#73,Liban_Ep10#694,0.6698125386817467
Basilio de Cesarea~Libanio,Bas_Ep#74,Liban_Ep10#163,0.6679477223740279
Basilio de Cesarea~Libanio,Bas_Ep#76,Liban_Ep10#814,0.7666223404256757
Basilio de Cesarea~Libanio,Bas_Ep#82,Liban_Ep10#833,0.7598145285936575
Basilio de Cesarea~Libanio,Bas_Ep#85,Liban_Ep10#219,0.7783005120947273
Basilio de Cesarea~Libanio,Bas_Ep#92,Liban_Ep10#274,0.7080691582765621
Basilio de Cesarea~Libanio,Bas_Ep#100,Liban_Ep10#37,0.7454242928454174
Basilio de Cesarea~Libanio,Bas_Ep#102,Liban_Ep10#504,0.71941245201153
Basilio de Cesarea~Libanio,Bas_Ep#102,Liban_Ep10#741,0.6488759970995843
Basilio de Cesarea~Libanio,Bas_Ep#104,Liban_Ep10#114,0.726017748978904
Basilio de Cesarea~Libanio,Bas_Ep#104,Liban_Ep10#358,0.7922647892476339
Basilio de Cesarea~Libanio,Bas_Ep#104,Liban_Ep10#814,0.7442508710803001
Basilio de Cesarea~Libanio,Bas_Ep#108,Liban_Ep10#336,0.7002713704208189
Basilio de Cesarea~Libanio,Bas_Ep#109,Liban_Ep10#339,0.7318754712917782
Basilio de Cesarea~Libanio,Bas_Ep#112,Liban_Ep10#492,0.6665036506620046
Basilio de Cesarea~Libanio,Bas_Ep#117,Liban_Ep10#62,0.7177747625510629
Basilio de Cesarea~Libanio,Bas_Ep#119,Liban_Ep10#196,0.7530353104889347
Basilio de Cesarea~Libanio,Bas_Ep#119,Liban_Ep10#808,0.7028753993612151
Basilio de Cesarea~Libanio,Bas_Ep#120,Liban_Ep10#281,0.7228614008943648
Basilio de Cesarea~Libanio,Bas_Ep#122,Liban_Ep10#374,0.728128206035479
Basilio de Cesarea~Libanio,Bas_Ep#126,Liban_Ep10#391,0.7790873368856871
Basilio de Cesarea~Libanio,Bas_Ep#128,Liban_Ep10#362,0.6994919890584212
Basilio de Cesarea~Libanio,Bas_Ep#129,Liban_Ep10#797,0.6534797253667438
Basilio de Cesarea~Libanio,Bas_Ep#136,Liban_Ep10#563,0.707790239466694
Basilio de Cesarea~Libanio,Bas_Ep#137,Liban_Ep10#739,0.7340659340661023
Basilio de Cesarea~Libanio,Bas_Ep#139,Liban_Ep10#314,0.7137810255083221
Basilio de Cesarea~Libanio,Bas_Ep#139,Liban_Ep10#694,0.7176201098218045
Basilio de Cesarea~Libanio,Bas_Ep#140,Liban_Ep10#838,0.702877801504086
Basilio de Cesarea~Libanio,Bas_Ep#141,Liban_Ep10#364,0.7088347275104013
Basilio de Cesarea~Libanio,Bas_Ep#154,Liban_Ep10#20,0.6686202882263055
Basilio de Cesarea~Libanio,Bas_Ep#154,Liban_Ep10#562,0.7394833948341125
Basilio de Cesarea~Libanio,Bas_Ep#155,Liban_Ep10#267,0.6822803449970538
Basilio de Cesarea~Libanio,Bas_Ep#174,Liban_Ep10#435,0.689381490692214
Basilio de Cesarea~Libanio,Bas_Ep#190,Liban_Ep10#207,0.6797457839666932
Basilio de Cesarea~Libanio,Bas_Ep#191,Liban_Ep10#735,0.6677240285489923
Basilio de Cesarea~Libanio,Bas_Ep#200,Liban_Ep10#97,0.6757132557423097
Basilio de Cesarea~Libanio,Bas_Ep#203,Liban_Ep10#35,0.6259230618435689
Basilio de Cesarea~Libanio,Bas_Ep#203,Liban_Ep10#504,0.6848163237330462
Basilio de Cesarea~Libanio,Bas_Ep#205,Liban_Ep10#833,0.7907272149890119
Basilio de Cesarea~Libanio,Bas_Ep#213,Liban_Ep10#252,0.7800579126276048
Basilio de Cesarea~Libanio,Bas_Ep#213,Liban_Ep10#281,0.7065622942426361
Basilio de Cesarea~Libanio,Bas_Ep#214,Liban_Ep10#326,0.762214929978828
Basilio de Cesarea~Libanio,Bas_Ep#214,Liban_Ep10#492,0.7082051724055078
Basilio de Cesarea~Libanio,Bas_Ep#217,Liban_Ep10#217,0.6849666095737381
Basilio de Cesarea~Libanio,Bas_Ep#217,Liban_Ep10#366,0.7270501477794233
Basilio de Cesarea~Libanio,Bas_Ep#217,Liban_Ep10#777,0.7391270979941902
Basilio de Cesarea~Libanio,Bas_Ep#220,Liban_Ep10#319,0.7115883006295824
Basilio de Cesarea~Libanio,Bas_Ep#220,Liban_Ep10#730,0.7336489228095591
Basilio de Cesarea~Libanio,Bas_Ep#224,Liban_Ep10#454,0.7654128497274447
Basilio de Cesarea~Libanio,Bas_Ep#229,Liban_Ep10#274,0.7278582930758576
Basilio de Cesarea~Libanio,Bas_Ep#230,Liban_Ep10#68,0.7243133265515491
Basilio de Cesarea~Libanio,Bas_Ep#231,Liban_Ep10#208,0.6712945868106459
Basilio de Cesarea~Libanio,Bas_Ep#231,Liban_Ep10#730,0.724746403992478
Basilio de Cesarea~Libanio,Bas_Ep#235,Liban_Ep10#219,0.6976410166889497
Basilio de Cesarea~Libanio,Bas_Ep#240,Liban_Ep10#66,0.6367265261661477
Basilio de Cesarea~Libanio,Bas_Ep#240,Liban_Ep10#374,0.6337376132839584
Basilio de Cesarea~Libanio,Bas_Ep#242,Liban_Ep10#255,0.6410961492789619
Basilio de Cesarea~Libanio,Bas_Ep#243,Liban_Ep10#239,0.7035262684271445
Basilio de Cesarea~Libanio,Bas_Ep#245,Liban_Ep10#777,0.7507528608714666
Basilio de Cesarea~Libanio,Bas_Ep#251,Liban_Ep10#730,0.7094336996352616
Basilio de Cesarea~Libanio,Bas_Ep#258,Liban_Ep10#808,0.6753158192104614
Basilio de Cesarea~Libanio,Bas_Ep#260,Liban_Ep10#81,0.7254855823797969
Basilio de Cesarea~Libanio,Bas_Ep#262,Liban_Ep10#400,0.7369794036462365
Basilio de Cesarea~Libanio,Bas_Ep#263,Liban_Ep10#240,0.7475498787486426
Basilio de Cesarea~Libanio,Bas_Ep#266,Liban_Ep10#625,0.6813856837848656
Basilio de Cesarea~Libanio,Bas_Ep#271,Liban_Ep10#240,0.745377822247517
Basilio de Cesarea~Libanio,Bas_Ep#277,Liban_Ep10#411,0.6529354661716769
Basilio de Cesarea~Libanio,Bas_Ep#291,Liban_Ep10#40,0.7122070070162252
Basilio de Cesarea~Libanio,Bas_Ep#295,Liban_Ep10#561,0.7549672979760368
Basilio de Cesarea~Libanio,Bas_Ep#300,Liban_Ep10#81,0.7068965517243274
Basilio de Cesarea~Libanio,Bas_Ep#323,Liban_Ep10#19,0.6827319624096047
Basilio de Cesarea~Libanio,Bas_Ep#323,Liban_Ep10#175,0.7003356241012015
Basilio de Cesarea~Luciano,Bas_Ep#95,Luc_Peregr,0.7106873550250429
Basilio de Cesarea~Orígenes,Bas_Ep#235,Orig_EpAfr,0.6572737490490173
Basilio de Cesarea~Porfirio,Bas_Ep#207,Porph_Marc,0.6318380683268188
Clemente Romano~Basilio de Cesarea,1Clem,Bas_Ep#2,0.6651874762731785
Clemente Romano~Basilio de Cesarea,1Clem,Bas_Ep#14,0.7022200186859571
Clemente Romano~Basilio de Cesarea,1Clem,Bas_Ep#18,0.7506658164393653
Clemente Romano~Basilio de Cesarea,1Clem,Bas_Ep#22,0.745108091717544
Clemente Romano~Basilio de Cesarea,1Clem,Bas_Ep#25,0.7024541594005693
Clemente Romano~Basilio de Cesarea,1Clem,Bas_Ep#29,0.6907026820075246
Clemente Romano~Basilio de Cesarea,1Clem,Bas_Ep#30,0.7060890006052832
Clemente Romano~Basilio de Cesarea,1Clem,Bas_Ep#34,0.6923702314479097
Clemente Romano~Basilio de Cesarea,1Clem,Bas_Ep#37,0.7166610707920714
Clemente Romano~Basilio de Cesarea,1Clem,Bas_Ep#51,0.6697597414200203
Clemente Romano~Basilio de Cesarea,1Clem,Bas_Ep#54,0.7074231064292095
Clemente Romano~Basilio de Cesarea,1Clem,Bas_Ep#57,0.7214476283960867
Clemente Romano~Basilio de Cesarea,1Clem,Bas_Ep#58,0.6975219609367668
Clemente Romano~Basilio de Cesarea,1Clem,Bas_Ep#60,0.7115776057467965
Clemente Romano~Basilio de Cesarea,1Clem,Bas_Ep#65,0.6887153651904974
Clemente Romano~Basilio de Cesarea,1Clem,Bas_Ep#68,0.725033289604909
Clemente Romano~Basilio de Cesarea,1Clem,Bas_Ep#74,0.7060597467062555
Clemente Romano~Basilio de Cesarea,1Clem,Bas_Ep#85,0.7175315479060165
Clemente Romano~Basilio de Cesarea,1Clem,Bas_Ep#90,0.6706017969651258
Clemente Romano~Basilio de Cesarea,1Clem,Bas_Ep#97,0.6850192381315648
Clemente Romano~Basilio de Cesarea,1Clem,Bas_Ep#99,0.6692932752676726
Clemente Romano~Basilio de Cesarea,1Clem,Bas_Ep#101,0.6900359933937378
Clemente Romano~Basilio de Cesarea,1Clem,Bas_Ep#124,0.7665365186598984
Clemente Romano~Basilio de Cesarea,1Clem,Bas_Ep#126,0.7006518528748514
Clemente Romano~Basilio de Cesarea,1Clem,Bas_Ep#128,0.689672404595256
Clemente Romano~Basilio de Cesarea,1Clem,Bas_Ep#130,0.6742190407079376
Clemente Romano~Basilio de Cesarea,1Clem,Bas_Ep#131,0.7128914802059494
Clemente Romano~Basilio de Cesarea,1Clem,Bas_Ep#136,0.6443779881340734
Clemente Romano~Basilio de Cesarea,1Clem,Bas_Ep#141,0.7106752763959818
Clemente Romano~Basilio de Cesarea,1Clem,Bas_Ep#150,0.6521632891245298
Clemente Romano~Basilio de Cesarea,1Clem,Bas_Ep#154,0.6781019648369987
Clemente Romano~Basilio de Cesarea,1Clem,Bas_Ep#156,0.6558275209608342
Clemente Romano~Basilio de Cesarea,1Clem,Bas_Ep#162,0.7454477248696233
Clemente Romano~Basilio de Cesarea,1Clem,Bas_Ep#191,0.6438037685646036
Clemente Romano~Basilio de Cesarea,1Clem,Bas_Ep#199,0.6865909093329872
Clemente Romano~Basilio de Cesarea,1Clem,Bas_Ep#200,0.6704279999056213
Clemente Romano~Basilio de Cesarea,1Clem,Bas_Ep#205,0.6764110122904372
Clemente Romano~Basilio de Cesarea,1Clem,Bas_Ep#206,0.6863516798021354
Clemente Romano~Basilio de Cesarea,1Clem,Bas_Ep#214,0.6829672922732714
Clemente Romano~Basilio de Cesarea,1Clem,Bas_Ep#217,0.6671541097282985
Clemente Romano~Basilio de Cesarea,1Clem,Bas_Ep#223,0.6663409456554307
Clemente Romano~Basilio de Cesarea,1Clem,Bas_Ep#224,0.6616650233269633
Clemente Romano~Basilio de Cesarea,1Clem,Bas_Ep#226,0.6705176271186756
Clemente Romano~Basilio de Cesarea,1Clem,Bas_Ep#227,0.6480150049961921
Clemente Romano~Basilio de Cesarea,1Clem,Bas_Ep#228,0.6713496411172681
Clemente Romano~Basilio de Cesarea,1Clem,Bas_Ep#229,0.6706810067371654
Clemente Romano~Basilio de Cesarea,1Clem,Bas_Ep#237,0.6757535479585942
Clemente Romano~Basilio de Cesarea,1Clem,Bas_Ep#239,0.6933662566241596
Clemente Romano~Basilio de Cesarea,1Clem,Bas_Ep#242,0.6393915059258793
Clemente Romano~Basilio de Cesarea,1Clem,Bas_Ep#250,0.7034680443017624
Clemente Romano~Basilio de Cesarea,1Clem,Bas_Ep#257,0.6528080347910161
Clemente Romano~Basilio de Cesarea,1Clem,Bas_Ep#260,0.6416057415692693
Clemente Romano~Basilio de Cesarea,1Clem,Bas_Ep#262,0.6945652636873307
Clemente Romano~Basilio de Cesarea,1Clem,Bas_Ep#266,0.687591373596563
Clemente Romano~Basilio de Cesarea,1Clem,Bas_Ep#289,0.6641868370776536
Clemente Romano~Basilio de Cesarea,1Clem,Bas_Ep#302,0.6802750461090517
Clemente Romano~Basilio de Cesarea,1Clem,Bas_Ep#313,0.7035265684450108
Clemente Romano~Basilio de Cesarea,1Clem,Bas_Ep#323,0.7108538993790012
Clemente Romano~Ignacio,1Clem,IgnTral,0.6699910923890957
Clemente Romano~Ignacio,1Clem,IgnRom,0.7039981774788024
Clemente Romano~Ignacio,1Clem,IgnEsm,0.6469131857386229
Clemente Romano~Isócrates,1Clem,Isoc_Ep30,0.7336836798637948
Clemente Romano~Juliano,1Clem,Jul_Ep#4,0.7045956442619115
Clemente Romano~Juliano,1Clem,Jul_Ep#16,0.7200598081754817
Clemente Romano~Juliano,1Clem,Jul_Ep#20,0.7508935368622753
Clemente Romano~Juliano,1Clem,Jul_Ep#29,0.7115869877858216
Clemente Romano~Juliano,1Clem,Jul_Ep#30,0.7335503931769124
Clemente Romano~Juliano,1Clem,Jul_Ep#36,0.7295563140629754
Clemente Romano~Juliano,1Clem,Jul_Ep#47,0.6873902565201796
Clemente Romano~Juliano,1Clem,Jul_Ep#48,0.7172980809316045
Clemente Romano~Juliano,1Clem,Jul_Ep#53,0.7175670781383579
Clemente Romano~Juliano,1Clem,Jul_Ep#56,0.6815090549710263
Clemente Romano~Juliano,1Clem,Jul_EpAth,0.6902109930528552
Clemente Romano~Libanio,1Clem,Liban_Ep10#25,0.7408795494651926
Clemente Romano~Libanio,1Clem,Liban_Ep10#37,0.7290412593365126
Clemente Romano~Libanio,1Clem,Liban_Ep10#61,0.6997209774786236
Clemente Romano~Libanio,1Clem,Liban_Ep10#68,0.6974125939583377
Clemente Romano~Libanio,1Clem,Liban_Ep10#81,0.7616639122597574
Clemente Romano~Libanio,1Clem,Liban_Ep10#89,0.7437281463074624
Clemente Romano~Libanio,1Clem,Liban_Ep10#112,0.734793160446592
Clemente Romano~Libanio,1Clem,Liban_Ep10#113,0.7297644172866267
Clemente Romano~Libanio,1Clem,Liban_Ep10#115,0.7334568381686944
Clemente Romano~Libanio,1Clem,Liban_Ep10#127,0.7419500790839766
Clemente Romano~Libanio,1Clem,Liban_Ep10#163,0.7144231762398727
Clemente Romano~Libanio,1Clem,Liban_Ep10#195,0.7434487230506461
Clemente Romano~Libanio,1Clem,Liban_Ep10#197,0.725034321693528
Clemente Romano~Libanio,1Clem,Liban_Ep10#217,0.7174344559176873
Clemente Romano~Libanio,1Clem,Liban_Ep10#218,0.7250968748392781
Clemente Romano~Libanio,1Clem,Liban_Ep10#236,0.7036320935392858
Clemente Romano~Libanio,1Clem,Liban_Ep10#240,0.7849081836746705
Clemente Romano~Libanio,1Clem,Liban_Ep10#251,0.7191579152000711
Clemente Romano~Libanio,1Clem,Liban_Ep10#252,0.7884152086121835
Clemente Romano~Libanio,1Clem,Liban_Ep10#282,0.7857115747528134
Clemente Romano~Libanio,1Clem,Liban_Ep10#283,0.7745793947289041
Clemente Romano~Libanio,1Clem,Liban_Ep10#298,0.7494699678640858
Clemente Romano~Libanio,1Clem,Liban_Ep10#309,0.7517636328415593
Clemente Romano~Libanio,1Clem,Liban_Ep10#314,0.7405843662207187
Clemente Romano~Libanio,1Clem,Liban_Ep10#331,0.6875715667257809
Clemente Romano~Libanio,1Clem,Liban_Ep10#362,0.7322269001370477
Clemente Romano~Libanio,1Clem,Liban_Ep10#364,0.7414133640750235
Clemente Romano~Libanio,1Clem,Liban_Ep10#386,0.7280229226534491
Clemente Romano~Libanio,1Clem,Liban_Ep10#390,0.7304543277130087
Clemente Romano~Libanio,1Clem,Liban_Ep10#405,0.6656590192734395
Clemente Romano~Libanio,1Clem,Liban_Ep10#425,0.7231001904944978
Clemente Romano~Libanio,1Clem,Liban_Ep10#432,0.7176881615533034
Clemente Romano~Libanio,1Clem,Liban_Ep10#435,0.6889423458625878
Clemente Romano~Libanio,1Clem,Liban_Ep10#441,0.7047134441427365
Clemente Romano~Libanio,1Clem,Liban_Ep10#490,0.73045110779741
Clemente Romano~Libanio,1Clem,Liban_Ep10#492,0.7325746463005582
Clemente Romano~Libanio,1Clem,Liban_Ep10#557,0.7431193129831133
Clemente Romano~Libanio,1Clem,Liban_Ep10#561,0.7409670934217862
Clemente Romano~Libanio,1Clem,Liban_Ep10#604,0.7718280388769128
Clemente Romano~Libanio,1Clem,Liban_Ep10#651,0.734354705831257
Clemente Romano~Libanio,1Clem,Liban_Ep10#659,0.7929564434936723
Clemente Romano~Libanio,1Clem,Liban_Ep10#741,0.6949008619738419
Clemente Romano~Libanio,1Clem,Liban_Ep10#777,0.736423564162701
Clemente Romano~Libanio,1Clem,Liban_Ep10#779,0.7347110566080663
Clemente Romano~Libanio,1Clem,Liban_Ep10#833,0.7671481841709455
Clemente Romano~Libanio,1Clem,Liban_Ep10#838,0.7413557486980042
Clemente Romano~Luciano,1Clem,Luc_Peregr,0.6725273286529284
Eliano~Alcifrón,Ael_EpRust,Alciphr10#3,0.6424280003801183
Eliano~Basilio de Cesarea,Ael_EpRust,Bas_Ep#1,0.6373839931819127
Eliano~Basilio de Cesarea,Ael_EpRust,Bas_Ep#3,0.6707979616681015
Eliano~Basilio de Cesarea,Ael_EpRust,Bas_Ep#5,0.6831617503916674
Eliano~Basilio de Cesarea,Ael_EpRust,Bas_Ep#18,0.7583177490083989
Eliano~Basilio de Cesarea,Ael_EpRust,Bas_Ep#30,0.7010267572943591
Eliano~Basilio de Cesarea,Ael_EpRust,Bas_Ep#48,0.6871874377623596
Eliano~Basilio de Cesarea,Ael_EpRust,Bas_Ep#57,0.7442163933970563
Eliano~Basilio de Cesarea,Ael_EpRust,Bas_Ep#60,0.7061588774121116
Eliano~Basilio de Cesarea,Ael_EpRust,Bas_Ep#66,0.7308202366249472
Eliano~Basilio de Cesarea,Ael_EpRust,Bas_Ep#71,0.6730201684541655
Eliano~Basilio de Cesarea,Ael_EpRust,Bas_Ep#73,0.6345190590023287
Eliano~Basilio de Cesarea,Ael_EpRust,Bas_Ep#76,0.7303403063723765
Eliano~Basilio de Cesarea,Ael_EpRust,Bas_Ep#99,0.6841224429786843
Eliano~Basilio de Cesarea,Ael_EpRust,Bas_Ep#102,0.7316021424502612
Eliano~Basilio de Cesarea,Ael_EpRust,Bas_Ep#104,0.7577393455986058
Eliano~Basilio de Cesarea,Ael_EpRust,Bas_Ep#105,0.7178975315661515
Eliano~Basilio de Cesarea,Ael_EpRust,Bas_Ep#112,0.6932324444633072
Eliano~Basilio de Cesarea,Ael_EpRust,Bas_Ep#114,0.6771576835755336
Eliano~Basilio de Cesarea,Ael_EpRust,Bas_Ep#117,0.7294506930945742
Eliano~Basilio de Cesarea,Ael_EpRust,Bas_Ep#122,0.7515806818181903
Eliano~Basilio de Cesarea,Ael_EpRust,Bas_Ep#125,0.6809435895505062
Eliano~Basilio de Cesarea,Ael_EpRust,Bas_Ep#131,0.6729192062146147
Eliano~Basilio de Cesarea,Ael_EpRust,Bas_Ep#135,0.6239342761206217
Eliano~Basilio de Cesarea,Ael_EpRust,Bas_Ep#136,0.6597701959720901
Eliano~Basilio de Cesarea,Ael_EpRust,Bas_Ep#137,0.7219399328252706
Eliano~Basilio de Cesarea,Ael_EpRust,Bas_Ep#138,0.66647843091484
Eliano~Basilio de Cesarea,Ael_EpRust,Bas_Ep#140,0.6796916042784856
Eliano~Basilio de Cesarea,Ael_EpRust,Bas_Ep#141,0.7116276074560653
Eliano~Basilio de Cesarea,Ael_EpRust,Bas_Ep#148,0.7284432016451533
Eliano~Basilio de Cesarea,Ael_EpRust,Bas_Ep#165,0.7215832321597099
Eliano~Basilio de Cesarea,Ael_EpRust,Bas_Ep#191,0.687077274781771
Eliano~Basilio de Cesarea,Ael_EpRust,Bas_Ep#198,0.7243097406460418
Eliano~Basilio de Cesarea,Ael_EpRust,Bas_Ep#210,0.6665954832102904
Eliano~Basilio de Cesarea,Ael_EpRust,Bas_Ep#212,0.6534311843717691
Eliano~Basilio de Cesarea,Ael_EpRust,Bas_Ep#214,0.6862044759708019
Eliano~Basilio de Cesarea,Ael_EpRust,Bas_Ep#224,0.6748247847955675
Eliano~Basilio de Cesarea,Ael_EpRust,Bas_Ep#225,0.7077336670855666
Eliano~Basilio de Cesarea,Ael_EpRust,Bas_Ep#227,0.6870254680245751
Eliano~Basilio de Cesarea,Ael_EpRust,Bas_Ep#228,0.6969308662828706
Eliano~Basilio de Cesarea,Ael_EpRust,Bas_Ep#230,0.7535923982044904
Eliano~Basilio de Cesarea,Ael_EpRust,Bas_Ep#233,0.7175946515152842
Eliano~Basilio de Cesarea,Ael_EpRust,Bas_Ep#239,0.7118209485743654
Eliano~Basilio de Cesarea,Ael_EpRust,Bas_Ep#240,0.6733946404022697
Eliano~Basilio de Cesarea,Ael_EpRust,Bas_Ep#242,0.6653818090771785
Eliano~Basilio de Cesarea,Ael_EpRust,Bas_Ep#244,0.6582773699588584
Eliano~Basilio de Cesarea,Ael_EpRust,Bas_Ep#245,0.6832070643073392
Eliano~Basilio de Cesarea,Ael_EpRust,Bas_Ep#256,0.7181537164543408
Eliano~Basilio de Cesarea,Ael_EpRust,Bas_Ep#258,0.6895290305924273
Eliano~Basilio de Cesarea,Ael_EpRust,Bas_Ep#263,0.7068898917659997
Eliano~Basilio de Cesarea,Ael_EpRust,Bas_Ep#271,0.6378946378709536
Eliano~Basilio de Cesarea,Ael_EpRust,Bas_Ep#272,0.6934696874484831
Eliano~Basilio de Cesarea,Ael_EpRust,Bas_Ep#276,0.7036730214605058
Eliano~Basilio de Cesarea,Ael_EpRust,Bas_Ep#290,0.710261290228328
Eliano~Basilio de Cesarea,Ael_EpRust,Bas_Ep#294,0.695782078974694
Eliano~Ignacio,Ael_EpRust,IgnMagn,0.7422981771526971
Eliano~Ignacio,Ael_EpRust,IgnTral,0.7119624255076749
Eliano~Isócrates,Ael_EpRust,Isoc_Ep22,0.7292747383172884
Eliano~Isócrates,Ael_EpRust,Isoc_Ep25,0.707093629749631
Eliano~Isócrates,Ael_EpRust,Isoc_Ep27,0.7333539006637142
Eliano~Isócrates,Ael_EpRust,Isoc_Ep29,0.6971935093796409
Eliano~Isócrates,Ael_EpRust,Isoc_Ep30,0.6876249880362314
Eliano~Juliano,Ael_EpRust,Jul_Ep#25,0.6324810217755639
Eliano~Juliano,Ael_EpRust,Jul_Ep#26,0.6955024037698168
Eliano~Juliano,Ael_EpRust,Jul_Ep#30,0.665632237431069
Eliano~Juliano,Ael_EpRust,Jul_Ep#32,0.6697159986337301
Eliano~Juliano,Ael_EpRust,Jul_Ep#51,0.7560225112236632
Eliano~Juliano,Ael_EpRust,Jul_Ep#63,0.7204958823318457
Eliano~Libanio,Ael_EpRust,Liban_Ep10#19,0.6629180866935713
Eliano~Libanio,Ael_EpRust,Liban_Ep10#20,0.7181916330334733
Eliano~Libanio,Ael_EpRust,Liban_Ep10#37,0.6636179422215794
Eliano~Libanio,Ael_EpRust,Liban_Ep10#40,0.6968908257532316
Eliano~Libanio,Ael_EpRust,Liban_Ep10#61,0.6261909513332842
Eliano~Libanio,Ael_EpRust,Liban_Ep10#62,0.6626316727879926
Eliano~Libanio,Ael_EpRust,Liban_Ep10#70,0.6930403546033215
Eliano~Libanio,Ael_EpRust,Liban_Ep10#75,0.6577276643506832
Eliano~Libanio,Ael_EpRust,Liban_Ep10#88,0.7105730900180527
Eliano~Libanio,Ael_EpRust,Liban_Ep10#89,0.6995442445241626
Eliano~Libanio,Ael_EpRust,Liban_Ep10#112,0.682043335849448
Eliano~Libanio,Ael_EpRust,Liban_Ep10#196,0.7081455431253031
Eliano~Libanio,Ael_EpRust,Liban_Ep10#218,0.6160224204781832
Eliano~Libanio,Ael_EpRust,Liban_Ep10#238,0.6980986328389402
Eliano~Libanio,Ael_EpRust,Liban_Ep10#239,0.6904486155765748
Eliano~Libanio,Ael_EpRust,Liban_Ep10#240,0.7282967326828657
Eliano~Libanio,Ael_EpRust,Liban_Ep10#245,0.655334477876381
Eliano~Libanio,Ael_EpRust,Liban_Ep10#267,0.705104536458115
Eliano~Libanio,Ael_EpRust,Liban_Ep10#274,0.6814120092229273
Eliano~Libanio,Ael_EpRust,Liban_Ep10#281,0.7026073652062438
Eliano~Libanio,Ael_EpRust,Liban_Ep10#309,0.6937076484457876
Eliano~Libanio,Ael_EpRust,Liban_Ep10#314,0.6896912646863871
Eliano~Libanio,Ael_EpRust,Liban_Ep10#316,0.7125763641585647
Eliano~Libanio,Ael_EpRust,Liban_Ep10#326,0.7537216128621844
Eliano~Libanio,Ael_EpRust,Liban_Ep10#331,0.6909536185042893
Eliano~Libanio,Ael_EpRust,Liban_Ep10#339,0.6679185548092177
Eliano~Libanio,Ael_EpRust,Liban_Ep10#364,0.712302345187067
Eliano~Libanio,Ael_EpRust,Liban_Ep10#368,0.7038229468660624
Eliano~Libanio,Ael_EpRust,Liban_Ep10#375,0.7602185625665789
Eliano~Libanio,Ael_EpRust,Liban_Ep10#399,0.6816483674132188
Eliano~Libanio,Ael_EpRust,Liban_Ep10#405,0.625808294672989
Eliano~Libanio,Ael_EpRust,Liban_Ep10#430,0.6694159266665556
Eliano~Libanio,Ael_EpRust,Liban_Ep10#438,0.6850619518756809
Eliano~Libanio,Ael_EpRust,Liban_Ep10#454,0.734781908410763
Eliano~Libanio,Ael_EpRust,Liban_Ep10#481,0.7330186325564894
Eliano~Libanio,Ael_EpRust,Liban_Ep10#492,0.6729375338059348
Eliano~Libanio,Ael_EpRust,Liban_Ep10#503,0.6956652972066268
Eliano~Libanio,Ael_EpRust,Liban_Ep10#516,0.6721213498593538
Eliano~Libanio,Ael_EpRust,Liban_Ep10#557,0.7299492543309147
Eliano~Libanio,Ael_EpRust,Liban_Ep10#563,0.6747823627945053
Eliano~Libanio,Ael_EpRust,Liban_Ep10#620,0.6476141663247874
Eliano~Libanio,Ael_EpRust,Liban_Ep10#636,0.6652942383304314
Eliano~Libanio,Ael_EpRust,Liban_Ep10#659,0.7377062649945001
Eliano~Libanio,Ael_EpRust,Liban_Ep10#673,0.6667172096818211
Eliano~Libanio,Ael_EpRust,Liban_Ep10#693,0.7257200780699766
Eliano~Libanio,Ael_EpRust,Liban_Ep10#695,0.6984196076334053
Eliano~Libanio,Ael_EpRust,Liban_Ep10#731,0.7015586555538558
Eliano~Libanio,Ael_EpRust,Liban_Ep10#773,0.7129547219179273
Eliano~Libanio,Ael_EpRust,Liban_Ep10#793,0.7344163111958121
Eliano~Libanio,Ael_EpRust,Liban_Ep10#797,0.6956602563358805
Eliano~Libanio,Ael_EpRust,Liban_Ep10#810,0.675691516087114
Eliano~Orígenes,Ael_EpRust,Orig_EpAfr,0.6488681789725383
Filóstrato~Alcifrón,Philostr_Ep,Alciphr10#1,0.6064028893786739
Filóstrato~Basilio de Cesarea,Philostr_Ep,Bas_Ep#3,0.641023996655673
Filóstrato~Basilio de Cesarea,Philostr_Ep,Bas_Ep#6,0.6452110016527077
Filóstrato~Basilio de Cesarea,Philostr_Ep,Bas_Ep#23,0.7057122431337586
Filóstrato~Basilio de Cesarea,Philostr_Ep,Bas_Ep#34,0.6568842396168438
Filóstrato~Basilio de Cesarea,Philostr_Ep,Bas_Ep#37,0.7256083284827337
Filóstrato~Basilio de Cesarea,Philostr_Ep,Bas_Ep#54,0.6677507331366972
Filóstrato~Basilio de Cesarea,Philostr_Ep,Bas_Ep#60,0.679584493486239
Filóstrato~Basilio de Cesarea,Philostr_Ep,Bas_Ep#63,0.7252107620226987
Filóstrato~Basilio de Cesarea,Philostr_Ep,Bas_Ep#66,0.7209036870486037
Filóstrato~Basilio de Cesarea,Philostr_Ep,Bas_Ep#69,0.6546024018592193
Filóstrato~Basilio de Cesarea,Philostr_Ep,Bas_Ep#71,0.6291941603445584
Filóstrato~Basilio de Cesarea,Philostr_Ep,Bas_Ep#76,0.7188748571474747
Filóstrato~Basilio de Cesarea,Philostr_Ep,Bas_Ep#89,0.6856000035999537
Filóstrato~Basilio de Cesarea,Philostr_Ep,Bas_Ep#97,0.6769554007764389
Filóstrato~Basilio de Cesarea,Philostr_Ep,Bas_Ep#98,0.6625758445345253
Filóstrato~Basilio de Cesarea,Philostr_Ep,Bas_Ep#101,0.6890837489045557
Filóstrato~Basilio de Cesarea,Philostr_Ep,Bas_Ep#102,0.6980746750778085
Filóstrato~Basilio de Cesarea,Philostr_Ep,Bas_Ep#112,0.6711251683325036
Filóstrato~Basilio de Cesarea,Philostr_Ep,Bas_Ep#124,0.7467655544481008
Filóstrato~Basilio de Cesarea,Philostr_Ep,Bas_Ep#128,0.6577037761007509
Filóstrato~Basilio de Cesarea,Philostr_Ep,Bas_Ep#140,0.6561929378724134
Filóstrato~Basilio de Cesarea,Philostr_Ep,Bas_Ep#161,0.6343337896513331
Filóstrato~Basilio de Cesarea,Philostr_Ep,Bas_Ep#162,0.6640433024441952
Filóstrato~Basilio de Cesarea,Philostr_Ep,Bas_Ep#165,0.69806484101156
Filóstrato~Basilio de Cesarea,Philostr_Ep,Bas_Ep#174,0.6807770131887722
Filóstrato~Basilio de Cesarea,Philostr_Ep,Bas_Ep#188,0.6273691194380191
Filóstrato~Basilio de Cesarea,Philostr_Ep,Bas_Ep#212,0.6514326206999809
Filóstrato~Basilio de Cesarea,Philostr_Ep,Bas_Ep#217,0.6966093323317681
Filóstrato~Basilio de Cesarea,Philostr_Ep,Bas_Ep#218,0.6985576988471924
Filóstrato~Basilio de Cesarea,Philostr_Ep,Bas_Ep#224,0.6512346119238743
Filóstrato~Basilio de Cesarea,Philostr_Ep,Bas_Ep#225,0.6892860308193417
Filóstrato~Basilio de Cesarea,Philostr_Ep,Bas_Ep#226,0.6725286313134731
Filóstrato~Basilio de Cesarea,Philostr_Ep,Bas_Ep#230,0.7265299057656602
Filóstrato~Basilio de Cesarea,Philostr_Ep,Bas_Ep#231,0.654813987783888
Filóstrato~Basilio de Cesarea,Philostr_Ep,Bas_Ep#233,0.6638541319024608
Filóstrato~Basilio de Cesarea,Philostr_Ep,Bas_Ep#234,0.6749763856865343
Filóstrato~Basilio de Cesarea,Philostr_Ep,Bas_Ep#235,0.6587766661743871
Filóstrato~Basilio de Cesarea,Philostr_Ep,Bas_Ep#237,0.6208642256612127
Filóstrato~Basilio de Cesarea,Philostr_Ep,Bas_Ep#238,0.67316466553211
Filóstrato~Basilio de Cesarea,Philostr_Ep,Bas_Ep#240,0.625385113217956
Filóstrato~Basilio de Cesarea,Philostr_Ep,Bas_Ep#260,0.6726285962245842
Filóstrato~Basilio de Cesarea,Philostr_Ep,Bas_Ep#261,0.6548243852469023
Filóstrato~Basilio de Cesarea,Philostr_Ep,Bas_Ep#271,0.630520829364561
Filóstrato~Basilio de Cesarea,Philostr_Ep,Bas_Ep#272,0.6542101603519205
Filóstrato~Basilio de Cesarea,Philostr_Ep,Bas_Ep#277,0.6428294644643767
Filóstrato~Basilio de Cesarea,Philostr_Ep,Bas_Ep#290,0.6773453979118496
Filóstrato~Basilio de Cesarea,Philostr_Ep,Bas_Ep#291,0.6425027947126796
Filóstrato~Basilio de Cesarea,Philostr_Ep,Bas_Ep#294,0.6728552363712954
Filóstrato~Basilio de Cesarea,Philostr_Ep,Bas_Ep#300,0.6500152859477387
Filóstrato~Basilio de Cesarea,Philostr_Ep,Bas_Ep#323,0.6556567629028398
Filóstrato~Ignacio,Philostr_Ep,IgnEf,0.717417874355432
Filóstrato~Ignacio,Philostr_Ep,IgnMagn,0.725604499196335
Filóstrato~Ignacio,Philostr_Ep,IgnRom,0.7240198470095229
Filóstrato~Ignacio,Philostr_Ep,IgnPol,0.7088977637183029
Filóstrato~Isócrates,Philostr_Ep,Isoc_Ep26,0.664602855778538
Filóstrato~Isócrates,Philostr_Ep,Isoc_Ep29,0.6739779799524436
Filóstrato~Isócrates,Philostr_Ep,Isoc_Ep30,0.6617992892734935
Filóstrato~Juliano,Philostr_Ep,Jul_Ep#22,0.626991599166757
Filóstrato~Juliano,Philostr_Ep,Jul_Ep#25,0.6432255038599625
Filóstrato~Juliano,Philostr_Ep,Jul_Ep#30,0.6504711658195983
Filóstrato~Juliano,Philostr_Ep,Jul_Ep#36,0.6414264679030557
Filóstrato~Juliano,Philostr_Ep,Jul_Ep#47,0.6635737351908876
Filóstrato~Juliano,Philostr_Ep,Jul_Ep#53,0.6634678909616069
Filóstrato~Juliano,Philostr_Ep,Jul_Ep#56,0.6409939857828836
Filóstrato~Juliano,Philostr_Ep,Jul_Ep#57,0.6915915654395287
Filóstrato~Juliano,Philostr_Ep,Jul_Ep#58,0.6056086611657225
Filóstrato~Juliano,Philostr_Ep,Jul_EpThem,0.6468299803398685
Filóstrato~Libanio,Philostr_Ep,Liban_Ep10#37,0.6508182728428697
Filóstrato~Libanio,Philostr_Ep,Liban_Ep10#40,0.6625300738986821
Filóstrato~Libanio,Philostr_Ep,Liban_Ep10#44,0.6512217464428
Filóstrato~Libanio,Philostr_Ep,Liban_Ep10#61,0.6407899497503426
Filóstrato~Libanio,Philostr_Ep,Liban_Ep10#62,0.6523916046872751
Filóstrato~Libanio,Philostr_Ep,Liban_Ep10#66,0.6471390489616606
Filóstrato~Libanio,Philostr_Ep,Liban_Ep10#75,0.6473756870851992
Filóstrato~Libanio,Philostr_Ep,Liban_Ep10#81,0.6866827629919519
Filóstrato~Libanio,Philostr_Ep,Liban_Ep10#86,0.6957079818017133
Filóstrato~Libanio,Philostr_Ep,Liban_Ep10#101,0.6891447695043769
Filóstrato~Libanio,Philostr_Ep,Liban_Ep10#113,0.6402052334959079
Filóstrato~Libanio,Philostr_Ep,Liban_Ep10#114,0.6460425742762597
Filóstrato~Libanio,Philostr_Ep,Liban_Ep10#127,0.7019232333122574
Filóstrato~Libanio,Philostr_Ep,Liban_Ep10#197,0.6966840868565399
Filóstrato~Libanio,Philostr_Ep,Liban_Ep10#207,0.6689158993593024
Filóstrato~Libanio,Philostr_Ep,Liban_Ep10#218,0.5962666867697536
Filóstrato~Libanio,Philostr_Ep,Liban_Ep10#252,0.7113129333320876
Filóstrato~Libanio,Philostr_Ep,Liban_Ep10#255,0.6368130971928736
Filóstrato~Libanio,Philostr_Ep,Liban_Ep10#267,0.6968179084817698
Filóstrato~Libanio,Philostr_Ep,Liban_Ep10#282,0.7277689881874553
Filóstrato~Libanio,Philostr_Ep,Liban_Ep10#309,0.6653192572915335
Filóstrato~Libanio,Philostr_Ep,Liban_Ep10#326,0.7418544888523637
Filóstrato~Libanio,Philostr_Ep,Liban_Ep10#333,0.665059063046942
Filóstrato~Libanio,Philostr_Ep,Liban_Ep10#348,0.6415736608956513
Filóstrato~Libanio,Philostr_Ep,Liban_Ep10#358,0.6983698071217057
Filóstrato~Libanio,Philostr_Ep,Liban_Ep10#366,0.760460551319446
Filóstrato~Libanio,Philostr_Ep,Liban_Ep10#368,0.6880297678758384
Filóstrato~Libanio,Philostr_Ep,Liban_Ep10#391,0.6393465850916284
Filóstrato~Libanio,Philostr_Ep,Liban_Ep10#430,0.6762796201480683
Filóstrato~Libanio,Philostr_Ep,Liban_Ep10#492,0.6591396147439414
Filóstrato~Libanio,Philostr_Ep,Liban_Ep10#495,0.6870350882534445
Filóstrato~Libanio,Philostr_Ep,Liban_Ep10#535,0.7051339346745239
Filóstrato~Libanio,Philostr_Ep,Liban_Ep10#557,0.7085700172164693
Filóstrato~Libanio,Philostr_Ep,Liban_Ep10#562,0.6858553849795621
Filóstrato~Libanio,Philostr_Ep,Liban_Ep10#620,0.641312533761193
Filóstrato~Libanio,Philostr_Ep,Liban_Ep10#625,0.7009153018042584
Filóstrato~Libanio,Philostr_Ep,Liban_Ep10#658,0.6707070804247011
Filóstrato~Libanio,Philostr_Ep,Liban_Ep10#673,0.6338613052952148
Filóstrato~Libanio,Philostr_Ep,Liban_Ep10#693,0.7237489476537208
Filóstrato~Libanio,Philostr_Ep,Liban_Ep10#694,0.6986135357837981
Filóstrato~Libanio,Philostr_Ep,Liban_Ep10#730,0.7083557812121901
Filóstrato~Libanio,Philostr_Ep,Liban_Ep10#731,0.6711695750768623
Filóstrato~Libanio,Philostr_Ep,Liban_Ep10#756,0.6681785009815837
Filóstrato~Libanio,Philostr_Ep,Liban_Ep10#763,0.7035234690672907
Filóstrato~Libanio,Philostr_Ep,Liban_Ep10#773,0.6889844006555845
Filóstrato~Libanio,Philostr_Ep,Liban_Ep10#793,0.7304627160063499
Filóstrato~Libanio,Philostr_Ep,Liban_Ep10#797,0.6673412433107763
Filóstrato~Libanio,Philostr_Ep,Liban_Ep10#803,0.7159805462770988
Filóstrato~Libanio,Philostr_Ep,Liban_Ep10#810,0.6612402586077235
Filóstrato~Libanio,Philostr_Ep,Liban_Ep10#835,0.6472100465303432
Filóstrato~Libanio,Philostr_Ep,Liban_Ep10#838,0.6793604979978035
Filóstrato~Luciano,Philostr_Ep,Luc_Peregr,0.6187324825227503
Ignacio~Basilio de Cesarea,IgnEf,Bas_Ep#23,0.717612946511206
Ignacio~Basilio de Cesarea,IgnEf,Bas_Ep#26,0.7169130946455236
Ignacio~Basilio de Cesarea,IgnEf,Bas_Ep#66,0.7522055194641244
Ignacio~Basilio de Cesarea,IgnEf,Bas_Ep#124,0.7647747668735645
Ignacio~Basilio de Cesarea,IgnEf,Bas_Ep#161,0.6824462207841127
Ignacio~Basilio de Cesarea,IgnEf,Bas_Ep#162,0.7693492027259912
Ignacio~Basilio de Cesarea,IgnEf,Bas_Ep#200,0.6911526439977999
Ignacio~Basilio de Cesarea,IgnEf,Bas_Ep#230,0.7552499860350885
Ignacio~Basilio de Cesarea,IgnEf,Bas_Ep#236,0.6868849281177387
Ignacio~Basilio de Cesarea,IgnEf,Bas_Ep#257,0.6818961915565229
Ignacio~Basilio de Cesarea,IgnEf,Bas_Ep#272,0.6801300602450353
Ignacio~Basilio de Cesarea,IgnMagn,Bas_Ep#23,0.7183228498586268
Ignacio~Basilio de Cesarea,IgnMagn,Bas_Ep#82,0.7350697560383826
Ignacio~Basilio de Cesarea,IgnMagn,Bas_Ep#120,0.7485235024087487
Ignacio~Basilio de Cesarea,IgnMagn,Bas_Ep#125,0.6580608247016961
Ignacio~Basilio de Cesarea,IgnMagn,Bas_Ep#136,0.6752729642017596
Ignacio~Basilio de Cesarea,IgnMagn,Bas_Ep#160,0.7065734982499539
Ignacio~Basilio de Cesarea,IgnMagn,Bas_Ep#165,0.6957276258228137
Ignacio~Basilio de Cesarea,IgnMagn,Bas_Ep#203,0.6448487435050622
Ignacio~Basilio de Cesarea,IgnMagn,Bas_Ep#223,0.6999366836916374
Ignacio~Basilio de Cesarea,IgnMagn,Bas_Ep#231,0.6727939252241011
Ignacio~Basilio de Cesarea,IgnMagn,Bas_Ep#266,0.6547675464990504
Ignacio~Basilio de Cesarea,IgnTral,Bas_Ep#51,0.6968979109529494
Ignacio~Basilio de Cesarea,IgnTral,Bas_Ep#94,0.6880369474707538
Ignacio~Basilio de Cesarea,IgnTral,Bas_Ep#117,0.7157612803557314
Ignacio~Basilio de Cesarea,IgnTral,Bas_Ep#151,0.7449592884367228
Ignacio~Basilio de Cesarea,IgnTral,Bas_Ep#165,0.6882995801060068
Ignacio~Basilio de Cesarea,IgnTral,Bas_Ep#198,0.7385334169495147
Ignacio~Basilio de Cesarea,IgnTral,Bas_Ep#269,0.7100238848383503
Ignacio~Basilio de Cesarea,IgnRom,Bas_Ep#6,0.6919062383846677
Ignacio~Basilio de Cesarea,IgnRom,Bas_Ep#55,0.6872712604787218
Ignacio~Basilio de Cesarea,IgnRom,Bas_Ep#82,0.7438921628195674
Ignacio~Basilio de Cesarea,IgnRom,Bas_Ep#140,0.6616621867636913
Ignacio~Basilio de Cesarea,IgnRom,Bas_Ep#155,0.70111321925114
Ignacio~Basilio de Cesarea,IgnRom,Bas_Ep#204,0.691663906284849
Ignacio~Basilio de Cesarea,IgnRom,Bas_Ep#223,0.719788097579743
Ignacio~Basilio de Cesarea,IgnRom,Bas_Ep#226,0.7112538262766248
Ignacio~Basilio de Cesarea,IgnRom,Bas_Ep#302,0.7306714460061062
Ignacio~Basilio de Cesarea,IgnFil,Bas_Ep#55,0.6953480530559779
Ignacio~Basilio de Cesarea,IgnFil,Bas_Ep#120,0.7176999706240796
Ignacio~Basilio de Cesarea,IgnFil,Bas_Ep#150,0.6331767806315466
Ignacio~Basilio de Cesarea,IgnFil,Bas_Ep#155,0.692896794402025
Ignacio~Basilio de Cesarea,IgnFil,Bas_Ep#198,0.7330719116957357
Ignacio~Basilio de Cesarea,IgnFil,Bas_Ep#231,0.6719005330228833
Ignacio~Basilio de Cesarea,IgnEsm,Bas_Ep#6,0.6445311828988671
Ignacio~Basilio de Cesarea,IgnEsm,Bas_Ep#25,0.6809650007253686
Ignacio~Basilio de Cesarea,IgnEsm,Bas_Ep#52,0.6648175022138237
Ignacio~Basilio de Cesarea,IgnEsm,Bas_Ep#73,0.6297832977997334
Ignacio~Basilio de Cesarea,IgnEsm,Bas_Ep#94,0.6619892463215367
Ignacio~Basilio de Cesarea,IgnEsm,Bas_Ep#100,0.7106185909137832
Ignacio~Basilio de Cesarea,IgnEsm,Bas_Ep#155,0.6605370133536728
Ignacio~Basilio de Cesarea,IgnEsm,Bas_Ep#295,0.6592343770023605
Ignacio~Basilio de Cesarea,IgnPol,Bas_Ep#25,0.7294582241187552
Ignacio~Basilio de Cesarea,IgnPol,Bas_Ep#59,0.731815606819133
Ignacio~Basilio de Cesarea,IgnPol,Bas_Ep#70,0.7628770899053987
Ignacio~Basilio de Cesarea,IgnPol,Bas_Ep#101,0.7269908673064183
Ignacio~Basilio de Cesarea,IgnPol,Bas_Ep#161,0.6790214030728033
Ignacio~Basilio de Cesarea,IgnPol,Bas_Ep#230,0.7861037902872314
Ignacio~Basilio de Cesarea,IgnPol,Bas_Ep#238,0.7350017343304909
Ignacio~Basilio de Cesarea,IgnPol,Bas_Ep#269,0.7105490819018158
Ignacio~Isócrates,IgnRom,Isoc_Ep23,0.752154437973766
Ignacio~Isócrates,IgnRom,Isoc_Ep28,0.7833782026543219
Ignacio~Isócrates,IgnPol,Isoc_Ep25,0.7947286051313516
Ignacio~Juliano,IgnEf,Jul_Ep#4,0.7113055742732911
Ignacio~Juliano,IgnEf,Jul_Ep#50,0.7227443299299934
Ignacio~Juliano,IgnMagn,Jul_Ep#26,0.76326659628331
Ignacio~Juliano,IgnMagn,Jul_Ep#30,0.7764663708643569
Ignacio~Juliano,IgnMagn,Jul_Ep#67,0.7012372420398929
Ignacio~Juliano,IgnTral,Jul_Ep#47,0.6965881933576401
Ignacio~Juliano,IgnFil,Jul_EpAth,0.6969282859795828
Ignacio~Juliano,IgnEsm,Jul_Ep#20,0.6851491421197363
Ignacio~Juliano,IgnEsm,Jul_Ep#21,0.667015432821539
Ignacio~Juliano,IgnEsm,Jul_Ep#32,0.6892846290245974
Ignacio~Juliano,IgnPol,Jul_Ep#32,0.7395539738152932
Ignacio~Libanio,IgnEf,Liban_Ep10#21,0.7710690816476866
Ignacio~Libanio,IgnEf,Liban_Ep10#66,0.7616013454357426
Ignacio~Libanio,IgnEf,Liban_Ep10#386,0.7270445656683208
Ignacio~Libanio,IgnEf,Liban_Ep10#763,0.8089754631896614
Ignacio~Libanio,IgnMagn,Liban_Ep10#175,0.7783617478445943
Ignacio~Libanio,IgnTral,Liban_Ep10#113,0.7360791611166873
Ignacio~Libanio,IgnTral,Liban_Ep10#192,0.7074417453807078
Ignacio~Libanio,IgnTral,Liban_Ep10#430,0.7307197890499627
Ignacio~Libanio,IgnTral,Liban_Ep10#438,0.693110527485302
Ignacio~Libanio,IgnTral,Liban_Ep10#454,0.7763545821854084
Ignacio~Libanio,IgnTral,Liban_Ep10#492,0.6849048976411956
Ignacio~Libanio,IgnTral,Liban_Ep10#495,0.7587065669747164
Ignacio~Libanio,IgnTral,Liban_Ep10#504,0.722581237511911
Ignacio~Libanio,IgnTral,Liban_Ep10#620,0.7121241763554276
Ignacio~Libanio,IgnTral,Liban_Ep10#799,0.7421170461345162
Ignacio~Libanio,IgnRom,Liban_Ep10#245,0.6904190460743754
Ignacio~Libanio,IgnRom,Liban_Ep10#252,0.7550507471228756
Ignacio~Libanio,IgnRom,Liban_Ep10#255,0.7298233414301151
Ignacio~Libanio,IgnRom,Liban_Ep10#256,0.7290163156267232
Ignacio~Libanio,IgnRom,Liban_Ep10#364,0.7937278467551852
Ignacio~Libanio,IgnRom,Liban_Ep10#379,0.7451916830462062
Ignacio~Libanio,IgnRom,Liban_Ep10#391,0.7506545372867258
Ignacio~Libanio,IgnRom,Liban_Ep10#796,0.7409648622935314
Ignacio~Libanio,IgnRom,Liban_Ep10#835,0.7384287577718963
Ignacio~Libanio,IgnRom,Liban_Ep10#838,0.763682348902196
Ignacio~Libanio,IgnFil,Liban_Ep10#114,0.692379965838673
Ignacio~Libanio,IgnFil,Liban_Ep10#218,0.7253351918850488
Ignacio~Libanio,IgnFil,Liban_Ep10#245,0.7147051635621223
Ignacio~Libanio,IgnFil,Liban_Ep10#340,0.7581879977550312
Ignacio~Libanio,IgnFil,Liban_Ep10#492,0.7310671720568889
Ignacio~Libanio,IgnFil,Liban_Ep10#510,0.7319127270534194
Ignacio~Libanio,IgnEsm,Liban_Ep10#81,0.7144299820793167
Ignacio~Libanio,IgnEsm,Liban_Ep10#86,0.7159889750277724
Ignacio~Libanio,IgnEsm,Liban_Ep10#315,0.7121562840542502
Ignacio~Libanio,IgnEsm,Liban_Ep10#557,0.7341770718025764
Ignacio~Libanio,IgnEsm,Liban_Ep10#696,0.751864566723188
Ignacio~Libanio,IgnEsm,Liban_Ep10#735,0.700042388118567
Ignacio~Libanio,IgnEsm,Liban_Ep10#796,0.7324205201974415
Ignacio~Libanio,IgnEsm,Liban_Ep10#810,0.6676274243645482
Ignacio~Libanio,IgnPol,Liban_Ep10#20,0.7418011222097906
Ignacio~Libanio,IgnPol,Liban_Ep10#256,0.7423420586115033
Ignacio~Libanio,IgnPol,Liban_Ep10#405,0.725341592064787
Ignacio~Libanio,IgnPol,Liban_Ep10#773,0.7707114927261728
Ignacio~Policarpo,IgnMagn,PolFil,0.614015365152059
Ignacio~Policarpo,IgnEsm,PolFil,0.6547424589709291
Ignacio~Porfirio,IgnPol,Porph_Marc,0.6945073797543955
Isócrates~Alcifrón,Isoc_Ep29,Alciphr10#1,0.667020750768584
Isócrates~Basilio de Cesarea,Isoc_Ep22,Bas_Ep#18,0.7367306046065804
Isócrates~Basilio de Cesarea,Isoc_Ep22,Bas_Ep#25,0.656202967463786
Isócrates~Basilio de Cesarea,Isoc_Ep22,Bas_Ep#83,0.7406448940049973
Isócrates~Basilio de Cesarea,Isoc_Ep22,Bas_Ep#102,0.7699749544173465
Isócrates~Basilio de Cesarea,Isoc_Ep22,Bas_Ep#113,0.7095925560701135
Isócrates~Basilio de Cesarea,Isoc_Ep22,Bas_Ep#141,0.664070927824193
Isócrates~Basilio de Cesarea,Isoc_Ep22,Bas_Ep#204,0.6719711023612899
Isócrates~Basilio de Cesarea,Isoc_Ep22,Bas_Ep#212,0.6320857861707251
Isócrates~Basilio de Cesarea,Isoc_Ep22,Bas_Ep#272,0.6838634513365346
Isócrates~Basilio de Cesarea,Isoc_Ep22,Bas_Ep#295,0.7548060358930023
Isócrates~Basilio de Cesarea,Isoc_Ep23,Bas_Ep#6,0.7141369020050043
Isócrates~Basilio de Cesarea,Isoc_Ep23,Bas_Ep#140,0.7072335136225318
Isócrates~Basilio de Cesarea,Isoc_Ep23,Bas_Ep#154,0.7197532838984787
Isócrates~Basilio de Cesarea,Isoc_Ep23,Bas_Ep#222,0.7298832236272472
Isócrates~Basilio de Cesarea,Isoc_Ep23,Bas_Ep#242,0.6766097110843192
Isócrates~Basilio de Cesarea,Isoc_Ep23,Bas_Ep#262,0.7068516994287612
Isócrates~Basilio de Cesarea,Isoc_Ep23,Bas_Ep#302,0.7183012348938996
Isócrates~Basilio de Cesarea,Isoc_Ep24,Bas_Ep#32,0.7023585707060664
Isócrates~Basilio de Cesarea,Isoc_Ep24,Bas_Ep#68,0.69656399352895
Isócrates~Basilio de Cesarea,Isoc_Ep24,Bas_Ep#94,0.6236138754314073
Isócrates~Basilio de Cesarea,Isoc_Ep24,Bas_Ep#162,0.744597456540941
Isócrates~Basilio de Cesarea,Isoc_Ep24,Bas_Ep#277,0.6908139075596595
Isócrates~Basilio de Cesarea,Isoc_Ep25,Bas_Ep#69,0.6868566632916699
Isócrates~Basilio de Cesarea,Isoc_Ep25,Bas_Ep#93,0.8055992339793072
Isócrates~Basilio de Cesarea,Isoc_Ep25,Bas_Ep#95,0.7353412133685678
Isócrates~Basilio de Cesarea,Isoc_Ep25,Bas_Ep#108,0.7453680026072276
Isócrates~Basilio de Cesarea,Isoc_Ep26,Bas_Ep#5,0.7104786091008584
Isócrates~Basilio de Cesarea,Isoc_Ep26,Bas_Ep#22,0.7690754399625214
Isócrates~Basilio de Cesarea,Isoc_Ep26,Bas_Ep#95,0.6753658921532181
Isócrates~Basilio de Cesarea,Isoc_Ep26,Bas_Ep#172,0.6800865556650328
Isócrates~Basilio de Cesarea,Isoc_Ep26,Bas_Ep#238,0.7165263681122532
Isócrates~Basilio de Cesarea,Isoc_Ep26,Bas_Ep#248,0.7574543238893734
Isócrates~Basilio de Cesarea,Isoc_Ep27,Bas_Ep#53,0.7306974576546253
Isócrates~Basilio de Cesarea,Isoc_Ep27,Bas_Ep#116,0.7163525921705773
Isócrates~Basilio de Cesarea,Isoc_Ep27,Bas_Ep#156,0.6380792302363223
Isócrates~Basilio de Cesarea,Isoc_Ep27,Bas_Ep#173,0.7405520484950912
Isócrates~Basilio de Cesarea,Isoc_Ep27,Bas_Ep#190,0.6791421618872994
Isócrates~Basilio de Cesarea,Isoc_Ep27,Bas_Ep#199,0.719710369542676
Isócrates~Basilio de Cesarea,Isoc_Ep27,Bas_Ep#237,0.6862554291330507
Isócrates~Basilio de Cesarea,Isoc_Ep27,Bas_Ep#276,0.7080587857456828
Isócrates~Basilio de Cesarea,Isoc_Ep28,Bas_Ep#3,0.7197070053769427
Isócrates~Basilio de Cesarea,Isoc_Ep28,Bas_Ep#140,0.744688266725834
Isócrates~Basilio de Cesarea,Isoc_Ep28,Bas_Ep#150,0.7288377370843078
Isócrates~Basilio de Cesarea,Isoc_Ep28,Bas_Ep#199,0.7525384325284221
Isócrates~Basilio de Cesarea,Isoc_Ep28,Bas_Ep#220,0.7475213907376294
Isócrates~Basilio de Cesarea,Isoc_Ep28,Bas_Ep#245,0.7795911771836201
Isócrates~Basilio de Cesarea,Isoc_Ep28,Bas_Ep#266,0.6857182740126705
Isócrates~Basilio de Cesarea,Isoc_Ep29,Bas_Ep#25,0.6385118519984609
Isócrates~Basilio de Cesarea,Isoc_Ep29,Bas_Ep#55,0.7369347321138293
Isócrates~Basilio de Cesarea,Isoc_Ep29,Bas_Ep#68,0.6704093970025438
Isócrates~Basilio de Cesarea,Isoc_Ep29,Bas_Ep#82,0.6817635668092661
Isócrates~Basilio de Cesarea,Isoc_Ep29,Bas_Ep#105,0.7228288109667249
Isócrates~Basilio de Cesarea,Isoc_Ep29,Bas_Ep#125,0.7190390731102879
Isócrates~Basilio de Cesarea,Isoc_Ep29,Bas_Ep#164,0.6693295346179278
Isócrates~Basilio de Cesarea,Isoc_Ep29,Bas_Ep#173,0.7129759671199534
Isócrates~Basilio de Cesarea,Isoc_Ep29,Bas_Ep#220,0.7319364857760046
Isócrates~Basilio de Cesarea,Isoc_Ep29,Bas_Ep#240,0.6883260647215008
Isócrates~Basilio de Cesarea,Isoc_Ep29,Bas_Ep#313,0.7191605865475273
Isócrates~Basilio de Cesarea,Isoc_Ep30,Bas_Ep#2,0.6589452776218337
Isócrates~Basilio de Cesarea,Isoc_Ep30,Bas_Ep#73,0.607869293700792
Isócrates~Basilio de Cesarea,Isoc_Ep30,Bas_Ep#96,0.6377276799046958
Isócrates~Basilio de Cesarea,Isoc_Ep30,Bas_Ep#136,0.6699096594859737
Isócrates~Basilio de Cesarea,Isoc_Ep30,Bas_Ep#165,0.6932002939933852
Isócrates~Basilio de Cesarea,Isoc_Ep30,Bas_Ep#244,0.6262834086851202
Isócrates~Clemente Romano,Isoc_Ep28,1Clem,0.7886404239743611
Isócrates~Filóstrato,Isoc_Ep23,Philostr_Ep,0.6850501578079365
Isócrates~Filóstrato,Isoc_Ep27,Philostr_Ep,0.6936257652596727
Isócrates~Ignacio,Isoc_Ep23,IgnMagn,0.7560189748326257
Isócrates~Ignacio,Isoc_Ep25,IgnMagn,0.7822684696145028
Isócrates~Juliano,Isoc_Ep22,Jul_Ep#16,0.6454204339541294
Isócrates~Juliano,Isoc_Ep24,Jul_Ep#18,0.6413905734257768
Isócrates~Juliano,Isoc_Ep24,Jul_Ep#51,0.7458852583992198
Isócrates~Juliano,Isoc_Ep26,Jul_Ep#63,0.724501040031251
Isócrates~Libanio,Isoc_Ep22,Liban_Ep10#274,0.7020253490333492
Isócrates~Libanio,Isoc_Ep22,Liban_Ep10#833,0.7160518133781649
Isócrates~Libanio,Isoc_Ep23,Liban_Ep10#203,0.6627922909473547
Isócrates~Libanio,Isoc_Ep23,Liban_Ep10#391,0.6608843010180452
Isócrates~Libanio,Isoc_Ep23,Liban_Ep10#735,0.6490698766251354
Isócrates~Libanio,Isoc_Ep24,Liban_Ep10#19,0.6773975227159361
Isócrates~Libanio,Isoc_Ep24,Liban_Ep10#150,0.7106007852317242
Isócrates~Libanio,Isoc_Ep24,Liban_Ep10#196,0.7185908781640225
Isócrates~Libanio,Isoc_Ep24,Liban_Ep10#741,0.6657790503033905
Isócrates~Libanio,Isoc_Ep24,Liban_Ep10#799,0.7723666060006176
Isócrates~Libanio,Isoc_Ep25,Liban_Ep10#197,0.7513241689144
Isócrates~Libanio,Isoc_Ep25,Liban_Ep10#207,0.6652498645558481
Isócrates~Libanio,Isoc_Ep25,Liban_Ep10#330,0.7006661956664003
Isócrates~Libanio,Isoc_Ep25,Liban_Ep10#503,0.7287459460432231
Isócrates~Libanio,Isoc_Ep25,Liban_Ep10#808,0.6930310695733153
Isócrates~Libanio,Isoc_Ep26,Liban_Ep10#68,0.6547204655353065
Isócrates~Libanio,Isoc_Ep26,Liban_Ep10#80,0.6963083192494428
Isócrates~Libanio,Isoc_Ep26,Liban_Ep10#245,0.6213780769519552
Isócrates~Libanio,Isoc_Ep26,Liban_Ep10#348,0.6699953336380072
Isócrates~Libanio,Isoc_Ep26,Liban_Ep10#379,0.6522051807709252
Isócrates~Libanio,Isoc_Ep26,Liban_Ep10#438,0.703545209853621
Isócrates~Libanio,Isoc_Ep26,Liban_Ep10#481,0.707595670042787
Isócrates~Libanio,Isoc_Ep26,Liban_Ep10#696,0.6668137564127762
Isócrates~Libanio,Isoc_Ep27,Liban_Ep10#21,0.7188928721048672
Isócrates~Libanio,Isoc_Ep27,Liban_Ep10#40,0.7134612627032577
Isócrates~Libanio,Isoc_Ep27,Liban_Ep10#89,0.6550387256373165
Isócrates~Libanio,Isoc_Ep27,Liban_Ep10#115,0.7114799731320584
Isócrates~Libanio,Isoc_Ep27,Liban_Ep10#368,0.7236027762438357
Isócrates~Libanio,Isoc_Ep27,Liban_Ep10#779,0.715241467605253
Isócrates~Libanio,Isoc_Ep28,Liban_Ep10#88,0.7528274352427664
Isócrates~Libanio,Isoc_Ep28,Liban_Ep10#563,0.7559281437127267
Isócrates~Libanio,Isoc_Ep28,Liban_Ep10#838,0.7039301310045586
Isócrates~Libanio,Isoc_Ep29,Liban_Ep10#114,0.6540907133958744
Isócrates~Libanio,Isoc_Ep29,Liban_Ep10#127,0.7104361763266778
Isócrates~Libanio,Isoc_Ep29,Liban_Ep10#315,0.6856001859401785
Isócrates~Libanio,Isoc_Ep29,Liban_Ep10#330,0.6946730682257873
Isócrates~Libanio,Isoc_Ep29,Liban_Ep10#339,0.6443749046957177
Isócrates~Libanio,Isoc_Ep29,Liban_Ep10#374,0.6657240471030524
Isócrates~Libanio,Isoc_Ep29,Liban_Ep10#509,0.7254972367888893
Isócrates~Libanio,Isoc_Ep29,Liban_Ep10#695,0.6709469727425709
Isócrates~Libanio,Isoc_Ep30,Liban_Ep10#19,0.6509368544917535
Isócrates~Libanio,Isoc_Ep30,Liban_Ep10#115,0.6959910078683136
Isócrates~Libanio,Isoc_Ep30,Liban_Ep10#359,0.6662552013859314
Isócrates~Libanio,Isoc_Ep30,Liban_Ep10#364,0.6944662866131346
Isócrates~Libanio,Isoc_Ep30,Liban_Ep10#797,0.6237199776580511
Isócrates~Porfirio,Isoc_Ep27,Porph_Marc,0.6833833573339492
Juliano~Alcifrón,Jul_Ep#19,Alciphr10#2,0.6423621126511573
Juliano~Basilio de Cesarea,Jul_Ep#4,Bas_Ep#55,0.688472698496643
Juliano~Basilio de Cesarea,Jul_Ep#4,Bas_Ep#224,0.6020980200025149
Juliano~Basilio de Cesarea,Jul_Ep#4,Bas_Ep#238,0.6546466809424165
Juliano~Basilio de Cesarea,Jul_Ep#16,Bas_Ep#191,0.6725324776152476
Juliano~Basilio de Cesarea,Jul_Ep#16,Bas_Ep#239,0.6403597065378512
Juliano~Basilio de Cesarea,Jul_Ep#18,Bas_Ep#53,0.6999615827892847
Juliano~Basilio de Cesarea,Jul_Ep#19,Bas_Ep#52,0.648435404106396
Juliano~Basilio de Cesarea,Jul_Ep#19,Bas_Ep#109,0.7070228992178834
Juliano~Basilio de Cesarea,Jul_Ep#20,Bas_Ep#229,0.7005345781187178
Juliano~Basilio de Cesarea,Jul_Ep#20,Bas_Ep#301,0.6627204943934677
Juliano~Basilio de Cesarea,Jul_Ep#21,Bas_Ep#54,0.6573345195168341
Juliano~Basilio de Cesarea,Jul_Ep#21,Bas_Ep#267,0.6244875360566285
Juliano~Basilio de Cesarea,Jul_Ep#22,Bas_Ep#59,0.6433546487043462
Juliano~Basilio de Cesarea,Jul_Ep#22,Bas_Ep#210,0.6525926015639799
Juliano~Basilio de Cesarea,Jul_Ep#25,Bas_Ep#104,0.6678652600158255
Juliano~Basilio de Cesarea,Jul_Ep#26,Bas_Ep#210,0.7130269102974901
Juliano~Basilio de Cesarea,Jul_Ep#28,Bas_Ep#23,0.7142322738537137
Juliano~Basilio de Cesarea,Jul_Ep#28,Bas_Ep#117,0.6483659796392696
Juliano~Basilio de Cesarea,Jul_Ep#28,Bas_Ep#240,0.6142092134376604
Juliano~Basilio de Cesarea,Jul_Ep#30,Bas_Ep#135,0.6211895002581401
Juliano~Basilio de Cesarea,Jul_Ep#32,Bas_Ep#66,0.7236583659246336
Juliano~Basilio de Cesarea,Jul_Ep#32,Bas_Ep#104,0.7156496471566791
Juliano~Basilio de Cesarea,Jul_Ep#36,Bas_Ep#51,0.7341207542008521
Juliano~Basilio de Cesarea,Jul_Ep#36,Bas_Ep#54,0.6393854795841221
Juliano~Basilio de Cesarea,Jul_Ep#36,Bas_Ep#238,0.7381086055855997
Juliano~Basilio de Cesarea,Jul_Ep#41,Bas_Ep#94,0.5921878502384755
Juliano~Basilio de Cesarea,Jul_Ep#47,Bas_Ep#101,0.664673643456857
Juliano~Basilio de Cesarea,Jul_Ep#47,Bas_Ep#105,0.7166466135089908
Juliano~Basilio de Cesarea,Jul_Ep#48,Bas_Ep#3,0.7073966642496451
Juliano~Basilio de Cesarea,Jul_Ep#48,Bas_Ep#262,0.7011412689967054
Juliano~Basilio de Cesarea,Jul_Ep#50,Bas_Ep#231,0.6289025266974579
Juliano~Basilio de Cesarea,Jul_Ep#50,Bas_Ep#300,0.6012366486607065
Juliano~Basilio de Cesarea,Jul_Ep#50,Bas_Ep#301,0.6040960075056265
Juliano~Basilio de Cesarea,Jul_Ep#51,Bas_Ep#128,0.6920600635529232
Juliano~Basilio de Cesarea,Jul_Ep#51,Bas_Ep#165,0.6190160456175551
Juliano~Basilio de Cesarea,Jul_Ep#57,Bas_Ep#51,0.6806369338941927
Juliano~Basilio de Cesarea,Jul_Ep#57,Bas_Ep#217,0.7103155970354701
Juliano~Basilio de Cesarea,Jul_Ep#57,Bas_Ep#243,0.7058002728932131
Juliano~Basilio de Cesarea,Jul_Ep#58,Bas_Ep#55,0.7215404010176188
Juliano~Basilio de Cesarea,Jul_Ep#58,Bas_Ep#108,0.6729265116802018
Juliano~Basilio de Cesarea,Jul_Ep#58,Bas_Ep#240,0.6356995173284863
Juliano~Basilio de Cesarea,Jul_Ep#58,Bas_Ep#262,0.6852635487975678
Juliano~Basilio de Cesarea,Jul_Ep#63,Bas_Ep#66,0.7132923160246165
Juliano~Basilio de Cesarea,Jul_Ep#63,Bas_Ep#96,0.6890855024048441
Juliano~Basilio de Cesarea,Jul_Ep#67,Bas_Ep#98,0.690313322171932
Juliano~Basilio de Cesarea,Jul_Ep#69,Bas_Ep#70,0.6654753655959346
Juliano~Basilio de Cesarea,Jul_Ep#69,Bas_Ep#233,0.6611176554097428
Juliano~Basilio de Cesarea,Jul_EpAth,Bas_Ep#54,0.6491482957305456
Juliano~Basilio de Cesarea,Jul_EpAth,Bas_Ep#250,0.6768389564728203
Juliano~Basilio de Cesarea,Jul_EpAth,Bas_Ep#262,0.6818930405901831
Juliano~Basilio de Cesarea,Jul_EpAth,Bas_Ep#265,0.6295518985362378
Juliano~Basilio de Cesarea,Jul_EpThem,Bas_Ep#116,0.6819246670374205
Juliano~Basilio de Cesarea,Jul_EpThem,Bas_Ep#227,0.6449456937162044
Juliano~Clemente Romano,Jul_Ep#29,1Clem,0.7084587267700683
Juliano~Ignacio,Jul_Ep#47,IgnRom,0.7223849793066062
Juliano~Isócrates,Jul_Ep#21,Isoc_Ep25,0.6365074907775117
Juliano~Isócrates,Jul_Ep#25,Isoc_Ep22,0.7072900048118657
Juliano~Isócrates,Jul_Ep#36,Isoc_Ep30,0.6577049392763213
Juliano~Isócrates,Jul_Ep#48,Isoc_Ep22,0.7643223003970842
Juliano~Isócrates,Jul_Ep#53,Isoc_Ep29,0.6848507699955547
Juliano~Isócrates,Jul_Ep#57,Isoc_Ep25,0.7517790843759176
Juliano~Isócrates,Jul_EpThem,Isoc_Ep27,0.6497157439984635
Juliano~Libanio,Jul_Ep#4,Liban_Ep10#20,0.6554612141167914
Juliano~Libanio,Jul_Ep#4,Liban_Ep10#238,0.6075485248816778
Juliano~Libanio,Jul_Ep#4,Liban_Ep10#555,0.6145866079851775
Juliano~Libanio,Jul_Ep#4,Liban_Ep10#796,0.6507462686569522
Juliano~Libanio,Jul_Ep#8,Liban_Ep10#578,0.6686860809843015
Juliano~Libanio,Jul_Ep#8,Liban_Ep10#730,0.7096674639304397
Juliano~Libanio,Jul_Ep#19,Liban_Ep10#119,0.6363582130392734
Juliano~Libanio,Jul_Ep#19,Liban_Ep10#319,0.651128753592028
Juliano~Libanio,Jul_Ep#19,Liban_Ep10#375,0.7376059505501221
Juliano~Libanio,Jul_Ep#19,Liban_Ep10#758,0.7309302472093704
Juliano~Libanio,Jul_Ep#20,Liban_Ep10#560,0.6905481385525737
Juliano~Libanio,Jul_Ep#20,Liban_Ep10#625,0.6697394404585072
Juliano~Libanio,Jul_Ep#21,Liban_Ep10#315,0.6204361669946585
Juliano~Libanio,Jul_Ep#22,Liban_Ep10#282,0.7276230475107035
Juliano~Libanio,Jul_Ep#22,Liban_Ep10#441,0.6556046957073379
Juliano~Libanio,Jul_Ep#25,Liban_Ep10#86,0.7334484743812857
Juliano~Libanio,Jul_Ep#25,Liban_Ep10#175,0.6880433974885007
Juliano~Libanio,Jul_Ep#25,Liban_Ep10#796,0.717631280305556
Juliano~Libanio,Jul_Ep#26,Liban_Ep10#240,0.7230831424338111
Juliano~Libanio,Jul_Ep#26,Liban_Ep10#561,0.6895575889069102
Juliano~Libanio,Jul_Ep#28,Liban_Ep10#97,0.6373225233538078
Juliano~Libanio,Jul_Ep#28,Liban_Ep10#236,0.6613716904865237
Juliano~Libanio,Jul_Ep#28,Liban_Ep10#371,0.6305606357750715
Juliano~Libanio,Jul_Ep#29,Liban_Ep10#763,0.6777181059693895
Juliano~Libanio,Jul_Ep#30,Liban_Ep10#364,0.7382354421462216
Juliano~Libanio,Jul_Ep#30,Liban_Ep10#578,0.6903773095384497
Juliano~Libanio,Jul_Ep#30,Liban_Ep10#620,0.6344179571953077
Juliano~Libanio,Jul_Ep#30,Liban_Ep10#838,0.6841046277668074
Juliano~Libanio,Jul_Ep#32,Liban_Ep10#371,0.683054963572593
Juliano~Libanio,Jul_Ep#32,Liban_Ep10#758,0.7178082191782631
Juliano~Libanio,Jul_Ep#41,Liban_Ep10#239,0.6609967613528352
Juliano~Libanio,Jul_Ep#41,Liban_Ep10#535,0.7144255390760044
Juliano~Libanio,Jul_Ep#47,Liban_Ep10#196,0.7133833340766328
Juliano~Libanio,Jul_Ep#47,Liban_Ep10#217,0.6193004245940472
Juliano~Libanio,Jul_Ep#47,Liban_Ep10#810,0.6509596198780643
Juliano~Libanio,Jul_Ep#48,Liban_Ep10#694,0.69937978839859
Juliano~Libanio,Jul_Ep#50,Liban_Ep10#636,0.6216506849629628
Juliano~Libanio,Jul_Ep#51,Liban_Ep10#274,0.7485756145207498
Juliano~Libanio,Jul_Ep#51,Liban_Ep10#282,0.7902024446143361
Juliano~Libanio,Jul_Ep#53,Liban_Ep10#95,0.5960850347298141
Juliano~Libanio,Jul_Ep#53,Liban_Ep10#557,0.6738120757415527
Juliano~Libanio,Jul_Ep#57,Liban_Ep10#33,0.7038538457382602
Juliano~Libanio,Jul_Ep#57,Liban_Ep10#219,0.7075073997669842
Juliano~Libanio,Jul_Ep#58,Liban_Ep10#374,0.5700709012265155
Juliano~Libanio,Jul_Ep#58,Liban_Ep10#731,0.6551358725822346
Juliano~Libanio,Jul_Ep#63,Liban_Ep10#97,0.7342251591588432
Juliano~Libanio,Jul_Ep#63,Liban_Ep10#314,0.7152602324408093
Juliano~Libanio,Jul_Ep#63,Liban_Ep10#636,0.7151823841129574
Juliano~Libanio,Jul_Ep#63,Liban_Ep10#739,0.7089556679561534
Juliano~Libanio,Jul_Ep#63,Liban_Ep10#779,0.7281271756789847
Juliano~Libanio,Jul_Ep#67,Liban_Ep10#331,0.6608113458841045
Juliano~Libanio,Jul_EpAth,Liban_Ep10#49,0.6600264327635171
Juliano~Libanio,Jul_EpAth,Liban_Ep10#625,0.6644440498423336
Juliano~Libanio,Jul_EpThem,Liban_Ep10#315,0.6658779440795988
Juliano~Orígenes,Jul_Ep#26,Orig_EpAfr,0.7343631158868643
Juliano~Porfirio,Jul_Ep#29,Porph_Marc,0.6682483612478692
Juliano~Porfirio,Jul_Ep#36,Porph_Marc,0.6842200280064279
Libanio~Alcifrón,Liban_Ep10#217,Alciphr10#1,0.617165519409581
Libanio~Alcifrón,Liban_Ep10#441,Alciphr10#1,0.6287158853696007
Libanio~Alcifrón,Liban_Ep10#560,Alciphr10#1,0.6321207686533407
Libanio~Alcifrón,Liban_Ep10#803,Alciphr10#1,0.6828956944736697
Libanio~Alcifrón,Liban_Ep10#803,Alciphr10#2,0.7049052134960556
Libanio~Basilio de Cesarea,Liban_Ep10#19,Bas_Ep#73,0.6541381471422528
Libanio~Basilio de Cesarea,Liban_Ep10#20,Bas_Ep#224,0.659299209302709
Libanio~Basilio de Cesarea,Liban_Ep10#21,Bas_Ep#70,0.7511006450293355
Libanio~Basilio de Cesarea,Liban_Ep10#21,Bas_Ep#89,0.7206169042154021
Libanio~Basilio de Cesarea,Liban_Ep10#33,Bas_Ep#65,0.765338871059235
Libanio~Basilio de Cesarea,Liban_Ep10#37,Bas_Ep#223,0.6969465990278566
Libanio~Basilio de Cesarea,Liban_Ep10#44,Bas_Ep#156,0.662197934380493
Libanio~Basilio de Cesarea,Liban_Ep10#44,Bas_Ep#231,0.6812859036679078
Libanio~Basilio de Cesarea,Liban_Ep10#49,Bas_Ep#73,0.6617513989640263
Libanio~Basilio de Cesarea,Liban_Ep10#62,Bas_Ep#105,0.7217145928515619
Libanio~Basilio de Cesarea,Liban_Ep10#66,Bas_Ep#220,0.7250915882481459
Libanio~Basilio de Cesarea,Liban_Ep10#66,Bas_Ep#229,0.6766662104833122
Libanio~Basilio de Cesarea,Liban_Ep10#68,Bas_Ep#240,0.6454892244421555
Libanio~Basilio de Cesarea,Liban_Ep10#72,Bas_Ep#136,0.7393021545503237
Libanio~Basilio de Cesarea,Liban_Ep10#75,Bas_Ep#223,0.6598335890085092
Libanio~Basilio de Cesarea,Liban_Ep10#88,Bas_Ep#70,0.7497024315594152
Libanio~Basilio de Cesarea,Liban_Ep10#88,Bas_Ep#92,0.7361351314562989
Libanio~Basilio de Cesarea,Liban_Ep10#89,Bas_Ep#23,0.7594486983156162
Libanio~Basilio de Cesarea,Liban_Ep10#95,Bas_Ep#101,0.6823023901174774
Libanio~Basilio de Cesarea,Liban_Ep10#97,Bas_Ep#69,0.6662624878322618
Libanio~Basilio de Cesarea,Liban_Ep10#97,Bas_Ep#122,0.7528928391750662
Libanio~Basilio de Cesarea,Liban_Ep10#119,Bas_Ep#159,0.6672609761535535
Libanio~Basilio de Cesarea,Liban_Ep10#119,Bas_Ep#226,0.6659514605837306
Libanio~Basilio de Cesarea,Liban_Ep10#119,Bas_Ep#269,0.6553192245308356
Libanio~Basilio de Cesarea,Liban_Ep10#127,Bas_Ep#165,0.7111719025769597
Libanio~Basilio de Cesarea,Liban_Ep10#150,Bas_Ep#28,0.7241740556339438
Libanio~Basilio de Cesarea,Liban_Ep10#150,Bas_Ep#150,0.6768909985012306
Libanio~Basilio de Cesarea,Liban_Ep10#163,Bas_Ep#164,0.7180639667574924
Libanio~Basilio de Cesarea,Liban_Ep10#192,Bas_Ep#172,0.6919407836627107
Libanio~Basilio de Cesarea,Liban_Ep10#195,Bas_Ep#217,0.7272753119889732
Libanio~Basilio de Cesarea,Liban_Ep10#195,Bas_Ep#250,0.7131824234356041
Libanio~Basilio de Cesarea,Liban_Ep10#196,Bas_Ep#231,0.7093760185421786
Libanio~Basilio de Cesarea,Liban_Ep10#226,Bas_Ep#68,0.7118539424944526
Libanio~Basilio de Cesarea,Liban_Ep10#236,Bas_Ep#89,0.6832441810035338
Libanio~Basilio de Cesarea,Liban_Ep10#236,Bas_Ep#164,0.7349968986443927
Libanio~Basilio de Cesarea,Liban_Ep10#238,Bas_Ep#242,0.6731122523488641
Libanio~Basilio de Cesarea,Liban_Ep10#245,Bas_Ep#245,0.6830497794583058
Libanio~Basilio de Cesarea,Liban_Ep10#245,Bas_Ep#295,0.6831683168318918
Libanio~Basilio de Cesarea,Liban_Ep10#255,Bas_Ep#91,0.7264477228694226
Libanio~Basilio de Cesarea,Liban_Ep10#269,Bas_Ep#124,0.7620792305932318
Libanio~Basilio de Cesarea,Liban_Ep10#282,Bas_Ep#302,0.7862676873116584
Libanio~Basilio de Cesarea,Liban_Ep10#298,Bas_Ep#174,0.727761595339631
Libanio~Basilio de Cesarea,Liban_Ep10#298,Bas_Ep#210,0.6704212725299381
Libanio~Basilio de Cesarea,Liban_Ep10#298,Bas_Ep#272,0.694664316638632
Libanio~Basilio de Cesarea,Liban_Ep10#326,Bas_Ep#83,0.7607296137340538
Libanio~Basilio de Cesarea,Liban_Ep10#333,Bas_Ep#174,0.6888644130025481
Libanio~Basilio de Cesarea,Liban_Ep10#364,Bas_Ep#230,0.7621565480126107
Libanio~Basilio de Cesarea,Liban_Ep10#386,Bas_Ep#277,0.6592721512569801
Libanio~Basilio de Cesarea,Liban_Ep10#391,Bas_Ep#205,0.7735829675992907
Libanio~Basilio de Cesarea,Liban_Ep10#405,Bas_Ep#37,0.6933236807639283
Libanio~Basilio de Cesarea,Liban_Ep10#411,Bas_Ep#58,0.7620514927418618
Libanio~Basilio de Cesarea,Liban_Ep10#435,Bas_Ep#82,0.6980957230653053
Libanio~Basilio de Cesarea,Liban_Ep10#454,Bas_Ep#89,0.7657142857144305
Libanio~Basilio de Cesarea,Liban_Ep10#454,Bas_Ep#299,0.777003484320694
Libanio~Basilio de Cesarea,Liban_Ep10#490,Bas_Ep#229,0.724931318681494
Libanio~Basilio de Cesarea,Liban_Ep10#503,Bas_Ep#102,0.7113663794899269
Libanio~Basilio de Cesarea,Liban_Ep10#509,Bas_Ep#68,0.7759675085198141
Libanio~Basilio de Cesarea,Liban_Ep10#509,Bas_Ep#244,0.7355104271081286
Libanio~Basilio de Cesarea,Liban_Ep10#516,Bas_Ep#229,0.7284369642046583
Libanio~Basilio de Cesarea,Liban_Ep10#535,Bas_Ep#139,0.7243366252311342
Libanio~Basilio de Cesarea,Liban_Ep10#555,Bas_Ep#24,0.6707008335908334
Libanio~Basilio de Cesarea,Liban_Ep10#555,Bas_Ep#94,0.6366585541097248
Libanio~Basilio de Cesarea,Liban_Ep10#557,Bas_Ep#63,0.7579298831387147
Libanio~Basilio de Cesarea,Liban_Ep10#560,Bas_Ep#89,0.6651927594309267
Libanio~Basilio de Cesarea,Liban_Ep10#578,Bas_Ep#63,0.7307185220195637
Libanio~Basilio de Cesarea,Liban_Ep10#604,Bas_Ep#155,0.7283129324110295
Libanio~Basilio de Cesarea,Liban_Ep10#651,Bas_Ep#269,0.6971064083950058
Libanio~Basilio de Cesarea,Liban_Ep10#673,Bas_Ep#257,0.658701005126778
Libanio~Basilio de Cesarea,Liban_Ep10#715,Bas_Ep#313,0.7051361386140524
Libanio~Basilio de Cesarea,Liban_Ep10#730,Bas_Ep#293,0.7145091719203618
Libanio~Basilio de Cesarea,Liban_Ep10#741,Bas_Ep#299,0.6659512391430514
Libanio~Basilio de Cesarea,Liban_Ep10#754,Bas_Ep#154,0.7060803174525347
Libanio~Basilio de Cesarea,Liban_Ep10#754,Bas_Ep#155,0.7022480348472369
Libanio~Basilio de Cesarea,Liban_Ep10#758,Bas_Ep#276,0.7053941908715601
Libanio~Basilio de Cesarea,Liban_Ep10#763,Bas_Ep#24,0.7479685538747698
Libanio~Basilio de Cesarea,Liban_Ep10#773,Bas_Ep#34,0.6934113783998008
Libanio~Basilio de Cesarea,Liban_Ep10#779,Bas_Ep#204,0.7332074504582273
Libanio~Basilio de Cesarea,Liban_Ep10#793,Bas_Ep#262,0.8002184896901378
Libanio~Basilio de Cesarea,Liban_Ep10#796,Bas_Ep#237,0.6794512085255277
Libanio~Basilio de Cesarea,Liban_Ep10#799,Bas_Ep#245,0.7487739946757911
Libanio~Basilio de Cesarea,Liban_Ep10#803,Bas_Ep#229,0.7347605817945786
Libanio~Basilio de Cesarea,Liban_Ep10#814,Bas_Ep#199,0.7520451279397378
Libanio~Basilio de Cesarea,Liban_Ep10#838,Bas_Ep#294,0.7275264102054755
Libanio~Eliano,Liban_Ep10#694,Ael_EpRust,0.6927164989952579
Libanio~Ignacio,Liban_Ep10#33,IgnRom,0.7981653340220707
Libanio~Ignacio,Liban_Ep10#49,IgnFil,0.763759885856554
Libanio~Ignacio,Liban_Ep10#97,IgnRom,0.7582234024151319
Libanio~Ignacio,Liban_Ep10#252,IgnEf,0.7681061620775524
Libanio~Ignacio,Liban_Ep10#364,IgnEf,0.7608498921582574
Libanio~Ignacio,Liban_Ep10#779,IgnRom,0.7934081563388667
Libanio~Ignacio,Liban_Ep10#791,IgnPol,0.7653710147103753
Libanio~Isócrates,Liban_Ep10#578,Isoc_Ep30,0.662376591931561
Libanio~Isócrates,Liban_Ep10#754,Isoc_Ep25,0.7143862808723556
Libanio~Isócrates,Liban_Ep10#773,Isoc_Ep30,0.7028077753781623
Libanio~Isócrates,Liban_Ep10#838,Isoc_Ep25,0.6738384871843387
Libanio~Juliano,Liban_Ep10#35,Jul_Ep#36,0.6183343767818179
Libanio~Juliano,Liban_Ep10#66,Jul_Ep#47,0.6639536804176432
Libanio~Juliano,Liban_Ep10#163,Jul_Ep#36,0.6412317159927674
Libanio~Juliano,Liban_Ep10#283,Jul_Ep#18,0.7395437262359057
Libanio~Juliano,Liban_Ep10#283,Jul_Ep#67,0.6826815642460191
Libanio~Juliano,Liban_Ep10#326,Jul_Ep#56,0.7338743859650013
Libanio~Juliano,Liban_Ep10#400,Jul_Ep#4,0.6471896537524009
Libanio~Juliano,Liban_Ep10#432,Jul_EpThem,0.6328173144841867
Libanio~Juliano,Liban_Ep10#435,Jul_Ep#47,0.6317246377997281
Libanio~Juliano,Liban_Ep10#555,Jul_Ep#30,0.6998011928431376
Libanio~Juliano,Liban_Ep10#561,Jul_Ep#26,0.6895575889069102
Libanio~Juliano,Liban_Ep10#563,Jul_Ep#8,0.6634721710286069
Libanio~Juliano,Liban_Ep10#715,Jul_Ep#20,0.6566379013620219
Libanio~Juliano,Liban_Ep10#754,Jul_Ep#30,0.6786377239839984
Libanio~Juliano,Liban_Ep10#758,Jul_Ep#29,0.7308203514717257
Libanio~Juliano,Liban_Ep10#799,Jul_Ep#29,0.7270528083520456
Libanio~Juliano,Liban_Ep10#808,Jul_Ep#48,0.6954863924505107
Libanio~Juliano,Liban_Ep10#819,Jul_Ep#8,0.6246902455510579
Libanio~Juliano,Liban_Ep10#835,Jul_Ep#28,0.6468986127047088
Libanio~Luciano,Liban_Ep10#739,Luc_Peregr,0.6638105908328147
Luciano~Alcifrón,Luc_Peregr,Alciphr10#4,0.6174950531051151
Luciano~Basilio de Cesarea,Luc_Peregr,Bas_Ep#5,0.6411744150573095
Luciano~Basilio de Cesarea,Luc_Peregr,Bas_Ep#22,0.7676704516789853
Luciano~Basilio de Cesarea,Luc_Peregr,Bas_Ep#26,0.6781578718902019
Luciano~Basilio de Cesarea,Luc_Peregr,Bas_Ep#28,0.6605240116899862
Luciano~Basilio de Cesarea,Luc_Peregr,Bas_Ep#29,0.702005474911792
Luciano~Basilio de Cesarea,Luc_Peregr,Bas_Ep#30,0.6804052345414032
Luciano~Basilio de Cesarea,Luc_Peregr,Bas_Ep#48,0.6760237840576573
Luciano~Basilio de Cesarea,Luc_Peregr,Bas_Ep#54,0.6958057055581152
Luciano~Basilio de Cesarea,Luc_Peregr,Bas_Ep#56,0.6952090463474164
Luciano~Basilio de Cesarea,Luc_Peregr,Bas_Ep#59,0.6573466033775274
Luciano~Basilio de Cesarea,Luc_Peregr,Bas_Ep#66,0.7197404349349152
Luciano~Basilio de Cesarea,Luc_Peregr,Bas_Ep#69,0.6510376419153403
Luciano~Basilio de Cesarea,Luc_Peregr,Bas_Ep#73,0.6029476250387826
Luciano~Basilio de Cesarea,Luc_Peregr,Bas_Ep#85,0.7340768886859907
Luciano~Basilio de Cesarea,Luc_Peregr,Bas_Ep#90,0.6638486821728276
Luciano~Basilio de Cesarea,Luc_Peregr,Bas_Ep#93,0.708667073314731
Luciano~Basilio de Cesarea,Luc_Peregr,Bas_Ep#95,0.71864257991413
Luciano~Basilio de Cesarea,Luc_Peregr,Bas_Ep#97,0.7028791188667646
Luciano~Basilio de Cesarea,Luc_Peregr,Bas_Ep#108,0.7073938363831431
Luciano~Basilio de Cesarea,Luc_Peregr,Bas_Ep#124,0.744553116411361
Luciano~Basilio de Cesarea,Luc_Peregr,Bas_Ep#126,0.7388924397707027
Luciano~Basilio de Cesarea,Luc_Peregr,Bas_Ep#131,0.6688933450438543
Luciano~Basilio de Cesarea,Luc_Peregr,Bas_Ep#136,0.6286492748509979
Luciano~Basilio de Cesarea,Luc_Peregr,Bas_Ep#138,0.6607682974125019
Luciano~Basilio de Cesarea,Luc_Peregr,Bas_Ep#141,0.692958660059672
Luciano~Basilio de Cesarea,Luc_Peregr,Bas_Ep#148,0.6877418952587586
Luciano~Basilio de Cesarea,Luc_Peregr,Bas_Ep#150,0.6322130112232545
Luciano~Basilio de Cesarea,Luc_Peregr,Bas_Ep#159,0.6711779836190496
Luciano~Basilio de Cesarea,Luc_Peregr,Bas_Ep#160,0.664833821023862
Luciano~Basilio de Cesarea,Luc_Peregr,Bas_Ep#164,0.6898022011934689
Luciano~Basilio de Cesarea,Luc_Peregr,Bas_Ep#172,0.6791071110028448
Luciano~Basilio de Cesarea,Luc_Peregr,Bas_Ep#198,0.6826276218715335
Luciano~Basilio de Cesarea,Luc_Peregr,Bas_Ep#218,0.6899529973396016
Luciano~Basilio de Cesarea,Luc_Peregr,Bas_Ep#227,0.6407625567760811
Luciano~Basilio de Cesarea,Luc_Peregr,Bas_Ep#228,0.6796717092589772
Luciano~Basilio de Cesarea,Luc_Peregr,Bas_Ep#230,0.7280884388223908
Luciano~Basilio de Cesarea,Luc_Peregr,Bas_Ep#235,0.6625371265572768
Luciano~Basilio de Cesarea,Luc_Peregr,Bas_Ep#239,0.7060936590420908
Luciano~Basilio de Cesarea,Luc_Peregr,Bas_Ep#256,0.653391127478706
Luciano~Basilio de Cesarea,Luc_Peregr,Bas_Ep#258,0.647368897809924
Luciano~Basilio de Cesarea,Luc_Peregr,Bas_Ep#261,0.6443095577146666
Luciano~Basilio de Cesarea,Luc_Peregr,Bas_Ep#262,0.6737825113346441
Luciano~Basilio de Cesarea,Luc_Peregr,Bas_Ep#267,0.6743176734402943
Luciano~Basilio de Cesarea,Luc_Peregr,Bas_Ep#269,0.6705143790283756
Luciano~Basilio de Cesarea,Luc_Peregr,Bas_Ep#289,0.643874807454546
Luciano~Basilio de Cesarea,Luc_Peregr,Bas_Ep#323,0.6862021580733095
Luciano~Filóstrato,Luc_Peregr,Philostr_Ep,0.6116030728652618
Luciano~Ignacio,Luc_Peregr,IgnEf,0.710619988576184
Luciano~Ignacio,Luc_Peregr,IgnMagn,0.7120327407775774
Luciano~Ignacio,Luc_Peregr,IgnRom,0.7220494171509841
Luciano~Isócrates,Luc_Peregr,Isoc_Ep24,0.7143545366704844
Luciano~Isócrates,Luc_Peregr,Isoc_Ep27,0.7095183045869341
Luciano~Isócrates,Luc_Peregr,Isoc_Ep30,0.6571646963617837
Luciano~Juliano,Luc_Peregr,Jul_Ep#19,0.5965371638186808
Luciano~Juliano,Luc_Peregr,Jul_Ep#22,0.6629929580157191
Luciano~Juliano,Luc_Peregr,Jul_Ep#47,0.6506116930643848
Luciano~Juliano,Luc_Peregr,Jul_Ep#51,0.6919412046258676
Luciano~Juliano,Luc_Peregr,Jul_Ep#53,0.6767801014855989
Luciano~Juliano,Luc_Peregr,Jul_Ep#57,0.7001112360454099
Luciano~Juliano,Luc_Peregr,Jul_Ep#69,0.6475296608031412
Luciano~Libanio,Luc_Peregr,Liban_Ep10#19,0.6661972438869453
Luciano~Libanio,Luc_Peregr,Liban_Ep10#20,0.6803455919184186
Luciano~Libanio,Luc_Peregr,Liban_Ep10#25,0.6510825603017644
Luciano~Libanio,Luc_Peregr,Liban_Ep10#35,0.6047528325060121
Luciano~Libanio,Luc_Peregr,Liban_Ep10#44,0.6413251408538352
Luciano~Libanio,Luc_Peregr,Liban_Ep10#61,0.6147289161700105
Luciano~Libanio,Luc_Peregr,Liban_Ep10#75,0.6805079498260245
Luciano~Libanio,Luc_Peregr,Liban_Ep10#80,0.6671698468434493
Luciano~Libanio,Luc_Peregr,Liban_Ep10#81,0.6948256330342749
Luciano~Libanio,Luc_Peregr,Liban_Ep10#86,0.6999664363633835
Luciano~Libanio,Luc_Peregr,Liban_Ep10#119,0.6140154998303767
Luciano~Libanio,Luc_Peregr,Liban_Ep10#175,0.7233117624861465
Luciano~Libanio,Luc_Peregr,Liban_Ep10#197,0.6894440089164775
Luciano~Libanio,Luc_Peregr,Liban_Ep10#218,0.6431448686929652
Luciano~Libanio,Luc_Peregr,Liban_Ep10#219,0.6565234744236601
Luciano~Libanio,Luc_Peregr,Liban_Ep10#224,0.6534738883166473
Luciano~Libanio,Luc_Peregr,Liban_Ep10#226,0.6723370988948834
Luciano~Libanio,Luc_Peregr,Liban_Ep10#238,0.7036544808313566
Luciano~Libanio,Luc_Peregr,Liban_Ep10#240,0.7302632368125819
Luciano~Libanio,Luc_Peregr,Liban_Ep10#251,0.6366850008604593
Luciano~Libanio,Luc_Peregr,Liban_Ep10#252,0.70354427135775
Luciano~Libanio,Luc_Peregr,Liban_Ep10#255,0.6393719455679114
Luciano~Libanio,Luc_Peregr,Liban_Ep10#274,0.6974036649866181
Luciano~Libanio,Luc_Peregr,Liban_Ep10#298,0.7041168976184095
Luciano~Libanio,Luc_Peregr,Liban_Ep10#316,0.6912931478659441
Luciano~Libanio,Luc_Peregr,Liban_Ep10#330,0.7379387401915171
Luciano~Libanio,Luc_Peregr,Liban_Ep10#333,0.6613426206994435
Luciano~Libanio,Luc_Peregr,Liban_Ep10#340,0.7000986884653462
Luciano~Libanio,Luc_Peregr,Liban_Ep10#348,0.6364301813844706
Luciano~Libanio,Luc_Peregr,Liban_Ep10#358,0.6965592939122904
Luciano~Libanio,Luc_Peregr,Liban_Ep10#368,0.683184990160506
Luciano~Libanio,Luc_Peregr,Liban_Ep10#371,0.6264815585234037
Luciano~Libanio,Luc_Peregr,Liban_Ep10#376,0.6748724466853165
Luciano~Libanio,Luc_Peregr,Liban_Ep10#400,0.6841038273058689
Luciano~Libanio,Luc_Peregr,Liban_Ep10#441,0.6618266086471726
Luciano~Libanio,Luc_Peregr,Liban_Ep10#454,0.7273470164990808
Luciano~Libanio,Luc_Peregr,Liban_Ep10#481,0.713172959515149
Luciano~Libanio,Luc_Peregr,Liban_Ep10#490,0.7094433392395474
Luciano~Libanio,Luc_Peregr,Liban_Ep10#493,0.7026525969376369
Luciano~Libanio,Luc_Peregr,Liban_Ep10#495,0.6906941527014736
Luciano~Libanio,Luc_Peregr,Liban_Ep10#503,0.6883822018942134
Luciano~Libanio,Luc_Peregr,Liban_Ep10#528,0.7299080578997807
Luciano~Libanio,Luc_Peregr,Liban_Ep10#552,0.6154912240474816
Luciano~Libanio,Luc_Peregr,Liban_Ep10#578,0.6530828663840863
Luciano~Libanio,Luc_Peregr,Liban_Ep10#620,0.6346004182168283
Luciano~Libanio,Luc_Peregr,Liban_Ep10#636,0.6394410621986663
Luciano~Libanio,Luc_Peregr,Liban_Ep10#659,0.7082145655201215
Luciano~Libanio,Luc_Peregr,Liban_Ep10#693,0.7190390919177444
Luciano~Libanio,Luc_Peregr,Liban_Ep10#731,0.6903871229818156
Luciano~Libanio,Luc_Peregr,Liban_Ep10#732,0.6401964333068583
Luciano~Libanio,Luc_Peregr,Liban_Ep10#735,0.6417272721994116
Luciano~Libanio,Luc_Peregr,Liban_Ep10#754,0.6480096854212865
Luciano~Libanio,Luc_Peregr,Liban_Ep10#793,0.7360708423910772
Luciano~Libanio,Luc_Peregr,Liban_Ep10#810,0.6649173213417487
Luciano~Libanio,Luc_Peregr,Liban_Ep10#814,0.7312690785109457
Luciano~Libanio,Luc_Peregr,Liban_Ep10#819,0.6590583865234237
Luciano~Libanio,Luc_Peregr,Liban_Ep10#838,0.6700029032644561
Luciano~Orígenes,Luc_Peregr,Orig_EpAfr,0.6314422471157328
Luciano~Policarpo,Luc_Peregr,PolFil,0.6995774081192787
Orígenes~Basilio de Cesarea,Orig_EpAfr,Bas_Ep#1,0.6791738807829517
Orígenes~Basilio de Cesarea,Orig_EpAfr,Bas_Ep#3,0.6461096203102554
Orígenes~Basilio de Cesarea,Orig_EpAfr,Bas_Ep#14,0.6675727182908803
Orígenes~Basilio de Cesarea,Orig_EpAfr,Bas_Ep#23,0.6607091825451448
Orígenes~Basilio de Cesarea,Orig_EpAfr,Bas_Ep#37,0.6979573914873819
Orígenes~Basilio de Cesarea,Orig_EpAfr,Bas_Ep#48,0.6682470674332991
Orígenes~Basilio de Cesarea,Orig_EpAfr,Bas_Ep#51,0.6372503535250209
Orígenes~Basilio de Cesarea,Orig_EpAfr,Bas_Ep#56,0.6966170891462385
Orígenes~Basilio de Cesarea,Orig_EpAfr,Bas_Ep#57,0.70854674364942
Orígenes~Basilio de Cesarea,Orig_EpAfr,Bas_Ep#58,0.705616665340185
Orígenes~Basilio de Cesarea,Orig_EpAfr,Bas_Ep#60,0.7086669516554516
Orígenes~Basilio de Cesarea,Orig_EpAfr,Bas_Ep#71,0.6428096129332452
Orígenes~Basilio de Cesarea,Orig_EpAfr,Bas_Ep#75,0.7173164243406167
Orígenes~Basilio de Cesarea,Orig_EpAfr,Bas_Ep#84,0.6544607271619194
Orígenes~Basilio de Cesarea,Orig_EpAfr,Bas_Ep#85,0.7040808322671869
Orígenes~Basilio de Cesarea,Orig_EpAfr,Bas_Ep#94,0.6462191096164857
Orígenes~Basilio de Cesarea,Orig_EpAfr,Bas_Ep#96,0.6422393325826805
Orígenes~Basilio de Cesarea,Orig_EpAfr,Bas_Ep#100,0.6878261366821563
Orígenes~Basilio de Cesarea,Orig_EpAfr,Bas_Ep#108,0.6775746081877602
Orígenes~Basilio de Cesarea,Orig_EpAfr,Bas_Ep#112,0.6687406256527414
Orígenes~Basilio de Cesarea,Orig_EpAfr,Bas_Ep#113,0.6730548215144918
Orígenes~Basilio de Cesarea,Orig_EpAfr,Bas_Ep#117,0.6427854648849365
Orígenes~Basilio de Cesarea,Orig_EpAfr,Bas_Ep#120,0.6750823523654279
Orígenes~Basilio de Cesarea,Orig_EpAfr,Bas_Ep#125,0.6337256321968752
Orígenes~Basilio de Cesarea,Orig_EpAfr,Bas_Ep#131,0.6510743988215654
Orígenes~Basilio de Cesarea,Orig_EpAfr,Bas_Ep#154,0.6437714566962854
Orígenes~Basilio de Cesarea,Orig_EpAfr,Bas_Ep#155,0.6566977895635974
Orígenes~Basilio de Cesarea,Orig_EpAfr,Bas_Ep#173,0.6699603695704203
Orígenes~Basilio de Cesarea,Orig_EpAfr,Bas_Ep#198,0.6608074814578565
Orígenes~Basilio de Cesarea,Orig_EpAfr,Bas_Ep#203,0.638356507980038
Orígenes~Basilio de Cesarea,Orig_EpAfr,Bas_Ep#204,0.6647285107025105
Orígenes~Basilio de Cesarea,Orig_EpAfr,Bas_Ep#205,0.6605014099058327
Orígenes~Basilio de Cesarea,Orig_EpAfr,Bas_Ep#206,0.666148493226087
Orígenes~Basilio de Cesarea,Orig_EpAfr,Bas_Ep#210,0.6200704421425565
Orígenes~Basilio de Cesarea,Orig_EpAfr,Bas_Ep#213,0.6432004448958104
Orígenes~Basilio de Cesarea,Orig_EpAfr,Bas_Ep#214,0.6613769927768502
Orígenes~Basilio de Cesarea,Orig_EpAfr,Bas_Ep#219,0.6383984823142305
Orígenes~Basilio de Cesarea,Orig_EpAfr,Bas_Ep#226,0.6392429503892576
Orígenes~Basilio de Cesarea,Orig_EpAfr,Bas_Ep#227,0.6098408775363569
Orígenes~Basilio de Cesarea,Orig_EpAfr,Bas_Ep#233,0.648281238473986
Orígenes~Basilio de Cesarea,Orig_EpAfr,Bas_Ep#234,0.6929656307128884
Orígenes~Basilio de Cesarea,Orig_EpAfr,Bas_Ep#237,0.6537427836302173
Orígenes~Basilio de Cesarea,Orig_EpAfr,Bas_Ep#238,0.6552249581366798
Orígenes~Basilio de Cesarea,Orig_EpAfr,Bas_Ep#248,0.7261815853426196
Orígenes~Basilio de Cesarea,Orig_EpAfr,Bas_Ep#251,0.632430021749369
Orígenes~Basilio de Cesarea,Orig_EpAfr,Bas_Ep#257,0.6474371039891668
Orígenes~Basilio de Cesarea,Orig_EpAfr,Bas_Ep#258,0.6485908942669096
Orígenes~Basilio de Cesarea,Orig_EpAfr,Bas_Ep#265,0.6097007364918755
Orígenes~Basilio de Cesarea,Orig_EpAfr,Bas_Ep#268,0.6198537065555096
Orígenes~Basilio de Cesarea,Orig_EpAfr,Bas_Ep#269,0.6697502154420054
Orígenes~Basilio de Cesarea,Orig_EpAfr,Bas_Ep#271,0.6374605360574134
Orígenes~Basilio de Cesarea,Orig_EpAfr,Bas_Ep#272,0.6355041233493758
Orígenes~Basilio de Cesarea,Orig_EpAfr,Bas_Ep#290,0.714241213643264
Orígenes~Basilio de Cesarea,Orig_EpAfr,Bas_Ep#295,0.6607570960400033
Orígenes~Basilio de Cesarea,Orig_EpAfr,Bas_Ep#301,0.6545228938469473
Orígenes~Ignacio,Orig_EpAfr,IgnEf,0.6866384897295481
Orígenes~Isócrates,Orig_EpAfr,Isoc_Ep22,0.7351571266923328
Orígenes~Isócrates,Orig_EpAfr,Isoc_Ep24,0.7077191278565614
Orígenes~Juliano,Orig_EpAfr,Jul_Ep#4,0.666018086040929
Orígenes~Juliano,Orig_EpAfr,Jul_Ep#28,0.6853248432695591
Orígenes~Juliano,Orig_EpAfr,Jul_Ep#36,0.6973061109911421
Orígenes~Juliano,Orig_EpAfr,Jul_Ep#48,0.6841223703332276
Orígenes~Juliano,Orig_EpAfr,Jul_Ep#50,0.6532346858926733
Orígenes~Juliano,Orig_EpAfr,Jul_Ep#51,0.6928708360817775
Orígenes~Juliano,Orig_EpAfr,Jul_Ep#67,0.6799521049015744
Orígenes~Libanio,Orig_EpAfr,Liban_Ep10#19,0.7042723163549951
Orígenes~Libanio,Orig_EpAfr,Liban_Ep10#33,0.7469928919732414
Orígenes~Libanio,Orig_EpAfr,Liban_Ep10#40,0.6996988251261883
Orígenes~Libanio,Orig_EpAfr,Liban_Ep10#61,0.6492429248739241
Orígenes~Libanio,Orig_EpAfr,Liban_Ep10#62,0.6825785567599768
Orígenes~Libanio,Orig_EpAfr,Liban_Ep10#70,0.7278905083369995
Orígenes~Libanio,Orig_EpAfr,Liban_Ep10#72,0.7387387592093738
Orígenes~Libanio,Orig_EpAfr,Liban_Ep10#75,0.6818522176370838
Orígenes~Libanio,Orig_EpAfr,Liban_Ep10#80,0.684305980212038
Orígenes~Libanio,Orig_EpAfr,Liban_Ep10#86,0.7068727756714351
Orígenes~Libanio,Orig_EpAfr,Liban_Ep10#114,0.6595176215413663
Orígenes~Libanio,Orig_EpAfr,Liban_Ep10#115,0.7146993316417551
Orígenes~Libanio,Orig_EpAfr,Liban_Ep10#175,0.7388029421904682
Orígenes~Libanio,Orig_EpAfr,Liban_Ep10#195,0.7142319203949342
Orígenes~Libanio,Orig_EpAfr,Liban_Ep10#196,0.728329521784959
Orígenes~Libanio,Orig_EpAfr,Liban_Ep10#203,0.6880814614717476
Orígenes~Libanio,Orig_EpAfr,Liban_Ep10#217,0.6802133568445154
Orígenes~Libanio,Orig_EpAfr,Liban_Ep10#218,0.6785229433372533
Orígenes~Libanio,Orig_EpAfr,Liban_Ep10#224,0.6596987150488011
Orígenes~Libanio,Orig_EpAfr,Liban_Ep10#226,0.696632133814662
Orígenes~Libanio,Orig_EpAfr,Liban_Ep10#238,0.7153620443980053
Orígenes~Libanio,Orig_EpAfr,Liban_Ep10#251,0.682468011351923
Orígenes~Libanio,Orig_EpAfr,Liban_Ep10#252,0.7543959179798204
Orígenes~Libanio,Orig_EpAfr,Liban_Ep10#274,0.7095071417175994
Orígenes~Libanio,Orig_EpAfr,Liban_Ep10#283,0.7277454533966947
Orígenes~Libanio,Orig_EpAfr,Liban_Ep10#309,0.7118717297996
Orígenes~Libanio,Orig_EpAfr,Liban_Ep10#316,0.6912226252189633
Orígenes~Libanio,Orig_EpAfr,Liban_Ep10#362,0.7370762703092826
Orígenes~Libanio,Orig_EpAfr,Liban_Ep10#364,0.7085201791687
Orígenes~Libanio,Orig_EpAfr,Liban_Ep10#366,0.75855659217791
Orígenes~Libanio,Orig_EpAfr,Liban_Ep10#376,0.7015754768539183
Orígenes~Libanio,Orig_EpAfr,Liban_Ep10#390,0.6860543976355222
Orígenes~Libanio,Orig_EpAfr,Liban_Ep10#400,0.7029159035315471
Orígenes~Libanio,Orig_EpAfr,Liban_Ep10#430,0.7126448945378563
Orígenes~Libanio,Orig_EpAfr,Liban_Ep10#438,0.6991499446248363
Orígenes~Libanio,Orig_EpAfr,Liban_Ep10#454,0.7410978584083174
Orígenes~Libanio,Orig_EpAfr,Liban_Ep10#481,0.7353641223492453
Orígenes~Libanio,Orig_EpAfr,Liban_Ep10#495,0.7073703628481737
Orígenes~Libanio,Orig_EpAfr,Liban_Ep10#604,0.7340099128799679
Orígenes~Libanio,Orig_EpAfr,Liban_Ep10#625,0.6827090444948821
Orígenes~Libanio,Orig_EpAfr,Liban_Ep10#636,0.6758634307179632
Orígenes~Libanio,Orig_EpAfr,Liban_Ep10#693,0.7542403703367616
Orígenes~Libanio,Orig_EpAfr,Liban_Ep10#715,0.7405271624433982
Orígenes~Libanio,Orig_EpAfr,Liban_Ep10#730,0.7169263648029787
Orígenes~Libanio,Orig_EpAfr,Liban_Ep10#732,0.7069843855474546
Orígenes~Libanio,Orig_EpAfr,Liban_Ep10#739,0.6782592833878693
Orígenes~Libanio,Orig_EpAfr,Liban_Ep10#754,0.6605983683575505
Orígenes~Libanio,Orig_EpAfr,Liban_Ep10#791,0.7038852600105578
Orígenes~Libanio,Orig_EpAfr,Liban_Ep10#793,0.7574883485252695
Orígenes~Libanio,Orig_EpAfr,Liban_Ep10#797,0.6933798603301594
Orígenes~Libanio,Orig_EpAfr,Liban_Ep10#802,0.6473972891043716
Orígenes~Libanio,Orig_EpAfr,Liban_Ep10#808,0.7061768940843952
Orígenes~Libanio,Orig_EpAfr,Liban_Ep10#811,0.7165324747125467
Orígenes~Libanio,Orig_EpAfr,Liban_Ep10#819,0.691896545616089
Orígenes~Libanio,Orig_EpAfr,Liban_Ep10#838,0.6945158922792674
Policarpo~Alcifrón,PolFil,Alciphr10#2,0.6823680353730188
Policarpo~Alcifrón,PolFil,Alciphr10#4,0.7084850376969876
Policarpo~Basilio de Cesarea,PolFil,Bas_Ep#3,0.6886508714716661
Policarpo~Basilio de Cesarea,PolFil,Bas_Ep#24,0.6889719544206375
Policarpo~Basilio de Cesarea,PolFil,Bas_Ep#25,0.7178214853662769
Policarpo~Basilio de Cesarea,PolFil,Bas_Ep#28,0.6932393184002258
Policarpo~Basilio de Cesarea,PolFil,Bas_Ep#53,0.716323026729572
Policarpo~Basilio de Cesarea,PolFil,Bas_Ep#56,0.7200615164483567
Policarpo~Basilio de Cesarea,PolFil,Bas_Ep#59,0.7028089445903525
Policarpo~Basilio de Cesarea,PolFil,Bas_Ep#63,0.7650658913628972
Policarpo~Basilio de Cesarea,PolFil,Bas_Ep#66,0.7499891586283182
Policarpo~Basilio de Cesarea,PolFil,Bas_Ep#71,0.6694071489149914
Policarpo~Basilio de Cesarea,PolFil,Bas_Ep#75,0.7208573328045766
Policarpo~Basilio de Cesarea,PolFil,Bas_Ep#82,0.7072493520739709
Policarpo~Basilio de Cesarea,PolFil,Bas_Ep#89,0.6637882060119844
Policarpo~Basilio de Cesarea,PolFil,Bas_Ep#95,0.7244467230718812
Policarpo~Basilio de Cesarea,PolFil,Bas_Ep#97,0.6824612841457431
Policarpo~Basilio de Cesarea,PolFil,Bas_Ep#99,0.6608350987024576
Policarpo~Basilio de Cesarea,PolFil,Bas_Ep#105,0.6670525165931903
Policarpo~Basilio de Cesarea,PolFil,Bas_Ep#124,0.7749861635431936
Policarpo~Basilio de Cesarea,PolFil,Bas_Ep#125,0.6552293801885025
Policarpo~Basilio de Cesarea,PolFil,Bas_Ep#126,0.690153815655626
Policarpo~Basilio de Cesarea,PolFil,Bas_Ep#128,0.6737395375998239
Policarpo~Basilio de Cesarea,PolFil,Bas_Ep#129,0.6800391698855259
Policarpo~Basilio de Cesarea,PolFil,Bas_Ep#135,0.666434003483199
Policarpo~Basilio de Cesarea,PolFil,Bas_Ep#136,0.6753875164927137
Policarpo~Basilio de Cesarea,PolFil,Bas_Ep#138,0.6887827498839283
Policarpo~Basilio de Cesarea,PolFil,Bas_Ep#150,0.6467206838534607
Policarpo~Basilio de Cesarea,PolFil,Bas_Ep#156,0.6465986470608938
Policarpo~Basilio de Cesarea,PolFil,Bas_Ep#162,0.7428609971837816
Policarpo~Basilio de Cesarea,PolFil,Bas_Ep#164,0.7240907969503726
Policarpo~Basilio de Cesarea,PolFil,Bas_Ep#173,0.6997503057227668
Policarpo~Basilio de Cesarea,PolFil,Bas_Ep#204,0.6904488360752072
Policarpo~Basilio de Cesarea,PolFil,Bas_Ep#207,0.6427682213436874
Policarpo~Basilio de Cesarea,PolFil,Bas_Ep#210,0.6655340773143743
Policarpo~Basilio de Cesarea,PolFil,Bas_Ep#214,0.6928511055977893
Policarpo~Basilio de Cesarea,PolFil,Bas_Ep#220,0.7078125856561848
Policarpo~Basilio de Cesarea,PolFil,Bas_Ep#222,0.6496766339935075
Policarpo~Basilio de Cesarea,PolFil,Bas_Ep#223,0.6756102814602933
Policarpo~Basilio de Cesarea,PolFil,Bas_Ep#231,0.6568236813943988
Policarpo~Basilio de Cesarea,PolFil,Bas_Ep#234,0.7071274556090063
Policarpo~Basilio de Cesarea,PolFil,Bas_Ep#240,0.6616954311384774
Policarpo~Basilio de Cesarea,PolFil,Bas_Ep#243,0.687320729893069
Policarpo~Basilio de Cesarea,PolFil,Bas_Ep#248,0.7510865433974834
Policarpo~Basilio de Cesarea,PolFil,Bas_Ep#250,0.7033894861208054
Policarpo~Basilio de Cesarea,PolFil,Bas_Ep#256,0.6942368269915984
Policarpo~Basilio de Cesarea,PolFil,Bas_Ep#257,0.6379714057459974
Policarpo~Basilio de Cesarea,PolFil,Bas_Ep#258,0.6764551360353717
Policarpo~Basilio de Cesarea,PolFil,Bas_Ep#260,0.6643210584235462
Policarpo~Basilio de Cesarea,PolFil,Bas_Ep#262,0.6885552166637638
Policarpo~Basilio de Cesarea,PolFil,Bas_Ep#263,0.6757346047135014
Policarpo~Basilio de Cesarea,PolFil,Bas_Ep#265,0.6176941602577833
Policarpo~Basilio de Cesarea,PolFil,Bas_Ep#272,0.6417192517721115
Policarpo~Basilio de Cesarea,PolFil,Bas_Ep#293,0.6937004366561481
Policarpo~Basilio de Cesarea,PolFil,Bas_Ep#299,0.7410229616397489
Policarpo~Basilio de Cesarea,PolFil,Bas_Ep#302,0.6687970095107955
Policarpo~Basilio de Cesarea,PolFil,Bas_Ep#323,0.6942751266239292
Policarpo~Clemente Romano,PolFil,1Clem,0.6268830153915775
Policarpo~Eliano,PolFil,Ael_EpRust,0.7085757969990986
Policarpo~Filóstrato,PolFil,Philostr_Ep,0.7044843225012092
Policarpo~Ignacio,PolFil,IgnTral,0.6443091759847384
Policarpo~Ignacio,PolFil,IgnRom,0.6853115161133931
Policarpo~Juliano,PolFil,Jul_Ep#8,0.7283601783917502
Policarpo~Juliano,PolFil,Jul_Ep#16,0.7182193843745577
Policarpo~Juliano,PolFil,Jul_Ep#19,0.7048338961584182
Policarpo~Juliano,PolFil,Jul_Ep#21,0.6545886477861498
Policarpo~Juliano,PolFil,Jul_Ep#25,0.7016516248451772
Policarpo~Juliano,PolFil,Jul_Ep#29,0.6938417258077922
Policarpo~Juliano,PolFil,Jul_Ep#56,0.7175779097226503
Policarpo~Juliano,PolFil,Jul_Ep#69,0.7270404104226688
Policarpo~Libanio,PolFil,Liban_Ep10#19,0.7447649130160793
Policarpo~Libanio,PolFil,Liban_Ep10#20,0.7264472600766244
Policarpo~Libanio,PolFil,Liban_Ep10#44,0.742165658555894
Policarpo~Libanio,PolFil,Liban_Ep10#49,0.7810323526285845
Policarpo~Libanio,PolFil,Liban_Ep10#61,0.7201165226076865
Policarpo~Libanio,PolFil,Liban_Ep10#66,0.7584922022932077
Policarpo~Libanio,PolFil,Liban_Ep10#80,0.700157216026583
Policarpo~Libanio,PolFil,Liban_Ep10#81,0.7740799761917794
Policarpo~Libanio,PolFil,Liban_Ep10#89,0.7545748059059884
Policarpo~Libanio,PolFil,Liban_Ep10#95,0.7056444025027032
Policarpo~Libanio,PolFil,Liban_Ep10#97,0.7557769541106331
Policarpo~Libanio,PolFil,Liban_Ep10#101,0.7440368669666373
Policarpo~Libanio,PolFil,Liban_Ep10#110,0.7532160929143015
Policarpo~Libanio,PolFil,Liban_Ep10#127,0.7713673682058398
Policarpo~Libanio,PolFil,Liban_Ep10#163,0.7363390756583653
Policarpo~Libanio,PolFil,Liban_Ep10#192,0.7275485256554822
Policarpo~Libanio,PolFil,Liban_Ep10#196,0.772118726430323
Policarpo~Libanio,PolFil,Liban_Ep10#203,0.704362924143162
Policarpo~Libanio,PolFil,Liban_Ep10#217,0.7308895127249533
Policarpo~Libanio,PolFil,Liban_Ep10#236,0.7114695575439602
Policarpo~Libanio,PolFil,Liban_Ep10#283,0.7911342930971645
Policarpo~Libanio,PolFil,Liban_Ep10#314,0.7290199879962247
Policarpo~Libanio,PolFil,Liban_Ep10#315,0.7163730726626703
Policarpo~Libanio,PolFil,Liban_Ep10#326,0.820784350421375
Policarpo~Libanio,PolFil,Liban_Ep10#331,0.7194261006017435
Policarpo~Libanio,PolFil,Liban_Ep10#333,0.7602027197198401
Policarpo~Libanio,PolFil,Liban_Ep10#336,0.7314795482114604
Policarpo~Libanio,PolFil,Liban_Ep10#340,0.7970510318720726
Policarpo~Libanio,PolFil,Liban_Ep10#376,0.7134989069158828
Policarpo~Libanio,PolFil,Liban_Ep10#400,0.7854809775370054
Policarpo~Libanio,PolFil,Liban_Ep10#411,0.7328189038388543
Policarpo~Libanio,PolFil,Liban_Ep10#435,0.6981770674814458
Policarpo~Libanio,PolFil,Liban_Ep10#438,0.7370996163041299
Policarpo~Libanio,PolFil,Liban_Ep10#504,0.7753469328380753
Policarpo~Libanio,PolFil,Liban_Ep10#510,0.7325099443875946
Policarpo~Libanio,PolFil,Liban_Ep10#552,0.7170235832775461
Policarpo~Libanio,PolFil,Liban_Ep10#555,0.7478679738859693
Policarpo~Libanio,PolFil,Liban_Ep10#620,0.6881728229871389
Policarpo~Libanio,PolFil,Liban_Ep10#625,0.736382497053232
Policarpo~Libanio,PolFil,Liban_Ep10#658,0.7205455315373069
Policarpo~Libanio,PolFil,Liban_Ep10#666,0.7213120967213116
Policarpo~Libanio,PolFil,Liban_Ep10#673,0.7032006457005936
Policarpo~Libanio,PolFil,Liban_Ep10#693,0.7948012411396743
Policarpo~Libanio,PolFil,Liban_Ep10#763,0.7922767768517956
Policarpo~Libanio,PolFil,Liban_Ep10#773,0.7462138676035863
Policarpo~Libanio,PolFil,Liban_Ep10#779,0.7346062663550823
Policarpo~Libanio,PolFil,Liban_Ep10#797,0.7373568655796693
Policarpo~Libanio,PolFil,Liban_Ep10#810,0.7352091863106013
Policarpo~Libanio,PolFil,Liban_Ep10#833,0.7890206194890316
Policarpo~Orígenes,PolFil,Orig_EpAfr,0.6680512763809521
Porfirio~Basilio de Cesarea,Porph_Marc,Bas_Ep#3,0.6434340434513427
Porfirio~Basilio de Cesarea,Porph_Marc,Bas_Ep#9,0.6045706196737369
Porfirio~Basilio de Cesarea,Porph_Marc,Bas_Ep#25,0.6398614780252069
Porfirio~Basilio de Cesarea,Porph_Marc,Bas_Ep#26,0.6686750867226976
Porfirio~Basilio de Cesarea,Porph_Marc,Bas_Ep#30,0.6899797659106712
Porfirio~Basilio de Cesarea,Porph_Marc,Bas_Ep#60,0.6655375776566033
Porfirio~Basilio de Cesarea,Porph_Marc,Bas_Ep#74,0.6389059512703166
Porfirio~Basilio de Cesarea,Porph_Marc,Bas_Ep#76,0.6835404216599175
Porfirio~Basilio de Cesarea,Porph_Marc,Bas_Ep#82,0.6918094872000264
Porfirio~Basilio de Cesarea,Porph_Marc,Bas_Ep#84,0.6014503707231189
Porfirio~Basilio de Cesarea,Porph_Marc,Bas_Ep#89,0.660698958380172
Porfirio~Basilio de Cesarea,Porph_Marc,Bas_Ep#91,0.7048752336512294
Porfirio~Basilio de Cesarea,Porph_Marc,Bas_Ep#95,0.6891286109659348
Porfirio~Basilio de Cesarea,Porph_Marc,Bas_Ep#99,0.6461764315654543
Porfirio~Basilio de Cesarea,Porph_Marc,Bas_Ep#105,0.6839357122016567
Porfirio~Basilio de Cesarea,Porph_Marc,Bas_Ep#114,0.6527985687375072
Porfirio~Basilio de Cesarea,Porph_Marc,Bas_Ep#120,0.6910517599427111
Porfirio~Basilio de Cesarea,Porph_Marc,Bas_Ep#122,0.7397358306910251
Porfirio~Basilio de Cesarea,Porph_Marc,Bas_Ep#137,0.6906309476326581
Porfirio~Basilio de Cesarea,Porph_Marc,Bas_Ep#139,0.6198037808092741
Porfirio~Basilio de Cesarea,Porph_Marc,Bas_Ep#141,0.6665391773493173
Porfirio~Basilio de Cesarea,Porph_Marc,Bas_Ep#148,0.6973292680447487
Porfirio~Basilio de Cesarea,Porph_Marc,Bas_Ep#151,0.686470731551869
Porfirio~Basilio de Cesarea,Porph_Marc,Bas_Ep#160,0.6637324153368065
Porfirio~Basilio de Cesarea,Porph_Marc,Bas_Ep#173,0.6423887719920844
Porfirio~Basilio de Cesarea,Porph_Marc,Bas_Ep#188,0.6424287401501685
Porfirio~Basilio de Cesarea,Porph_Marc,Bas_Ep#198,0.6491044837033726
Porfirio~Basilio de Cesarea,Porph_Marc,Bas_Ep#199,0.6789615440368113
Porfirio~Basilio de Cesarea,Porph_Marc,Bas_Ep#200,0.6507006403119662
Porfirio~Basilio de Cesarea,Porph_Marc,Bas_Ep#204,0.6467922217945571
Porfirio~Basilio de Cesarea,Porph_Marc,Bas_Ep#213,0.6616544666309114
Porfirio~Basilio de Cesarea,Porph_Marc,Bas_Ep#218,0.6746957741414639
Porfirio~Basilio de Cesarea,Porph_Marc,Bas_Ep#222,0.6098017668732977
Porfirio~Basilio de Cesarea,Porph_Marc,Bas_Ep#223,0.6654746578235741
Porfirio~Basilio de Cesarea,Porph_Marc,Bas_Ep#224,0.6409296064450738
Porfirio~Basilio de Cesarea,Porph_Marc,Bas_Ep#226,0.6651942656961772
Porfirio~Basilio de Cesarea,Porph_Marc,Bas_Ep#228,0.6706559948059129
Porfirio~Basilio de Cesarea,Porph_Marc,Bas_Ep#230,0.6938252044866331
Porfirio~Basilio de Cesarea,Porph_Marc,Bas_Ep#231,0.6440711407507644
Porfirio~Basilio de Cesarea,Porph_Marc,Bas_Ep#236,0.6428790000462695
Porfirio~Basilio de Cesarea,Porph_Marc,Bas_Ep#238,0.6425557538106553
Porfirio~Basilio de Cesarea,Porph_Marc,Bas_Ep#239,0.6459970651943122
Porfirio~Basilio de Cesarea,Porph_Marc,Bas_Ep#240,0.6398029528518425
Porfirio~Basilio de Cesarea,Porph_Marc,Bas_Ep#242,0.6167004914174901
Porfirio~Basilio de Cesarea,Porph_Marc,Bas_Ep#261,0.6323912148278853
Porfirio~Basilio de Cesarea,Porph_Marc,Bas_Ep#268,0.6531275124637934
Porfirio~Basilio de Cesarea,Porph_Marc,Bas_Ep#272,0.6410457468817314
Porfirio~Basilio de Cesarea,Porph_Marc,Bas_Ep#291,0.6317462662093118
Porfirio~Basilio de Cesarea,Porph_Marc,Bas_Ep#294,0.6874633806210358
Porfirio~Basilio de Cesarea,Porph_Marc,Bas_Ep#313,0.6587175642582102
Porfirio~Clemente Romano,Porph_Marc,1Clem,0.6902298872729113
Porfirio~Ignacio,Porph_Marc,IgnEsm,0.6579469335914621
Porfirio~Isócrates,Porph_Marc,Isoc_Ep28,0.7243522037569526
Porfirio~Isócrates,Porph_Marc,Isoc_Ep30,0.6730110552979724
Porfirio~Juliano,Porph_Marc,Jul_Ep#19,0.6564728727478133
Porfirio~Juliano,Porph_Marc,Jul_Ep#22,0.6532251973301579
Porfirio~Juliano,Porph_Marc,Jul_Ep#30,0.7034613929236491
Porfirio~Juliano,Porph_Marc,Jul_Ep#32,0.6583331151272688
Porfirio~Juliano,Porph_Marc,Jul_Ep#48,0.6977976371335294
Porfirio~Juliano,Porph_Marc,Jul_Ep#53,0.6680226660172437
Porfirio~Juliano,Porph_Marc,Jul_Ep#63,0.6822337340658756
Porfirio~Juliano,Porph_Marc,Jul_EpThem,0.6517892523613202
Porfirio~Libanio,Porph_Marc,Liban_Ep10#21,0.7001324630186577
Porfirio~Libanio,Porph_Marc,Liban_Ep10#25,0.6647267731624427
Porfirio~Libanio,Porph_Marc,Liban_Ep10#33,0.7077859747226934
Porfirio~Libanio,Porph_Marc,Liban_Ep10#40,0.6808254900692783
Porfirio~Libanio,Porph_Marc,Liban_Ep10#44,0.65253266031933
Porfirio~Libanio,Porph_Marc,Liban_Ep10#62,0.6206511491549722
Porfirio~Libanio,Porph_Marc,Liban_Ep10#66,0.6602942206209667
Porfirio~Libanio,Porph_Marc,Liban_Ep10#68,0.6542569532631758
Porfirio~Libanio,Porph_Marc,Liban_Ep10#72,0.6987181863488565
Porfirio~Libanio,Porph_Marc,Liban_Ep10#81,0.7037060245608961
Porfirio~Libanio,Porph_Marc,Liban_Ep10#97,0.642911365163284
Porfirio~Libanio,Porph_Marc,Liban_Ep10#101,0.6953100139627235
Porfirio~Libanio,Porph_Marc,Liban_Ep10#112,0.6545973148631272
Porfirio~Libanio,Porph_Marc,Liban_Ep10#113,0.6395132305824834
Porfirio~Libanio,Porph_Marc,Liban_Ep10#192,0.6346634311504252
Porfirio~Libanio,Porph_Marc,Liban_Ep10#196,0.7038316699343834
Porfirio~Libanio,Porph_Marc,Liban_Ep10#208,0.7137628764007556
Porfirio~Libanio,Porph_Marc,Liban_Ep10#218,0.6743452963872973
Porfirio~Libanio,Porph_Marc,Liban_Ep10#219,0.6779677422979047
Porfirio~Libanio,Porph_Marc,Liban_Ep10#224,0.6959510709366591
Porfirio~Libanio,Porph_Marc,Liban_Ep10#245,0.6278992264383454
Porfirio~Libanio,Porph_Marc,Liban_Ep10#298,0.6852554773069711
Porfirio~Libanio,Porph_Marc,Liban_Ep10#314,0.6923004248101481
Porfirio~Libanio,Porph_Marc,Liban_Ep10#315,0.6751760062681809
Porfirio~Libanio,Porph_Marc,Liban_Ep10#316,0.6896458585941956
Porfirio~Libanio,Porph_Marc,Liban_Ep10#319,0.6724212136721812
Porfirio~Libanio,Porph_Marc,Liban_Ep10#326,0.7612073167732416
Porfirio~Libanio,Porph_Marc,Liban_Ep10#331,0.6412429689972029
Porfirio~Libanio,Porph_Marc,Liban_Ep10#333,0.6821737021258777
Porfirio~Libanio,Porph_Marc,Liban_Ep10#336,0.6584659757751218
Porfirio~Libanio,Porph_Marc,Liban_Ep10#339,0.6466203063536975
Porfirio~Libanio,Porph_Marc,Liban_Ep10#348,0.6575094271252753
Porfirio~Libanio,Porph_Marc,Liban_Ep10#352,0.70855424403264
Porfirio~Libanio,Porph_Marc,Liban_Ep10#358,0.709155669743543
Porfirio~Libanio,Porph_Marc,Liban_Ep10#364,0.6992260543407954
Porfirio~Libanio,Porph_Marc,Liban_Ep10#368,0.6970847026035412
Porfirio~Libanio,Porph_Marc,Liban_Ep10#369,0.605080764200444
Porfirio~Libanio,Porph_Marc,Liban_Ep10#376,0.6752612791718693
Porfirio~Libanio,Porph_Marc,Liban_Ep10#432,0.6514293008004552
Porfirio~Libanio,Porph_Marc,Liban_Ep10#438,0.6874893495070238
Porfirio~Libanio,Porph_Marc,Liban_Ep10#493,0.7116064936615865
Porfirio~Libanio,Porph_Marc,Liban_Ep10#509,0.7117422523930458
Porfirio~Libanio,Porph_Marc,Liban_Ep10#535,0.7130609330583535
Porfirio~Libanio,Porph_Marc,Liban_Ep10#562,0.688693062904649
Porfirio~Libanio,Porph_Marc,Liban_Ep10#625,0.6902717333061555
Porfirio~Libanio,Porph_Marc,Liban_Ep10#659,0.7057802551916852
Porfirio~Libanio,Porph_Marc,Liban_Ep10#732,0.6690593955953085
Porfirio~Libanio,Porph_Marc,Liban_Ep10#739,0.6859610106746089
Porfirio~Libanio,Porph_Marc,Liban_Ep10#754,0.6578561272716106
Porfirio~Libanio,Porph_Marc,Liban_Ep10#777,0.6743983033551533
Porfirio~Libanio,Porph_Marc,Liban_Ep10#791,0.7089419108556871
Porfirio~Libanio,Porph_Marc,Liban_Ep10#796,0.6985377772206564
Porfirio~Libanio,Porph_Marc,Liban_Ep10#797,0.6607488527833698
Porfirio~Libanio,Porph_Marc,Liban_Ep10#803,0.7126468212833558
Porfirio~Libanio,Porph_Marc,Liban_Ep10#810,0.6599836054623681
Porfirio~Libanio,Porph_Marc,Liban_Ep10#819,0.6654545343922785
Porfirio~Libanio,Porph_Marc,Liban_Ep10#835,0.6589259177559214
Porfirio~Orígenes,Porph_Marc,Orig_EpAfr,0.6627065248264589
