family,spec_index,label,dia,features,metric,window,mask,core,edition,iters,pid,kind,target,candidates,author,cand_author,tradition,epistolar,score,n_iter,n_pool,n_cand,alpha,log10lr,log10lr_verbal,log10lr_epistolar,log10lr_epistolar_verbal,log10lr_cristiana,log10lr_cristiana_verbal,log10lr_cj,log10lr_cj_verbal
dirichlet,0,1,dia,mfw:300,dirmult,500,none,seven,sblgnt,20,pos:IgnEf,pos_pairs,IgnEf,IgnMagn|IgnTral|IgnRom|IgnFil|IgnEsm|IgnPol,Ignacio,Ignacio,cristiano,True,0.95,20,18,6,584.98,1.098368221717538,apoyo moderado a H_mismo-autor,0.8099895313184056,apoyo débil a H_mismo-autor,1.098368221717538,apoyo moderado a H_mismo-autor,1.098368221717538,apoyo moderado a H_mismo-autor
dirichlet,0,1,dia,mfw:300,dirmult,500,none,seven,sblgnt,20,pos:IgnMagn,pos_pairs,IgnMagn,IgnEf|IgnTral|IgnRom|IgnFil|IgnEsm|IgnPol,Ignacio,Ignacio,cristiano,True,1.0,20,18,6,584.98,1.157148631201246,apoyo moderado a H_mismo-autor,0.8507222854954712,apoyo débil a H_mismo-autor,1.157148631201246,apoyo moderado a H_mismo-autor,1.157148631201246,apoyo moderado a H_mismo-autor
dirichlet,0,1,dia,mfw:300,dirmult,500,none,seven,sblgnt,20,pos:IgnTral,pos_pairs,IgnTral,IgnEf|IgnMagn|IgnRom|IgnFil|IgnEsm|IgnPol,Ignacio,Ignacio,cristiano,True,1.0,20,18,6,584.98,1.157148631201246,apoyo moderado a H_mismo-autor,0.8507222854954712,apoyo débil a H_mismo-autor,1.157148631201246,apoyo moderado a H_mismo-autor,1.157148631201246,apoyo moderado a H_mismo-autor
dirichlet,0,1,dia,mfw:300,dirmult,500,none,seven,sblgnt,20,pos:IgnFil,pos_pairs,IgnFil,IgnEf|IgnMagn|IgnTral|IgnRom|IgnEsm|IgnPol,Ignacio,Ignacio,cristiano,True,1.0,20,18,6,584.98,1.157148631201246,apoyo moderado a H_mismo-autor,0.8507222854954712,apoyo débil a H_mismo-autor,1.157148631201246,apoyo moderado a H_mismo-autor,1.157148631201246,apoyo moderado a H_mismo-autor
dirichlet,0,1,dia,mfw:300,dirmult,500,none,seven,sblgnt,20,pos:IgnEsm,pos_pairs,IgnEsm,IgnEf|IgnMagn|IgnTral|IgnRom|IgnFil|IgnPol,Ignacio,Ignacio,cristiano,True,0.95,20,18,6,584.98,1.098368221717538,apoyo moderado a H_mismo-autor,0.8099895313184056,apoyo débil a H_mismo-autor,1.098368221717538,apoyo moderado a H_mismo-autor,1.098368221717538,apoyo moderado a H_mismo-autor
dirichlet,0,1,dia,mfw:300,dirmult,500,none,seven,sblgnt,20,pos:IgnPol,pos_pairs,IgnPol,IgnEf|IgnMagn|IgnTral|IgnRom|IgnFil|IgnEsm,Ignacio,Ignacio,cristiano,True,1.0,20,18,6,584.98,1.157148631201246,apoyo moderado a H_mismo-autor,0.8507222854954712,apoyo débil a H_mismo-autor,1.157148631201246,apoyo moderado a H_mismo-autor,1.157148631201246,apoyo moderado a H_mismo-autor
dirichlet,0,1,dia,mfw:300,dirmult,500,none,seven,sblgnt,20,pos:Lc,pos_pairs,Lc,Hch,Lucas(anon),Lucas(anon),cristiano,False,0.05,20,18,1,584.98,-0.5544117307164391,apoyo débil a H_otro-autor,-0.6284899012324305,apoyo débil a H_otro-autor,-0.5544117307164391,apoyo débil a H_otro-autor,-0.5544117307164391,apoyo débil a H_otro-autor
dirichlet,0,1,dia,mfw:300,dirmult,500,none,seven,sblgnt,20,pos:Hch,pos_pairs,Hch,Lc,Lucas(anon),Lucas(anon),cristiano,False,0.65,20,18,1,584.98,0.40139228708573454,apoyo débil a H_mismo-autor,0.30262104750936586,apoyo débil a H_mismo-autor,0.40139228708573454,apoyo débil a H_mismo-autor,0.40139228708573454,apoyo débil a H_mismo-autor
dirichlet,0,0,dia,mfw:300,dirmult,500,none,seven,sblgnt,20,neg:1Clem~Ignacio,neg_pairs,1Clem,IgnEf|IgnMagn|IgnTral|IgnRom|IgnFil|IgnEsm|IgnPol,Clemente Romano,Ignacio,cristiano,True,0.0,20,17,7,584.98,-0.5695543550887813,apoyo débil a H_otro-autor,-0.65836851981612,apoyo débil a H_otro-autor,-0.5695543550887813,apoyo débil a H_otro-autor,-0.5695543550887813,apoyo débil a H_otro-autor
dirichlet,0,0,dia,mfw:300,dirmult,500,none,seven,sblgnt,20,neg:1Clem~Lucas(anon),neg_pairs,1Clem,Lc|Hch,Clemente Romano,Lucas(anon),cristiano,False,0.0,20,17,2,584.98,-0.5695543550887813,apoyo débil a H_otro-autor,-0.65836851981612,apoyo débil a H_otro-autor,-0.5695543550887813,apoyo débil a H_otro-autor,-0.5695543550887813,apoyo débil a H_otro-autor
dirichlet,0,0,dia,mfw:300,dirmult,500,none,seven,sblgnt,20,neg:Herm~Ignacio,neg_pairs,Herm,IgnEf|IgnMagn|IgnTral|IgnRom|IgnFil|IgnEsm|IgnPol,Hermas,Ignacio,cristiano,False,0.0,20,17,7,584.98,-0.5695543550887813,apoyo débil a H_otro-autor,-0.65836851981612,apoyo débil a H_otro-autor,-0.5695543550887813,apoyo débil a H_otro-autor,-0.5695543550887813,apoyo débil a H_otro-autor
dirichlet,0,0,dia,mfw:300,dirmult,500,none,seven,sblgnt,20,neg:Herm~Lucas(anon),neg_pairs,Herm,Lc|Hch,Hermas,Lucas(anon),cristiano,False,0.0,20,17,2,584.98,-0.5695543550887813,apoyo débil a H_otro-autor,-0.65836851981612,apoyo débil a H_otro-autor,-0.5695543550887813,apoyo débil a H_otro-autor,-0.5695543550887813,apoyo débil a H_otro-autor
dirichlet,0,0,dia,mfw:300,dirmult,500,none,seven,sblgnt,20,neg:IgnRom~Lucas(anon),neg_pairs,IgnRom,Lc|Hch,Ignacio,Lucas(anon),cristiano,False,0.0,20,17,2,584.98,-0.5695543550887813,apoyo débil a H_otro-autor,-0.65836851981612,apoyo débil a H_otro-autor,-0.5695543550887813,apoyo débil a H_otro-autor,-0.5695543550887813,apoyo débil a H_otro-autor
dirichlet,0,0,dia,mfw:300,dirmult,500,none,seven,sblgnt,20,neg:Jn~Ignacio,neg_pairs,Jn,IgnEf|IgnMagn|IgnTral|IgnRom|IgnFil|IgnEsm|IgnPol,Juan(anon),Ignacio,cristiano,False,0.0,20,17,7,584.98,-0.5695543550887813,apoyo débil a H_otro-autor,-0.65836851981612,apoyo débil a H_otro-autor,-0.5695543550887813,apoyo débil a H_otro-autor,-0.5695543550887813,apoyo débil a H_otro-autor
dirichlet,0,0,dia,mfw:300,dirmult,500,none,seven,sblgnt,20,neg:Jn~Lucas(anon),neg_pairs,Jn,Lc|Hch,Juan(anon),Lucas(anon),cristiano,False,0.0,20,17,2,584.98,-0.5695543550887813,apoyo débil a H_otro-autor,-0.65836851981612,apoyo débil a H_otro-autor,-0.5695543550887813,apoyo débil a H_otro-autor,-0.5695543550887813,apoyo débil a H_otro-autor
dirichlet,0,0,dia,mfw:300,dirmult,500,none,seven,sblgnt,20,neg:Lc~Ignacio,neg_pairs,Lc,IgnEf|IgnMagn|IgnTral|IgnRom|IgnFil|IgnEsm|IgnPol,Lucas(anon),Ignacio,cristiano,False,0.0,20,17,7,584.98,-0.5695543550887813,apoyo débil a H_otro-autor,-0.65836851981612,apoyo débil a H_otro-autor,-0.5695543550887813,apoyo débil a H_otro-autor,-0.5695543550887813,apoyo débil a H_otro-autor
dirichlet,0,0,dia,mfw:300,dirmult,500,none,seven,sblgnt,20,neg:PolFil~Ignacio,neg_pairs,PolFil,IgnEf|IgnMagn|IgnTral|IgnRom|IgnFil|IgnEsm|IgnPol,Policarpo,Ignacio,cristiano,True,0.0,20,17,7,584.98,-0.5695543550887813,apoyo débil a H_otro-autor,-0.65836851981612,apoyo débil a H_otro-autor,-0.5695543550887813,apoyo débil a H_otro-autor,-0.5695543550887813,apoyo débil a H_otro-autor
dirichlet,0,0,dia,mfw:300,dirmult,500,none,seven,sblgnt,20,neg:PolFil~Lucas(anon),neg_pairs,PolFil,Lc|Hch,Policarpo,Lucas(anon),cristiano,False,0.0,20,17,2,584.98,-0.5695543550887813,apoyo débil a H_otro-autor,-0.65836851981612,apoyo débil a H_otro-autor,-0.5695543550887813,apoyo débil a H_otro-autor,-0.5695543550887813,apoyo débil a H_otro-autor
dirichlet,0,0,dia,mfw:300,dirmult,500,none,seven,sblgnt,20,pseudo:2Clem,pseudo_pairs,2Clem,1Clem,Ps-Clemente,Clemente Romano,cristiano,False,0.0,20,17,1,584.98,-0.5695543550887813,apoyo débil a H_otro-autor,-0.65836851981612,apoyo débil a H_otro-autor,-0.5695543550887813,apoyo débil a H_otro-autor,-0.5695543550887813,apoyo débil a H_otro-autor
dirichlet,0,0,dia,mfw:300,dirmult,500,none,seven,sblgnt,20,pseudo:3Cor,pseudo_pairs,3Cor,Rom|1Cor|2Cor|Gal|Flp|1Tes|Flm,Ps-Pablo,Pablo,cristiano,True,0.0,20,16,7,584.98,-0.5695543550887813,apoyo débil a H_otro-autor,-0.65836851981612,apoyo débil a H_otro-autor,-0.5695543550887813,apoyo débil a H_otro-autor,-0.5695543550887813,apoyo débil a H_otro-autor
dirichlet,0,0,dia,mfw:300,dirmult,500,none,seven,sblgnt,20,negT:Mt,neg_target,Mt,Rom|1Cor|2Cor|Gal|Flp|1Tes|Flm,Mateo(anon),Pablo,cristiano,False,0.0,20,16,7,584.98,-0.5695543550887813,apoyo débil a H_otro-autor,-0.65836851981612,apoyo débil a H_otro-autor,-0.5695543550887813,apoyo débil a H_otro-autor,-0.5695543550887813,apoyo débil a H_otro-autor
dirichlet,0,0,dia,mfw:300,dirmult,500,none,seven,sblgnt,20,negT:Mc,neg_target,Mc,Rom|1Cor|2Cor|Gal|Flp|1Tes|Flm,Marcos(anon),Pablo,cristiano,False,0.0,20,16,7,584.98,-0.5695543550887813,apoyo débil a H_otro-autor,-0.65836851981612,apoyo débil a H_otro-autor,-0.5695543550887813,apoyo débil a H_otro-autor,-0.5695543550887813,apoyo débil a H_otro-autor
dirichlet,0,0,dia,mfw:300,dirmult,500,none,seven,sblgnt,20,negT:Lc,neg_target,Lc,Rom|1Cor|2Cor|Gal|Flp|1Tes|Flm,Lucas(anon),Pablo,cristiano,False,0.0,20,16,7,584.98,-0.5695543550887813,apoyo débil a H_otro-autor,-0.65836851981612,apoyo débil a H_otro-autor,-0.5695543550887813,apoyo débil a H_otro-autor,-0.5695543550887813,apoyo débil a H_otro-autor
dirichlet,0,0,dia,mfw:300,dirmult,500,none,seven,sblgnt,20,negT:Jn,neg_target,Jn,Rom|1Cor|2Cor|Gal|Flp|1Tes|Flm,Juan(anon),Pablo,cristiano,False,0.0,20,16,7,584.98,-0.5695543550887813,apoyo débil a H_otro-autor,-0.65836851981612,apoyo débil a H_otro-autor,-0.5695543550887813,apoyo débil a H_otro-autor,-0.5695543550887813,apoyo débil a H_otro-autor
dirichlet,0,0,dia,mfw:300,dirmult,500,none,seven,sblgnt,20,negT:Hch,neg_target,Hch,Rom|1Cor|2Cor|Gal|Flp|1Tes|Flm,Lucas(anon),Pablo,cristiano,False,0.0,20,16,7,584.98,-0.5695543550887813,apoyo débil a H_otro-autor,-0.65836851981612,apoyo débil a H_otro-autor,-0.5695543550887813,apoyo débil a H_otro-autor,-0.5695543550887813,apoyo débil a H_otro-autor
dirichlet,0,0,dia,mfw:300,dirmult,500,none,seven,sblgnt,20,negT:Sant,neg_target,Sant,Rom|1Cor|2Cor|Gal|Flp|1Tes|Flm,Santiago(?),Pablo,cristiano,True,0.25,20,16,7,584.98,-0.3777884458295227,apoyo débil a H_otro-autor,-0.403117494508352,apoyo débil a H_otro-autor,-0.3777884458295227,apoyo débil a H_otro-autor,-0.3777884458295227,apoyo débil a H_otro-autor
dirichlet,0,0,dia,mfw:300,dirmult,500,none,seven,sblgnt,20,negT:1Pe,neg_target,1Pe,Rom|1Cor|2Cor|Gal|Flp|1Tes|Flm,Pedro(?),Pablo,cristiano,True,0.5,20,16,7,584.98,0.0585536458958029,no discriminante,0.016901394894202865,no discriminante,0.0585536458958029,no discriminante,0.0585536458958029,no discriminante
dirichlet,0,0,dia,mfw:300,dirmult,500,none,seven,sblgnt,20,negT:2Pe,neg_target,2Pe,Rom|1Cor|2Cor|Gal|Flp|1Tes|Flm,Pedro(?),Pablo,cristiano,True,0.0,20,16,7,584.98,-0.5695543550887813,apoyo débil a H_otro-autor,-0.65836851981612,apoyo débil a H_otro-autor,-0.5695543550887813,apoyo débil a H_otro-autor,-0.5695543550887813,apoyo débil a H_otro-autor
dirichlet,0,0,dia,mfw:300,dirmult,500,none,seven,sblgnt,20,negT:2Jn,neg_target,2Jn,Rom|1Cor|2Cor|Gal|Flp|1Tes|Flm,Juan(presb.),Pablo,cristiano,True,0.0,20,16,7,584.98,-0.5695543550887813,apoyo débil a H_otro-autor,-0.65836851981612,apoyo débil a H_otro-autor,-0.5695543550887813,apoyo débil a H_otro-autor,-0.5695543550887813,apoyo débil a H_otro-autor
dirichlet,0,0,dia,mfw:300,dirmult,500,none,seven,sblgnt,20,negT:3Jn,neg_target,3Jn,Rom|1Cor|2Cor|Gal|Flp|1Tes|Flm,Juan(presb.),Pablo,cristiano,True,0.0,20,16,7,584.98,-0.5695543550887813,apoyo débil a H_otro-autor,-0.65836851981612,apoyo débil a H_otro-autor,-0.5695543550887813,apoyo débil a H_otro-autor,-0.5695543550887813,apoyo débil a H_otro-autor
dirichlet,0,0,dia,mfw:300,dirmult,500,none,seven,sblgnt,20,negT:Jud,neg_target,Jud,Rom|1Cor|2Cor|Gal|Flp|1Tes|Flm,Judas(?),Pablo,cristiano,True,0.0,20,16,7,584.98,-0.5695543550887813,apoyo débil a H_otro-autor,-0.65836851981612,apoyo débil a H_otro-autor,-0.5695543550887813,apoyo débil a H_otro-autor,-0.5695543550887813,apoyo débil a H_otro-autor
dirichlet,0,0,dia,mfw:300,dirmult,500,none,seven,sblgnt,20,negT:Ap,neg_target,Ap,Rom|1Cor|2Cor|Gal|Flp|1Tes|Flm,Juan(vidente),Pablo,cristiano,False,0.0,20,16,7,584.98,-0.5695543550887813,apoyo débil a H_otro-autor,-0.65836851981612,apoyo débil a H_otro-autor,-0.5695543550887813,apoyo débil a H_otro-autor,-0.5695543550887813,apoyo débil a H_otro-autor
dirichlet,0,0,dia,mfw:300,dirmult,500,none,seven,sblgnt,20,negT:1Clem,neg_target,1Clem,Rom|1Cor|2Cor|Gal|Flp|1Tes|Flm,Clemente Romano,Pablo,cristiano,True,0.0,20,16,7,584.98,-0.5695543550887813,apoyo débil a H_otro-autor,-0.65836851981612,apoyo débil a H_otro-autor,-0.5695543550887813,apoyo débil a H_otro-autor,-0.5695543550887813,apoyo débil a H_otro-autor
dirichlet,0,0,dia,mfw:300,dirmult,500,none,seven,sblgnt,20,negT:2Clem,neg_target,2Clem,Rom|1Cor|2Cor|Gal|Flp|1Tes|Flm,Ps-Clemente,Pablo,cristiano,False,0.0,20,16,7,584.98,-0.5695543550887813,apoyo débil a H_otro-autor,-0.65836851981612,apoyo débil a H_otro-autor,-0.5695543550887813,apoyo débil a H_otro-autor,-0.5695543550887813,apoyo débil a H_otro-autor
dirichlet,0,0,dia,mfw:300,dirmult,500,none,seven,sblgnt,20,negT:IgnEf,neg_target,IgnEf,Rom|1Cor|2Cor|Gal|Flp|1Tes|Flm,Ignacio,Pablo,cristiano,True,0.0,20,16,7,584.98,-0.5695543550887813,apoyo débil a H_otro-autor,-0.65836851981612,apoyo débil a H_otro-autor,-0.5695543550887813,apoyo débil a H_otro-autor,-0.5695543550887813,apoyo débil a H_otro-autor
dirichlet,0,0,dia,mfw:300,dirmult,500,none,seven,sblgnt,20,negT:IgnMagn,neg_target,IgnMagn,Rom|1Cor|2Cor|Gal|Flp|1Tes|Flm,Ignacio,Pablo,cristiano,True,0.0,20,16,7,584.98,-0.5695543550887813,apoyo débil a H_otro-autor,-0.65836851981612,apoyo débil a H_otro-autor,-0.5695543550887813,apoyo débil a H_otro-autor,-0.5695543550887813,apoyo débil a H_otro-autor
dirichlet,0,0,dia,mfw:300,dirmult,500,none,seven,sblgnt,20,negT:IgnTral,neg_target,IgnTral,Rom|1Cor|2Cor|Gal|Flp|1Tes|Flm,Ignacio,Pablo,cristiano,True,0.0,20,16,7,584.98,-0.5695543550887813,apoyo débil a H_otro-autor,-0.65836851981612,apoyo débil a H_otro-autor,-0.5695543550887813,apoyo débil a H_otro-autor,-0.5695543550887813,apoyo débil a H_otro-autor
dirichlet,0,0,dia,mfw:300,dirmult,500,none,seven,sblgnt,20,negT:IgnRom,neg_target,IgnRom,Rom|1Cor|2Cor|Gal|Flp|1Tes|Flm,Ignacio,Pablo,cristiano,True,0.0,20,16,7,584.98,-0.5695543550887813,apoyo débil a H_otro-autor,-0.65836851981612,apoyo débil a H_otro-autor,-0.5695543550887813,apoyo débil a H_otro-autor,-0.5695543550887813,apoyo débil a H_otro-autor
dirichlet,0,0,dia,mfw:300,dirmult,500,none,seven,sblgnt,20,negT:IgnFil,neg_target,IgnFil,Rom|1Cor|2Cor|Gal|Flp|1Tes|Flm,Ignacio,Pablo,cristiano,True,0.0,20,16,7,584.98,-0.5695543550887813,apoyo débil a H_otro-autor,-0.65836851981612,apoyo débil a H_otro-autor,-0.5695543550887813,apoyo débil a H_otro-autor,-0.5695543550887813,apoyo débil a H_otro-autor
dirichlet,0,0,dia,mfw:300,dirmult,500,none,seven,sblgnt,20,negT:IgnEsm,neg_target,IgnEsm,Rom|1Cor|2Cor|Gal|Flp|1Tes|Flm,Ignacio,Pablo,cristiano,True,0.0,20,16,7,584.98,-0.5695543550887813,apoyo débil a H_otro-autor,-0.65836851981612,apoyo débil a H_otro-autor,-0.5695543550887813,apoyo débil a H_otro-autor,-0.5695543550887813,apoyo débil a H_otro-autor
dirichlet,0,0,dia,mfw:300,dirmult,500,none,seven,sblgnt,20,negT:IgnPol,neg_target,IgnPol,Rom|1Cor|2Cor|Gal|Flp|1Tes|Flm,Ignacio,Pablo,cristiano,True,0.0,20,16,7,584.98,-0.5695543550887813,apoyo débil a H_otro-autor,-0.65836851981612,apoyo débil a H_otro-autor,-0.5695543550887813,apoyo débil a H_otro-autor,-0.5695543550887813,apoyo débil a H_otro-autor
dirichlet,0,0,dia,mfw:300,dirmult,500,none,seven,sblgnt,20,negT:PolFil,neg_target,PolFil,Rom|1Cor|2Cor|Gal|Flp|1Tes|Flm,Policarpo,Pablo,cristiano,True,0.0,20,16,7,584.98,-0.5695543550887813,apoyo débil a H_otro-autor,-0.65836851981612,apoyo débil a H_otro-autor,-0.5695543550887813,apoyo débil a H_otro-autor,-0.5695543550887813,apoyo débil a H_otro-autor
dirichlet,0,0,dia,mfw:300,dirmult,500,none,seven,sblgnt,20,negT:Did,neg_target,Did,Rom|1Cor|2Cor|Gal|Flp|1Tes|Flm,anon,Pablo,cristiano,False,0.0,20,16,7,584.98,-0.5695543550887813,apoyo débil a H_otro-autor,-0.65836851981612,apoyo débil a H_otro-autor,-0.5695543550887813,apoyo débil a H_otro-autor,-0.5695543550887813,apoyo débil a H_otro-autor
dirichlet,0,0,dia,mfw:300,dirmult,500,none,seven,sblgnt,20,negT:Bern,neg_target,Bern,Rom|1Cor|2Cor|Gal|Flp|1Tes|Flm,Ps-Bernabé,Pablo,cristiano,False,0.0,20,16,7,584.98,-0.5695543550887813,apoyo débil a H_otro-autor,-0.65836851981612,apoyo débil a H_otro-autor,-0.5695543550887813,apoyo débil a H_otro-autor,-0.5695543550887813,apoyo débil a H_otro-autor
dirichlet,0,0,dia,mfw:300,dirmult,500,none,seven,sblgnt,20,negT:Herm,neg_target,Herm,Rom|1Cor|2Cor|Gal|Flp|1Tes|Flm,Hermas,Pablo,cristiano,False,0.0,20,16,7,584.98,-0.5695543550887813,apoyo débil a H_otro-autor,-0.65836851981612,apoyo débil a H_otro-autor,-0.5695543550887813,apoyo débil a H_otro-autor,-0.5695543550887813,apoyo débil a H_otro-autor
dirichlet,0,0,dia,mfw:300,dirmult,500,none,seven,sblgnt,20,negT:MartPol,neg_target,MartPol,Rom|1Cor|2Cor|Gal|Flp|1Tes|Flm,anon,Pablo,cristiano,True,0.0,20,16,7,584.98,-0.5695543550887813,apoyo débil a H_otro-autor,-0.65836851981612,apoyo débil a H_otro-autor,-0.5695543550887813,apoyo débil a H_otro-autor,-0.5695543550887813,apoyo débil a H_otro-autor
dirichlet,0,0,dia,mfw:300,dirmult,500,none,seven,sblgnt,20,negT:Diogn,neg_target,Diogn,Rom|1Cor|2Cor|Gal|Flp|1Tes|Flm,anon,Pablo,cristiano,False,0.0,20,16,7,584.98,-0.5695543550887813,apoyo débil a H_otro-autor,-0.65836851981612,apoyo débil a H_otro-autor,-0.5695543550887813,apoyo débil a H_otro-autor,-0.5695543550887813,apoyo débil a H_otro-autor
dirichlet,0,0,dia,mfw:300,dirmult,500,none,seven,sblgnt,20,negT:3Cor,neg_target,3Cor,Rom|1Cor|2Cor|Gal|Flp|1Tes|Flm,Ps-Pablo,Pablo,cristiano,True,0.0,20,16,7,584.98,-0.5695543550887813,apoyo débil a H_otro-autor,-0.65836851981612,apoyo débil a H_otro-autor,-0.5695543550887813,apoyo débil a H_otro-autor,-0.5695543550887813,apoyo débil a H_otro-autor
dirichlet,0,1,dia,mfw:300,dirmult,500,none,seven,sblgnt,20,genre:Lc,genre_pairs,Lc,Hch,Lucas(anon),Lucas(anon) (historia),cristiano,False,0.4,20,18,1,584.98,-0.13976596548431217,no discriminante,-0.16265725746240203,no discriminante,-0.13976596548431217,no discriminante,-0.13976596548431217,no discriminante
dirichlet,0,1,dia,mfw:300,dirmult,500,none,seven,sblgnt,20,genre:Hch,genre_pairs,Hch,Lc,Lucas(anon),Lucas(anon) (evangelio),cristiano,False,0.65,20,18,1,584.98,0.40139228708573454,apoyo débil a H_mismo-autor,0.30262104750936586,apoyo débil a H_mismo-autor,0.40139228708573454,apoyo débil a H_mismo-autor,0.40139228708573454,apoyo débil a H_mismo-autor
dirichlet,1,1,dia,mfw:300,dirmult,500,formulae+preformed+otq+reuse,seven,sblgnt,20,pos:IgnEf,pos_pairs,IgnEf,IgnMagn|IgnTral|IgnRom|IgnFil|IgnEsm|IgnPol,Ignacio,Ignacio,cristiano,True,0.95,20,18,6,593.06,1.0774459562903156,apoyo moderado a H_mismo-autor,0.8038022606652161,apoyo débil a H_mismo-autor,1.0774459562903156,apoyo moderado a H_mismo-autor,1.0774459562903156,apoyo moderado a H_mismo-autor
dirichlet,1,1,dia,mfw:300,dirmult,500,formulae+preformed+otq+reuse,seven,sblgnt,20,pos:IgnMagn,pos_pairs,IgnMagn,IgnEf|IgnTral|IgnRom|IgnFil|IgnEsm|IgnPol,Ignacio,Ignacio,cristiano,True,1.0,20,18,6,593.06,1.1381697467226208,apoyo moderado a H_mismo-autor,0.8455917883921988,apoyo débil a H_mismo-autor,1.1381697467226208,apoyo moderado a H_mismo-autor,1.1381697467226208,apoyo moderado a H_mismo-autor
dirichlet,1,1,dia,mfw:300,dirmult,500,formulae+preformed+otq+reuse,seven,sblgnt,20,pos:IgnTral,pos_pairs,IgnTral,IgnEf|IgnMagn|IgnRom|IgnFil|IgnEsm|IgnPol,Ignacio,Ignacio,cristiano,True,1.0,20,18,6,593.06,1.1381697467226208,apoyo moderado a H_mismo-autor,0.8455917883921988,apoyo débil a H_mismo-autor,1.1381697467226208,apoyo moderado a H_mismo-autor,1.1381697467226208,apoyo moderado a H_mismo-autor
dirichlet,1,1,dia,mfw:300,dirmult,500,formulae+preformed+otq+reuse,seven,sblgnt,20,pos:IgnFil,pos_pairs,IgnFil,IgnEf|IgnMagn|IgnTral|IgnRom|IgnEsm|IgnPol,Ignacio,Ignacio,cristiano,True,1.0,20,18,6,593.06,1.1381697467226208,apoyo moderado a H_mismo-autor,0.8455917883921988,apoyo débil a H_mismo-autor,1.1381697467226208,apoyo moderado a H_mismo-autor,1.1381697467226208,apoyo moderado a H_mismo-autor
dirichlet,1,1,dia,mfw:300,dirmult,500,formulae+preformed+otq+reuse,seven,sblgnt,20,pos:IgnEsm,pos_pairs,IgnEsm,IgnEf|IgnMagn|IgnTral|IgnRom|IgnFil|IgnPol,Ignacio,Ignacio,cristiano,True,0.5,20,18,6,593.06,0.060132352944589296,no discriminante,0.018899417775727775,no discriminante,0.060132352944589296,no discriminante,0.060132352944589296,no discriminante
dirichlet,1,1,dia,mfw:300,dirmult,500,formulae+preformed+otq+reuse,seven,sblgnt,20,pos:IgnPol,pos_pairs,IgnPol,IgnEf|IgnMagn|IgnTral|IgnRom|IgnFil|IgnEsm,Ignacio,Ignacio,cristiano,True,1.0,20,18,6,593.06,1.1381697467226208,apoyo moderado a H_mismo-autor,0.8455917883921988,apoyo débil a H_mismo-autor,1.1381697467226208,apoyo moderado a H_mismo-autor,1.1381697467226208,apoyo moderado a H_mismo-autor
dirichlet,1,1,dia,mfw:300,dirmult,500,formulae+preformed+otq+reuse,seven,sblgnt,20,pos:Lc,pos_pairs,Lc,Hch,Lucas(anon),Lucas(anon),cristiano,False,0.15,20,18,1,593.06,-0.4261494807956896,apoyo débil a H_otro-autor,-0.48252005606591597,apoyo débil a H_otro-autor,-0.4261494807956896,apoyo débil a H_otro-autor,-0.4261494807956896,apoyo débil a H_otro-autor
dirichlet,1,1,dia,mfw:300,dirmult,500,formulae+preformed+otq+reuse,seven,sblgnt,20,pos:Hch,pos_pairs,Hch,Lc,Lucas(anon),Lucas(anon),cristiano,False,0.7,20,18,1,593.06,0.5043224585235412,apoyo débil a H_mismo-autor,0.39089776624619993,apoyo débil a H_mismo-autor,0.5043224585235412,apoyo débil a H_mismo-autor,0.5043224585235412,apoyo débil a H_mismo-autor
dirichlet,1,0,dia,mfw:300,dirmult,500,formulae+preformed+otq+reuse,seven,sblgnt,20,neg:1Clem~Ignacio,neg_pairs,1Clem,IgnEf|IgnMagn|IgnTral|IgnRom|IgnFil|IgnEsm|IgnPol,Clemente Romano,Ignacio,cristiano,True,0.0,20,17,7,593.06,-0.4913872050690722,apoyo débil a H_otro-autor,-0.5824558996755855,apoyo débil a H_otro-autor,-0.4913872050690722,apoyo débil a H_otro-autor,-0.4913872050690722,apoyo débil a H_otro-autor
dirichlet,1,0,dia,mfw:300,dirmult,500,formulae+preformed+otq+reuse,seven,sblgnt,20,neg:1Clem~Lucas(anon),neg_pairs,1Clem,Lc|Hch,Clemente Romano,Lucas(anon),cristiano,False,0.0,20,17,2,593.06,-0.4913872050690722,apoyo débil a H_otro-autor,-0.5824558996755855,apoyo débil a H_otro-autor,-0.4913872050690722,apoyo débil a H_otro-autor,-0.4913872050690722,apoyo débil a H_otro-autor
dirichlet,1,0,dia,mfw:300,dirmult,500,formulae+preformed+otq+reuse,seven,sblgnt,20,neg:Herm~Ignacio,neg_pairs,Herm,IgnEf|IgnMagn|IgnTral|IgnRom|IgnFil|IgnEsm|IgnPol,Hermas,Ignacio,cristiano,False,0.0,20,17,7,593.06,-0.4913872050690722,apoyo débil a H_otro-autor,-0.5824558996755855,apoyo débil a H_otro-autor,-0.4913872050690722,apoyo débil a H_otro-autor,-0.4913872050690722,apoyo débil a H_otro-autor
dirichlet,1,0,dia,mfw:300,dirmult,500,formulae+preformed+otq+reuse,seven,sblgnt,20,neg:Herm~Lucas(anon),neg_pairs,Herm,Lc|Hch,Hermas,Lucas(anon),cristiano,False,0.0,20,17,2,593.06,-0.4913872050690722,apoyo débil a H_otro-autor,-0.5824558996755855,apoyo débil a H_otro-autor,-0.4913872050690722,apoyo débil a H_otro-autor,-0.4913872050690722,apoyo débil a H_otro-autor
dirichlet,1,0,dia,mfw:300,dirmult,500,formulae+preformed+otq+reuse,seven,sblgnt,20,neg:IgnRom~Lucas(anon),neg_pairs,IgnRom,Lc|Hch,Ignacio,Lucas(anon),cristiano,False,0.0,20,17,2,593.06,-0.4913872050690722,apoyo débil a H_otro-autor,-0.5824558996755855,apoyo débil a H_otro-autor,-0.4913872050690722,apoyo débil a H_otro-autor,-0.4913872050690722,apoyo débil a H_otro-autor
dirichlet,1,0,dia,mfw:300,dirmult,500,formulae+preformed+otq+reuse,seven,sblgnt,20,neg:Jn~Ignacio,neg_pairs,Jn,IgnEf|IgnMagn|IgnTral|IgnRom|IgnFil|IgnEsm|IgnPol,Juan(anon),Ignacio,cristiano,False,0.0,20,17,7,593.06,-0.4913872050690722,apoyo débil a H_otro-autor,-0.5824558996755855,apoyo débil a H_otro-autor,-0.4913872050690722,apoyo débil a H_otro-autor,-0.4913872050690722,apoyo débil a H_otro-autor
dirichlet,1,0,dia,mfw:300,dirmult,500,formulae+preformed+otq+reuse,seven,sblgnt,20,neg:Jn~Lucas(anon),neg_pairs,Jn,Lc|Hch,Juan(anon),Lucas(anon),cristiano,False,0.0,20,17,2,593.06,-0.4913872050690722,apoyo débil a H_otro-autor,-0.5824558996755855,apoyo débil a H_otro-autor,-0.4913872050690722,apoyo débil a H_otro-autor,-0.4913872050690722,apoyo débil a H_otro-autor
dirichlet,1,0,dia,mfw:300,dirmult,500,formulae+preformed+otq+reuse,seven,sblgnt,20,neg:Lc~Ignacio,neg_pairs,Lc,IgnEf|IgnMagn|IgnTral|IgnRom|IgnFil|IgnEsm|IgnPol,Lucas(anon),Ignacio,cristiano,False,0.0,20,17,7,593.06,-0.4913872050690722,apoyo débil a H_otro-autor,-0.5824558996755855,apoyo débil a H_otro-autor,-0.4913872050690722,apoyo débil a H_otro-autor,-0.4913872050690722,apoyo débil a H_otro-autor
dirichlet,1,0,dia,mfw:300,dirmult,500,formulae+preformed+otq+reuse,seven,sblgnt,20,neg:PolFil~Ignacio,neg_pairs,PolFil,IgnEf|IgnMagn|IgnTral|IgnRom|IgnFil|IgnEsm|IgnPol,Policarpo,Ignacio,cristiano,True,0.0,20,17,7,593.06,-0.4913872050690722,apoyo débil a H_otro-autor,-0.5824558996755855,apoyo débil a H_otro-autor,-0.4913872050690722,apoyo débil a H_otro-autor,-0.4913872050690722,apoyo débil a H_otro-autor
dirichlet,1,0,dia,mfw:300,dirmult,500,formulae+preformed+otq+reuse,seven,sblgnt,20,neg:PolFil~Lucas(anon),neg_pairs,PolFil,Lc|Hch,Policarpo,Lucas(anon),cristiano,False,0.0,20,17,2,593.06,-0.4913872050690722,apoyo débil a H_otro-autor,-0.5824558996755855,apoyo débil a H_otro-autor,-0.4913872050690722,apoyo débil a H_otro-autor,-0.4913872050690722,apoyo débil a H_otro-autor
dirichlet,1,0,dia,mfw:300,dirmult,500,formulae+preformed+otq+reuse,seven,sblgnt,20,pseudo:2Clem,pseudo_pairs,2Clem,1Clem,Ps-Clemente,Clemente Romano,cristiano,False,0.0,20,17,1,593.06,-0.4913872050690722,apoyo débil a H_otro-autor,-0.5824558996755855,apoyo débil a H_otro-autor,-0.4913872050690722,apoyo débil a H_otro-autor,-0.4913872050690722,apoyo débil a H_otro-autor
dirichlet,1,0,dia,mfw:300,dirmult,500,formulae+preformed+otq+reuse,seven,sblgnt,20,pseudo:3Cor,pseudo_pairs,3Cor,Rom|1Cor|2Cor|Gal|Flp|1Tes|Flm,Ps-Pablo,Pablo,cristiano,True,0.0,20,16,7,593.06,-0.4913872050690722,apoyo débil a H_otro-autor,-0.5824558996755855,apoyo débil a H_otro-autor,-0.4913872050690722,apoyo débil a H_otro-autor,-0.4913872050690722,apoyo débil a H_otro-autor
dirichlet,1,0,dia,mfw:300,dirmult,500,formulae+preformed+otq+reuse,seven,sblgnt,20,negT:Mt,neg_target,Mt,Rom|1Cor|2Cor|Gal|Flp|1Tes|Flm,Mateo(anon),Pablo,cristiano,False,0.0,20,16,7,593.06,-0.4913872050690722,apoyo débil a H_otro-autor,-0.5824558996755855,apoyo débil a H_otro-autor,-0.4913872050690722,apoyo débil a H_otro-autor,-0.4913872050690722,apoyo débil a H_otro-autor
dirichlet,1,0,dia,mfw:300,dirmult,500,formulae+preformed+otq+reuse,seven,sblgnt,20,negT:Mc,neg_target,Mc,Rom|1Cor|2Cor|Gal|Flp|1Tes|Flm,Marcos(anon),Pablo,cristiano,False,0.0,20,16,7,593.06,-0.4913872050690722,apoyo débil a H_otro-autor,-0.5824558996755855,apoyo débil a H_otro-autor,-0.4913872050690722,apoyo débil a H_otro-autor,-0.4913872050690722,apoyo débil a H_otro-autor
dirichlet,1,0,dia,mfw:300,dirmult,500,formulae+preformed+otq+reuse,seven,sblgnt,20,negT:Lc,neg_target,Lc,Rom|1Cor|2Cor|Gal|Flp|1Tes|Flm,Lucas(anon),Pablo,cristiano,False,0.0,20,16,7,593.06,-0.4913872050690722,apoyo débil a H_otro-autor,-0.5824558996755855,apoyo débil a H_otro-autor,-0.4913872050690722,apoyo débil a H_otro-autor,-0.4913872050690722,apoyo débil a H_otro-autor
dirichlet,1,0,dia,mfw:300,dirmult,500,formulae+preformed+otq+reuse,seven,sblgnt,20,negT:Jn,neg_target,Jn,Rom|1Cor|2Cor|Gal|Flp|1Tes|Flm,Juan(anon),Pablo,cristiano,False,0.0,20,16,7,593.06,-0.4913872050690722,apoyo débil a H_otro-autor,-0.5824558996755855,apoyo débil a H_otro-autor,-0.4913872050690722,apoyo débil a H_otro-autor,-0.4913872050690722,apoyo débil a H_otro-autor
dirichlet,1,0,dia,mfw:300,dirmult,500,formulae+preformed+otq+reuse,seven,sblgnt,20,negT:Hch,neg_target,Hch,Rom|1Cor|2Cor|Gal|Flp|1Tes|Flm,Lucas(anon),Pablo,cristiano,False,0.0,20,16,7,593.06,-0.4913872050690722,apoyo débil a H_otro-autor,-0.5824558996755855,apoyo débil a H_otro-autor,-0.4913872050690722,apoyo débil a H_otro-autor,-0.4913872050690722,apoyo débil a H_otro-autor
dirichlet,1,0,dia,mfw:300,dirmult,500,formulae+preformed+otq+reuse,seven,sblgnt,20,negT:Sant,neg_target,Sant,Rom|1Cor|2Cor|Gal|Flp|1Tes|Flm,Santiago(?),Pablo,cristiano,True,0.25,20,16,7,593.06,-0.33240411040528806,apoyo débil a H_otro-autor,-0.3695111708673323,apoyo débil a H_otro-autor,-0.33240411040528806,apoyo débil a H_otro-autor,-0.33240411040528806,apoyo débil a H_otro-autor
dirichlet,1,0,dia,mfw:300,dirmult,500,formulae+preformed+otq+reuse,seven,sblgnt,20,negT:1Pe,neg_target,1Pe,Rom|1Cor|2Cor|Gal|Flp|1Tes|Flm,Pedro(?),Pablo,cristiano,True,0.45,20,16,7,593.06,-0.034712534037337664,no discriminante,-0.0677592444388918,no discriminante,-0.034712534037337664,no discriminante,-0.034712534037337664,no discriminante
dirichlet,1,0,dia,mfw:300,dirmult,500,formulae+preformed+otq+reuse,seven,sblgnt,20,negT:2Pe,neg_target,2Pe,Rom|1Cor|2Cor|Gal|Flp|1Tes|Flm,Pedro(?),Pablo,cristiano,True,0.0,20,16,7,593.06,-0.4913872050690722,apoyo débil a H_otro-autor,-0.5824558996755855,apoyo débil a H_otro-autor,-0.4913872050690722,apoyo débil a H_otro-autor,-0.4913872050690722,apoyo débil a H_otro-autor
dirichlet,1,0,dia,mfw:300,dirmult,500,formulae+preformed+otq+reuse,seven,sblgnt,20,negT:2Jn,neg_target,2Jn,Rom|1Cor|2Cor|Gal|Flp|1Tes|Flm,Juan(presb.),Pablo,cristiano,True,0.0,20,16,7,593.06,-0.4913872050690722,apoyo débil a H_otro-autor,-0.5824558996755855,apoyo débil a H_otro-autor,-0.4913872050690722,apoyo débil a H_otro-autor,-0.4913872050690722,apoyo débil a H_otro-autor
dirichlet,1,0,dia,mfw:300,dirmult,500,formulae+preformed+otq+reuse,seven,sblgnt,20,negT:3Jn,neg_target,3Jn,Rom|1Cor|2Cor|Gal|Flp|1Tes|Flm,Juan(presb.),Pablo,cristiano,True,0.0,20,16,7,593.06,-0.4913872050690722,apoyo débil a H_otro-autor,-0.5824558996755855,apoyo débil a H_otro-autor,-0.4913872050690722,apoyo débil a H_otro-autor,-0.4913872050690722,apoyo débil a H_otro-autor
dirichlet,1,0,dia,mfw:300,dirmult,500,formulae+preformed+otq+reuse,seven,sblgnt,20,negT:Jud,neg_target,Jud,Rom|1Cor|2Cor|Gal|Flp|1Tes|Flm,Judas(?),Pablo,cristiano,True,0.0,20,16,7,593.06,-0.4913872050690722,apoyo débil a H_otro-autor,-0.5824558996755855,apoyo débil a H_otro-autor,-0.4913872050690722,apoyo débil a H_otro-autor,-0.4913872050690722,apoyo débil a H_otro-autor
dirichlet,1,0,dia,mfw:300,dirmult,500,formulae+preformed+otq+reuse,seven,sblgnt,20,negT:Ap,neg_target,Ap,Rom|1Cor|2Cor|Gal|Flp|1Tes|Flm,Juan(vidente),Pablo,cristiano,False,0.0,20,16,7,593.06,-0.4913872050690722,apoyo débil a H_otro-autor,-0.5824558996755855,apoyo débil a H_otro-autor,-0.4913872050690722,apoyo débil a H_otro-autor,-0.4913872050690722,apoyo débil a H_otro-autor
dirichlet,1,0,dia,mfw:300,dirmult,500,formulae+preformed+otq+reuse,seven,sblgnt,20,negT:1Clem,neg_target,1Clem,Rom|1Cor|2Cor|Gal|Flp|1Tes|Flm,Clemente Romano,Pablo,cristiano,True,0.0,20,16,7,593.06,-0.4913872050690722,apoyo débil a H_otro-autor,-0.5824558996755855,apoyo débil a H_otro-autor,-0.4913872050690722,apoyo débil a H_otro-autor,-0.4913872050690722,apoyo débil a H_otro-autor
dirichlet,1,0,dia,mfw:300,dirmult,500,formulae+preformed+otq+reuse,seven,sblgnt,20,negT:2Clem,neg_target,2Clem,Rom|1Cor|2Cor|Gal|Flp|1Tes|Flm,Ps-Clemente,Pablo,cristiano,False,0.0,20,16,7,593.06,-0.4913872050690722,apoyo débil a H_otro-autor,-0.5824558996755855,apoyo débil a H_otro-autor,-0.4913872050690722,apoyo débil a H_otro-autor,-0.4913872050690722,apoyo débil a H_otro-autor
dirichlet,1,0,dia,mfw:300,dirmult,500,formulae+preformed+otq+reuse,seven,sblgnt,20,negT:IgnEf,neg_target,IgnEf,Rom|1Cor|2Cor|Gal|Flp|1Tes|Flm,Ignacio,Pablo,cristiano,True,0.0,20,16,7,593.06,-0.4913872050690722,apoyo débil a H_otro-autor,-0.5824558996755855,apoyo débil a H_otro-autor,-0.4913872050690722,apoyo débil a H_otro-autor,-0.4913872050690722,apoyo débil a H_otro-autor
dirichlet,1,0,dia,mfw:300,dirmult,500,formulae+preformed+otq+reuse,seven,sblgnt,20,negT:IgnMagn,neg_target,IgnMagn,Rom|1Cor|2Cor|Gal|Flp|1Tes|Flm,Ignacio,Pablo,cristiano,True,0.0,20,16,7,593.06,-0.4913872050690722,apoyo débil a H_otro-autor,-0.5824558996755855,apoyo débil a H_otro-autor,-0.4913872050690722,apoyo débil a H_otro-autor,-0.4913872050690722,apoyo débil a H_otro-autor
dirichlet,1,0,dia,mfw:300,dirmult,500,formulae+preformed+otq+reuse,seven,sblgnt,20,negT:IgnTral,neg_target,IgnTral,Rom|1Cor|2Cor|Gal|Flp|1Tes|Flm,Ignacio,Pablo,cristiano,True,0.0,20,16,7,593.06,-0.4913872050690722,apoyo débil a H_otro-autor,-0.5824558996755855,apoyo débil a H_otro-autor,-0.4913872050690722,apoyo débil a H_otro-autor,-0.4913872050690722,apoyo débil a H_otro-autor
dirichlet,1,0,dia,mfw:300,dirmult,500,formulae+preformed+otq+reuse,seven,sblgnt,20,negT:IgnRom,neg_target,IgnRom,Rom|1Cor|2Cor|Gal|Flp|1Tes|Flm,Ignacio,Pablo,cristiano,True,0.0,20,16,7,593.06,-0.4913872050690722,apoyo débil a H_otro-autor,-0.5824558996755855,apoyo débil a H_otro-autor,-0.4913872050690722,apoyo débil a H_otro-autor,-0.4913872050690722,apoyo débil a H_otro-autor
dirichlet,1,0,dia,mfw:300,dirmult,500,formulae+preformed+otq+reuse,seven,sblgnt,20,negT:IgnFil,neg_target,IgnFil,Rom|1Cor|2Cor|Gal|Flp|1Tes|Flm,Ignacio,Pablo,cristiano,True,0.0,20,16,7,593.06,-0.4913872050690722,apoyo débil a H_otro-autor,-0.5824558996755855,apoyo débil a H_otro-autor,-0.4913872050690722,apoyo débil a H_otro-autor,-0.4913872050690722,apoyo débil a H_otro-autor
dirichlet,1,0,dia,mfw:300,dirmult,500,formulae+preformed+otq+reuse,seven,sblgnt,20,negT:IgnEsm,neg_target,IgnEsm,Rom|1Cor|2Cor|Gal|Flp|1Tes|Flm,Ignacio,Pablo,cristiano,True,0.0,20,16,7,593.06,-0.4913872050690722,apoyo débil a H_otro-autor,-0.5824558996755855,apoyo débil a H_otro-autor,-0.4913872050690722,apoyo débil a H_otro-autor,-0.4913872050690722,apoyo débil a H_otro-autor
dirichlet,1,0,dia,mfw:300,dirmult,500,formulae+preformed+otq+reuse,seven,sblgnt,20,negT:IgnPol,neg_target,IgnPol,Rom|1Cor|2Cor|Gal|Flp|1Tes|Flm,Ignacio,Pablo,cristiano,True,0.0,20,16,7,593.06,-0.4913872050690722,apoyo débil a H_otro-autor,-0.5824558996755855,apoyo débil a H_otro-autor,-0.4913872050690722,apoyo débil a H_otro-autor,-0.4913872050690722,apoyo débil a H_otro-autor
dirichlet,1,0,dia,mfw:300,dirmult,500,formulae+preformed+otq+reuse,seven,sblgnt,20,negT:PolFil,neg_target,PolFil,Rom|1Cor|2Cor|Gal|Flp|1Tes|Flm,Policarpo,Pablo,cristiano,True,0.0,20,16,7,593.06,-0.4913872050690722,apoyo débil a H_otro-autor,-0.5824558996755855,apoyo débil a H_otro-autor,-0.4913872050690722,apoyo débil a H_otro-autor,-0.4913872050690722,apoyo débil a H_otro-autor
dirichlet,1,0,dia,mfw:300,dirmult,500,formulae+preformed+otq+reuse,seven,sblgnt,20,negT:Did,neg_target,Did,Rom|1Cor|2Cor|Gal|Flp|1Tes|Flm,anon,Pablo,cristiano,False,0.0,20,16,7,593.06,-0.4913872050690722,apoyo débil a H_otro-autor,-0.5824558996755855,apoyo débil a H_otro-autor,-0.4913872050690722,apoyo débil a H_otro-autor,-0.4913872050690722,apoyo débil a H_otro-autor
dirichlet,1,0,dia,mfw:300,dirmult,500,formulae+preformed+otq+reuse,seven,sblgnt,20,negT:Bern,neg_target,Bern,Rom|1Cor|2Cor|Gal|Flp|1Tes|Flm,Ps-Bernabé,Pablo,cristiano,False,0.0,20,16,7,593.06,-0.4913872050690722,apoyo débil a H_otro-autor,-0.5824558996755855,apoyo débil a H_otro-autor,-0.4913872050690722,apoyo débil a H_otro-autor,-0.4913872050690722,apoyo débil a H_otro-autor
dirichlet,1,0,dia,mfw:300,dirmult,500,formulae+preformed+otq+reuse,seven,sblgnt,20,negT:Herm,neg_target,Herm,Rom|1Cor|2Cor|Gal|Flp|1Tes|Flm,Hermas,Pablo,cristiano,False,0.0,20,16,7,593.06,-0.4913872050690722,apoyo débil a H_otro-autor,-0.5824558996755855,apoyo débil a H_otro-autor,-0.4913872050690722,apoyo débil a H_otro-autor,-0.4913872050690722,apoyo débil a H_otro-autor
dirichlet,1,0,dia,mfw:300,dirmult,500,formulae+preformed+otq+reuse,seven,sblgnt,20,negT:MartPol,neg_target,MartPol,Rom|1Cor|2Cor|Gal|Flp|1Tes|Flm,anon,Pablo,cristiano,True,0.0,20,16,7,593.06,-0.4913872050690722,apoyo débil a H_otro-autor,-0.5824558996755855,apoyo débil a H_otro-autor,-0.4913872050690722,apoyo débil a H_otro-autor,-0.4913872050690722,apoyo débil a H_otro-autor
dirichlet,1,0,dia,mfw:300,dirmult,500,formulae+preformed+otq+reuse,seven,sblgnt,20,negT:Diogn,neg_target,Diogn,Rom|1Cor|2Cor|Gal|Flp|1Tes|Flm,anon,Pablo,cristiano,False,0.0,20,16,7,593.06,-0.4913872050690722,apoyo débil a H_otro-autor,-0.5824558996755855,apoyo débil a H_otro-autor,-0.4913872050690722,apoyo débil a H_otro-autor,-0.4913872050690722,apoyo débil a H_otro-autor
dirichlet,1,0,dia,mfw:300,dirmult,500,formulae+preformed+otq+reuse,seven,sblgnt,20,negT:3Cor,neg_target,3Cor,Rom|1Cor|2Cor|Gal|Flp|1Tes|Flm,Ps-Pablo,Pablo,cristiano,True,0.0,20,16,7,593.06,-0.4913872050690722,apoyo débil a H_otro-autor,-0.5824558996755855,apoyo débil a H_otro-autor,-0.4913872050690722,apoyo débil a H_otro-autor,-0.4913872050690722,apoyo débil a H_otro-autor
dirichlet,1,1,dia,mfw:300,dirmult,500,formulae+preformed+otq+reuse,seven,sblgnt,20,genre:Lc,genre_pairs,Lc,Hch,Lucas(anon),Lucas(anon) (historia),cristiano,False,0.2,20,18,1,593.06,-0.3841692050860619,apoyo débil a H_otro-autor,-0.42994902031298066,apoyo débil a H_otro-autor,-0.3841692050860619,apoyo débil a H_otro-autor,-0.3841692050860619,apoyo débil a H_otro-autor
dirichlet,1,1,dia,mfw:300,dirmult,500,formulae+preformed+otq+reuse,seven,sblgnt,20,genre:Hch,genre_pairs,Hch,Lc,Lucas(anon),Lucas(anon) (evangelio),cristiano,False,0.5,20,18,1,593.06,0.060132352944589296,no discriminante,0.018899417775727775,no discriminante,0.060132352944589296,no discriminante,0.060132352944589296,no discriminante
dirichlet,2,1,dia,closed:150,dirmult,500,none,seven,sblgnt,20,pos:IgnEf,pos_pairs,IgnEf,IgnMagn|IgnTral|IgnRom|IgnFil|IgnEsm|IgnPol,Ignacio,Ignacio,cristiano,True,0.8,20,18,6,528.88,0.7293501938170709,apoyo débil a H_mismo-autor,0.5455445418802098,apoyo débil a H_mismo-autor,0.7293501938170709,apoyo débil a H_mismo-autor,0.7293501938170709,apoyo débil a H_mismo-autor
dirichlet,2,1,dia,closed:150,dirmult,500,none,seven,sblgnt,20,pos:IgnMagn,pos_pairs,IgnMagn,IgnEf|IgnTral|IgnRom|IgnFil|IgnEsm|IgnPol,Ignacio,Ignacio,cristiano,True,1.0,20,18,6,528.88,1.137338515423394,apoyo moderado a H_mismo-autor,0.8265234666078627,apoyo débil a H_mismo-autor,1.137338515423394,apoyo moderado a H_mismo-autor,1.137338515423394,apoyo moderado a H_mismo-autor
dirichlet,2,1,dia,closed:150,dirmult,500,none,seven,sblgnt,20,pos:IgnTral,pos_pairs,IgnTral,IgnEf|IgnMagn|IgnRom|IgnFil|IgnEsm|IgnPol,Ignacio,Ignacio,cristiano,True,1.0,20,18,6,528.88,1.137338515423394,apoyo moderado a H_mismo-autor,0.8265234666078627,apoyo débil a H_mismo-autor,1.137338515423394,apoyo moderado a H_mismo-autor,1.137338515423394,apoyo moderado a H_mismo-autor
dirichlet,2,1,dia,closed:150,dirmult,500,none,seven,sblgnt,20,pos:IgnFil,pos_pairs,IgnFil,IgnEf|IgnMagn|IgnTral|IgnRom|IgnEsm|IgnPol,Ignacio,Ignacio,cristiano,True,1.0,20,18,6,528.88,1.137338515423394,apoyo moderado a H_mismo-autor,0.8265234666078627,apoyo débil a H_mismo-autor,1.137338515423394,apoyo moderado a H_mismo-autor,1.137338515423394,apoyo moderado a H_mismo-autor
dirichlet,2,1,dia,closed:150,dirmult,500,none,seven,sblgnt,20,pos:IgnEsm,pos_pairs,IgnEsm,IgnEf|IgnMagn|IgnTral|IgnRom|IgnFil|IgnPol,Ignacio,Ignacio,cristiano,True,0.3,20,18,6,528.88,-0.2290011824907887,no discriminante,-0.23703559074184735,no discriminante,-0.2290011824907887,no discriminante,-0.2290011824907887,no discriminante
dirichlet,2,1,dia,closed:150,dirmult,500,none,seven,sblgnt,20,pos:IgnPol,pos_pairs,IgnPol,IgnEf|IgnMagn|IgnTral|IgnRom|IgnFil|IgnEsm,Ignacio,Ignacio,cristiano,True,0.25,20,18,6,528.88,-0.2804413270930635,no discriminante,-0.2860698315188757,no discriminante,-0.2804413270930635,no discriminante,-0.2804413270930635,no discriminante
dirichlet,2,1,dia,closed:150,dirmult,500,none,seven,sblgnt,20,pos:Lc,pos_pairs,Lc,Hch,Lucas(anon),Lucas(anon),cristiano,False,0.15,20,18,1,528.88,-0.3569836338541731,apoyo débil a H_otro-autor,-0.36299977872163675,apoyo débil a H_otro-autor,-0.3569836338541731,apoyo débil a H_otro-autor,-0.3569836338541731,apoyo débil a H_otro-autor
dirichlet,2,1,dia,closed:150,dirmult,500,none,seven,sblgnt,20,pos:Hch,pos_pairs,Hch,Lc,Lucas(anon),Lucas(anon),cristiano,False,0.65,20,18,1,528.88,0.36788481150450936,apoyo débil a H_mismo-autor,0.27152981637830803,no discriminante,0.36788481150450936,apoyo débil a H_mismo-autor,0.36788481150450936,apoyo débil a H_mismo-autor
dirichlet,2,0,dia,closed:150,dirmult,500,none,seven,sblgnt,20,neg:1Clem~Ignacio,neg_pairs,1Clem,IgnEf|IgnMagn|IgnTral|IgnRom|IgnFil|IgnEsm|IgnPol,Clemente Romano,Ignacio,cristiano,True,0.0,20,17,7,528.88,-0.4066089767076059,apoyo débil a H_otro-autor,-0.4223218171170421,apoyo débil a H_otro-autor,-0.4066089767076059,apoyo débil a H_otro-autor,-0.4066089767076059,apoyo débil a H_otro-autor
dirichlet,2,0,dia,closed:150,dirmult,500,none,seven,sblgnt,20,neg:1Clem~Lucas(anon),neg_pairs,1Clem,Lc|Hch,Clemente Romano,Lucas(anon),cristiano,False,0.0,20,17,2,528.88,-0.4066089767076059,apoyo débil a H_otro-autor,-0.4223218171170421,apoyo débil a H_otro-autor,-0.4066089767076059,apoyo débil a H_otro-autor,-0.4066089767076059,apoyo débil a H_otro-autor
dirichlet,2,0,dia,closed:150,dirmult,500,none,seven,sblgnt,20,neg:Herm~Ignacio,neg_pairs,Herm,IgnEf|IgnMagn|IgnTral|IgnRom|IgnFil|IgnEsm|IgnPol,Hermas,Ignacio,cristiano,False,0.0,20,17,7,528.88,-0.4066089767076059,apoyo débil a H_otro-autor,-0.4223218171170421,apoyo débil a H_otro-autor,-0.4066089767076059,apoyo débil a H_otro-autor,-0.4066089767076059,apoyo débil a H_otro-autor
dirichlet,2,0,dia,closed:150,dirmult,500,none,seven,sblgnt,20,neg:Herm~Lucas(anon),neg_pairs,Herm,Lc|Hch,Hermas,Lucas(anon),cristiano,False,0.0,20,17,2,528.88,-0.4066089767076059,apoyo débil a H_otro-autor,-0.4223218171170421,apoyo débil a H_otro-autor,-0.4066089767076059,apoyo débil a H_otro-autor,-0.4066089767076059,apoyo débil a H_otro-autor
dirichlet,2,0,dia,closed:150,dirmult,500,none,seven,sblgnt,20,neg:IgnRom~Lucas(anon),neg_pairs,IgnRom,Lc|Hch,Ignacio,Lucas(anon),cristiano,False,0.0,20,17,2,528.88,-0.4066089767076059,apoyo débil a H_otro-autor,-0.4223218171170421,apoyo débil a H_otro-autor,-0.4066089767076059,apoyo débil a H_otro-autor,-0.4066089767076059,apoyo débil a H_otro-autor
dirichlet,2,0,dia,closed:150,dirmult,500,none,seven,sblgnt,20,neg:Jn~Ignacio,neg_pairs,Jn,IgnEf|IgnMagn|IgnTral|IgnRom|IgnFil|IgnEsm|IgnPol,Juan(anon),Ignacio,cristiano,False,0.0,20,17,7,528.88,-0.4066089767076059,apoyo débil a H_otro-autor,-0.4223218171170421,apoyo débil a H_otro-autor,-0.4066089767076059,apoyo débil a H_otro-autor,-0.4066089767076059,apoyo débil a H_otro-autor
dirichlet,2,0,dia,closed:150,dirmult,500,none,seven,sblgnt,20,neg:Jn~Lucas(anon),neg_pairs,Jn,Lc|Hch,Juan(anon),Lucas(anon),cristiano,False,0.05,20,17,2,528.88,-0.3986575389251822,apoyo débil a H_otro-autor,-0.4102247274585458,apoyo débil a H_otro-autor,-0.3986575389251822,apoyo débil a H_otro-autor,-0.3986575389251822,apoyo débil a H_otro-autor
dirichlet,2,0,dia,closed:150,dirmult,500,none,seven,sblgnt,20,neg:Lc~Ignacio,neg_pairs,Lc,IgnEf|IgnMagn|IgnTral|IgnRom|IgnFil|IgnEsm|IgnPol,Lucas(anon),Ignacio,cristiano,False,0.0,20,17,7,528.88,-0.4066089767076059,apoyo débil a H_otro-autor,-0.4223218171170421,apoyo débil a H_otro-autor,-0.4066089767076059,apoyo débil a H_otro-autor,-0.4066089767076059,apoyo débil a H_otro-autor
dirichlet,2,0,dia,closed:150,dirmult,500,none,seven,sblgnt,20,neg:PolFil~Ignacio,neg_pairs,PolFil,IgnEf|IgnMagn|IgnTral|IgnRom|IgnFil|IgnEsm|IgnPol,Policarpo,Ignacio,cristiano,True,0.0,20,17,7,528.88,-0.4066089767076059,apoyo débil a H_otro-autor,-0.4223218171170421,apoyo débil a H_otro-autor,-0.4066089767076059,apoyo débil a H_otro-autor,-0.4066089767076059,apoyo débil a H_otro-autor
dirichlet,2,0,dia,closed:150,dirmult,500,none,seven,sblgnt,20,neg:PolFil~Lucas(anon),neg_pairs,PolFil,Lc|Hch,Policarpo,Lucas(anon),cristiano,False,0.0,20,17,2,528.88,-0.4066089767076059,apoyo débil a H_otro-autor,-0.4223218171170421,apoyo débil a H_otro-autor,-0.4066089767076059,apoyo débil a H_otro-autor,-0.4066089767076059,apoyo débil a H_otro-autor
dirichlet,2,0,dia,closed:150,dirmult,500,none,seven,sblgnt,20,pseudo:2Clem,pseudo_pairs,2Clem,1Clem,Ps-Clemente,Clemente Romano,cristiano,False,0.1,20,17,1,528.88,-0.38214590716530705,apoyo débil a H_otro-autor,-0.39041478172373234,apoyo débil a H_otro-autor,-0.38214590716530705,apoyo débil a H_otro-autor,-0.38214590716530705,apoyo débil a H_otro-autor
dirichlet,2,0,dia,closed:150,dirmult,500,none,seven,sblgnt,20,pseudo:3Cor,pseudo_pairs,3Cor,Rom|1Cor|2Cor|Gal|Flp|1Tes|Flm,Ps-Pablo,Pablo,cristiano,True,0.0,20,16,7,528.88,-0.4066089767076059,apoyo débil a H_otro-autor,-0.4223218171170421,apoyo débil a H_otro-autor,-0.4066089767076059,apoyo débil a H_otro-autor,-0.4066089767076059,apoyo débil a H_otro-autor
dirichlet,2,0,dia,closed:150,dirmult,500,none,seven,sblgnt,20,negT:Mt,neg_target,Mt,Rom|1Cor|2Cor|Gal|Flp|1Tes|Flm,Mateo(anon),Pablo,cristiano,False,0.0,20,16,7,528.88,-0.4066089767076059,apoyo débil a H_otro-autor,-0.4223218171170421,apoyo débil a H_otro-autor,-0.4066089767076059,apoyo débil a H_otro-autor,-0.4066089767076059,apoyo débil a H_otro-autor
dirichlet,2,0,dia,closed:150,dirmult,500,none,seven,sblgnt,20,negT:Mc,neg_target,Mc,Rom|1Cor|2Cor|Gal|Flp|1Tes|Flm,Marcos(anon),Pablo,cristiano,False,0.0,20,16,7,528.88,-0.4066089767076059,apoyo débil a H_otro-autor,-0.4223218171170421,apoyo débil a H_otro-autor,-0.4066089767076059,apoyo débil a H_otro-autor,-0.4066089767076059,apoyo débil a H_otro-autor
dirichlet,2,0,dia,closed:150,dirmult,500,none,seven,sblgnt,20,negT:Lc,neg_target,Lc,Rom|1Cor|2Cor|Gal|Flp|1Tes|Flm,Lucas(anon),Pablo,cristiano,False,0.0,20,16,7,528.88,-0.4066089767076059,apoyo débil a H_otro-autor,-0.4223218171170421,apoyo débil a H_otro-autor,-0.4066089767076059,apoyo débil a H_otro-autor,-0.4066089767076059,apoyo débil a H_otro-autor
dirichlet,2,0,dia,closed:150,dirmult,500,none,seven,sblgnt,20,negT:Jn,neg_target,Jn,Rom|1Cor|2Cor|Gal|Flp|1Tes|Flm,Juan(anon),Pablo,cristiano,False,0.0,20,16,7,528.88,-0.4066089767076059,apoyo débil a H_otro-autor,-0.4223218171170421,apoyo débil a H_otro-autor,-0.4066089767076059,apoyo débil a H_otro-autor,-0.4066089767076059,apoyo débil a H_otro-autor
dirichlet,2,0,dia,closed:150,dirmult,500,none,seven,sblgnt,20,negT:Hch,neg_target,Hch,Rom|1Cor|2Cor|Gal|Flp|1Tes|Flm,Lucas(anon),Pablo,cristiano,False,0.0,20,16,7,528.88,-0.4066089767076059,apoyo débil a H_otro-autor,-0.4223218171170421,apoyo débil a H_otro-autor,-0.4066089767076059,apoyo débil a H_otro-autor,-0.4066089767076059,apoyo débil a H_otro-autor
dirichlet,2,0,dia,closed:150,dirmult,500,none,seven,sblgnt,20,negT:Sant,neg_target,Sant,Rom|1Cor|2Cor|Gal|Flp|1Tes|Flm,Santiago(?),Pablo,cristiano,True,0.3,20,16,7,528.88,-0.2290011824907887,no discriminante,-0.23703559074184735,no discriminante,-0.2290011824907887,no discriminante,-0.2290011824907887,no discriminante
dirichlet,2,0,dia,closed:150,dirmult,500,none,seven,sblgnt,20,negT:1Pe,neg_target,1Pe,Rom|1Cor|2Cor|Gal|Flp|1Tes|Flm,Pedro(?),Pablo,cristiano,True,0.15,20,16,7,528.88,-0.3569836338541731,apoyo débil a H_otro-autor,-0.36299977872163675,apoyo débil a H_otro-autor,-0.3569836338541731,apoyo débil a H_otro-autor,-0.3569836338541731,apoyo débil a H_otro-autor
dirichlet,2,0,dia,closed:150,dirmult,500,none,seven,sblgnt,20,negT:2Pe,neg_target,2Pe,Rom|1Cor|2Cor|Gal|Flp|1Tes|Flm,Pedro(?),Pablo,cristiano,True,0.0,20,16,7,528.88,-0.4066089767076059,apoyo débil a H_otro-autor,-0.4223218171170421,apoyo débil a H_otro-autor,-0.4066089767076059,apoyo débil a H_otro-autor,-0.4066089767076059,apoyo débil a H_otro-autor
dirichlet,2,0,dia,closed:150,dirmult,500,none,seven,sblgnt,20,negT:2Jn,neg_target,2Jn,Rom|1Cor|2Cor|Gal|Flp|1Tes|Flm,Juan(presb.),Pablo,cristiano,True,0.0,20,16,7,528.88,-0.4066089767076059,apoyo débil a H_otro-autor,-0.4223218171170421,apoyo débil a H_otro-autor,-0.4066089767076059,apoyo débil a H_otro-autor,-0.4066089767076059,apoyo débil a H_otro-autor
dirichlet,2,0,dia,closed:150,dirmult,500,none,seven,sblgnt,20,negT:3Jn,neg_target,3Jn,Rom|1Cor|2Cor|Gal|Flp|1Tes|Flm,Juan(presb.),Pablo,cristiano,True,0.0,20,16,7,528.88,-0.4066089767076059,apoyo débil a H_otro-autor,-0.4223218171170421,apoyo débil a H_otro-autor,-0.4066089767076059,apoyo débil a H_otro-autor,-0.4066089767076059,apoyo débil a H_otro-autor
dirichlet,2,0,dia,closed:150,dirmult,500,none,seven,sblgnt,20,negT:Jud,neg_target,Jud,Rom|1Cor|2Cor|Gal|Flp|1Tes|Flm,Judas(?),Pablo,cristiano,True,0.0,20,16,7,528.88,-0.4066089767076059,apoyo débil a H_otro-autor,-0.4223218171170421,apoyo débil a H_otro-autor,-0.4066089767076059,apoyo débil a H_otro-autor,-0.4066089767076059,apoyo débil a H_otro-autor
dirichlet,2,0,dia,closed:150,dirmult,500,none,seven,sblgnt,20,negT:Ap,neg_target,Ap,Rom|1Cor|2Cor|Gal|Flp|1Tes|Flm,Juan(vidente),Pablo,cristiano,False,0.0,20,16,7,528.88,-0.4066089767076059,apoyo débil a H_otro-autor,-0.4223218171170421,apoyo débil a H_otro-autor,-0.4066089767076059,apoyo débil a H_otro-autor,-0.4066089767076059,apoyo débil a H_otro-autor
dirichlet,2,0,dia,closed:150,dirmult,500,none,seven,sblgnt,20,negT:1Clem,neg_target,1Clem,Rom|1Cor|2Cor|Gal|Flp|1Tes|Flm,Clemente Romano,Pablo,cristiano,True,0.0,20,16,7,528.88,-0.4066089767076059,apoyo débil a H_otro-autor,-0.4223218171170421,apoyo débil a H_otro-autor,-0.4066089767076059,apoyo débil a H_otro-autor,-0.4066089767076059,apoyo débil a H_otro-autor
dirichlet,2,0,dia,closed:150,dirmult,500,none,seven,sblgnt,20,negT:2Clem,neg_target,2Clem,Rom|1Cor|2Cor|Gal|Flp|1Tes|Flm,Ps-Clemente,Pablo,cristiano,False,0.0,20,16,7,528.88,-0.4066089767076059,apoyo débil a H_otro-autor,-0.4223218171170421,apoyo débil a H_otro-autor,-0.4066089767076059,apoyo débil a H_otro-autor,-0.4066089767076059,apoyo débil a H_otro-autor
dirichlet,2,0,dia,closed:150,dirmult,500,none,seven,sblgnt,20,negT:IgnEf,neg_target,IgnEf,Rom|1Cor|2Cor|Gal|Flp|1Tes|Flm,Ignacio,Pablo,cristiano,True,0.0,20,16,7,528.88,-0.4066089767076059,apoyo débil a H_otro-autor,-0.4223218171170421,apoyo débil a H_otro-autor,-0.4066089767076059,apoyo débil a H_otro-autor,-0.4066089767076059,apoyo débil a H_otro-autor
dirichlet,2,0,dia,closed:150,dirmult,500,none,seven,sblgnt,20,negT:IgnMagn,neg_target,IgnMagn,Rom|1Cor|2Cor|Gal|Flp|1Tes|Flm,Ignacio,Pablo,cristiano,True,0.0,20,16,7,528.88,-0.4066089767076059,apoyo débil a H_otro-autor,-0.4223218171170421,apoyo débil a H_otro-autor,-0.4066089767076059,apoyo débil a H_otro-autor,-0.4066089767076059,apoyo débil a H_otro-autor
dirichlet,2,0,dia,closed:150,dirmult,500,none,seven,sblgnt,20,negT:IgnTral,neg_target,IgnTral,Rom|1Cor|2Cor|Gal|Flp|1Tes|Flm,Ignacio,Pablo,cristiano,True,0.0,20,16,7,528.88,-0.4066089767076059,apoyo débil a H_otro-autor,-0.4223218171170421,apoyo débil a H_otro-autor,-0.4066089767076059,apoyo débil a H_otro-autor,-0.4066089767076059,apoyo débil a H_otro-autor
dirichlet,2,0,dia,closed:150,dirmult,500,none,seven,sblgnt,20,negT:IgnRom,neg_target,IgnRom,Rom|1Cor|2Cor|Gal|Flp|1Tes|Flm,Ignacio,Pablo,cristiano,True,0.0,20,16,7,528.88,-0.4066089767076059,apoyo débil a H_otro-autor,-0.4223218171170421,apoyo débil a H_otro-autor,-0.4066089767076059,apoyo débil a H_otro-autor,-0.4066089767076059,apoyo débil a H_otro-autor
dirichlet,2,0,dia,closed:150,dirmult,500,none,seven,sblgnt,20,negT:IgnFil,neg_target,IgnFil,Rom|1Cor|2Cor|Gal|Flp|1Tes|Flm,Ignacio,Pablo,cristiano,True,0.0,20,16,7,528.88,-0.4066089767076059,apoyo débil a H_otro-autor,-0.4223218171170421,apoyo débil a H_otro-autor,-0.4066089767076059,apoyo débil a H_otro-autor,-0.4066089767076059,apoyo débil a H_otro-autor
dirichlet,2,0,dia,closed:150,dirmult,500,none,seven,sblgnt,20,negT:IgnEsm,neg_target,IgnEsm,Rom|1Cor|2Cor|Gal|Flp|1Tes|Flm,Ignacio,Pablo,cristiano,True,0.0,20,16,7,528.88,-0.4066089767076059,apoyo débil a H_otro-autor,-0.4223218171170421,apoyo débil a H_otro-autor,-0.4066089767076059,apoyo débil a H_otro-autor,-0.4066089767076059,apoyo débil a H_otro-autor
dirichlet,2,0,dia,closed:150,dirmult,500,none,seven,sblgnt,20,negT:IgnPol,neg_target,IgnPol,Rom|1Cor|2Cor|Gal|Flp|1Tes|Flm,Ignacio,Pablo,cristiano,True,0.0,20,16,7,528.88,-0.4066089767076059,apoyo débil a H_otro-autor,-0.4223218171170421,apoyo débil a H_otro-autor,-0.4066089767076059,apoyo débil a H_otro-autor,-0.4066089767076059,apoyo débil a H_otro-autor
dirichlet,2,0,dia,closed:150,dirmult,500,none,seven,sblgnt,20,negT:PolFil,neg_target,PolFil,Rom|1Cor|2Cor|Gal|Flp|1Tes|Flm,Policarpo,Pablo,cristiano,True,0.0,20,16,7,528.88,-0.4066089767076059,apoyo débil a H_otro-autor,-0.4223218171170421,apoyo débil a H_otro-autor,-0.4066089767076059,apoyo débil a H_otro-autor,-0.4066089767076059,apoyo débil a H_otro-autor
dirichlet,2,0,dia,closed:150,dirmult,500,none,seven,sblgnt,20,negT:Did,neg_target,Did,Rom|1Cor|2Cor|Gal|Flp|1Tes|Flm,anon,Pablo,cristiano,False,0.0,20,16,7,528.88,-0.4066089767076059,apoyo débil a H_otro-autor,-0.4223218171170421,apoyo débil a H_otro-autor,-0.4066089767076059,apoyo débil a H_otro-autor,-0.4066089767076059,apoyo débil a H_otro-autor
dirichlet,2,0,dia,closed:150,dirmult,500,none,seven,sblgnt,20,negT:Bern,neg_target,Bern,Rom|1Cor|2Cor|Gal|Flp|1Tes|Flm,Ps-Bernabé,Pablo,cristiano,False,0.0,20,16,7,528.88,-0.4066089767076059,apoyo débil a H_otro-autor,-0.4223218171170421,apoyo débil a H_otro-autor,-0.4066089767076059,apoyo débil a H_otro-autor,-0.4066089767076059,apoyo débil a H_otro-autor
dirichlet,2,0,dia,closed:150,dirmult,500,none,seven,sblgnt,20,negT:Herm,neg_target,Herm,Rom|1Cor|2Cor|Gal|Flp|1Tes|Flm,Hermas,Pablo,cristiano,False,0.0,20,16,7,528.88,-0.4066089767076059,apoyo débil a H_otro-autor,-0.4223218171170421,apoyo débil a H_otro-autor,-0.4066089767076059,apoyo débil a H_otro-autor,-0.4066089767076059,apoyo débil a H_otro-autor
dirichlet,2,0,dia,closed:150,dirmult,500,none,seven,sblgnt,20,negT:MartPol,neg_target,MartPol,Rom|1Cor|2Cor|Gal|Flp|1Tes|Flm,anon,Pablo,cristiano,True,0.0,20,16,7,528.88,-0.4066089767076059,apoyo débil a H_otro-autor,-0.4223218171170421,apoyo débil a H_otro-autor,-0.4066089767076059,apoyo débil a H_otro-autor,-0.4066089767076059,apoyo débil a H_otro-autor
dirichlet,2,0,dia,closed:150,dirmult,500,none,seven,sblgnt,20,negT:Diogn,neg_target,Diogn,Rom|1Cor|2Cor|Gal|Flp|1Tes|Flm,anon,Pablo,cristiano,False,0.0,20,16,7,528.88,-0.4066089767076059,apoyo débil a H_otro-autor,-0.4223218171170421,apoyo débil a H_otro-autor,-0.4066089767076059,apoyo débil a H_otro-autor,-0.4066089767076059,apoyo débil a H_otro-autor
dirichlet,2,0,dia,closed:150,dirmult,500,none,seven,sblgnt,20,negT:3Cor,neg_target,3Cor,Rom|1Cor|2Cor|Gal|Flp|1Tes|Flm,Ps-Pablo,Pablo,cristiano,True,0.0,20,16,7,528.88,-0.4066089767076059,apoyo débil a H_otro-autor,-0.4223218171170421,apoyo débil a H_otro-autor,-0.4066089767076059,apoyo débil a H_otro-autor,-0.4066089767076059,apoyo débil a H_otro-autor
dirichlet,2,1,dia,closed:150,dirmult,500,none,seven,sblgnt,20,genre:Lc,genre_pairs,Lc,Hch,Lucas(anon),Lucas(anon) (historia),cristiano,False,0.2,20,18,1,528.88,-0.32309781525720704,apoyo débil a H_otro-autor,-0.32814548238832275,apoyo débil a H_otro-autor,-0.32309781525720704,apoyo débil a H_otro-autor,-0.32309781525720704,apoyo débil a H_otro-autor
dirichlet,2,1,dia,closed:150,dirmult,500,none,seven,sblgnt,20,genre:Hch,genre_pairs,Hch,Lc,Lucas(anon),Lucas(anon) (evangelio),cristiano,False,0.65,20,18,1,528.88,0.36788481150450936,apoyo débil a H_mismo-autor,0.27152981637830803,no discriminante,0.36788481150450936,apoyo débil a H_mismo-autor,0.36788481150450936,apoyo débil a H_mismo-autor
dirichlet,3,1,dia,closed:150,dirmult,500,formulae+preformed+otq+reuse,seven,sblgnt,20,pos:IgnEf,pos_pairs,IgnEf,IgnMagn|IgnTral|IgnRom|IgnFil|IgnEsm|IgnPol,Ignacio,Ignacio,cristiano,True,0.65,20,18,6,515.81,0.3739511995134948,apoyo débil a H_mismo-autor,0.2686460409667846,no discriminante,0.3739511995134948,apoyo débil a H_mismo-autor,0.3739511995134948,apoyo débil a H_mismo-autor
dirichlet,3,1,dia,closed:150,dirmult,500,formulae+preformed+otq+reuse,seven,sblgnt,20,pos:IgnMagn,pos_pairs,IgnMagn,IgnEf|IgnTral|IgnRom|IgnFil|IgnEsm|IgnPol,Ignacio,Ignacio,cristiano,True,1.0,20,18,6,515.81,1.1652168966994134,apoyo moderado a H_mismo-autor,0.8424745807129237,apoyo débil a H_mismo-autor,1.1652168966994134,apoyo moderado a H_mismo-autor,1.1652168966994134,apoyo moderado a H_mismo-autor
dirichlet,3,1,dia,closed:150,dirmult,500,formulae+preformed+otq+reuse,seven,sblgnt,20,pos:IgnTral,pos_pairs,IgnTral,IgnEf|IgnMagn|IgnRom|IgnFil|IgnEsm|IgnPol,Ignacio,Ignacio,cristiano,True,1.0,20,18,6,515.81,1.1652168966994134,apoyo moderado a H_mismo-autor,0.8424745807129237,apoyo débil a H_mismo-autor,1.1652168966994134,apoyo moderado a H_mismo-autor,1.1652168966994134,apoyo moderado a H_mismo-autor
dirichlet,3,1,dia,closed:150,dirmult,500,formulae+preformed+otq+reuse,seven,sblgnt,20,pos:IgnFil,pos_pairs,IgnFil,IgnEf|IgnMagn|IgnTral|IgnRom|IgnEsm|IgnPol,Ignacio,Ignacio,cristiano,True,1.0,20,18,6,515.81,1.1652168966994134,apoyo moderado a H_mismo-autor,0.8424745807129237,apoyo débil a H_mismo-autor,1.1652168966994134,apoyo moderado a H_mismo-autor,1.1652168966994134,apoyo moderado a H_mismo-autor
dirichlet,3,1,dia,closed:150,dirmult,500,formulae+preformed+otq+reuse,seven,sblgnt,20,pos:IgnEsm,pos_pairs,IgnEsm,IgnEf|IgnMagn|IgnTral|IgnRom|IgnFil|IgnPol,Ignacio,Ignacio,cristiano,True,0.15,20,18,6,515.81,-0.3577713336640822,apoyo débil a H_otro-autor,-0.3420131776251633,apoyo débil a H_otro-autor,-0.3577713336640822,apoyo débil a H_otro-autor,-0.3577713336640822,apoyo débil a H_otro-autor
dirichlet,3,1,dia,closed:150,dirmult,500,formulae+preformed+otq+reuse,seven,sblgnt,20,pos:IgnPol,pos_pairs,IgnPol,IgnEf|IgnMagn|IgnTral|IgnRom|IgnFil|IgnEsm,Ignacio,Ignacio,cristiano,True,0.3,20,18,6,515.81,-0.22735877121649503,no discriminante,-0.2244972665404081,no discriminante,-0.22735877121649503,no discriminante,-0.22735877121649503,no discriminante
dirichlet,3,1,dia,closed:150,dirmult,500,formulae+preformed+otq+reuse,seven,sblgnt,20,pos:Lc,pos_pairs,Lc,Hch,Lucas(anon),Lucas(anon),cristiano,False,0.2,20,18,1,515.81,-0.32318302815137034,apoyo débil a H_otro-autor,-0.3097765422991479,apoyo débil a H_otro-autor,-0.32318302815137034,apoyo débil a H_otro-autor,-0.32318302815137034,apoyo débil a H_otro-autor
dirichlet,3,1,dia,closed:150,dirmult,500,formulae+preformed+otq+reuse,seven,sblgnt,20,pos:Hch,pos_pairs,Hch,Lc,Lucas(anon),Lucas(anon),cristiano,False,0.65,20,18,1,515.81,0.3739511995134948,apoyo débil a H_mismo-autor,0.2686460409667846,no discriminante,0.3739511995134948,apoyo débil a H_mismo-autor,0.3739511995134948,apoyo débil a H_mismo-autor
dirichlet,3,0,dia,closed:150,dirmult,500,formulae+preformed+otq+reuse,seven,sblgnt,20,neg:1Clem~Ignacio,neg_pairs,1Clem,IgnEf|IgnMagn|IgnTral|IgnRom|IgnFil|IgnEsm|IgnPol,Clemente Romano,Ignacio,cristiano,True,0.0,20,17,7,515.81,-0.40793059329034187,apoyo débil a H_otro-autor,-0.39585393484237785,apoyo débil a H_otro-autor,-0.40793059329034187,apoyo débil a H_otro-autor,-0.40793059329034187,apoyo débil a H_otro-autor
dirichlet,3,0,dia,closed:150,dirmult,500,formulae+preformed+otq+reuse,seven,sblgnt,20,neg:1Clem~Lucas(anon),neg_pairs,1Clem,Lc|Hch,Clemente Romano,Lucas(anon),cristiano,False,0.0,20,17,2,515.81,-0.40793059329034187,apoyo débil a H_otro-autor,-0.39585393484237785,apoyo débil a H_otro-autor,-0.40793059329034187,apoyo débil a H_otro-autor,-0.40793059329034187,apoyo débil a H_otro-autor
dirichlet,3,0,dia,closed:150,dirmult,500,formulae+preformed+otq+reuse,seven,sblgnt,20,neg:Herm~Ignacio,neg_pairs,Herm,IgnEf|IgnMagn|IgnTral|IgnRom|IgnFil|IgnEsm|IgnPol,Hermas,Ignacio,cristiano,False,0.0,20,17,7,515.81,-0.40793059329034187,apoyo débil a H_otro-autor,-0.39585393484237785,apoyo débil a H_otro-autor,-0.40793059329034187,apoyo débil a H_otro-autor,-0.40793059329034187,apoyo débil a H_otro-autor
dirichlet,3,0,dia,closed:150,dirmult,500,formulae+preformed+otq+reuse,seven,sblgnt,20,neg:Herm~Lucas(anon),neg_pairs,Herm,Lc|Hch,Hermas,Lucas(anon),cristiano,False,0.05,20,17,2,515.81,-0.4001244715158121,apoyo débil a H_otro-autor,-0.3851082634558104,apoyo débil a H_otro-autor,-0.4001244715158121,apoyo débil a H_otro-autor,-0.4001244715158121,apoyo débil a H_otro-autor
dirichlet,3,0,dia,closed:150,dirmult,500,formulae+preformed+otq+reuse,seven,sblgnt,20,neg:IgnRom~Lucas(anon),neg_pairs,IgnRom,Lc|Hch,Ignacio,Lucas(anon),cristiano,False,0.0,20,17,2,515.81,-0.40793059329034187,apoyo débil a H_otro-autor,-0.39585393484237785,apoyo débil a H_otro-autor,-0.40793059329034187,apoyo débil a H_otro-autor,-0.40793059329034187,apoyo débil a H_otro-autor
dirichlet,3,0,dia,closed:150,dirmult,500,formulae+preformed+otq+reuse,seven,sblgnt,20,neg:Jn~Ignacio,neg_pairs,Jn,IgnEf|IgnMagn|IgnTral|IgnRom|IgnFil|IgnEsm|IgnPol,Juan(anon),Ignacio,cristiano,False,0.0,20,17,7,515.81,-0.40793059329034187,apoyo débil a H_otro-autor,-0.39585393484237785,apoyo débil a H_otro-autor,-0.40793059329034187,apoyo débil a H_otro-autor,-0.40793059329034187,apoyo débil a H_otro-autor
dirichlet,3,0,dia,closed:150,dirmult,500,formulae+preformed+otq+reuse,seven,sblgnt,20,neg:Jn~Lucas(anon),neg_pairs,Jn,Lc|Hch,Juan(anon),Lucas(anon),cristiano,False,0.0,20,17,2,515.81,-0.40793059329034187,apoyo débil a H_otro-autor,-0.39585393484237785,apoyo débil a H_otro-autor,-0.40793059329034187,apoyo débil a H_otro-autor,-0.40793059329034187,apoyo débil a H_otro-autor
dirichlet,3,0,dia,closed:150,dirmult,500,formulae+preformed+otq+reuse,seven,sblgnt,20,neg:Lc~Ignacio,neg_pairs,Lc,IgnEf|IgnMagn|IgnTral|IgnRom|IgnFil|IgnEsm|IgnPol,Lucas(anon),Ignacio,cristiano,False,0.0,20,17,7,515.81,-0.40793059329034187,apoyo débil a H_otro-autor,-0.39585393484237785,apoyo débil a H_otro-autor,-0.40793059329034187,apoyo débil a H_otro-autor,-0.40793059329034187,apoyo débil a H_otro-autor
dirichlet,3,0,dia,closed:150,dirmult,500,formulae+preformed+otq+reuse,seven,sblgnt,20,neg:PolFil~Ignacio,neg_pairs,PolFil,IgnEf|IgnMagn|IgnTral|IgnRom|IgnFil|IgnEsm|IgnPol,Policarpo,Ignacio,cristiano,True,0.0,20,17,7,515.81,-0.40793059329034187,apoyo débil a H_otro-autor,-0.39585393484237785,apoyo débil a H_otro-autor,-0.40793059329034187,apoyo débil a H_otro-autor,-0.40793059329034187,apoyo débil a H_otro-autor
dirichlet,3,0,dia,closed:150,dirmult,500,formulae+preformed+otq+reuse,seven,sblgnt,20,neg:PolFil~Lucas(anon),neg_pairs,PolFil,Lc|Hch,Policarpo,Lucas(anon),cristiano,False,0.0,20,17,2,515.81,-0.40793059329034187,apoyo débil a H_otro-autor,-0.39585393484237785,apoyo débil a H_otro-autor,-0.40793059329034187,apoyo débil a H_otro-autor,-0.40793059329034187,apoyo débil a H_otro-autor
dirichlet,3,0,dia,closed:150,dirmult,500,formulae+preformed+otq+reuse,seven,sblgnt,20,pseudo:2Clem,pseudo_pairs,2Clem,1Clem,Ps-Clemente,Clemente Romano,cristiano,False,0.15,20,17,1,515.81,-0.3577713336640822,apoyo débil a H_otro-autor,-0.3420131776251633,apoyo débil a H_otro-autor,-0.3577713336640822,apoyo débil a H_otro-autor,-0.3577713336640822,apoyo débil a H_otro-autor
dirichlet,3,0,dia,closed:150,dirmult,500,formulae+preformed+otq+reuse,seven,sblgnt,20,pseudo:3Cor,pseudo_pairs,3Cor,Rom|1Cor|2Cor|Gal|Flp|1Tes|Flm,Ps-Pablo,Pablo,cristiano,True,0.0,20,16,7,515.81,-0.40793059329034187,apoyo débil a H_otro-autor,-0.39585393484237785,apoyo débil a H_otro-autor,-0.40793059329034187,apoyo débil a H_otro-autor,-0.40793059329034187,apoyo débil a H_otro-autor
dirichlet,3,0,dia,closed:150,dirmult,500,formulae+preformed+otq+reuse,seven,sblgnt,20,negT:Mt,neg_target,Mt,Rom|1Cor|2Cor|Gal|Flp|1Tes|Flm,Mateo(anon),Pablo,cristiano,False,0.0,20,16,7,515.81,-0.40793059329034187,apoyo débil a H_otro-autor,-0.39585393484237785,apoyo débil a H_otro-autor,-0.40793059329034187,apoyo débil a H_otro-autor,-0.40793059329034187,apoyo débil a H_otro-autor
dirichlet,3,0,dia,closed:150,dirmult,500,formulae+preformed+otq+reuse,seven,sblgnt,20,negT:Mc,neg_target,Mc,Rom|1Cor|2Cor|Gal|Flp|1Tes|Flm,Marcos(anon),Pablo,cristiano,False,0.0,20,16,7,515.81,-0.40793059329034187,apoyo débil a H_otro-autor,-0.39585393484237785,apoyo débil a H_otro-autor,-0.40793059329034187,apoyo débil a H_otro-autor,-0.40793059329034187,apoyo débil a H_otro-autor
dirichlet,3,0,dia,closed:150,dirmult,500,formulae+preformed+otq+reuse,seven,sblgnt,20,negT:Lc,neg_target,Lc,Rom|1Cor|2Cor|Gal|Flp|1Tes|Flm,Lucas(anon),Pablo,cristiano,False,0.0,20,16,7,515.81,-0.40793059329034187,apoyo débil a H_otro-autor,-0.39585393484237785,apoyo débil a H_otro-autor,-0.40793059329034187,apoyo débil a H_otro-autor,-0.40793059329034187,apoyo débil a H_otro-autor
dirichlet,3,0,dia,closed:150,dirmult,500,formulae+preformed+otq+reuse,seven,sblgnt,20,negT:Jn,neg_target,Jn,Rom|1Cor|2Cor|Gal|Flp|1Tes|Flm,Juan(anon),Pablo,cristiano,False,0.0,20,16,7,515.81,-0.40793059329034187,apoyo débil a H_otro-autor,-0.39585393484237785,apoyo débil a H_otro-autor,-0.40793059329034187,apoyo débil a H_otro-autor,-0.40793059329034187,apoyo débil a H_otro-autor
dirichlet,3,0,dia,closed:150,dirmult,500,formulae+preformed+otq+reuse,seven,sblgnt,20,negT:Hch,neg_target,Hch,Rom|1Cor|2Cor|Gal|Flp|1Tes|Flm,Lucas(anon),Pablo,cristiano,False,0.0,20,16,7,515.81,-0.40793059329034187,apoyo débil a H_otro-autor,-0.39585393484237785,apoyo débil a H_otro-autor,-0.40793059329034187,apoyo débil a H_otro-autor,-0.40793059329034187,apoyo débil a H_otro-autor
dirichlet,3,0,dia,closed:150,dirmult,500,formulae+preformed+otq+reuse,seven,sblgnt,20,negT:Sant,neg_target,Sant,Rom|1Cor|2Cor|Gal|Flp|1Tes|Flm,Santiago(?),Pablo,cristiano,True,0.05,20,16,7,515.81,-0.4001244715158121,apoyo débil a H_otro-autor,-0.3851082634558104,apoyo débil a H_otro-autor,-0.4001244715158121,apoyo débil a H_otro-autor,-0.4001244715158121,apoyo débil a H_otro-autor
dirichlet,3,0,dia,closed:150,dirmult,500,formulae+preformed+otq+reuse,seven,sblgnt,20,negT:1Pe,neg_target,1Pe,Rom|1Cor|2Cor|Gal|Flp|1Tes|Flm,Pedro(?),Pablo,cristiano,True,0.05,20,16,7,515.81,-0.4001244715158121,apoyo débil a H_otro-autor,-0.3851082634558104,apoyo débil a H_otro-autor,-0.4001244715158121,apoyo débil a H_otro-autor,-0.4001244715158121,apoyo débil a H_otro-autor
dirichlet,3,0,dia,closed:150,dirmult,500,formulae+preformed+otq+reuse,seven,sblgnt,20,negT:2Pe,neg_target,2Pe,Rom|1Cor|2Cor|Gal|Flp|1Tes|Flm,Pedro(?),Pablo,cristiano,True,0.0,20,16,7,515.81,-0.40793059329034187,apoyo débil a H_otro-autor,-0.39585393484237785,apoyo débil a H_otro-autor,-0.40793059329034187,apoyo débil a H_otro-autor,-0.40793059329034187,apoyo débil a H_otro-autor
dirichlet,3,0,dia,closed:150,dirmult,500,formulae+preformed+otq+reuse,seven,sblgnt,20,negT:2Jn,neg_target,2Jn,Rom|1Cor|2Cor|Gal|Flp|1Tes|Flm,Juan(presb.),Pablo,cristiano,True,0.0,20,16,7,515.81,-0.40793059329034187,apoyo débil a H_otro-autor,-0.39585393484237785,apoyo débil a H_otro-autor,-0.40793059329034187,apoyo débil a H_otro-autor,-0.40793059329034187,apoyo débil a H_otro-autor
dirichlet,3,0,dia,closed:150,dirmult,500,formulae+preformed+otq+reuse,seven,sblgnt,20,negT:3Jn,neg_target,3Jn,Rom|1Cor|2Cor|Gal|Flp|1Tes|Flm,Juan(presb.),Pablo,cristiano,True,0.0,20,16,7,515.81,-0.40793059329034187,apoyo débil a H_otro-autor,-0.39585393484237785,apoyo débil a H_otro-autor,-0.40793059329034187,apoyo débil a H_otro-autor,-0.40793059329034187,apoyo débil a H_otro-autor
dirichlet,3,0,dia,closed:150,dirmult,500,formulae+preformed+otq+reuse,seven,sblgnt,20,negT:Jud,neg_target,Jud,Rom|1Cor|2Cor|Gal|Flp|1Tes|Flm,Judas(?),Pablo,cristiano,True,0.0,20,16,7,515.81,-0.40793059329034187,apoyo débil a H_otro-autor,-0.39585393484237785,apoyo débil a H_otro-autor,-0.40793059329034187,apoyo débil a H_otro-autor,-0.40793059329034187,apoyo débil a H_otro-autor
dirichlet,3,0,dia,closed:150,dirmult,500,formulae+preformed+otq+reuse,seven,sblgnt,20,negT:Ap,neg_target,Ap,Rom|1Cor|2Cor|Gal|Flp|1Tes|Flm,Juan(vidente),Pablo,cristiano,False,0.0,20,16,7,515.81,-0.40793059329034187,apoyo débil a H_otro-autor,-0.39585393484237785,apoyo débil a H_otro-autor,-0.40793059329034187,apoyo débil a H_otro-autor,-0.40793059329034187,apoyo débil a H_otro-autor
dirichlet,3,0,dia,closed:150,dirmult,500,formulae+preformed+otq+reuse,seven,sblgnt,20,negT:1Clem,neg_target,1Clem,Rom|1Cor|2Cor|Gal|Flp|1Tes|Flm,Clemente Romano,Pablo,cristiano,True,0.0,20,16,7,515.81,-0.40793059329034187,apoyo débil a H_otro-autor,-0.39585393484237785,apoyo débil a H_otro-autor,-0.40793059329034187,apoyo débil a H_otro-autor,-0.40793059329034187,apoyo débil a H_otro-autor
dirichlet,3,0,dia,closed:150,dirmult,500,formulae+preformed+otq+reuse,seven,sblgnt,20,negT:2Clem,neg_target,2Clem,Rom|1Cor|2Cor|Gal|Flp|1Tes|Flm,Ps-Clemente,Pablo,cristiano,False,0.0,20,16,7,515.81,-0.40793059329034187,apoyo débil a H_otro-autor,-0.39585393484237785,apoyo débil a H_otro-autor,-0.40793059329034187,apoyo débil a H_otro-autor,-0.40793059329034187,apoyo débil a H_otro-autor
dirichlet,3,0,dia,closed:150,dirmult,500,formulae+preformed+otq+reuse,seven,sblgnt,20,negT:IgnEf,neg_target,IgnEf,Rom|1Cor|2Cor|Gal|Flp|1Tes|Flm,Ignacio,Pablo,cristiano,True,0.0,20,16,7,515.81,-0.40793059329034187,apoyo débil a H_otro-autor,-0.39585393484237785,apoyo débil a H_otro-autor,-0.40793059329034187,apoyo débil a H_otro-autor,-0.40793059329034187,apoyo débil a H_otro-autor
dirichlet,3,0,dia,closed:150,dirmult,500,formulae+preformed+otq+reuse,seven,sblgnt,20,negT:IgnMagn,neg_target,IgnMagn,Rom|1Cor|2Cor|Gal|Flp|1Tes|Flm,Ignacio,Pablo,cristiano,True,0.0,20,16,7,515.81,-0.40793059329034187,apoyo débil a H_otro-autor,-0.39585393484237785,apoyo débil a H_otro-autor,-0.40793059329034187,apoyo débil a H_otro-autor,-0.40793059329034187,apoyo débil a H_otro-autor
dirichlet,3,0,dia,closed:150,dirmult,500,formulae+preformed+otq+reuse,seven,sblgnt,20,negT:IgnTral,neg_target,IgnTral,Rom|1Cor|2Cor|Gal|Flp|1Tes|Flm,Ignacio,Pablo,cristiano,True,0.0,20,16,7,515.81,-0.40793059329034187,apoyo débil a H_otro-autor,-0.39585393484237785,apoyo débil a H_otro-autor,-0.40793059329034187,apoyo débil a H_otro-autor,-0.40793059329034187,apoyo débil a H_otro-autor
dirichlet,3,0,dia,closed:150,dirmult,500,formulae+preformed+otq+reuse,seven,sblgnt,20,negT:IgnRom,neg_target,IgnRom,Rom|1Cor|2Cor|Gal|Flp|1Tes|Flm,Ignacio,Pablo,cristiano,True,0.0,20,16,7,515.81,-0.40793059329034187,apoyo débil a H_otro-autor,-0.39585393484237785,apoyo débil a H_otro-autor,-0.40793059329034187,apoyo débil a H_otro-autor,-0.40793059329034187,apoyo débil a H_otro-autor
dirichlet,3,0,dia,closed:150,dirmult,500,formulae+preformed+otq+reuse,seven,sblgnt,20,negT:IgnFil,neg_target,IgnFil,Rom|1Cor|2Cor|Gal|Flp|1Tes|Flm,Ignacio,Pablo,cristiano,True,0.0,20,16,7,515.81,-0.40793059329034187,apoyo débil a H_otro-autor,-0.39585393484237785,apoyo débil a H_otro-autor,-0.40793059329034187,apoyo débil a H_otro-autor,-0.40793059329034187,apoyo débil a H_otro-autor
dirichlet,3,0,dia,closed:150,dirmult,500,formulae+preformed+otq+reuse,seven,sblgnt,20,negT:IgnEsm,neg_target,IgnEsm,Rom|1Cor|2Cor|Gal|Flp|1Tes|Flm,Ignacio,Pablo,cristiano,True,0.0,20,16,7,515.81,-0.40793059329034187,apoyo débil a H_otro-autor,-0.39585393484237785,apoyo débil a H_otro-autor,-0.40793059329034187,apoyo débil a H_otro-autor,-0.40793059329034187,apoyo débil a H_otro-autor
dirichlet,3,0,dia,closed:150,dirmult,500,formulae+preformed+otq+reuse,seven,sblgnt,20,negT:IgnPol,neg_target,IgnPol,Rom|1Cor|2Cor|Gal|Flp|1Tes|Flm,Ignacio,Pablo,cristiano,True,0.0,20,16,7,515.81,-0.40793059329034187,apoyo débil a H_otro-autor,-0.39585393484237785,apoyo débil a H_otro-autor,-0.40793059329034187,apoyo débil a H_otro-autor,-0.40793059329034187,apoyo débil a H_otro-autor
dirichlet,3,0,dia,closed:150,dirmult,500,formulae+preformed+otq+reuse,seven,sblgnt,20,negT:PolFil,neg_target,PolFil,Rom|1Cor|2Cor|Gal|Flp|1Tes|Flm,Policarpo,Pablo,cristiano,True,0.0,20,16,7,515.81,-0.40793059329034187,apoyo débil a H_otro-autor,-0.39585393484237785,apoyo débil a H_otro-autor,-0.40793059329034187,apoyo débil a H_otro-autor,-0.40793059329034187,apoyo débil a H_otro-autor
dirichlet,3,0,dia,closed:150,dirmult,500,formulae+preformed+otq+reuse,seven,sblgnt,20,negT:Did,neg_target,Did,Rom|1Cor|2Cor|Gal|Flp|1Tes|Flm,anon,Pablo,cristiano,False,0.0,20,16,7,515.81,-0.40793059329034187,apoyo débil a H_otro-autor,-0.39585393484237785,apoyo débil a H_otro-autor,-0.40793059329034187,apoyo débil a H_otro-autor,-0.40793059329034187,apoyo débil a H_otro-autor
dirichlet,3,0,dia,closed:150,dirmult,500,formulae+preformed+otq+reuse,seven,sblgnt,20,negT:Bern,neg_target,Bern,Rom|1Cor|2Cor|Gal|Flp|1Tes|Flm,Ps-Bernabé,Pablo,cristiano,False,0.0,20,16,7,515.81,-0.40793059329034187,apoyo débil a H_otro-autor,-0.39585393484237785,apoyo débil a H_otro-autor,-0.40793059329034187,apoyo débil a H_otro-autor,-0.40793059329034187,apoyo débil a H_otro-autor
dirichlet,3,0,dia,closed:150,dirmult,500,formulae+preformed+otq+reuse,seven,sblgnt,20,negT:Herm,neg_target,Herm,Rom|1Cor|2Cor|Gal|Flp|1Tes|Flm,Hermas,Pablo,cristiano,False,0.0,20,16,7,515.81,-0.40793059329034187,apoyo débil a H_otro-autor,-0.39585393484237785,apoyo débil a H_otro-autor,-0.40793059329034187,apoyo débil a H_otro-autor,-0.40793059329034187,apoyo débil a H_otro-autor
dirichlet,3,0,dia,closed:150,dirmult,500,formulae+preformed+otq+reuse,seven,sblgnt,20,negT:MartPol,neg_target,MartPol,Rom|1Cor|2Cor|Gal|Flp|1Tes|Flm,anon,Pablo,cristiano,True,0.0,20,16,7,515.81,-0.40793059329034187,apoyo débil a H_otro-autor,-0.39585393484237785,apoyo débil a H_otro-autor,-0.40793059329034187,apoyo débil a H_otro-autor,-0.40793059329034187,apoyo débil a H_otro-autor
dirichlet,3,0,dia,closed:150,dirmult,500,formulae+preformed+otq+reuse,seven,sblgnt,20,negT:Diogn,neg_target,Diogn,Rom|1Cor|2Cor|Gal|Flp|1Tes|Flm,anon,Pablo,cristiano,False,0.0,20,16,7,515.81,-0.40793059329034187,apoyo débil a H_otro-autor,-0.39585393484237785,apoyo débil a H_otro-autor,-0.40793059329034187,apoyo débil a H_otro-autor,-0.40793059329034187,apoyo débil a H_otro-autor
dirichlet,3,0,dia,closed:150,dirmult,500,formulae+preformed+otq+reuse,seven,sblgnt,20,negT:3Cor,neg_target,3Cor,Rom|1Cor|2Cor|Gal|Flp|1Tes|Flm,Ps-Pablo,Pablo,cristiano,True,0.0,20,16,7,515.81,-0.40793059329034187,apoyo débil a H_otro-autor,-0.39585393484237785,apoyo débil a H_otro-autor,-0.40793059329034187,apoyo débil a H_otro-autor,-0.40793059329034187,apoyo débil a H_otro-autor
dirichlet,3,1,dia,closed:150,dirmult,500,formulae+preformed+otq+reuse,seven,sblgnt,20,genre:Lc,genre_pairs,Lc,Hch,Lucas(anon),Lucas(anon) (historia),cristiano,False,0.4,20,18,1,515.81,-0.09663755923392459,no discriminante,-0.11266778347384408,no discriminante,-0.09663755923392459,no discriminante,-0.09663755923392459,no discriminante
dirichlet,3,1,dia,closed:150,dirmult,500,formulae+preformed+otq+reuse,seven,sblgnt,20,genre:Hch,genre_pairs,Hch,Lc,Lucas(anon),Lucas(anon) (evangelio),cristiano,False,0.6,20,18,1,515.81,0.2643699456552226,no discriminante,0.18230140432008168,no discriminante,0.2643699456552226,no discriminante,0.2643699456552226,no discriminante
impostores,0,1,dia,mfw:300,minmax,500,none,seven,sblgnt,20,pos:IgnEf,pos_pairs,IgnEf,IgnMagn|IgnTral|IgnRom|IgnFil|IgnEsm|IgnPol,Ignacio,Ignacio,cristiano,True,0.8,20,35,6,,0.44021431458795524,apoyo débil a H_mismo-autor,0.3135169393933278,apoyo débil a H_mismo-autor,0.44021431458795524,apoyo débil a H_mismo-autor,0.44021431458795524,apoyo débil a H_mismo-autor
impostores,0,1,dia,mfw:300,minmax,500,none,seven,sblgnt,20,pos:IgnMagn,pos_pairs,IgnMagn,IgnEf|IgnTral|IgnRom|IgnFil|IgnEsm|IgnPol,Ignacio,Ignacio,cristiano,True,0.95,20,35,6,,0.5819777530406289,apoyo débil a H_mismo-autor,0.40334399183018577,apoyo débil a H_mismo-autor,0.5819777530406289,apoyo débil a H_mismo-autor,0.5819777530406289,apoyo débil a H_mismo-autor
impostores,0,1,dia,mfw:300,minmax,500,none,seven,sblgnt,20,pos:IgnTral,pos_pairs,IgnTral,IgnEf|IgnMagn|IgnRom|IgnFil|IgnEsm|IgnPol,Ignacio,Ignacio,cristiano,True,0.95,20,35,6,,0.5819777530406289,apoyo débil a H_mismo-autor,0.40334399183018577,apoyo débil a H_mismo-autor,0.5819777530406289,apoyo débil a H_mismo-autor,0.5819777530406289,apoyo débil a H_mismo-autor
impostores,0,1,dia,mfw:300,minmax,500,none,seven,sblgnt,20,pos:IgnFil,pos_pairs,IgnFil,IgnEf|IgnMagn|IgnTral|IgnRom|IgnEsm|IgnPol,Ignacio,Ignacio,cristiano,True,0.9,20,35,6,,0.5495350727345762,apoyo débil a H_mismo-autor,0.38367387908102846,apoyo débil a H_mismo-autor,0.5495350727345762,apoyo débil a H_mismo-autor,0.5495350727345762,apoyo débil a H_mismo-autor
impostores,0,1,dia,mfw:300,minmax,500,none,seven,sblgnt,20,pos:IgnEsm,pos_pairs,IgnEsm,IgnEf|IgnMagn|IgnTral|IgnRom|IgnFil|IgnPol,Ignacio,Ignacio,cristiano,True,0.75,20,35,6,,0.37216367048143106,apoyo débil a H_mismo-autor,0.2668797252645852,no discriminante,0.37216367048143106,apoyo débil a H_mismo-autor,0.37216367048143106,apoyo débil a H_mismo-autor
impostores,0,1,dia,mfw:300,minmax,500,none,seven,sblgnt,20,pos:IgnPol,pos_pairs,IgnPol,IgnEf|IgnMagn|IgnTral|IgnRom|IgnFil|IgnEsm,Ignacio,Ignacio,cristiano,True,0.4,20,35,6,,-0.09016966843425497,no discriminante,-0.12162384680366137,no discriminante,-0.09016966843425497,no discriminante,-0.09016966843425497,no discriminante
impostores,0,1,dia,mfw:300,minmax,500,none,seven,sblgnt,20,pos:Lc,pos_pairs,Lc,Hch,Lucas(anon),Lucas(anon),cristiano,False,0.25,20,40,1,,-0.21741246709512746,no discriminante,-0.26636594362155797,no discriminante,-0.21741246709512746,no discriminante,-0.21741246709512746,no discriminante
impostores,0,1,dia,mfw:300,minmax,500,none,seven,sblgnt,20,pos:Hch,pos_pairs,Hch,Lc,Lucas(anon),Lucas(anon),cristiano,False,0.2,20,40,1,,-0.24752368543128675,no discriminante,-0.306220240099508,apoyo débil a H_otro-autor,-0.24752368543128675,no discriminante,-0.24752368543128675,no discriminante
impostores,0,0,dia,mfw:300,minmax,500,none,seven,sblgnt,20,neg:1Clem~Ignacio,neg_pairs,1Clem,IgnEf|IgnMagn|IgnTral|IgnRom|IgnFil|IgnEsm|IgnPol,Clemente Romano,Ignacio,cristiano,True,0.1,20,34,7,,-0.2892074252366541,no discriminante,-0.3686764478093344,apoyo débil a H_otro-autor,-0.2892074252366541,no discriminante,-0.2892074252366541,no discriminante
impostores,0,0,dia,mfw:300,minmax,500,none,seven,sblgnt,20,neg:1Clem~Lucas(anon),neg_pairs,1Clem,Lc|Hch,Clemente Romano,Lucas(anon),cristiano,False,0.15,20,39,2,,-0.27143839062394987,no discriminante,-0.3405823240808903,apoyo débil a H_otro-autor,-0.27143839062394987,no discriminante,-0.27143839062394987,no discriminante
impostores,0,0,dia,mfw:300,minmax,500,none,seven,sblgnt,20,neg:Herm~Ignacio,neg_pairs,Herm,IgnEf|IgnMagn|IgnTral|IgnRom|IgnFil|IgnEsm|IgnPol,Hermas,Ignacio,cristiano,False,0.1,20,34,7,,-0.2892074252366541,no discriminante,-0.3686764478093344,apoyo débil a H_otro-autor,-0.2892074252366541,no discriminante,-0.2892074252366541,no discriminante
impostores,0,0,dia,mfw:300,minmax,500,none,seven,sblgnt,20,neg:Herm~Lucas(anon),neg_pairs,Herm,Lc|Hch,Hermas,Lucas(anon),cristiano,False,0.2,20,39,2,,-0.24752368543128675,no discriminante,-0.306220240099508,apoyo débil a H_otro-autor,-0.24752368543128675,no discriminante,-0.24752368543128675,no discriminante
impostores,0,0,dia,mfw:300,minmax,500,none,seven,sblgnt,20,neg:IgnRom~Lucas(anon),neg_pairs,IgnRom,Lc|Hch,Ignacio,Lucas(anon),cristiano,False,0.0,20,33,2,,-0.3066446280278655,apoyo débil a H_otro-autor,-0.4034381344330373,apoyo débil a H_otro-autor,-0.3066446280278655,apoyo débil a H_otro-autor,-0.3066446280278655,apoyo débil a H_otro-autor
impostores,0,0,dia,mfw:300,minmax,500,none,seven,sblgnt,20,neg:Jn~Ignacio,neg_pairs,Jn,IgnEf|IgnMagn|IgnTral|IgnRom|IgnFil|IgnEsm|IgnPol,Juan(anon),Ignacio,cristiano,False,0.05,20,34,7,,-0.3009106316080728,apoyo débil a H_otro-autor,-0.3898077852054621,apoyo débil a H_otro-autor,-0.3009106316080728,apoyo débil a H_otro-autor,-0.3009106316080728,apoyo débil a H_otro-autor
impostores,0,0,dia,mfw:300,minmax,500,none,seven,sblgnt,20,neg:Jn~Lucas(anon),neg_pairs,Jn,Lc|Hch,Juan(anon),Lucas(anon),cristiano,False,0.15,20,39,2,,-0.27143839062394987,no discriminante,-0.3405823240808903,apoyo débil a H_otro-autor,-0.27143839062394987,no discriminante,-0.27143839062394987,no discriminante
impostores,0,0,dia,mfw:300,minmax,500,none,seven,sblgnt,20,neg:Lc~Ignacio,neg_pairs,Lc,IgnEf|IgnMagn|IgnTral|IgnRom|IgnFil|IgnEsm|IgnPol,Lucas(anon),Ignacio,cristiano,False,0.0,20,33,7,,-0.3066446280278655,apoyo débil a H_otro-autor,-0.4034381344330373,apoyo débil a H_otro-autor,-0.3066446280278655,apoyo débil a H_otro-autor,-0.3066446280278655,apoyo débil a H_otro-autor
impostores,0,0,dia,mfw:300,minmax,500,none,seven,sblgnt,20,neg:PolFil~Ignacio,neg_pairs,PolFil,IgnEf|IgnMagn|IgnTral|IgnRom|IgnFil|IgnEsm|IgnPol,Policarpo,Ignacio,cristiano,True,0.2,20,34,7,,-0.24752368543128675,no discriminante,-0.306220240099508,apoyo débil a H_otro-autor,-0.24752368543128675,no discriminante,-0.24752368543128675,no discriminante
impostores,0,0,dia,mfw:300,minmax,500,none,seven,sblgnt,20,neg:PolFil~Lucas(anon),neg_pairs,PolFil,Lc|Hch,Policarpo,Lucas(anon),cristiano,False,0.0,20,39,2,,-0.3066446280278655,apoyo débil a H_otro-autor,-0.4034381344330373,apoyo débil a H_otro-autor,-0.3066446280278655,apoyo débil a H_otro-autor,-0.3066446280278655,apoyo débil a H_otro-autor
impostores,0,0,dia,mfw:300,minmax,500,none,seven,sblgnt,20,pseudo:2Clem,pseudo_pairs,2Clem,1Clem,Ps-Clemente,Clemente Romano,cristiano,False,0.0,20,40,1,,-0.3066446280278655,apoyo débil a H_otro-autor,-0.4034381344330373,apoyo débil a H_otro-autor,-0.3066446280278655,apoyo débil a H_otro-autor,-0.3066446280278655,apoyo débil a H_otro-autor
impostores,0,0,dia,mfw:300,minmax,500,none,seven,sblgnt,20,pseudo:3Cor,pseudo_pairs,3Cor,Rom|1Cor|2Cor|Gal|Flp|1Tes|Flm,Ps-Pablo,Pablo,cristiano,True,0.2,20,27,7,,-0.24752368543128675,no discriminante,-0.306220240099508,apoyo débil a H_otro-autor,-0.24752368543128675,no discriminante,-0.24752368543128675,no discriminante
impostores,0,0,dia,mfw:300,minmax,500,none,seven,sblgnt,20,negT:Mt,neg_target,Mt,Rom|1Cor|2Cor|Gal|Flp|1Tes|Flm,Mateo(anon),Pablo,cristiano,False,0.1,20,27,7,,-0.2892074252366541,no discriminante,-0.3686764478093344,apoyo débil a H_otro-autor,-0.2892074252366541,no discriminante,-0.2892074252366541,no discriminante
impostores,0,0,dia,mfw:300,minmax,500,none,seven,sblgnt,20,negT:Mc,neg_target,Mc,Rom|1Cor|2Cor|Gal|Flp|1Tes|Flm,Marcos(anon),Pablo,cristiano,False,0.0,20,27,7,,-0.3066446280278655,apoyo débil a H_otro-autor,-0.4034381344330373,apoyo débil a H_otro-autor,-0.3066446280278655,apoyo débil a H_otro-autor,-0.3066446280278655,apoyo débil a H_otro-autor
impostores,0,0,dia,mfw:300,minmax,500,none,seven,sblgnt,20,negT:Lc,neg_target,Lc,Rom|1Cor|2Cor|Gal|Flp|1Tes|Flm,Lucas(anon),Pablo,cristiano,False,0.05,20,26,7,,-0.3009106316080728,apoyo débil a H_otro-autor,-0.3898077852054621,apoyo débil a H_otro-autor,-0.3009106316080728,apoyo débil a H_otro-autor,-0.3009106316080728,apoyo débil a H_otro-autor
impostores,0,0,dia,mfw:300,minmax,500,none,seven,sblgnt,20,negT:Jn,neg_target,Jn,Rom|1Cor|2Cor|Gal|Flp|1Tes|Flm,Juan(anon),Pablo,cristiano,False,0.25,20,27,7,,-0.21741246709512746,no discriminante,-0.26636594362155797,no discriminante,-0.21741246709512746,no discriminante,-0.21741246709512746,no discriminante
impostores,0,0,dia,mfw:300,minmax,500,none,seven,sblgnt,20,negT:Hch,neg_target,Hch,Rom|1Cor|2Cor|Gal|Flp|1Tes|Flm,Lucas(anon),Pablo,cristiano,False,0.05,20,26,7,,-0.3009106316080728,apoyo débil a H_otro-autor,-0.3898077852054621,apoyo débil a H_otro-autor,-0.3009106316080728,apoyo débil a H_otro-autor,-0.3009106316080728,apoyo débil a H_otro-autor
impostores,0,0,dia,mfw:300,minmax,500,none,seven,sblgnt,20,negT:Sant,neg_target,Sant,Rom|1Cor|2Cor|Gal|Flp|1Tes|Flm,Santiago(?),Pablo,cristiano,True,0.45,20,27,7,,-0.03594325815695195,no discriminante,-0.06740234858193721,no discriminante,-0.03594325815695195,no discriminante,-0.03594325815695195,no discriminante
impostores,0,0,dia,mfw:300,minmax,500,none,seven,sblgnt,20,negT:1Pe,neg_target,1Pe,Rom|1Cor|2Cor|Gal|Flp|1Tes|Flm,Pedro(?),Pablo,cristiano,True,0.8,20,26,7,,0.44021431458795524,apoyo débil a H_mismo-autor,0.3135169393933278,apoyo débil a H_mismo-autor,0.44021431458795524,apoyo débil a H_mismo-autor,0.44021431458795524,apoyo débil a H_mismo-autor
impostores,0,0,dia,mfw:300,minmax,500,none,seven,sblgnt,20,negT:2Pe,neg_target,2Pe,Rom|1Cor|2Cor|Gal|Flp|1Tes|Flm,Pedro(?),Pablo,cristiano,True,0.55,20,26,7,,0.08806029521958125,no discriminante,0.04584641359827717,no discriminante,0.08806029521958125,no discriminante,0.08806029521958125,no discriminante
impostores,0,0,dia,mfw:300,minmax,500,none,seven,sblgnt,20,negT:2Jn,neg_target,2Jn,Rom|1Cor|2Cor|Gal|Flp|1Tes|Flm,Juan(presb.),Pablo,cristiano,True,0.35,20,26,7,,-0.13863739651533394,no discriminante,-0.17332302448822345,no discriminante,-0.13863739651533394,no discriminante,-0.13863739651533394,no discriminante
impostores,0,0,dia,mfw:300,minmax,500,none,seven,sblgnt,20,negT:3Jn,neg_target,3Jn,Rom|1Cor|2Cor|Gal|Flp|1Tes|Flm,Juan(presb.),Pablo,cristiano,True,0.6,20,26,7,,0.15647032765991412,no discriminante,0.1033451688762573,no discriminante,0.15647032765991412,no discriminante,0.15647032765991412,no discriminante
impostores,0,0,dia,mfw:300,minmax,500,none,seven,sblgnt,20,negT:Jud,neg_target,Jud,Rom|1Cor|2Cor|Gal|Flp|1Tes|Flm,Judas(?),Pablo,cristiano,True,0.05,20,27,7,,-0.3009106316080728,apoyo débil a H_otro-autor,-0.3898077852054621,apoyo débil a H_otro-autor,-0.3009106316080728,apoyo débil a H_otro-autor,-0.3009106316080728,apoyo débil a H_otro-autor
impostores,0,0,dia,mfw:300,minmax,500,none,seven,sblgnt,20,negT:Ap,neg_target,Ap,Rom|1Cor|2Cor|Gal|Flp|1Tes|Flm,Juan(vidente),Pablo,cristiano,False,0.05,20,27,7,,-0.3009106316080728,apoyo débil a H_otro-autor,-0.3898077852054621,apoyo débil a H_otro-autor,-0.3009106316080728,apoyo débil a H_otro-autor,-0.3009106316080728,apoyo débil a H_otro-autor
impostores,0,0,dia,mfw:300,minmax,500,none,seven,sblgnt,20,negT:1Clem,neg_target,1Clem,Rom|1Cor|2Cor|Gal|Flp|1Tes|Flm,Clemente Romano,Pablo,cristiano,True,0.25,20,27,7,,-0.21741246709512746,no discriminante,-0.26636594362155797,no discriminante,-0.21741246709512746,no discriminante,-0.21741246709512746,no discriminante
impostores,0,0,dia,mfw:300,minmax,500,none,seven,sblgnt,20,negT:2Clem,neg_target,2Clem,Rom|1Cor|2Cor|Gal|Flp|1Tes|Flm,Ps-Clemente,Pablo,cristiano,False,0.2,20,27,7,,-0.24752368543128675,no discriminante,-0.306220240099508,apoyo débil a H_otro-autor,-0.24752368543128675,no discriminante,-0.24752368543128675,no discriminante
impostores,0,0,dia,mfw:300,minmax,500,none,seven,sblgnt,20,negT:IgnEf,neg_target,IgnEf,Rom|1Cor|2Cor|Gal|Flp|1Tes|Flm,Ignacio,Pablo,cristiano,True,0.35,20,21,7,,-0.13863739651533394,no discriminante,-0.17332302448822345,no discriminante,-0.13863739651533394,no discriminante,-0.13863739651533394,no discriminante
impostores,0,0,dia,mfw:300,minmax,500,none,seven,sblgnt,20,negT:IgnMagn,neg_target,IgnMagn,Rom|1Cor|2Cor|Gal|Flp|1Tes|Flm,Ignacio,Pablo,cristiano,True,0.3,20,21,7,,-0.18109829833778146,no discriminante,-0.2218115249245524,no discriminante,-0.18109829833778146,no discriminante,-0.18109829833778146,no discriminante
impostores,0,0,dia,mfw:300,minmax,500,none,seven,sblgnt,20,negT:IgnTral,neg_target,IgnTral,Rom|1Cor|2Cor|Gal|Flp|1Tes|Flm,Ignacio,Pablo,cristiano,True,0.3,20,21,7,,-0.18109829833778146,no discriminante,-0.2218115249245524,no discriminante,-0.18109829833778146,no discriminante,-0.18109829833778146,no discriminante
impostores,0,0,dia,mfw:300,minmax,500,none,seven,sblgnt,20,negT:IgnRom,neg_target,IgnRom,Rom|1Cor|2Cor|Gal|Flp|1Tes|Flm,Ignacio,Pablo,cristiano,True,0.35,20,21,7,,-0.13863739651533394,no discriminante,-0.17332302448822345,no discriminante,-0.13863739651533394,no discriminante,-0.13863739651533394,no discriminante
impostores,0,0,dia,mfw:300,minmax,500,none,seven,sblgnt,20,negT:IgnFil,neg_target,IgnFil,Rom|1Cor|2Cor|Gal|Flp|1Tes|Flm,Ignacio,Pablo,cristiano,True,0.6,20,21,7,,0.15647032765991412,no discriminante,0.1033451688762573,no discriminante,0.15647032765991412,no discriminante,0.15647032765991412,no discriminante
impostores,0,0,dia,mfw:300,minmax,500,none,seven,sblgnt,20,negT:IgnEsm,neg_target,IgnEsm,Rom|1Cor|2Cor|Gal|Flp|1Tes|Flm,Ignacio,Pablo,cristiano,True,0.3,20,21,7,,-0.18109829833778146,no discriminante,-0.2218115249245524,no discriminante,-0.18109829833778146,no discriminante,-0.18109829833778146,no discriminante
impostores,0,0,dia,mfw:300,minmax,500,none,seven,sblgnt,20,negT:IgnPol,neg_target,IgnPol,Rom|1Cor|2Cor|Gal|Flp|1Tes|Flm,Ignacio,Pablo,cristiano,True,0.25,20,21,7,,-0.21741246709512746,no discriminante,-0.26636594362155797,no discriminante,-0.21741246709512746,no discriminante,-0.21741246709512746,no discriminante
impostores,0,0,dia,mfw:300,minmax,500,none,seven,sblgnt,20,negT:PolFil,neg_target,PolFil,Rom|1Cor|2Cor|Gal|Flp|1Tes|Flm,Policarpo,Pablo,cristiano,True,0.3,20,27,7,,-0.18109829833778146,no discriminante,-0.2218115249245524,no discriminante,-0.18109829833778146,no discriminante,-0.18109829833778146,no discriminante
impostores,0,0,dia,mfw:300,minmax,500,none,seven,sblgnt,20,negT:Did,neg_target,Did,Rom|1Cor|2Cor|Gal|Flp|1Tes|Flm,anon,Pablo,cristiano,False,0.1,20,25,7,,-0.2892074252366541,no discriminante,-0.3686764478093344,apoyo débil a H_otro-autor,-0.2892074252366541,no discriminante,-0.2892074252366541,no discriminante
impostores,0,0,dia,mfw:300,minmax,500,none,seven,sblgnt,20,negT:Bern,neg_target,Bern,Rom|1Cor|2Cor|Gal|Flp|1Tes|Flm,Ps-Bernabé,Pablo,cristiano,False,0.1,20,27,7,,-0.2892074252366541,no discriminante,-0.3686764478093344,apoyo débil a H_otro-autor,-0.2892074252366541,no discriminante,-0.2892074252366541,no discriminante
impostores,0,0,dia,mfw:300,minmax,500,none,seven,sblgnt,20,negT:Herm,neg_target,Herm,Rom|1Cor|2Cor|Gal|Flp|1Tes|Flm,Hermas,Pablo,cristiano,False,0.1,20,27,7,,-0.2892074252366541,no discriminante,-0.3686764478093344,apoyo débil a H_otro-autor,-0.2892074252366541,no discriminante,-0.2892074252366541,no discriminante
impostores,0,0,dia,mfw:300,minmax,500,none,seven,sblgnt,20,negT:MartPol,neg_target,MartPol,Rom|1Cor|2Cor|Gal|Flp|1Tes|Flm,anon,Pablo,cristiano,True,0.15,20,25,7,,-0.27143839062394987,no discriminante,-0.3405823240808903,apoyo débil a H_otro-autor,-0.27143839062394987,no discriminante,-0.27143839062394987,no discriminante
impostores,0,0,dia,mfw:300,minmax,500,none,seven,sblgnt,20,negT:Diogn,neg_target,Diogn,Rom|1Cor|2Cor|Gal|Flp|1Tes|Flm,anon,Pablo,cristiano,False,0.1,20,25,7,,-0.2892074252366541,no discriminante,-0.3686764478093344,apoyo débil a H_otro-autor,-0.2892074252366541,no discriminante,-0.2892074252366541,no discriminante
impostores,0,0,dia,mfw:300,minmax,500,none,seven,sblgnt,20,negT:3Cor,neg_target,3Cor,Rom|1Cor|2Cor|Gal|Flp|1Tes|Flm,Ps-Pablo,Pablo,cristiano,True,0.2,20,27,7,,-0.24752368543128675,no discriminante,-0.306220240099508,apoyo débil a H_otro-autor,-0.24752368543128675,no discriminante,-0.24752368543128675,no discriminante
impostores,0,1,dia,mfw:300,minmax,500,none,seven,sblgnt,20,genre:Lc,genre_pairs,Lc,Hch,Lucas(anon),Lucas(anon) (historia),cristiano,False,0.3,20,40,1,,-0.18109829833778146,no discriminante,-0.2218115249245524,no discriminante,-0.18109829833778146,no discriminante,-0.18109829833778146,no discriminante
impostores,0,1,dia,mfw:300,minmax,500,none,seven,sblgnt,20,genre:Hch,genre_pairs,Hch,Lc,Lucas(anon),Lucas(anon) (evangelio),cristiano,False,0.05,20,40,1,,-0.3009106316080728,apoyo débil a H_otro-autor,-0.3898077852054621,apoyo débil a H_otro-autor,-0.3009106316080728,apoyo débil a H_otro-autor,-0.3009106316080728,apoyo débil a H_otro-autor
impostores,1,1,dia,mfw:300,minmax,500,formulae+preformed+otq+reuse,seven,sblgnt,20,pos:IgnEf,pos_pairs,IgnEf,IgnMagn|IgnTral|IgnRom|IgnFil|IgnEsm|IgnPol,Ignacio,Ignacio,cristiano,True,0.95,20,35,6,,0.5525393909596703,apoyo débil a H_mismo-autor,0.37982790082902224,apoyo débil a H_mismo-autor,0.5525393909596703,apoyo débil a H_mismo-autor,0.5525393909596703,apoyo débil a H_mismo-autor
impostores,1,1,dia,mfw:300,minmax,500,formulae+preformed+otq+reuse,seven,sblgnt,20,pos:IgnMagn,pos_pairs,IgnMagn,IgnEf|IgnTral|IgnRom|IgnFil|IgnEsm|IgnPol,Ignacio,Ignacio,cristiano,True,0.85,20,35,6,,0.47377779243864304,apoyo débil a H_mismo-autor,0.33170781304884545,apoyo débil a H_mismo-autor,0.47377779243864304,apoyo débil a H_mismo-autor,0.47377779243864304,apoyo débil a H_mismo-autor
impostores,1,1,dia,mfw:300,minmax,500,formulae+preformed+otq+reuse,seven,sblgnt,20,pos:IgnTral,pos_pairs,IgnTral,IgnEf|IgnMagn|IgnRom|IgnFil|IgnEsm|IgnPol,Ignacio,Ignacio,cristiano,True,0.8,20,35,6,,0.415268718222372,apoyo débil a H_mismo-autor,0.29373118786128816,no discriminante,0.415268718222372,apoyo débil a H_mismo-autor,0.415268718222372,apoyo débil a H_mismo-autor
impostores,1,1,dia,mfw:300,minmax,500,formulae+preformed+otq+reuse,seven,sblgnt,20,pos:IgnFil,pos_pairs,IgnFil,IgnEf|IgnMagn|IgnTral|IgnRom|IgnEsm|IgnPol,Ignacio,Ignacio,cristiano,True,0.95,20,35,6,,0.5525393909596703,apoyo débil a H_mismo-autor,0.37982790082902224,apoyo débil a H_mismo-autor,0.5525393909596703,apoyo débil a H_mismo-autor,0.5525393909596703,apoyo débil a H_mismo-autor
impostores,1,1,dia,mfw:300,minmax,500,formulae+preformed+otq+reuse,seven,sblgnt,20,pos:IgnEsm,pos_pairs,IgnEsm,IgnEf|IgnMagn|IgnTral|IgnRom|IgnFil|IgnPol,Ignacio,Ignacio,cristiano,True,0.8,20,35,6,,0.415268718222372,apoyo débil a H_mismo-autor,0.29373118786128816,no discriminante,0.415268718222372,apoyo débil a H_mismo-autor,0.415268718222372,apoyo débil a H_mismo-autor
impostores,1,1,dia,mfw:300,minmax,500,formulae+preformed+otq+reuse,seven,sblgnt,20,pos:IgnPol,pos_pairs,IgnPol,IgnEf|IgnMagn|IgnTral|IgnRom|IgnFil|IgnEsm,Ignacio,Ignacio,cristiano,True,0.3,20,35,6,,-0.17342582167234094,no discriminante,-0.20901577562096954,no discriminante,-0.17342582167234094,no discriminante,-0.17342582167234094,no discriminante
impostores,1,1,dia,mfw:300,minmax,500,formulae+preformed+otq+reuse,seven,sblgnt,20,pos:Lc,pos_pairs,Lc,Hch,Lucas(anon),Lucas(anon),cristiano,False,0.25,20,40,1,,-0.20726814389298778,no discriminante,-0.24965403867911792,no discriminante,-0.20726814389298778,no discriminante,-0.20726814389298778,no discriminante
impostores,1,1,dia,mfw:300,minmax,500,formulae+preformed+otq+reuse,seven,sblgnt,20,pos:Hch,pos_pairs,Hch,Lc,Lucas(anon),Lucas(anon),cristiano,False,0.2,20,40,1,,-0.2352917293209276,no discriminante,-0.2858348801289858,no discriminante,-0.2352917293209276,no discriminante,-0.2352917293209276,no discriminante
impostores,1,0,dia,mfw:300,minmax,500,formulae+preformed+otq+reuse,seven,sblgnt,20,neg:1Clem~Ignacio,neg_pairs,1Clem,IgnEf|IgnMagn|IgnTral|IgnRom|IgnFil|IgnEsm|IgnPol,Clemente Romano,Ignacio,cristiano,True,0.15,20,34,7,,-0.2575310388190357,no discriminante,-0.31693101504741095,apoyo débil a H_otro-autor,-0.2575310388190357,no discriminante,-0.2575310388190357,no discriminante
impostores,1,0,dia,mfw:300,minmax,500,formulae+preformed+otq+reuse,seven,sblgnt,20,neg:1Clem~Lucas(anon),neg_pairs,1Clem,Lc|Hch,Clemente Romano,Lucas(anon),cristiano,False,0.05,20,39,2,,-0.284964547625186,no discriminante,-0.36155493315009346,apoyo débil a H_otro-autor,-0.284964547625186,no discriminante,-0.284964547625186,no discriminante
impostores,1,0,dia,mfw:300,minmax,500,formulae+preformed+otq+reuse,seven,sblgnt,20,neg:Herm~Ignacio,neg_pairs,Herm,IgnEf|IgnMagn|IgnTral|IgnRom|IgnFil|IgnEsm|IgnPol,Hermas,Ignacio,cristiano,False,0.1,20,34,7,,-0.2740573581539004,no discriminante,-0.3423450504673275,apoyo débil a H_otro-autor,-0.2740573581539004,no discriminante,-0.2740573581539004,no discriminante
impostores,1,0,dia,mfw:300,minmax,500,formulae+preformed+otq+reuse,seven,sblgnt,20,neg:Herm~Lucas(anon),neg_pairs,Herm,Lc|Hch,Hermas,Lucas(anon),cristiano,False,0.1,20,39,2,,-0.2740573581539004,no discriminante,-0.3423450504673275,apoyo débil a H_otro-autor,-0.2740573581539004,no discriminante,-0.2740573581539004,no discriminante
impostores,1,0,dia,mfw:300,minmax,500,formulae+preformed+otq+reuse,seven,sblgnt,20,neg:IgnRom~Lucas(anon),neg_pairs,IgnRom,Lc|Hch,Ignacio,Lucas(anon),cristiano,False,0.0,20,33,2,,-0.2903579416055742,no discriminante,-0.37416486984139213,apoyo débil a H_otro-autor,-0.2903579416055742,no discriminante,-0.2903579416055742,no discriminante
impostores,1,0,dia,mfw:300,minmax,500,formulae+preformed+otq+reuse,seven,sblgnt,20,neg:Jn~Ignacio,neg_pairs,Jn,IgnEf|IgnMagn|IgnTral|IgnRom|IgnFil|IgnEsm|IgnPol,Juan(anon),Ignacio,cristiano,False,0.0,20,34,7,,-0.2903579416055742,no discriminante,-0.37416486984139213,apoyo débil a H_otro-autor,-0.2903579416055742,no discriminante,-0.2903579416055742,no discriminante
impostores,1,0,dia,mfw:300,minmax,500,formulae+preformed+otq+reuse,seven,sblgnt,20,neg:Jn~Lucas(anon),neg_pairs,Jn,Lc|Hch,Juan(anon),Lucas(anon),cristiano,False,0.35,20,39,2,,-0.13378429374167453,no discriminante,-0.16454583530634664,no discriminante,-0.13378429374167453,no discriminante,-0.13378429374167453,no discriminante
impostores,1,0,dia,mfw:300,minmax,500,formulae+preformed+otq+reuse,seven,sblgnt,20,neg:Lc~Ignacio,neg_pairs,Lc,IgnEf|IgnMagn|IgnTral|IgnRom|IgnFil|IgnEsm|IgnPol,Lucas(anon),Ignacio,cristiano,False,0.0,20,33,7,,-0.2903579416055742,no discriminante,-0.37416486984139213,apoyo débil a H_otro-autor,-0.2903579416055742,no discriminante,-0.2903579416055742,no discriminante
impostores,1,0,dia,mfw:300,minmax,500,formulae+preformed+otq+reuse,seven,sblgnt,20,neg:PolFil~Ignacio,neg_pairs,PolFil,IgnEf|IgnMagn|IgnTral|IgnRom|IgnFil|IgnEsm|IgnPol,Policarpo,Ignacio,cristiano,True,0.4,20,34,7,,-0.08843715059778606,no discriminante,-0.11685519511115695,no discriminante,-0.08843715059778606,no discriminante,-0.08843715059778606,no discriminante
impostores,1,0,dia,mfw:300,minmax,500,formulae+preformed+otq+reuse,seven,sblgnt,20,neg:PolFil~Lucas(anon),neg_pairs,PolFil,Lc|Hch,Policarpo,Lucas(anon),cristiano,False,0.0,20,39,2,,-0.2903579416055742,no discriminante,-0.37416486984139213,apoyo débil a H_otro-autor,-0.2903579416055742,no discriminante,-0.2903579416055742,no discriminante
impostores,1,0,dia,mfw:300,minmax,500,formulae+preformed+otq+reuse,seven,sblgnt,20,pseudo:2Clem,pseudo_pairs,2Clem,1Clem,Ps-Clemente,Clemente Romano,cristiano,False,0.05,20,40,1,,-0.284964547625186,no discriminante,-0.36155493315009346,apoyo débil a H_otro-autor,-0.284964547625186,no discriminante,-0.284964547625186,no discriminante
impostores,1,0,dia,mfw:300,minmax,500,formulae+preformed+otq+reuse,seven,sblgnt,20,pseudo:3Cor,pseudo_pairs,3Cor,Rom|1Cor|2Cor|Gal|Flp|1Tes|Flm,Ps-Pablo,Pablo,cristiano,True,0.25,20,27,7,,-0.20726814389298778,no discriminante,-0.24965403867911792,no discriminante,-0.20726814389298778,no discriminante,-0.20726814389298778,no discriminante
impostores,1,0,dia,mfw:300,minmax,500,formulae+preformed+otq+reuse,seven,sblgnt,20,negT:Mt,neg_target,Mt,Rom|1Cor|2Cor|Gal|Flp|1Tes|Flm,Mateo(anon),Pablo,cristiano,False,0.0,20,27,7,,-0.2903579416055742,no discriminante,-0.37416486984139213,apoyo débil a H_otro-autor,-0.2903579416055742,no discriminante,-0.2903579416055742,no discriminante
impostores,1,0,dia,mfw:300,minmax,500,formulae+preformed+otq+reuse,seven,sblgnt,20,negT:Mc,neg_target,Mc,Rom|1Cor|2Cor|Gal|Flp|1Tes|Flm,Marcos(anon),Pablo,cristiano,False,0.0,20,27,7,,-0.2903579416055742,no discriminante,-0.37416486984139213,apoyo débil a H_otro-autor,-0.2903579416055742,no discriminante,-0.2903579416055742,no discriminante
impostores,1,0,dia,mfw:300,minmax,500,formulae+preformed+otq+reuse,seven,sblgnt,20,negT:Lc,neg_target,Lc,Rom|1Cor|2Cor|Gal|Flp|1Tes|Flm,Lucas(anon),Pablo,cristiano,False,0.05,20,26,7,,-0.284964547625186,no discriminante,-0.36155493315009346,apoyo débil a H_otro-autor,-0.284964547625186,no discriminante,-0.284964547625186,no discriminante
impostores,1,0,dia,mfw:300,minmax,500,formulae+preformed+otq+reuse,seven,sblgnt,20,negT:Jn,neg_target,Jn,Rom|1Cor|2Cor|Gal|Flp|1Tes|Flm,Juan(anon),Pablo,cristiano,False,0.05,20,27,7,,-0.284964547625186,no discriminante,-0.36155493315009346,apoyo débil a H_otro-autor,-0.284964547625186,no discriminante,-0.284964547625186,no discriminante
impostores,1,0,dia,mfw:300,minmax,500,formulae+preformed+otq+reuse,seven,sblgnt,20,negT:Hch,neg_target,Hch,Rom|1Cor|2Cor|Gal|Flp|1Tes|Flm,Lucas(anon),Pablo,cristiano,False,0.2,20,26,7,,-0.2352917293209276,no discriminante,-0.2858348801289858,no discriminante,-0.2352917293209276,no discriminante,-0.2352917293209276,no discriminante
impostores,1,0,dia,mfw:300,minmax,500,formulae+preformed+otq+reuse,seven,sblgnt,20,negT:Sant,neg_target,Sant,Rom|1Cor|2Cor|Gal|Flp|1Tes|Flm,Santiago(?),Pablo,cristiano,True,0.4,20,27,7,,-0.08843715059778606,no discriminante,-0.11685519511115695,no discriminante,-0.08843715059778606,no discriminante,-0.08843715059778606,no discriminante
impostores,1,0,dia,mfw:300,minmax,500,formulae+preformed+otq+reuse,seven,sblgnt,20,negT:1Pe,neg_target,1Pe,Rom|1Cor|2Cor|Gal|Flp|1Tes|Flm,Pedro(?),Pablo,cristiano,True,0.7,20,26,7,,0.2810415007239187,no discriminante,0.19976830801722628,no discriminante,0.2810415007239187,no discriminante,0.2810415007239187,no discriminante
impostores,1,0,dia,mfw:300,minmax,500,formulae+preformed+otq+reuse,seven,sblgnt,20,negT:2Pe,neg_target,2Pe,Rom|1Cor|2Cor|Gal|Flp|1Tes|Flm,Pedro(?),Pablo,cristiano,True,0.45,20,26,7,,-0.03757573074381061,no discriminante,-0.06654567658114645,no discriminante,-0.03757573074381061,no discriminante,-0.03757573074381061,no discriminante
impostores,1,0,dia,mfw:300,minmax,500,formulae+preformed+otq+reuse,seven,sblgnt,20,negT:2Jn,neg_target,2Jn,Rom|1Cor|2Cor|Gal|Flp|1Tes|Flm,Juan(presb.),Pablo,cristiano,True,0.35,20,26,7,,-0.13378429374167453,no discriminante,-0.16454583530634664,no discriminante,-0.13378429374167453,no discriminante,-0.13378429374167453,no discriminante
impostores,1,0,dia,mfw:300,minmax,500,formulae+preformed+otq+reuse,seven,sblgnt,20,negT:3Jn,neg_target,3Jn,Rom|1Cor|2Cor|Gal|Flp|1Tes|Flm,Juan(presb.),Pablo,cristiano,True,0.65,20,26,7,,0.21176362165463788,no discriminante,0.14746433825210872,no discriminante,0.21176362165463788,no discriminante,0.21176362165463788,no discriminante
impostores,1,0,dia,mfw:300,minmax,500,formulae+preformed+otq+reuse,seven,sblgnt,20,negT:Jud,neg_target,Jud,Rom|1Cor|2Cor|Gal|Flp|1Tes|Flm,Judas(?),Pablo,cristiano,True,0.15,20,27,7,,-0.2575310388190357,no discriminante,-0.31693101504741095,apoyo débil a H_otro-autor,-0.2575310388190357,no discriminante,-0.2575310388190357,no discriminante
impostores,1,0,dia,mfw:300,minmax,500,formulae+preformed+otq+reuse,seven,sblgnt,20,negT:Ap,neg_target,Ap,Rom|1Cor|2Cor|Gal|Flp|1Tes|Flm,Juan(vidente),Pablo,cristiano,False,0.05,20,27,7,,-0.284964547625186,no discriminante,-0.36155493315009346,apoyo débil a H_otro-autor,-0.284964547625186,no discriminante,-0.284964547625186,no discriminante
impostores,1,0,dia,mfw:300,minmax,500,formulae+preformed+otq+reuse,seven,sblgnt,20,negT:1Clem,neg_target,1Clem,Rom|1Cor|2Cor|Gal|Flp|1Tes|Flm,Clemente Romano,Pablo,cristiano,True,0.1,20,27,7,,-0.2740573581539004,no discriminante,-0.3423450504673275,apoyo débil a H_otro-autor,-0.2740573581539004,no discriminante,-0.2740573581539004,no discriminante
impostores,1,0,dia,mfw:300,minmax,500,formulae+preformed+otq+reuse,seven,sblgnt,20,negT:2Clem,neg_target,2Clem,Rom|1Cor|2Cor|Gal|Flp|1Tes|Flm,Ps-Clemente,Pablo,cristiano,False,0.1,20,27,7,,-0.2740573581539004,no discriminante,-0.3423450504673275,apoyo débil a H_otro-autor,-0.2740573581539004,no discriminante,-0.2740573581539004,no discriminante
impostores,1,0,dia,mfw:300,minmax,500,formulae+preformed+otq+reuse,seven,sblgnt,20,negT:IgnEf,neg_target,IgnEf,Rom|1Cor|2Cor|Gal|Flp|1Tes|Flm,Ignacio,Pablo,cristiano,True,0.5,20,21,7,,0.018481381922631573,no discriminante,-0.01423301752381916,no discriminante,0.018481381922631573,no discriminante,0.018481381922631573,no discriminante
impostores,1,0,dia,mfw:300,minmax,500,formulae+preformed+otq+reuse,seven,sblgnt,20,negT:IgnMagn,neg_target,IgnMagn,Rom|1Cor|2Cor|Gal|Flp|1Tes|Flm,Ignacio,Pablo,cristiano,True,0.25,20,21,7,,-0.20726814389298778,no discriminante,-0.24965403867911792,no discriminante,-0.20726814389298778,no discriminante,-0.20726814389298778,no discriminante
impostores,1,0,dia,mfw:300,minmax,500,formulae+preformed+otq+reuse,seven,sblgnt,20,negT:IgnTral,neg_target,IgnTral,Rom|1Cor|2Cor|Gal|Flp|1Tes|Flm,Ignacio,Pablo,cristiano,True,0.65,20,21,7,,0.21176362165463788,no discriminante,0.14746433825210872,no discriminante,0.21176362165463788,no discriminante,0.21176362165463788,no discriminante
impostores,1,0,dia,mfw:300,minmax,500,formulae+preformed+otq+reuse,seven,sblgnt,20,negT:IgnRom,neg_target,IgnRom,Rom|1Cor|2Cor|Gal|Flp|1Tes|Flm,Ignacio,Pablo,cristiano,True,0.35,20,21,7,,-0.13378429374167453,no discriminante,-0.16454583530634664,no discriminante,-0.13378429374167453,no discriminante,-0.13378429374167453,no discriminante
impostores,1,0,dia,mfw:300,minmax,500,formulae+preformed+otq+reuse,seven,sblgnt,20,negT:IgnFil,neg_target,IgnFil,Rom|1Cor|2Cor|Gal|Flp|1Tes|Flm,Ignacio,Pablo,cristiano,True,0.4,20,21,7,,-0.08843715059778606,no discriminante,-0.11685519511115695,no discriminante,-0.08843715059778606,no discriminante,-0.08843715059778606,no discriminante
impostores,1,0,dia,mfw:300,minmax,500,formulae+preformed+otq+reuse,seven,sblgnt,20,negT:IgnEsm,neg_target,IgnEsm,Rom|1Cor|2Cor|Gal|Flp|1Tes|Flm,Ignacio,Pablo,cristiano,True,0.4,20,21,7,,-0.08843715059778606,no discriminante,-0.11685519511115695,no discriminante,-0.08843715059778606,no discriminante,-0.08843715059778606,no discriminante
impostores,1,0,dia,mfw:300,minmax,500,formulae+preformed+otq+reuse,seven,sblgnt,20,negT:IgnPol,neg_target,IgnPol,Rom|1Cor|2Cor|Gal|Flp|1Tes|Flm,Ignacio,Pablo,cristiano,True,0.2,20,21,7,,-0.2352917293209276,no discriminante,-0.2858348801289858,no discriminante,-0.2352917293209276,no discriminante,-0.2352917293209276,no discriminante
impostores,1,0,dia,mfw:300,minmax,500,formulae+preformed+otq+reuse,seven,sblgnt,20,negT:PolFil,neg_target,PolFil,Rom|1Cor|2Cor|Gal|Flp|1Tes|Flm,Policarpo,Pablo,cristiano,True,0.1,20,27,7,,-0.2740573581539004,no discriminante,-0.3423450504673275,apoyo débil a H_otro-autor,-0.2740573581539004,no discriminante,-0.2740573581539004,no discriminante
impostores,1,0,dia,mfw:300,minmax,500,formulae+preformed+otq+reuse,seven,sblgnt,20,negT:Did,neg_target,Did,Rom|1Cor|2Cor|Gal|Flp|1Tes|Flm,anon,Pablo,cristiano,False,0.2,20,25,7,,-0.2352917293209276,no discriminante,-0.2858348801289858,no discriminante,-0.2352917293209276,no discriminante,-0.2352917293209276,no discriminante
impostores,1,0,dia,mfw:300,minmax,500,formulae+preformed+otq+reuse,seven,sblgnt,20,negT:Bern,neg_target,Bern,Rom|1Cor|2Cor|Gal|Flp|1Tes|Flm,Ps-Bernabé,Pablo,cristiano,False,0.25,20,27,7,,-0.20726814389298778,no discriminante,-0.24965403867911792,no discriminante,-0.20726814389298778,no discriminante,-0.20726814389298778,no discriminante
impostores,1,0,dia,mfw:300,minmax,500,formulae+preformed+otq+reuse,seven,sblgnt,20,negT:Herm,neg_target,Herm,Rom|1Cor|2Cor|Gal|Flp|1Tes|Flm,Hermas,Pablo,cristiano,False,0.05,20,27,7,,-0.284964547625186,no discriminante,-0.36155493315009346,apoyo débil a H_otro-autor,-0.284964547625186,no discriminante,-0.284964547625186,no discriminante
impostores,1,0,dia,mfw:300,minmax,500,formulae+preformed+otq+reuse,seven,sblgnt,20,negT:MartPol,neg_target,MartPol,Rom|1Cor|2Cor|Gal|Flp|1Tes|Flm,anon,Pablo,cristiano,True,0.15,20,25,7,,-0.2575310388190357,no discriminante,-0.31693101504741095,apoyo débil a H_otro-autor,-0.2575310388190357,no discriminante,-0.2575310388190357,no discriminante
impostores,1,0,dia,mfw:300,minmax,500,formulae+preformed+otq+reuse,seven,sblgnt,20,negT:Diogn,neg_target,Diogn,Rom|1Cor|2Cor|Gal|Flp|1Tes|Flm,anon,Pablo,cristiano,False,0.2,20,25,7,,-0.2352917293209276,no discriminante,-0.2858348801289858,no discriminante,-0.2352917293209276,no discriminante,-0.2352917293209276,no discriminante
impostores,1,0,dia,mfw:300,minmax,500,formulae+preformed+otq+reuse,seven,sblgnt,20,negT:3Cor,neg_target,3Cor,Rom|1Cor|2Cor|Gal|Flp|1Tes|Flm,Ps-Pablo,Pablo,cristiano,True,0.2,20,27,7,,-0.2352917293209276,no discriminante,-0.2858348801289858,no discriminante,-0.2352917293209276,no discriminante,-0.2352917293209276,no discriminante
impostores,1,1,dia,mfw:300,minmax,500,formulae+preformed+otq+reuse,seven,sblgnt,20,genre:Lc,genre_pairs,Lc,Hch,Lucas(anon),Lucas(anon) (historia),cristiano,False,0.3,20,40,1,,-0.17342582167234094,no discriminante,-0.20901577562096954,no discriminante,-0.17342582167234094,no discriminante,-0.17342582167234094,no discriminante
impostores,1,1,dia,mfw:300,minmax,500,formulae+preformed+otq+reuse,seven,sblgnt,20,genre:Hch,genre_pairs,Hch,Lc,Lucas(anon),Lucas(anon) (evangelio),cristiano,False,0.1,20,40,1,,-0.2740573581539004,no discriminante,-0.3423450504673275,apoyo débil a H_otro-autor,-0.2740573581539004,no discriminante,-0.2740573581539004,no discriminante
impostores,2,1,dia,mfw:300,delta,500,none,seven,sblgnt,20,pos:IgnEf,pos_pairs,IgnEf,IgnMagn|IgnTral|IgnRom|IgnFil|IgnEsm|IgnPol,Ignacio,Ignacio,cristiano,True,0.7,20,35,6,,0.2195109630751532,no discriminante,0.15970988681429335,no discriminante,0.2195109630751532,no discriminante,0.2195109630751532,no discriminante
impostores,2,1,dia,mfw:300,delta,500,none,seven,sblgnt,20,pos:IgnMagn,pos_pairs,IgnMagn,IgnEf|IgnTral|IgnRom|IgnFil|IgnEsm|IgnPol,Ignacio,Ignacio,cristiano,True,0.8,20,35,6,,0.33475156785557164,apoyo débil a H_mismo-autor,0.24285084125308457,no discriminante,0.33475156785557164,apoyo débil a H_mismo-autor,0.33475156785557164,apoyo débil a H_mismo-autor
impostores,2,1,dia,mfw:300,delta,500,none,seven,sblgnt,20,pos:IgnTral,pos_pairs,IgnTral,IgnEf|IgnMagn|IgnRom|IgnFil|IgnEsm|IgnPol,Ignacio,Ignacio,cristiano,True,0.75,20,35,6,,0.27817665615582365,no discriminante,0.20317551245054744,no discriminante,0.27817665615582365,no discriminante,0.27817665615582365,no discriminante
impostores,2,1,dia,mfw:300,delta,500,none,seven,sblgnt,20,pos:IgnFil,pos_pairs,IgnFil,IgnEf|IgnMagn|IgnTral|IgnRom|IgnEsm|IgnPol,Ignacio,Ignacio,cristiano,True,0.7,20,35,6,,0.2195109630751532,no discriminante,0.15970988681429335,no discriminante,0.2195109630751532,no discriminante,0.2195109630751532,no discriminante
impostores,2,1,dia,mfw:300,delta,500,none,seven,sblgnt,20,pos:IgnEsm,pos_pairs,IgnEsm,IgnEf|IgnMagn|IgnTral|IgnRom|IgnFil|IgnPol,Ignacio,Ignacio,cristiano,True,0.75,20,35,6,,0.27817665615582365,no discriminante,0.20317551245054744,no discriminante,0.27817665615582365,no discriminante,0.27817665615582365,no discriminante
impostores,2,1,dia,mfw:300,delta,500,none,seven,sblgnt,20,pos:IgnPol,pos_pairs,IgnPol,IgnEf|IgnMagn|IgnTral|IgnRom|IgnFil|IgnEsm,Ignacio,Ignacio,cristiano,True,0.55,20,35,6,,0.05312753154320832,no discriminante,0.021426846191593102,no discriminante,0.05312753154320832,no discriminante,0.05312753154320832,no discriminante
impostores,2,1,dia,mfw:300,delta,500,none,seven,sblgnt,20,pos:Lc,pos_pairs,Lc,Hch,Lucas(anon),Lucas(anon),cristiano,False,0.1,20,40,1,,-0.21195366347359854,no discriminante,-0.2903478870343946,no discriminante,-0.21195366347359854,no discriminante,-0.21195366347359854,no discriminante
impostores,2,1,dia,mfw:300,delta,500,none,seven,sblgnt,20,pos:Hch,pos_pairs,Hch,Lc,Lucas(anon),Lucas(anon),cristiano,False,0.0,20,40,1,,-0.2224358709191727,no discriminante,-0.3121776656491682,apoyo débil a H_otro-autor,-0.2224358709191727,no discriminante,-0.2224358709191727,no discriminante
impostores,2,0,dia,mfw:300,delta,500,none,seven,sblgnt,20,neg:1Clem~Ignacio,neg_pairs,1Clem,IgnEf|IgnMagn|IgnTral|IgnRom|IgnFil|IgnEsm|IgnPol,Clemente Romano,Ignacio,cristiano,True,0.25,20,34,7,,-0.16511594192710405,no discriminante,-0.21747522603669836,no discriminante,-0.16511594192710405,no discriminante,-0.16511594192710405,no discriminante
impostores,2,0,dia,mfw:300,delta,500,none,seven,sblgnt,20,neg:1Clem~Lucas(anon),neg_pairs,1Clem,Lc|Hch,Clemente Romano,Lucas(anon),cristiano,False,0.0,20,39,2,,-0.2224358709191727,no discriminante,-0.3121776656491682,apoyo débil a H_otro-autor,-0.2224358709191727,no discriminante,-0.2224358709191727,no discriminante
impostores,2,0,dia,mfw:300,delta,500,none,seven,sblgnt,20,neg:Herm~Ignacio,neg_pairs,Herm,IgnEf|IgnMagn|IgnTral|IgnRom|IgnFil|IgnEsm|IgnPol,Hermas,Ignacio,cristiano,False,0.3,20,34,7,,-0.14062010919255727,no discriminante,-0.18460123654998872,no discriminante,-0.14062010919255727,no discriminante,-0.14062010919255727,no discriminante
impostores,2,0,dia,mfw:300,delta,500,none,seven,sblgnt,20,neg:Herm~Lucas(anon),neg_pairs,Herm,Lc|Hch,Hermas,Lucas(anon),cristiano,False,0.05,20,39,2,,-0.21918242656834774,no discriminante,-0.3042176141516252,apoyo débil a H_otro-autor,-0.21918242656834774,no discriminante,-0.21918242656834774,no discriminante
impostores,2,0,dia,mfw:300,delta,500,none,seven,sblgnt,20,neg:IgnRom~Lucas(anon),neg_pairs,IgnRom,Lc|Hch,Ignacio,Lucas(anon),cristiano,False,0.05,20,33,2,,-0.21918242656834774,no discriminante,-0.3042176141516252,apoyo débil a H_otro-autor,-0.21918242656834774,no discriminante,-0.21918242656834774,no discriminante
impostores,2,0,dia,mfw:300,delta,500,none,seven,sblgnt,20,neg:Jn~Ignacio,neg_pairs,Jn,IgnEf|IgnMagn|IgnTral|IgnRom|IgnFil|IgnEsm|IgnPol,Juan(anon),Ignacio,cristiano,False,0.05,20,34,7,,-0.21918242656834774,no discriminante,-0.3042176141516252,apoyo débil a H_otro-autor,-0.21918242656834774,no discriminante,-0.21918242656834774,no discriminante
impostores,2,0,dia,mfw:300,delta,500,none,seven,sblgnt,20,neg:Jn~Lucas(anon),neg_pairs,Jn,Lc|Hch,Juan(anon),Lucas(anon),cristiano,False,0.2,20,39,2,,-0.18506738416669472,no discriminante,-0.24643873665760668,no discriminante,-0.18506738416669472,no discriminante,-0.18506738416669472,no discriminante
impostores,2,0,dia,mfw:300,delta,500,none,seven,sblgnt,20,neg:Lc~Ignacio,neg_pairs,Lc,IgnEf|IgnMagn|IgnTral|IgnRom|IgnFil|IgnEsm|IgnPol,Lucas(anon),Ignacio,cristiano,False,0.05,20,33,7,,-0.21918242656834774,no discriminante,-0.3042176141516252,apoyo débil a H_otro-autor,-0.21918242656834774,no discriminante,-0.21918242656834774,no discriminante
impostores,2,0,dia,mfw:300,delta,500,none,seven,sblgnt,20,neg:PolFil~Ignacio,neg_pairs,PolFil,IgnEf|IgnMagn|IgnTral|IgnRom|IgnFil|IgnEsm|IgnPol,Policarpo,Ignacio,cristiano,True,0.2,20,34,7,,-0.18506738416669472,no discriminante,-0.24643873665760668,no discriminante,-0.18506738416669472,no discriminante,-0.18506738416669472,no discriminante
impostores,2,0,dia,mfw:300,delta,500,none,seven,sblgnt,20,neg:PolFil~Lucas(anon),neg_pairs,PolFil,Lc|Hch,Policarpo,Lucas(anon),cristiano,False,0.0,20,39,2,,-0.2224358709191727,no discriminante,-0.3121776656491682,apoyo débil a H_otro-autor,-0.2224358709191727,no discriminante,-0.2224358709191727,no discriminante
impostores,2,0,dia,mfw:300,delta,500,none,seven,sblgnt,20,pseudo:2Clem,pseudo_pairs,2Clem,1Clem,Ps-Clemente,Clemente Romano,cristiano,False,0.05,20,40,1,,-0.21918242656834774,no discriminante,-0.3042176141516252,apoyo débil a H_otro-autor,-0.21918242656834774,no discriminante,-0.21918242656834774,no discriminante
impostores,2,0,dia,mfw:300,delta,500,none,seven,sblgnt,20,pseudo:3Cor,pseudo_pairs,3Cor,Rom|1Cor|2Cor|Gal|Flp|1Tes|Flm,Ps-Pablo,Pablo,cristiano,True,0.35,20,27,7,,-0.1114395078931624,no discriminante,-0.14834404140668436,no discriminante,-0.1114395078931624,no discriminante,-0.1114395078931624,no discriminante
impostores,2,0,dia,mfw:300,delta,500,none,seven,sblgnt,20,negT:Mt,neg_target,Mt,Rom|1Cor|2Cor|Gal|Flp|1Tes|Flm,Mateo(anon),Pablo,cristiano,False,0.2,20,27,7,,-0.18506738416669472,no discriminante,-0.24643873665760668,no discriminante,-0.18506738416669472,no discriminante,-0.18506738416669472,no discriminante
impostores,2,0,dia,mfw:300,delta,500,none,seven,sblgnt,20,negT:Mc,neg_target,Mc,Rom|1Cor|2Cor|Gal|Flp|1Tes|Flm,Marcos(anon),Pablo,cristiano,False,0.05,20,27,7,,-0.21918242656834774,no discriminante,-0.3042176141516252,apoyo débil a H_otro-autor,-0.21918242656834774,no discriminante,-0.21918242656834774,no discriminante
impostores,2,0,dia,mfw:300,delta,500,none,seven,sblgnt,20,negT:Lc,neg_target,Lc,Rom|1Cor|2Cor|Gal|Flp|1Tes|Flm,Lucas(anon),Pablo,cristiano,False,0.15,20,26,7,,-0.20062888798698858,no discriminante,-0.27092046468146985,no discriminante,-0.20062888798698858,no discriminante,-0.20062888798698858,no discriminante
impostores,2,0,dia,mfw:300,delta,500,none,seven,sblgnt,20,negT:Jn,neg_target,Jn,Rom|1Cor|2Cor|Gal|Flp|1Tes|Flm,Juan(anon),Pablo,cristiano,False,0.2,20,27,7,,-0.18506738416669472,no discriminante,-0.24643873665760668,no discriminante,-0.18506738416669472,no discriminante,-0.18506738416669472,no discriminante
impostores,2,0,dia,mfw:300,delta,500,none,seven,sblgnt,20,negT:Hch,neg_target,Hch,Rom|1Cor|2Cor|Gal|Flp|1Tes|Flm,Lucas(anon),Pablo,cristiano,False,0.15,20,26,7,,-0.20062888798698858,no discriminante,-0.27092046468146985,no discriminante,-0.20062888798698858,no discriminante,-0.20062888798698858,no discriminante
impostores,2,0,dia,mfw:300,delta,500,none,seven,sblgnt,20,negT:Sant,neg_target,Sant,Rom|1Cor|2Cor|Gal|Flp|1Tes|Flm,Santiago(?),Pablo,cristiano,True,0.25,20,27,7,,-0.16511594192710405,no discriminante,-0.21747522603669836,no discriminante,-0.16511594192710405,no discriminante,-0.16511594192710405,no discriminante
impostores,2,0,dia,mfw:300,delta,500,none,seven,sblgnt,20,negT:1Pe,neg_target,1Pe,Rom|1Cor|2Cor|Gal|Flp|1Tes|Flm,Pedro(?),Pablo,cristiano,True,0.55,20,26,7,,0.05312753154320832,no discriminante,0.021426846191593102,no discriminante,0.05312753154320832,no discriminante,0.05312753154320832,no discriminante
impostores,2,0,dia,mfw:300,delta,500,none,seven,sblgnt,20,negT:2Pe,neg_target,2Pe,Rom|1Cor|2Cor|Gal|Flp|1Tes|Flm,Pedro(?),Pablo,cristiano,True,0.55,20,26,7,,0.05312753154320832,no discriminante,0.021426846191593102,no discriminante,0.05312753154320832,no discriminante,0.05312753154320832,no discriminante
impostores,2,0,dia,mfw:300,delta,500,none,seven,sblgnt,20,negT:2Jn,neg_target,2Jn,Rom|1Cor|2Cor|Gal|Flp|1Tes|Flm,Juan(presb.),Pablo,cristiano,True,0.7,20,26,7,,0.2195109630751532,no discriminante,0.15970988681429335,no discriminante,0.2195109630751532,no discriminante,0.2195109630751532,no discriminante
impostores,2,0,dia,mfw:300,delta,500,none,seven,sblgnt,20,negT:3Jn,neg_target,3Jn,Rom|1Cor|2Cor|Gal|Flp|1Tes|Flm,Juan(presb.),Pablo,cristiano,True,0.45,20,26,7,,-0.03865930161786196,no discriminante,-0.06752871325497763,no discriminante,-0.03865930161786196,no discriminante,-0.03865930161786196,no discriminante
impostores,2,0,dia,mfw:300,delta,500,none,seven,sblgnt,20,negT:Jud,neg_target,Jud,Rom|1Cor|2Cor|Gal|Flp|1Tes|Flm,Judas(?),Pablo,cristiano,True,0.25,20,27,7,,-0.16511594192710405,no discriminante,-0.21747522603669836,no discriminante,-0.16511594192710405,no discriminante,-0.16511594192710405,no discriminante
impostores,2,0,dia,mfw:300,delta,500,none,seven,sblgnt,20,negT:Ap,neg_target,Ap,Rom|1Cor|2Cor|Gal|Flp|1Tes|Flm,Juan(vidente),Pablo,cristiano,False,0.1,20,27,7,,-0.21195366347359854,no discriminante,-0.2903478870343946,no discriminante,-0.21195366347359854,no discriminante,-0.21195366347359854,no discriminante
impostores,2,0,dia,mfw:300,delta,500,none,seven,sblgnt,20,negT:1Clem,neg_target,1Clem,Rom|1Cor|2Cor|Gal|Flp|1Tes|Flm,Clemente Romano,Pablo,cristiano,True,0.2,20,27,7,,-0.18506738416669472,no discriminante,-0.24643873665760668,no discriminante,-0.18506738416669472,no discriminante,-0.18506738416669472,no discriminante
impostores,2,0,dia,mfw:300,delta,500,none,seven,sblgnt,20,negT:2Clem,neg_target,2Clem,Rom|1Cor|2Cor|Gal|Flp|1Tes|Flm,Ps-Clemente,Pablo,cristiano,False,0.2,20,27,7,,-0.18506738416669472,no discriminante,-0.24643873665760668,no discriminante,-0.18506738416669472,no discriminante,-0.18506738416669472,no discriminante
impostores,2,0,dia,mfw:300,delta,500,none,seven,sblgnt,20,negT:IgnEf,neg_target,IgnEf,Rom|1Cor|2Cor|Gal|Flp|1Tes|Flm,Ignacio,Pablo,cristiano,True,0.7,20,21,7,,0.2195109630751532,no discriminante,0.15970988681429335,no discriminante,0.2195109630751532,no discriminante,0.2195109630751532,no discriminante
impostores,2,0,dia,mfw:300,delta,500,none,seven,sblgnt,20,negT:IgnMagn,neg_target,IgnMagn,Rom|1Cor|2Cor|Gal|Flp|1Tes|Flm,Ignacio,Pablo,cristiano,True,0.5,20,21,7,,0.004936878434783932,no discriminante,-0.023834313927925992,no discriminante,0.004936878434783932,no discriminante,0.004936878434783932,no discriminante
impostores,2,0,dia,mfw:300,delta,500,none,seven,sblgnt,20,negT:IgnTral,neg_target,IgnTral,Rom|1Cor|2Cor|Gal|Flp|1Tes|Flm,Ignacio,Pablo,cristiano,True,0.45,20,21,7,,-0.03865930161786196,no discriminante,-0.06752871325497763,no discriminante,-0.03865930161786196,no discriminante,-0.03865930161786196,no discriminante
impostores,2,0,dia,mfw:300,delta,500,none,seven,sblgnt,20,negT:IgnRom,neg_target,IgnRom,Rom|1Cor|2Cor|Gal|Flp|1Tes|Flm,Ignacio,Pablo,cristiano,True,0.4,20,21,7,,-0.07746788593284337,no discriminante,-0.1091755798979071,no discriminante,-0.07746788593284337,no discriminante,-0.07746788593284337,no discriminante
impostores,2,0,dia,mfw:300,delta,500,none,seven,sblgnt,20,negT:IgnFil,neg_target,IgnFil,Rom|1Cor|2Cor|Gal|Flp|1Tes|Flm,Ignacio,Pablo,cristiano,True,0.4,20,21,7,,-0.07746788593284337,no discriminante,-0.1091755798979071,no discriminante,-0.07746788593284337,no discriminante,-0.07746788593284337,no discriminante
impostores,2,0,dia,mfw:300,delta,500,none,seven,sblgnt,20,negT:IgnEsm,neg_target,IgnEsm,Rom|1Cor|2Cor|Gal|Flp|1Tes|Flm,Ignacio,Pablo,cristiano,True,0.4,20,21,7,,-0.07746788593284337,no discriminante,-0.1091755798979071,no discriminante,-0.07746788593284337,no discriminante,-0.07746788593284337,no discriminante
impostores,2,0,dia,mfw:300,delta,500,none,seven,sblgnt,20,negT:IgnPol,neg_target,IgnPol,Rom|1Cor|2Cor|Gal|Flp|1Tes|Flm,Ignacio,Pablo,cristiano,True,0.5,20,21,7,,0.004936878434783932,no discriminante,-0.023834313927925992,no discriminante,0.004936878434783932,no discriminante,0.004936878434783932,no discriminante
impostores,2,0,dia,mfw:300,delta,500,none,seven,sblgnt,20,negT:PolFil,neg_target,PolFil,Rom|1Cor|2Cor|Gal|Flp|1Tes|Flm,Policarpo,Pablo,cristiano,True,0.35,20,27,7,,-0.1114395078931624,no discriminante,-0.14834404140668436,no discriminante,-0.1114395078931624,no discriminante,-0.1114395078931624,no discriminante
impostores,2,0,dia,mfw:300,delta,500,none,seven,sblgnt,20,negT:Did,neg_target,Did,Rom|1Cor|2Cor|Gal|Flp|1Tes|Flm,anon,Pablo,cristiano,False,0.05,20,25,7,,-0.21918242656834774,no discriminante,-0.3042176141516252,apoyo débil a H_otro-autor,-0.21918242656834774,no discriminante,-0.21918242656834774,no discriminante
impostores,2,0,dia,mfw:300,delta,500,none,seven,sblgnt,20,negT:Bern,neg_target,Bern,Rom|1Cor|2Cor|Gal|Flp|1Tes|Flm,Ps-Bernabé,Pablo,cristiano,False,0.25,20,27,7,,-0.16511594192710405,no discriminante,-0.21747522603669836,no discriminante,-0.16511594192710405,no discriminante,-0.16511594192710405,no discriminante
impostores,2,0,dia,mfw:300,delta,500,none,seven,sblgnt,20,negT:Herm,neg_target,Herm,Rom|1Cor|2Cor|Gal|Flp|1Tes|Flm,Hermas,Pablo,cristiano,False,0.2,20,27,7,,-0.18506738416669472,no discriminante,-0.24643873665760668,no discriminante,-0.18506738416669472,no discriminante,-0.18506738416669472,no discriminante
impostores,2,0,dia,mfw:300,delta,500,none,seven,sblgnt,20,negT:MartPol,neg_target,MartPol,Rom|1Cor|2Cor|Gal|Flp|1Tes|Flm,anon,Pablo,cristiano,True,0.15,20,25,7,,-0.20062888798698858,no discriminante,-0.27092046468146985,no discriminante,-0.20062888798698858,no discriminante,-0.20062888798698858,no discriminante
impostores,2,0,dia,mfw:300,delta,500,none,seven,sblgnt,20,negT:Diogn,neg_target,Diogn,Rom|1Cor|2Cor|Gal|Flp|1Tes|Flm,anon,Pablo,cristiano,False,0.0,20,25,7,,-0.2224358709191727,no discriminante,-0.3121776656491682,apoyo débil a H_otro-autor,-0.2224358709191727,no discriminante,-0.2224358709191727,no discriminante
impostores,2,0,dia,mfw:300,delta,500,none,seven,sblgnt,20,negT:3Cor,neg_target,3Cor,Rom|1Cor|2Cor|Gal|Flp|1Tes|Flm,Ps-Pablo,Pablo,cristiano,True,0.3,20,27,7,,-0.14062010919255727,no discriminante,-0.18460123654998872,no discriminante,-0.14062010919255727,no discriminante,-0.14062010919255727,no discriminante
impostores,2,1,dia,mfw:300,delta,500,none,seven,sblgnt,20,genre:Lc,genre_pairs,Lc,Hch,Lucas(anon),Lucas(anon) (historia),cristiano,False,0.05,20,40,1,,-0.21918242656834774,no discriminante,-0.3042176141516252,apoyo débil a H_otro-autor,-0.21918242656834774,no discriminante,-0.21918242656834774,no discriminante
impostores,2,1,dia,mfw:300,delta,500,none,seven,sblgnt,20,genre:Hch,genre_pairs,Hch,Lc,Lucas(anon),Lucas(anon) (evangelio),cristiano,False,0.1,20,40,1,,-0.21195366347359854,no discriminante,-0.2903478870343946,no discriminante,-0.21195366347359854,no discriminante,-0.21195366347359854,no discriminante
impostores,3,1,dia,mfw:300,delta,500,formulae+preformed+otq+reuse,seven,sblgnt,20,pos:IgnEf,pos_pairs,IgnEf,IgnMagn|IgnTral|IgnRom|IgnFil|IgnEsm|IgnPol,Ignacio,Ignacio,cristiano,True,0.7,20,35,6,,0.16865912555451423,no discriminante,0.11842386590271368,no discriminante,0.16865912555451423,no discriminante,0.16865912555451423,no discriminante
impostores,3,1,dia,mfw:300,delta,500,formulae+preformed+otq+reuse,seven,sblgnt,20,pos:IgnMagn,pos_pairs,IgnMagn,IgnEf|IgnTral|IgnRom|IgnFil|IgnEsm|IgnPol,Ignacio,Ignacio,cristiano,True,0.95,20,35,6,,0.3520568498124858,apoyo débil a H_mismo-autor,0.23686065333434608,no discriminante,0.3520568498124858,apoyo débil a H_mismo-autor,0.3520568498124858,apoyo débil a H_mismo-autor
impostores,3,1,dia,mfw:300,delta,500,formulae+preformed+otq+reuse,seven,sblgnt,20,pos:IgnTral,pos_pairs,IgnTral,IgnEf|IgnMagn|IgnRom|IgnFil|IgnEsm|IgnPol,Ignacio,Ignacio,cristiano,True,0.6,20,35,6,,0.07848099044259622,no discriminante,0.049213665117139184,no discriminante,0.07848099044259622,no discriminante,0.07848099044259622,no discriminante
impostores,3,1,dia,mfw:300,delta,500,formulae+preformed+otq+reuse,seven,sblgnt,20,pos:IgnFil,pos_pairs,IgnFil,IgnEf|IgnMagn|IgnTral|IgnRom|IgnEsm|IgnPol,Ignacio,Ignacio,cristiano,True,0.7,20,35,6,,0.16865912555451423,no discriminante,0.11842386590271368,no discriminante,0.16865912555451423,no discriminante,0.16865912555451423,no discriminante
impostores,3,1,dia,mfw:300,delta,500,formulae+preformed+otq+reuse,seven,sblgnt,20,pos:IgnEsm,pos_pairs,IgnEsm,IgnEf|IgnMagn|IgnTral|IgnRom|IgnFil|IgnPol,Ignacio,Ignacio,cristiano,True,0.55,20,35,6,,0.03721414806649711,no discriminante,0.01437446587468799,no discriminante,0.03721414806649711,no discriminante,0.03721414806649711,no discriminante
impostores,3,1,dia,mfw:300,delta,500,formulae+preformed+otq+reuse,seven,sblgnt,20,pos:IgnPol,pos_pairs,IgnPol,IgnEf|IgnMagn|IgnTral|IgnRom|IgnFil|IgnEsm,Ignacio,Ignacio,cristiano,True,0.55,20,35,6,,0.03721414806649711,no discriminante,0.01437446587468799,no discriminante,0.03721414806649711,no discriminante,0.03721414806649711,no discriminante
impostores,3,1,dia,mfw:300,delta,500,formulae+preformed+otq+reuse,seven,sblgnt,20,pos:Lc,pos_pairs,Lc,Hch,Lucas(anon),Lucas(anon),cristiano,False,0.1,20,40,1,,-0.16872499062865162,no discriminante,-0.2158791787442011,no discriminante,-0.16872499062865162,no discriminante,-0.16872499062865162,no discriminante
impostores,3,1,dia,mfw:300,delta,500,formulae+preformed+otq+reuse,seven,sblgnt,20,pos:Hch,pos_pairs,Hch,Lc,Lucas(anon),Lucas(anon),cristiano,False,0.05,20,40,1,,-0.17439978372869872,no discriminante,-0.22612961113407473,no discriminante,-0.17439978372869872,no discriminante,-0.17439978372869872,no discriminante
impostores,3,0,dia,mfw:300,delta,500,formulae+preformed+otq+reuse,seven,sblgnt,20,neg:1Clem~Ignacio,neg_pairs,1Clem,IgnEf|IgnMagn|IgnTral|IgnRom|IgnFil|IgnEsm|IgnPol,Clemente Romano,Ignacio,cristiano,True,0.25,20,34,7,,-0.13257089186882143,no discriminante,-0.16308919854636061,no discriminante,-0.13257089186882143,no discriminante,-0.13257089186882143,no discriminante
impostores,3,0,dia,mfw:300,delta,500,formulae+preformed+otq+reuse,seven,sblgnt,20,neg:1Clem~Lucas(anon),neg_pairs,1Clem,Lc|Hch,Clemente Romano,Lucas(anon),cristiano,False,0.0,20,39,2,,-0.1770755046775342,no discriminante,-0.23236695773182892,no discriminante,-0.1770755046775342,no discriminante,-0.1770755046775342,no discriminante
impostores,3,0,dia,mfw:300,delta,500,formulae+preformed+otq+reuse,seven,sblgnt,20,neg:Herm~Ignacio,neg_pairs,Herm,IgnEf|IgnMagn|IgnTral|IgnRom|IgnFil|IgnEsm|IgnPol,Hermas,Ignacio,cristiano,False,0.15,20,34,7,,-0.15994688106987118,no discriminante,-0.20178022774280582,no discriminante,-0.15994688106987118,no discriminante,-0.15994688106987118,no discriminante
impostores,3,0,dia,mfw:300,delta,500,formulae+preformed+otq+reuse,seven,sblgnt,20,neg:Herm~Lucas(anon),neg_pairs,Herm,Lc|Hch,Hermas,Lucas(anon),cristiano,False,0.0,20,39,2,,-0.1770755046775342,no discriminante,-0.23236695773182892,no discriminante,-0.1770755046775342,no discriminante,-0.1770755046775342,no discriminante
impostores,3,0,dia,mfw:300,delta,500,formulae+preformed+otq+reuse,seven,sblgnt,20,neg:IgnRom~Lucas(anon),neg_pairs,IgnRom,Lc|Hch,Ignacio,Lucas(anon),cristiano,False,0.0,20,33,2,,-0.1770755046775342,no discriminante,-0.23236695773182892,no discriminante,-0.1770755046775342,no discriminante,-0.1770755046775342,no discriminante
impostores,3,0,dia,mfw:300,delta,500,formulae+preformed+otq+reuse,seven,sblgnt,20,neg:Jn~Ignacio,neg_pairs,Jn,IgnEf|IgnMagn|IgnTral|IgnRom|IgnFil|IgnEsm|IgnPol,Juan(anon),Ignacio,cristiano,False,0.2,20,34,7,,-0.14794175897596695,no discriminante,-0.18408347476261822,no discriminante,-0.14794175897596695,no discriminante,-0.14794175897596695,no discriminante
impostores,3,0,dia,mfw:300,delta,500,formulae+preformed+otq+reuse,seven,sblgnt,20,neg:Jn~Lucas(anon),neg_pairs,Jn,Lc|Hch,Juan(anon),Lucas(anon),cristiano,False,0.15,20,39,2,,-0.15994688106987118,no discriminante,-0.20178022774280582,no discriminante,-0.15994688106987118,no discriminante,-0.15994688106987118,no discriminante
impostores,3,0,dia,mfw:300,delta,500,formulae+preformed+otq+reuse,seven,sblgnt,20,neg:Lc~Ignacio,neg_pairs,Lc,IgnEf|IgnMagn|IgnTral|IgnRom|IgnFil|IgnEsm|IgnPol,Lucas(anon),Ignacio,cristiano,False,0.0,20,33,7,,-0.1770755046775342,no discriminante,-0.23236695773182892,no discriminante,-0.1770755046775342,no discriminante,-0.1770755046775342,no discriminante
impostores,3,0,dia,mfw:300,delta,500,formulae+preformed+otq+reuse,seven,sblgnt,20,neg:PolFil~Ignacio,neg_pairs,PolFil,IgnEf|IgnMagn|IgnTral|IgnRom|IgnFil|IgnEsm|IgnPol,Policarpo,Ignacio,cristiano,True,0.4,20,34,7,,-0.06483025243151526,no discriminante,-0.08347516078202577,no discriminante,-0.06483025243151526,no discriminante,-0.06483025243151526,no discriminante
impostores,3,0,dia,mfw:300,delta,500,formulae+preformed+otq+reuse,seven,sblgnt,20,neg:PolFil~Lucas(anon),neg_pairs,PolFil,Lc|Hch,Policarpo,Lucas(anon),cristiano,False,0.0,20,39,2,,-0.1770755046775342,no discriminante,-0.23236695773182892,no discriminante,-0.1770755046775342,no discriminante,-0.1770755046775342,no discriminante
impostores,3,0,dia,mfw:300,delta,500,formulae+preformed+otq+reuse,seven,sblgnt,20,pseudo:2Clem,pseudo_pairs,2Clem,1Clem,Ps-Clemente,Clemente Romano,cristiano,False,0.05,20,40,1,,-0.17439978372869872,no discriminante,-0.22612961113407473,no discriminante,-0.17439978372869872,no discriminante,-0.17439978372869872,no discriminante
impostores,3,0,dia,mfw:300,delta,500,formulae+preformed+otq+reuse,seven,sblgnt,20,pseudo:3Cor,pseudo_pairs,3Cor,Rom|1Cor|2Cor|Gal|Flp|1Tes|Flm,Ps-Pablo,Pablo,cristiano,True,0.35,20,27,7,,-0.0911490329217768,no discriminante,-0.11247433234940285,no discriminante,-0.0911490329217768,no discriminante,-0.0911490329217768,no discriminante
impostores,3,0,dia,mfw:300,delta,500,formulae+preformed+otq+reuse,seven,sblgnt,20,negT:Mt,neg_target,Mt,Rom|1Cor|2Cor|Gal|Flp|1Tes|Flm,Mateo(anon),Pablo,cristiano,False,0.2,20,27,7,,-0.14794175897596695,no discriminante,-0.18408347476261822,no discriminante,-0.14794175897596695,no discriminante,-0.14794175897596695,no discriminante
impostores,3,0,dia,mfw:300,delta,500,formulae+preformed+otq+reuse,seven,sblgnt,20,negT:Mc,neg_target,Mc,Rom|1Cor|2Cor|Gal|Flp|1Tes|Flm,Marcos(anon),Pablo,cristiano,False,0.2,20,27,7,,-0.14794175897596695,no discriminante,-0.18408347476261822,no discriminante,-0.14794175897596695,no discriminante,-0.14794175897596695,no discriminante
impostores,3,0,dia,mfw:300,delta,500,formulae+preformed+otq+reuse,seven,sblgnt,20,negT:Lc,neg_target,Lc,Rom|1Cor|2Cor|Gal|Flp|1Tes|Flm,Lucas(anon),Pablo,cristiano,False,0.15,20,26,7,,-0.15994688106987118,no discriminante,-0.20178022774280582,no discriminante,-0.15994688106987118,no discriminante,-0.15994688106987118,no discriminante
impostores,3,0,dia,mfw:300,delta,500,formulae+preformed+otq+reuse,seven,sblgnt,20,negT:Jn,neg_target,Jn,Rom|1Cor|2Cor|Gal|Flp|1Tes|Flm,Juan(anon),Pablo,cristiano,False,0.4,20,27,7,,-0.06483025243151526,no discriminante,-0.08347516078202577,no discriminante,-0.06483025243151526,no discriminante,-0.06483025243151526,no discriminante
impostores,3,0,dia,mfw:300,delta,500,formulae+preformed+otq+reuse,seven,sblgnt,20,negT:Hch,neg_target,Hch,Rom|1Cor|2Cor|Gal|Flp|1Tes|Flm,Lucas(anon),Pablo,cristiano,False,0.35,20,26,7,,-0.0911490329217768,no discriminante,-0.11247433234940285,no discriminante,-0.0911490329217768,no discriminante,-0.0911490329217768,no discriminante
impostores,3,0,dia,mfw:300,delta,500,formulae+preformed+otq+reuse,seven,sblgnt,20,negT:Sant,neg_target,Sant,Rom|1Cor|2Cor|Gal|Flp|1Tes|Flm,Santiago(?),Pablo,cristiano,True,0.45,20,27,7,,-0.03464872930357774,no discriminante,-0.05242896068279321,no discriminante,-0.03464872930357774,no discriminante,-0.03464872930357774,no discriminante
impostores,3,0,dia,mfw:300,delta,500,formulae+preformed+otq+reuse,seven,sblgnt,20,negT:1Pe,neg_target,1Pe,Rom|1Cor|2Cor|Gal|Flp|1Tes|Flm,Pedro(?),Pablo,cristiano,True,0.6,20,26,7,,0.07848099044259622,no discriminante,0.049213665117139184,no discriminante,0.07848099044259622,no discriminante,0.07848099044259622,no discriminante
impostores,3,0,dia,mfw:300,delta,500,formulae+preformed+otq+reuse,seven,sblgnt,20,negT:2Pe,neg_target,2Pe,Rom|1Cor|2Cor|Gal|Flp|1Tes|Flm,Pedro(?),Pablo,cristiano,True,0.35,20,26,7,,-0.0911490329217768,no discriminante,-0.11247433234940285,no discriminante,-0.0911490329217768,no discriminante,-0.0911490329217768,no discriminante
impostores,3,0,dia,mfw:300,delta,500,formulae+preformed+otq+reuse,seven,sblgnt,20,negT:2Jn,neg_target,2Jn,Rom|1Cor|2Cor|Gal|Flp|1Tes|Flm,Juan(presb.),Pablo,cristiano,True,0.5,20,26,7,,-0.0005962023869372681,no discriminante,-0.01967708691976198,no discriminante,-0.0005962023869372681,no discriminante,-0.0005962023869372681,no discriminante
impostores,3,0,dia,mfw:300,delta,500,formulae+preformed+otq+reuse,seven,sblgnt,20,negT:3Jn,neg_target,3Jn,Rom|1Cor|2Cor|Gal|Flp|1Tes|Flm,Juan(presb.),Pablo,cristiano,True,0.75,20,26,7,,0.21507164173418958,no discriminante,0.15089219535284162,no discriminante,0.21507164173418958,no discriminante,0.21507164173418958,no discriminante
impostores,3,0,dia,mfw:300,delta,500,formulae+preformed+otq+reuse,seven,sblgnt,20,negT:Jud,neg_target,Jud,Rom|1Cor|2Cor|Gal|Flp|1Tes|Flm,Judas(?),Pablo,cristiano,True,0.15,20,27,7,,-0.15994688106987118,no discriminante,-0.20178022774280582,no discriminante,-0.15994688106987118,no discriminante,-0.15994688106987118,no discriminante
impostores,3,0,dia,mfw:300,delta,500,formulae+preformed+otq+reuse,seven,sblgnt,20,negT:Ap,neg_target,Ap,Rom|1Cor|2Cor|Gal|Flp|1Tes|Flm,Juan(vidente),Pablo,cristiano,False,0.2,20,27,7,,-0.14794175897596695,no discriminante,-0.18408347476261822,no discriminante,-0.14794175897596695,no discriminante,-0.14794175897596695,no discriminante
impostores,3,0,dia,mfw:300,delta,500,formulae+preformed+otq+reuse,seven,sblgnt,20,negT:1Clem,neg_target,1Clem,Rom|1Cor|2Cor|Gal|Flp|1Tes|Flm,Clemente Romano,Pablo,cristiano,True,0.05,20,27,7,,-0.17439978372869872,no discriminante,-0.22612961113407473,no discriminante,-0.17439978372869872,no discriminante,-0.17439978372869872,no discriminante
impostores,3,0,dia,mfw:300,delta,500,formulae+preformed+otq+reuse,seven,sblgnt,20,negT:2Clem,neg_target,2Clem,Rom|1Cor|2Cor|Gal|Flp|1Tes|Flm,Ps-Clemente,Pablo,cristiano,False,0.3,20,27,7,,-0.11368777410329559,no discriminante,-0.1391147282376472,no discriminante,-0.11368777410329559,no discriminante,-0.11368777410329559,no discriminante
impostores,3,0,dia,mfw:300,delta,500,formulae+preformed+otq+reuse,seven,sblgnt,20,negT:IgnEf,neg_target,IgnEf,Rom|1Cor|2Cor|Gal|Flp|1Tes|Flm,Ignacio,Pablo,cristiano,True,0.5,20,21,7,,-0.0005962023869372681,no discriminante,-0.01967708691976198,no discriminante,-0.0005962023869372681,no discriminante,-0.0005962023869372681,no discriminante
impostores,3,0,dia,mfw:300,delta,500,formulae+preformed+otq+reuse,seven,sblgnt,20,negT:IgnMagn,neg_target,IgnMagn,Rom|1Cor|2Cor|Gal|Flp|1Tes|Flm,Ignacio,Pablo,cristiano,True,0.65,20,21,7,,0.12262291809138616,no discriminante,0.08417937861515871,no discriminante,0.12262291809138616,no discriminante,0.12262291809138616,no discriminante
impostores,3,0,dia,mfw:300,delta,500,formulae+preformed+otq+reuse,seven,sblgnt,20,negT:IgnTral,neg_target,IgnTral,Rom|1Cor|2Cor|Gal|Flp|1Tes|Flm,Ignacio,Pablo,cristiano,True,0.7,20,21,7,,0.16865912555451423,no discriminante,0.11842386590271368,no discriminante,0.16865912555451423,no discriminante,0.16865912555451423,no discriminante
impostores,3,0,dia,mfw:300,delta,500,formulae+preformed+otq+reuse,seven,sblgnt,20,negT:IgnRom,neg_target,IgnRom,Rom|1Cor|2Cor|Gal|Flp|1Tes|Flm,Ignacio,Pablo,cristiano,True,0.55,20,21,7,,0.03721414806649711,no discriminante,0.01437446587468799,no discriminante,0.03721414806649711,no discriminante,0.03721414806649711,no discriminante
impostores,3,0,dia,mfw:300,delta,500,formulae+preformed+otq+reuse,seven,sblgnt,20,negT:IgnFil,neg_target,IgnFil,Rom|1Cor|2Cor|Gal|Flp|1Tes|Flm,Ignacio,Pablo,cristiano,True,0.5,20,21,7,,-0.0005962023869372681,no discriminante,-0.01967708691976198,no discriminante,-0.0005962023869372681,no discriminante,-0.0005962023869372681,no discriminante
impostores,3,0,dia,mfw:300,delta,500,formulae+preformed+otq+reuse,seven,sblgnt,20,negT:IgnEsm,neg_target,IgnEsm,Rom|1Cor|2Cor|Gal|Flp|1Tes|Flm,Ignacio,Pablo,cristiano,True,0.55,20,21,7,,0.03721414806649711,no discriminante,0.01437446587468799,no discriminante,0.03721414806649711,no discriminante,0.03721414806649711,no discriminante
impostores,3,0,dia,mfw:300,delta,500,formulae+preformed+otq+reuse,seven,sblgnt,20,negT:IgnPol,neg_target,IgnPol,Rom|1Cor|2Cor|Gal|Flp|1Tes|Flm,Ignacio,Pablo,cristiano,True,0.35,20,21,7,,-0.0911490329217768,no discriminante,-0.11247433234940285,no discriminante,-0.0911490329217768,no discriminante,-0.0911490329217768,no discriminante
impostores,3,0,dia,mfw:300,delta,500,formulae+preformed+otq+reuse,seven,sblgnt,20,negT:PolFil,neg_target,PolFil,Rom|1Cor|2Cor|Gal|Flp|1Tes|Flm,Policarpo,Pablo,cristiano,True,0.3,20,27,7,,-0.11368777410329559,no discriminante,-0.1391147282376472,no discriminante,-0.11368777410329559,no discriminante,-0.11368777410329559,no discriminante
impostores,3,0,dia,mfw:300,delta,500,formulae+preformed+otq+reuse,seven,sblgnt,20,negT:Did,neg_target,Did,Rom|1Cor|2Cor|Gal|Flp|1Tes|Flm,anon,Pablo,cristiano,False,0.2,20,25,7,,-0.14794175897596695,no discriminante,-0.18408347476261822,no discriminante,-0.14794175897596695,no discriminante,-0.14794175897596695,no discriminante
impostores,3,0,dia,mfw:300,delta,500,formulae+preformed+otq+reuse,seven,sblgnt,20,negT:Bern,neg_target,Bern,Rom|1Cor|2Cor|Gal|Flp|1Tes|Flm,Ps-Bernabé,Pablo,cristiano,False,0.2,20,27,7,,-0.14794175897596695,no discriminante,-0.18408347476261822,no discriminante,-0.14794175897596695,no discriminante,-0.14794175897596695,no discriminante
impostores,3,0,dia,mfw:300,delta,500,formulae+preformed+otq+reuse,seven,sblgnt,20,negT:Herm,neg_target,Herm,Rom|1Cor|2Cor|Gal|Flp|1Tes|Flm,Hermas,Pablo,cristiano,False,0.15,20,27,7,,-0.15994688106987118,no discriminante,-0.20178022774280582,no discriminante,-0.15994688106987118,no discriminante,-0.15994688106987118,no discriminante
impostores,3,0,dia,mfw:300,delta,500,formulae+preformed+otq+reuse,seven,sblgnt,20,negT:MartPol,neg_target,MartPol,Rom|1Cor|2Cor|Gal|Flp|1Tes|Flm,anon,Pablo,cristiano,True,0.25,20,25,7,,-0.13257089186882143,no discriminante,-0.16308919854636061,no discriminante,-0.13257089186882143,no discriminante,-0.13257089186882143,no discriminante
impostores,3,0,dia,mfw:300,delta,500,formulae+preformed+otq+reuse,seven,sblgnt,20,negT:Diogn,neg_target,Diogn,Rom|1Cor|2Cor|Gal|Flp|1Tes|Flm,anon,Pablo,cristiano,False,0.2,20,25,7,,-0.14794175897596695,no discriminante,-0.18408347476261822,no discriminante,-0.14794175897596695,no discriminante,-0.14794175897596695,no discriminante
impostores,3,0,dia,mfw:300,delta,500,formulae+preformed+otq+reuse,seven,sblgnt,20,negT:3Cor,neg_target,3Cor,Rom|1Cor|2Cor|Gal|Flp|1Tes|Flm,Ps-Pablo,Pablo,cristiano,True,0.15,20,27,7,,-0.15994688106987118,no discriminante,-0.20178022774280582,no discriminante,-0.15994688106987118,no discriminante,-0.15994688106987118,no discriminante
impostores,3,1,dia,mfw:300,delta,500,formulae+preformed+otq+reuse,seven,sblgnt,20,genre:Lc,genre_pairs,Lc,Hch,Lucas(anon),Lucas(anon) (historia),cristiano,False,0.15,20,40,1,,-0.15994688106987118,no discriminante,-0.20178022774280582,no discriminante,-0.15994688106987118,no discriminante,-0.15994688106987118,no discriminante
impostores,3,1,dia,mfw:300,delta,500,formulae+preformed+otq+reuse,seven,sblgnt,20,genre:Hch,genre_pairs,Hch,Lc,Lucas(anon),Lucas(anon) (evangelio),cristiano,False,0.1,20,40,1,,-0.16872499062865162,no discriminante,-0.2158791787442011,no discriminante,-0.16872499062865162,no discriminante,-0.16872499062865162,no discriminante
impostores,4,1,dia,closed:150,minmax,500,none,seven,sblgnt,20,pos:IgnEf,pos_pairs,IgnEf,IgnMagn|IgnTral|IgnRom|IgnFil|IgnEsm|IgnPol,Ignacio,Ignacio,cristiano,True,0.3,20,35,6,,-0.059387600411860794,no discriminante,-0.04769917424948001,no discriminante,-0.059387600411860794,no discriminante,-0.059387600411860794,no discriminante
impostores,4,1,dia,closed:150,minmax,500,none,seven,sblgnt,20,pos:IgnMagn,pos_pairs,IgnMagn,IgnEf|IgnTral|IgnRom|IgnFil|IgnEsm|IgnPol,Ignacio,Ignacio,cristiano,True,0.4,20,35,6,,-0.016454133889632506,no discriminante,-0.026525289756689403,no discriminante,-0.016454133889632506,no discriminante,-0.016454133889632506,no discriminante
impostores,4,1,dia,closed:150,minmax,500,none,seven,sblgnt,20,pos:IgnTral,pos_pairs,IgnTral,IgnEf|IgnMagn|IgnRom|IgnFil|IgnEsm|IgnPol,Ignacio,Ignacio,cristiano,True,0.3,20,35,6,,-0.059387600411860794,no discriminante,-0.04769917424948001,no discriminante,-0.059387600411860794,no discriminante,-0.059387600411860794,no discriminante
impostores,4,1,dia,closed:150,minmax,500,none,seven,sblgnt,20,pos:IgnFil,pos_pairs,IgnFil,IgnEf|IgnMagn|IgnTral|IgnRom|IgnEsm|IgnPol,Ignacio,Ignacio,cristiano,True,0.35,20,35,6,,-0.039295102810628466,no discriminante,-0.03796376114939085,no discriminante,-0.039295102810628466,no discriminante,-0.039295102810628466,no discriminante
impostores,4,1,dia,closed:150,minmax,500,none,seven,sblgnt,20,pos:IgnEsm,pos_pairs,IgnEsm,IgnEf|IgnMagn|IgnTral|IgnRom|IgnFil|IgnPol,Ignacio,Ignacio,cristiano,True,0.45,20,35,6,,0.009040650824764492,no discriminante,-0.013310481595571935,no discriminante,0.009040650824764492,no discriminante,0.009040650824764492,no discriminante
impostores,4,1,dia,closed:150,minmax,500,none,seven,sblgnt,20,pos:IgnPol,pos_pairs,IgnPol,IgnEf|IgnMagn|IgnTral|IgnRom|IgnFil|IgnEsm,Ignacio,Ignacio,cristiano,True,0.25,20,35,6,,-0.07662871320723232,no discriminante,-0.055808867487820636,no discriminante,-0.07662871320723232,no discriminante,-0.07662871320723232,no discriminante
impostores,4,1,dia,closed:150,minmax,500,none,seven,sblgnt,20,pos:Lc,pos_pairs,Lc,Hch,Lucas(anon),Lucas(anon),cristiano,False,0.2,20,40,1,,-0.09091489794004962,no discriminante,-0.06236647120966049,no discriminante,-0.09091489794004962,no discriminante,-0.09091489794004962,no discriminante
impostores,4,1,dia,closed:150,minmax,500,none,seven,sblgnt,20,pos:Hch,pos_pairs,Hch,Lc,Lucas(anon),Lucas(anon),cristiano,False,0.05,20,40,1,,-0.11516440531053346,no discriminante,-0.0733376360588169,no discriminante,-0.11516440531053346,no discriminante,-0.11516440531053346,no discriminante
impostores,4,0,dia,closed:150,minmax,500,none,seven,sblgnt,20,neg:1Clem~Ignacio,neg_pairs,1Clem,IgnEf|IgnMagn|IgnTral|IgnRom|IgnFil|IgnEsm|IgnPol,Clemente Romano,Ignacio,cristiano,True,0.15,20,34,7,,-0.10215011579450581,no discriminante,-0.06743789819349642,no discriminante,-0.10215011579450581,no discriminante,-0.10215011579450581,no discriminante
impostores,4,0,dia,closed:150,minmax,500,none,seven,sblgnt,20,neg:1Clem~Lucas(anon),neg_pairs,1Clem,Lc|Hch,Clemente Romano,Lucas(anon),cristiano,False,0.15,20,39,2,,-0.10215011579450581,no discriminante,-0.06743789819349642,no discriminante,-0.10215011579450581,no discriminante,-0.10215011579450581,no discriminante
impostores,4,0,dia,closed:150,minmax,500,none,seven,sblgnt,20,neg:Herm~Ignacio,neg_pairs,Herm,IgnEf|IgnMagn|IgnTral|IgnRom|IgnFil|IgnEsm|IgnPol,Hermas,Ignacio,cristiano,False,0.15,20,34,7,,-0.10215011579450581,no discriminante,-0.06743789819349642,no discriminante,-0.10215011579450581,no discriminante,-0.10215011579450581,no discriminante
impostores,4,0,dia,closed:150,minmax,500,none,seven,sblgnt,20,neg:Herm~Lucas(anon),neg_pairs,Herm,Lc|Hch,Hermas,Lucas(anon),cristiano,False,0.1,20,39,2,,-0.1102532665413134,no discriminante,-0.07107952607217449,no discriminante,-0.1102532665413134,no discriminante,-0.1102532665413134,no discriminante
impostores,4,0,dia,closed:150,minmax,500,none,seven,sblgnt,20,neg:IgnRom~Lucas(anon),neg_pairs,IgnRom,Lc|Hch,Ignacio,Lucas(anon),cristiano,False,0.0,20,33,2,,-0.11684956316762875,no discriminante,-0.07424859355852607,no discriminante,-0.11684956316762875,no discriminante,-0.11684956316762875,no discriminante
impostores,4,0,dia,closed:150,minmax,500,none,seven,sblgnt,20,neg:Jn~Ignacio,neg_pairs,Jn,IgnEf|IgnMagn|IgnTral|IgnRom|IgnFil|IgnEsm|IgnPol,Juan(anon),Ignacio,cristiano,False,0.05,20,34,7,,-0.11516440531053346,no discriminante,-0.0733376360588169,no discriminante,-0.11516440531053346,no discriminante,-0.11516440531053346,no discriminante
impostores,4,0,dia,closed:150,minmax,500,none,seven,sblgnt,20,neg:Jn~Lucas(anon),neg_pairs,Jn,Lc|Hch,Juan(anon),Lucas(anon),cristiano,False,0.1,20,39,2,,-0.1102532665413134,no discriminante,-0.07107952607217449,no discriminante,-0.1102532665413134,no discriminante,-0.1102532665413134,no discriminante
impostores,4,0,dia,closed:150,minmax,500,none,seven,sblgnt,20,neg:Lc~Ignacio,neg_pairs,Lc,IgnEf|IgnMagn|IgnTral|IgnRom|IgnFil|IgnEsm|IgnPol,Lucas(anon),Ignacio,cristiano,False,0.0,20,33,7,,-0.11684956316762875,no discriminante,-0.07424859355852607,no discriminante,-0.11684956316762875,no discriminante,-0.11684956316762875,no discriminante
impostores,4,0,dia,closed:150,minmax,500,none,seven,sblgnt,20,neg:PolFil~Ignacio,neg_pairs,PolFil,IgnEf|IgnMagn|IgnTral|IgnRom|IgnFil|IgnEsm|IgnPol,Policarpo,Ignacio,cristiano,True,0.3,20,34,7,,-0.059387600411860794,no discriminante,-0.04769917424948001,no discriminante,-0.059387600411860794,no discriminante,-0.059387600411860794,no discriminante
impostores,4,0,dia,closed:150,minmax,500,none,seven,sblgnt,20,neg:PolFil~Lucas(anon),neg_pairs,PolFil,Lc|Hch,Policarpo,Lucas(anon),cristiano,False,0.05,20,39,2,,-0.11516440531053346,no discriminante,-0.0733376360588169,no discriminante,-0.11516440531053346,no discriminante,-0.11516440531053346,no discriminante
impostores,4,0,dia,closed:150,minmax,500,none,seven,sblgnt,20,pseudo:2Clem,pseudo_pairs,2Clem,1Clem,Ps-Clemente,Clemente Romano,cristiano,False,0.1,20,40,1,,-0.1102532665413134,no discriminante,-0.07107952607217449,no discriminante,-0.1102532665413134,no discriminante,-0.1102532665413134,no discriminante
impostores,4,0,dia,closed:150,minmax,500,none,seven,sblgnt,20,pseudo:3Cor,pseudo_pairs,3Cor,Rom|1Cor|2Cor|Gal|Flp|1Tes|Flm,Ps-Pablo,Pablo,cristiano,True,0.2,20,27,7,,-0.09091489794004962,no discriminante,-0.06236647120966049,no discriminante,-0.09091489794004962,no discriminante,-0.09091489794004962,no discriminante
impostores,4,0,dia,closed:150,minmax,500,none,seven,sblgnt,20,negT:Mt,neg_target,Mt,Rom|1Cor|2Cor|Gal|Flp|1Tes|Flm,Mateo(anon),Pablo,cristiano,False,0.1,20,27,7,,-0.1102532665413134,no discriminante,-0.07107952607217449,no discriminante,-0.1102532665413134,no discriminante,-0.1102532665413134,no discriminante
impostores,4,0,dia,closed:150,minmax,500,none,seven,sblgnt,20,negT:Mc,neg_target,Mc,Rom|1Cor|2Cor|Gal|Flp|1Tes|Flm,Marcos(anon),Pablo,cristiano,False,0.0,20,27,7,,-0.11684956316762875,no discriminante,-0.07424859355852607,no discriminante,-0.11684956316762875,no discriminante,-0.11684956316762875,no discriminante
impostores,4,0,dia,closed:150,minmax,500,none,seven,sblgnt,20,negT:Lc,neg_target,Lc,Rom|1Cor|2Cor|Gal|Flp|1Tes|Flm,Lucas(anon),Pablo,cristiano,False,0.05,20,26,7,,-0.11516440531053346,no discriminante,-0.0733376360588169,no discriminante,-0.11516440531053346,no discriminante,-0.11516440531053346,no discriminante
impostores,4,0,dia,closed:150,minmax,500,none,seven,sblgnt,20,negT:Jn,neg_target,Jn,Rom|1Cor|2Cor|Gal|Flp|1Tes|Flm,Juan(anon),Pablo,cristiano,False,0.1,20,27,7,,-0.1102532665413134,no discriminante,-0.07107952607217449,no discriminante,-0.1102532665413134,no discriminante,-0.1102532665413134,no discriminante
impostores,4,0,dia,closed:150,minmax,500,none,seven,sblgnt,20,negT:Hch,neg_target,Hch,Rom|1Cor|2Cor|Gal|Flp|1Tes|Flm,Lucas(anon),Pablo,cristiano,False,0.05,20,26,7,,-0.11516440531053346,no discriminante,-0.0733376360588169,no discriminante,-0.11516440531053346,no discriminante,-0.11516440531053346,no discriminante
impostores,4,0,dia,closed:150,minmax,500,none,seven,sblgnt,20,negT:Sant,neg_target,Sant,Rom|1Cor|2Cor|Gal|Flp|1Tes|Flm,Santiago(?),Pablo,cristiano,True,0.25,20,27,7,,-0.07662871320723232,no discriminante,-0.055808867487820636,no discriminante,-0.07662871320723232,no discriminante,-0.07662871320723232,no discriminante
impostores,4,0,dia,closed:150,minmax,500,none,seven,sblgnt,20,negT:1Pe,neg_target,1Pe,Rom|1Cor|2Cor|Gal|Flp|1Tes|Flm,Pedro(?),Pablo,cristiano,True,0.6,20,26,7,,0.10065642898636062,no discriminante,0.03729936637829372,no discriminante,0.10065642898636062,no discriminante,0.10065642898636062,no discriminante
impostores,4,0,dia,closed:150,minmax,500,none,seven,sblgnt,20,negT:2Pe,neg_target,2Pe,Rom|1Cor|2Cor|Gal|Flp|1Tes|Flm,Pedro(?),Pablo,cristiano,True,0.3,20,26,7,,-0.059387600411860794,no discriminante,-0.04769917424948001,no discriminante,-0.059387600411860794,no discriminante,-0.059387600411860794,no discriminante
impostores,4,0,dia,closed:150,minmax,500,none,seven,sblgnt,20,negT:2Jn,neg_target,2Jn,Rom|1Cor|2Cor|Gal|Flp|1Tes|Flm,Juan(presb.),Pablo,cristiano,True,0.35,20,26,7,,-0.039295102810628466,no discriminante,-0.03796376114939085,no discriminante,-0.039295102810628466,no discriminante,-0.039295102810628466,no discriminante
impostores,4,0,dia,closed:150,minmax,500,none,seven,sblgnt,20,negT:3Jn,neg_target,3Jn,Rom|1Cor|2Cor|Gal|Flp|1Tes|Flm,Juan(presb.),Pablo,cristiano,True,0.7,20,26,7,,0.17310994686889045,no discriminante,0.07897528033061808,no discriminante,0.17310994686889045,no discriminante,0.17310994686889045,no discriminante
impostores,4,0,dia,closed:150,minmax,500,none,seven,sblgnt,20,negT:Jud,neg_target,Jud,Rom|1Cor|2Cor|Gal|Flp|1Tes|Flm,Judas(?),Pablo,cristiano,True,0.1,20,27,7,,-0.1102532665413134,no discriminante,-0.07107952607217449,no discriminante,-0.1102532665413134,no discriminante,-0.1102532665413134,no discriminante
impostores,4,0,dia,closed:150,minmax,500,none,seven,sblgnt,20,negT:Ap,neg_target,Ap,Rom|1Cor|2Cor|Gal|Flp|1Tes|Flm,Juan(vidente),Pablo,cristiano,False,0.05,20,27,7,,-0.11516440531053346,no discriminante,-0.0733376360588169,no discriminante,-0.11516440531053346,no discriminante,-0.11516440531053346,no discriminante
impostores,4,0,dia,closed:150,minmax,500,none,seven,sblgnt,20,negT:1Clem,neg_target,1Clem,Rom|1Cor|2Cor|Gal|Flp|1Tes|Flm,Clemente Romano,Pablo,cristiano,True,0.0,20,27,7,,-0.11684956316762875,no discriminante,-0.07424859355852607,no discriminante,-0.11684956316762875,no discriminante,-0.11684956316762875,no discriminante
impostores,4,0,dia,closed:150,minmax,500,none,seven,sblgnt,20,negT:2Clem,neg_target,2Clem,Rom|1Cor|2Cor|Gal|Flp|1Tes|Flm,Ps-Clemente,Pablo,cristiano,False,0.1,20,27,7,,-0.1102532665413134,no discriminante,-0.07107952607217449,no discriminante,-0.1102532665413134,no discriminante,-0.1102532665413134,no discriminante
impostores,4,0,dia,closed:150,minmax,500,none,seven,sblgnt,20,negT:IgnEf,neg_target,IgnEf,Rom|1Cor|2Cor|Gal|Flp|1Tes|Flm,Ignacio,Pablo,cristiano,True,0.45,20,21,7,,0.009040650824764492,no discriminante,-0.013310481595571935,no discriminante,0.009040650824764492,no discriminante,0.009040650824764492,no discriminante
impostores,4,0,dia,closed:150,minmax,500,none,seven,sblgnt,20,negT:IgnMagn,neg_target,IgnMagn,Rom|1Cor|2Cor|Gal|Flp|1Tes|Flm,Ignacio,Pablo,cristiano,True,0.5,20,21,7,,0.037107439088570976,no discriminante,0.001735931619310463,no discriminante,0.037107439088570976,no discriminante,0.037107439088570976,no discriminante
impostores,4,0,dia,closed:150,minmax,500,none,seven,sblgnt,20,negT:IgnTral,neg_target,IgnTral,Rom|1Cor|2Cor|Gal|Flp|1Tes|Flm,Ignacio,Pablo,cristiano,True,0.3,20,21,7,,-0.059387600411860794,no discriminante,-0.04769917424948001,no discriminante,-0.059387600411860794,no discriminante,-0.059387600411860794,no discriminante
impostores,4,0,dia,closed:150,minmax,500,none,seven,sblgnt,20,negT:IgnRom,neg_target,IgnRom,Rom|1Cor|2Cor|Gal|Flp|1Tes|Flm,Ignacio,Pablo,cristiano,True,0.25,20,21,7,,-0.07662871320723232,no discriminante,-0.055808867487820636,no discriminante,-0.07662871320723232,no discriminante,-0.07662871320723232,no discriminante
impostores,4,0,dia,closed:150,minmax,500,none,seven,sblgnt,20,negT:IgnFil,neg_target,IgnFil,Rom|1Cor|2Cor|Gal|Flp|1Tes|Flm,Ignacio,Pablo,cristiano,True,0.35,20,21,7,,-0.039295102810628466,no discriminante,-0.03796376114939085,no discriminante,-0.039295102810628466,no discriminante,-0.039295102810628466,no discriminante
impostores,4,0,dia,closed:150,minmax,500,none,seven,sblgnt,20,negT:IgnEsm,neg_target,IgnEsm,Rom|1Cor|2Cor|Gal|Flp|1Tes|Flm,Ignacio,Pablo,cristiano,True,0.3,20,21,7,,-0.059387600411860794,no discriminante,-0.04769917424948001,no discriminante,-0.059387600411860794,no discriminante,-0.059387600411860794,no discriminante
impostores,4,0,dia,closed:150,minmax,500,none,seven,sblgnt,20,negT:IgnPol,neg_target,IgnPol,Rom|1Cor|2Cor|Gal|Flp|1Tes|Flm,Ignacio,Pablo,cristiano,True,0.3,20,21,7,,-0.059387600411860794,no discriminante,-0.04769917424948001,no discriminante,-0.059387600411860794,no discriminante,-0.059387600411860794,no discriminante
impostores,4,0,dia,closed:150,minmax,500,none,seven,sblgnt,20,negT:PolFil,neg_target,PolFil,Rom|1Cor|2Cor|Gal|Flp|1Tes|Flm,Policarpo,Pablo,cristiano,True,0.1,20,27,7,,-0.1102532665413134,no discriminante,-0.07107952607217449,no discriminante,-0.1102532665413134,no discriminante,-0.1102532665413134,no discriminante
impostores,4,0,dia,closed:150,minmax,500,none,seven,sblgnt,20,negT:Did,neg_target,Did,Rom|1Cor|2Cor|Gal|Flp|1Tes|Flm,anon,Pablo,cristiano,False,0.1,20,25,7,,-0.1102532665413134,no discriminante,-0.07107952607217449,no discriminante,-0.1102532665413134,no discriminante,-0.1102532665413134,no discriminante
impostores,4,0,dia,closed:150,minmax,500,none,seven,sblgnt,20,negT:Bern,neg_target,Bern,Rom|1Cor|2Cor|Gal|Flp|1Tes|Flm,Ps-Bernabé,Pablo,cristiano,False,0.3,20,27,7,,-0.059387600411860794,no discriminante,-0.04769917424948001,no discriminante,-0.059387600411860794,no discriminante,-0.059387600411860794,no discriminante
impostores,4,0,dia,closed:150,minmax,500,none,seven,sblgnt,20,negT:Herm,neg_target,Herm,Rom|1Cor|2Cor|Gal|Flp|1Tes|Flm,Hermas,Pablo,cristiano,False,0.05,20,27,7,,-0.11516440531053346,no discriminante,-0.0733376360588169,no discriminante,-0.11516440531053346,no discriminante,-0.11516440531053346,no discriminante
impostores,4,0,dia,closed:150,minmax,500,none,seven,sblgnt,20,negT:MartPol,neg_target,MartPol,Rom|1Cor|2Cor|Gal|Flp|1Tes|Flm,anon,Pablo,cristiano,True,0.05,20,25,7,,-0.11516440531053346,no discriminante,-0.0733376360588169,no discriminante,-0.11516440531053346,no discriminante,-0.11516440531053346,no discriminante
impostores,4,0,dia,closed:150,minmax,500,none,seven,sblgnt,20,negT:Diogn,neg_target,Diogn,Rom|1Cor|2Cor|Gal|Flp|1Tes|Flm,anon,Pablo,cristiano,False,0.05,20,25,7,,-0.11516440531053346,no discriminante,-0.0733376360588169,no discriminante,-0.11516440531053346,no discriminante,-0.11516440531053346,no discriminante
impostores,4,0,dia,closed:150,minmax,500,none,seven,sblgnt,20,negT:3Cor,neg_target,3Cor,Rom|1Cor|2Cor|Gal|Flp|1Tes|Flm,Ps-Pablo,Pablo,cristiano,True,0.2,20,27,7,,-0.09091489794004962,no discriminante,-0.06236647120966049,no discriminante,-0.09091489794004962,no discriminante,-0.09091489794004962,no discriminante
impostores,4,1,dia,closed:150,minmax,500,none,seven,sblgnt,20,genre:Lc,genre_pairs,Lc,Hch,Lucas(anon),Lucas(anon) (historia),cristiano,False,0.25,20,40,1,,-0.07662871320723232,no discriminante,-0.055808867487820636,no discriminante,-0.07662871320723232,no discriminante,-0.07662871320723232,no discriminante
impostores,4,1,dia,closed:150,minmax,500,none,seven,sblgnt,20,genre:Hch,genre_pairs,Hch,Lc,Lucas(anon),Lucas(anon) (evangelio),cristiano,False,0.2,20,40,1,,-0.09091489794004962,no discriminante,-0.06236647120966049,no discriminante,-0.09091489794004962,no discriminante,-0.09091489794004962,no discriminante
impostores,5,1,dia,closed:150,minmax,500,formulae+preformed+otq+reuse,seven,sblgnt,20,pos:IgnEf,pos_pairs,IgnEf,IgnMagn|IgnTral|IgnRom|IgnFil|IgnEsm|IgnPol,Ignacio,Ignacio,cristiano,True,0.5,20,35,6,,0.032856320795021036,no discriminante,-0.00015556456365584389,no discriminante,0.032856320795021036,no discriminante,0.032856320795021036,no discriminante
impostores,5,1,dia,closed:150,minmax,500,formulae+preformed+otq+reuse,seven,sblgnt,20,pos:IgnMagn,pos_pairs,IgnMagn,IgnEf|IgnTral|IgnRom|IgnFil|IgnEsm|IgnPol,Ignacio,Ignacio,cristiano,True,0.7,20,35,6,,0.23610440619452222,no discriminante,0.16370485440155833,no discriminante,0.23610440619452222,no discriminante,0.23610440619452222,no discriminante
impostores,5,1,dia,closed:150,minmax,500,formulae+preformed+otq+reuse,seven,sblgnt,20,pos:IgnTral,pos_pairs,IgnTral,IgnEf|IgnMagn|IgnRom|IgnFil|IgnEsm|IgnPol,Ignacio,Ignacio,cristiano,True,0.4,20,35,6,,-0.0417303764199009,no discriminante,-0.06447282763636461,no discriminante,-0.0417303764199009,no discriminante,-0.0417303764199009,no discriminante
impostores,5,1,dia,closed:150,minmax,500,formulae+preformed+otq+reuse,seven,sblgnt,20,pos:IgnFil,pos_pairs,IgnFil,IgnEf|IgnMagn|IgnTral|IgnRom|IgnEsm|IgnPol,Ignacio,Ignacio,cristiano,True,0.5,20,35,6,,0.032856320795021036,no discriminante,-0.00015556456365584389,no discriminante,0.032856320795021036,no discriminante,0.032856320795021036,no discriminante
impostores,5,1,dia,closed:150,minmax,500,formulae+preformed+otq+reuse,seven,sblgnt,20,pos:IgnEsm,pos_pairs,IgnEsm,IgnEf|IgnMagn|IgnTral|IgnRom|IgnFil|IgnPol,Ignacio,Ignacio,cristiano,True,0.5,20,35,6,,0.032856320795021036,no discriminante,-0.00015556456365584389,no discriminante,0.032856320795021036,no discriminante,0.032856320795021036,no discriminante
impostores,5,1,dia,closed:150,minmax,500,formulae+preformed+otq+reuse,seven,sblgnt,20,pos:IgnPol,pos_pairs,IgnPol,IgnEf|IgnMagn|IgnTral|IgnRom|IgnFil|IgnEsm,Ignacio,Ignacio,cristiano,True,0.3,20,35,6,,-0.09918279119428267,no discriminante,-0.11512275358042623,no discriminante,-0.09918279119428267,no discriminante,-0.09918279119428267,no discriminante
impostores,5,1,dia,closed:150,minmax,500,formulae+preformed+otq+reuse,seven,sblgnt,20,pos:Lc,pos_pairs,Lc,Hch,Lucas(anon),Lucas(anon),cristiano,False,0.15,20,40,1,,-0.1545028755401959,no discriminante,-0.16505530025585038,no discriminante,-0.1545028755401959,no discriminante,-0.1545028755401959,no discriminante
impostores,5,1,dia,closed:150,minmax,500,formulae+preformed+otq+reuse,seven,sblgnt,20,pos:Hch,pos_pairs,Hch,Lc,Lucas(anon),Lucas(anon),cristiano,False,0.1,20,40,1,,-0.1648279357874356,no discriminante,-0.17470192703597845,no discriminante,-0.1648279357874356,no discriminante,-0.1648279357874356,no discriminante
impostores,5,0,dia,closed:150,minmax,500,formulae+preformed+otq+reuse,seven,sblgnt,20,neg:1Clem~Ignacio,neg_pairs,1Clem,IgnEf|IgnMagn|IgnTral|IgnRom|IgnFil|IgnEsm|IgnPol,Clemente Romano,Ignacio,cristiano,True,0.1,20,34,7,,-0.1648279357874356,no discriminante,-0.17470192703597845,no discriminante,-0.1648279357874356,no discriminante,-0.1648279357874356,no discriminante
impostores,5,0,dia,closed:150,minmax,500,formulae+preformed+otq+reuse,seven,sblgnt,20,neg:1Clem~Lucas(anon),neg_pairs,1Clem,Lc|Hch,Clemente Romano,Lucas(anon),cristiano,False,0.1,20,39,2,,-0.1648279357874356,no discriminante,-0.17470192703597845,no discriminante,-0.1648279357874356,no discriminante,-0.1648279357874356,no discriminante
impostores,5,0,dia,closed:150,minmax,500,formulae+preformed+otq+reuse,seven,sblgnt,20,neg:Herm~Ignacio,neg_pairs,Herm,IgnEf|IgnMagn|IgnTral|IgnRom|IgnFil|IgnEsm|IgnPol,Hermas,Ignacio,cristiano,False,0.15,20,34,7,,-0.1545028755401959,no discriminante,-0.16505530025585038,no discriminante,-0.1545028755401959,no discriminante,-0.1545028755401959,no discriminante
impostores,5,0,dia,closed:150,minmax,500,formulae+preformed+otq+reuse,seven,sblgnt,20,neg:Herm~Lucas(anon),neg_pairs,Herm,Lc|Hch,Hermas,Lucas(anon),cristiano,False,0.1,20,39,2,,-0.1648279357874356,no discriminante,-0.17470192703597845,no discriminante,-0.1648279357874356,no discriminante,-0.1648279357874356,no discriminante
impostores,5,0,dia,closed:150,minmax,500,formulae+preformed+otq+reuse,seven,sblgnt,20,neg:IgnRom~Lucas(anon),neg_pairs,IgnRom,Lc|Hch,Ignacio,Lucas(anon),cristiano,False,0.05,20,33,2,,-0.17111526710613514,no discriminante,-0.18084508910832128,no discriminante,-0.17111526710613514,no discriminante,-0.17111526710613514,no discriminante
impostores,5,0,dia,closed:150,minmax,500,formulae+preformed+otq+reuse,seven,sblgnt,20,neg:Jn~Ignacio,neg_pairs,Jn,IgnEf|IgnMagn|IgnTral|IgnRom|IgnFil|IgnEsm|IgnPol,Juan(anon),Ignacio,cristiano,False,0.1,20,34,7,,-0.1648279357874356,no discriminante,-0.17470192703597845,no discriminante,-0.1648279357874356,no discriminante,-0.1648279357874356,no discriminante
impostores,5,0,dia,closed:150,minmax,500,formulae+preformed+otq+reuse,seven,sblgnt,20,neg:Jn~Lucas(anon),neg_pairs,Jn,Lc|Hch,Juan(anon),Lucas(anon),cristiano,False,0.05,20,39,2,,-0.17111526710613514,no discriminante,-0.18084508910832128,no discriminante,-0.17111526710613514,no discriminante,-0.17111526710613514,no discriminante
impostores,5,0,dia,closed:150,minmax,500,formulae+preformed+otq+reuse,seven,sblgnt,20,neg:Lc~Ignacio,neg_pairs,Lc,IgnEf|IgnMagn|IgnTral|IgnRom|IgnFil|IgnEsm|IgnPol,Lucas(anon),Ignacio,cristiano,False,0.1,20,33,7,,-0.1648279357874356,no discriminante,-0.17470192703597845,no discriminante,-0.1648279357874356,no discriminante,-0.1648279357874356,no discriminante
impostores,5,0,dia,closed:150,minmax,500,formulae+preformed+otq+reuse,seven,sblgnt,20,neg:PolFil~Ignacio,neg_pairs,PolFil,IgnEf|IgnMagn|IgnTral|IgnRom|IgnFil|IgnEsm|IgnPol,Policarpo,Ignacio,cristiano,True,0.35,20,34,7,,-0.07254849830605727,no discriminante,-0.09152368076455158,no discriminante,-0.07254849830605727,no discriminante,-0.07254849830605727,no discriminante
impostores,5,0,dia,closed:150,minmax,500,formulae+preformed+otq+reuse,seven,sblgnt,20,neg:PolFil~Lucas(anon),neg_pairs,PolFil,Lc|Hch,Policarpo,Lucas(anon),cristiano,False,0.0,20,39,2,,-0.1733795563595641,no discriminante,-0.18350580510752346,no discriminante,-0.1733795563595641,no discriminante,-0.1733795563595641,no discriminante
impostores,5,0,dia,closed:150,minmax,500,formulae+preformed+otq+reuse,seven,sblgnt,20,pseudo:2Clem,pseudo_pairs,2Clem,1Clem,Ps-Clemente,Clemente Romano,cristiano,False,0.05,20,40,1,,-0.17111526710613514,no discriminante,-0.18084508910832128,no discriminante,-0.17111526710613514,no discriminante,-0.17111526710613514,no discriminante
impostores,5,0,dia,closed:150,minmax,500,formulae+preformed+otq+reuse,seven,sblgnt,20,pseudo:3Cor,pseudo_pairs,3Cor,Rom|1Cor|2Cor|Gal|Flp|1Tes|Flm,Ps-Pablo,Pablo,cristiano,True,0.35,20,27,7,,-0.07254849830605727,no discriminante,-0.09152368076455158,no discriminante,-0.07254849830605727,no discriminante,-0.07254849830605727,no discriminante
impostores,5,0,dia,closed:150,minmax,500,formulae+preformed+otq+reuse,seven,sblgnt,20,negT:Mt,neg_target,Mt,Rom|1Cor|2Cor|Gal|Flp|1Tes|Flm,Mateo(anon),Pablo,cristiano,False,0.05,20,27,7,,-0.17111526710613514,no discriminante,-0.18084508910832128,no discriminante,-0.17111526710613514,no discriminante,-0.17111526710613514,no discriminante
impostores,5,0,dia,closed:150,minmax,500,formulae+preformed+otq+reuse,seven,sblgnt,20,negT:Mc,neg_target,Mc,Rom|1Cor|2Cor|Gal|Flp|1Tes|Flm,Marcos(anon),Pablo,cristiano,False,0.1,20,27,7,,-0.1648279357874356,no discriminante,-0.17470192703597845,no discriminante,-0.1648279357874356,no discriminante,-0.1648279357874356,no discriminante
impostores,5,0,dia,closed:150,minmax,500,formulae+preformed+otq+reuse,seven,sblgnt,20,negT:Lc,neg_target,Lc,Rom|1Cor|2Cor|Gal|Flp|1Tes|Flm,Lucas(anon),Pablo,cristiano,False,0.05,20,26,7,,-0.17111526710613514,no discriminante,-0.18084508910832128,no discriminante,-0.17111526710613514,no discriminante,-0.17111526710613514,no discriminante
impostores,5,0,dia,closed:150,minmax,500,formulae+preformed+otq+reuse,seven,sblgnt,20,negT:Jn,neg_target,Jn,Rom|1Cor|2Cor|Gal|Flp|1Tes|Flm,Juan(anon),Pablo,cristiano,False,0.15,20,27,7,,-0.1545028755401959,no discriminante,-0.16505530025585038,no discriminante,-0.1545028755401959,no discriminante,-0.1545028755401959,no discriminante
impostores,5,0,dia,closed:150,minmax,500,formulae+preformed+otq+reuse,seven,sblgnt,20,negT:Hch,neg_target,Hch,Rom|1Cor|2Cor|Gal|Flp|1Tes|Flm,Lucas(anon),Pablo,cristiano,False,0.05,20,26,7,,-0.17111526710613514,no discriminante,-0.18084508910832128,no discriminante,-0.17111526710613514,no discriminante,-0.17111526710613514,no discriminante
impostores,5,0,dia,closed:150,minmax,500,formulae+preformed+otq+reuse,seven,sblgnt,20,negT:Sant,neg_target,Sant,Rom|1Cor|2Cor|Gal|Flp|1Tes|Flm,Santiago(?),Pablo,cristiano,True,0.25,20,27,7,,-0.1216969867839266,no discriminante,-0.1352540150783271,no discriminante,-0.1216969867839266,no discriminante,-0.1216969867839266,no discriminante
impostores,5,0,dia,closed:150,minmax,500,formulae+preformed+otq+reuse,seven,sblgnt,20,negT:1Pe,neg_target,1Pe,Rom|1Cor|2Cor|Gal|Flp|1Tes|Flm,Pedro(?),Pablo,cristiano,True,0.45,20,26,7,,-0.006635308280039585,no discriminante,-0.033997042602962574,no discriminante,-0.006635308280039585,no discriminante,-0.006635308280039585,no discriminante
impostores,5,0,dia,closed:150,minmax,500,formulae+preformed+otq+reuse,seven,sblgnt,20,negT:2Pe,neg_target,2Pe,Rom|1Cor|2Cor|Gal|Flp|1Tes|Flm,Pedro(?),Pablo,cristiano,True,0.4,20,26,7,,-0.0417303764199009,no discriminante,-0.06447282763636461,no discriminante,-0.0417303764199009,no discriminante,-0.0417303764199009,no discriminante
impostores,5,0,dia,closed:150,minmax,500,formulae+preformed+otq+reuse,seven,sblgnt,20,negT:2Jn,neg_target,2Jn,Rom|1Cor|2Cor|Gal|Flp|1Tes|Flm,Juan(presb.),Pablo,cristiano,True,0.35,20,26,7,,-0.07254849830605727,no discriminante,-0.09152368076455158,no discriminante,-0.07254849830605727,no discriminante,-0.07254849830605727,no discriminante
impostores,5,0,dia,closed:150,minmax,500,formulae+preformed+otq+reuse,seven,sblgnt,20,negT:3Jn,neg_target,3Jn,Rom|1Cor|2Cor|Gal|Flp|1Tes|Flm,Juan(presb.),Pablo,cristiano,True,0.55,20,26,7,,0.07687256644058126,no discriminante,0.03692137654141219,no discriminante,0.07687256644058126,no discriminante,0.07687256644058126,no discriminante
impostores,5,0,dia,closed:150,minmax,500,formulae+preformed+otq+reuse,seven,sblgnt,20,negT:Jud,neg_target,Jud,Rom|1Cor|2Cor|Gal|Flp|1Tes|Flm,Judas(?),Pablo,cristiano,True,0.1,20,27,7,,-0.1648279357874356,no discriminante,-0.17470192703597845,no discriminante,-0.1648279357874356,no discriminante,-0.1648279357874356,no discriminante
impostores,5,0,dia,closed:150,minmax,500,formulae+preformed+otq+reuse,seven,sblgnt,20,negT:Ap,neg_target,Ap,Rom|1Cor|2Cor|Gal|Flp|1Tes|Flm,Juan(vidente),Pablo,cristiano,False,0.1,20,27,7,,-0.1648279357874356,no discriminante,-0.17470192703597845,no discriminante,-0.1648279357874356,no discriminante,-0.1648279357874356,no discriminante
impostores,5,0,dia,closed:150,minmax,500,formulae+preformed+otq+reuse,seven,sblgnt,20,negT:1Clem,neg_target,1Clem,Rom|1Cor|2Cor|Gal|Flp|1Tes|Flm,Clemente Romano,Pablo,cristiano,True,0.15,20,27,7,,-0.1545028755401959,no discriminante,-0.16505530025585038,no discriminante,-0.1545028755401959,no discriminante,-0.1545028755401959,no discriminante
impostores,5,0,dia,closed:150,minmax,500,formulae+preformed+otq+reuse,seven,sblgnt,20,negT:2Clem,neg_target,2Clem,Rom|1Cor|2Cor|Gal|Flp|1Tes|Flm,Ps-Clemente,Pablo,cristiano,False,0.25,20,27,7,,-0.1216969867839266,no discriminante,-0.1352540150783271,no discriminante,-0.1216969867839266,no discriminante,-0.1216969867839266,no discriminante
impostores,5,0,dia,closed:150,minmax,500,formulae+preformed+otq+reuse,seven,sblgnt,20,negT:IgnEf,neg_target,IgnEf,Rom|1Cor|2Cor|Gal|Flp|1Tes|Flm,Ignacio,Pablo,cristiano,True,0.35,20,21,7,,-0.07254849830605727,no discriminante,-0.09152368076455158,no discriminante,-0.07254849830605727,no discriminante,-0.07254849830605727,no discriminante
impostores,5,0,dia,closed:150,minmax,500,formulae+preformed+otq+reuse,seven,sblgnt,20,negT:IgnMagn,neg_target,IgnMagn,Rom|1Cor|2Cor|Gal|Flp|1Tes|Flm,Ignacio,Pablo,cristiano,True,0.25,20,21,7,,-0.1216969867839266,no discriminante,-0.1352540150783271,no discriminante,-0.1216969867839266,no discriminante,-0.1216969867839266,no discriminante
impostores,5,0,dia,closed:150,minmax,500,formulae+preformed+otq+reuse,seven,sblgnt,20,negT:IgnTral,neg_target,IgnTral,Rom|1Cor|2Cor|Gal|Flp|1Tes|Flm,Ignacio,Pablo,cristiano,True,0.35,20,21,7,,-0.07254849830605727,no discriminante,-0.09152368076455158,no discriminante,-0.07254849830605727,no discriminante,-0.07254849830605727,no discriminante
impostores,5,0,dia,closed:150,minmax,500,formulae+preformed+otq+reuse,seven,sblgnt,20,negT:IgnRom,neg_target,IgnRom,Rom|1Cor|2Cor|Gal|Flp|1Tes|Flm,Ignacio,Pablo,cristiano,True,0.3,20,21,7,,-0.09918279119428267,no discriminante,-0.11512275358042623,no discriminante,-0.09918279119428267,no discriminante,-0.09918279119428267,no discriminante
impostores,5,0,dia,closed:150,minmax,500,formulae+preformed+otq+reuse,seven,sblgnt,20,negT:IgnFil,neg_target,IgnFil,Rom|1Cor|2Cor|Gal|Flp|1Tes|Flm,Ignacio,Pablo,cristiano,True,0.55,20,21,7,,0.07687256644058126,no discriminante,0.03692137654141219,no discriminante,0.07687256644058126,no discriminante,0.07687256644058126,no discriminante
impostores,5,0,dia,closed:150,minmax,500,formulae+preformed+otq+reuse,seven,sblgnt,20,negT:IgnEsm,neg_target,IgnEsm,Rom|1Cor|2Cor|Gal|Flp|1Tes|Flm,Ignacio,Pablo,cristiano,True,0.2,20,21,7,,-0.14012989631406564,no discriminante,-0.15190289249324573,no discriminante,-0.14012989631406564,no discriminante,-0.14012989631406564,no discriminante
impostores,5,0,dia,closed:150,minmax,500,formulae+preformed+otq+reuse,seven,sblgnt,20,negT:IgnPol,neg_target,IgnPol,Rom|1Cor|2Cor|Gal|Flp|1Tes|Flm,Ignacio,Pablo,cristiano,True,0.2,20,21,7,,-0.14012989631406564,no discriminante,-0.15190289249324573,no discriminante,-0.14012989631406564,no discriminante,-0.14012989631406564,no discriminante
impostores,5,0,dia,closed:150,minmax,500,formulae+preformed+otq+reuse,seven,sblgnt,20,negT:PolFil,neg_target,PolFil,Rom|1Cor|2Cor|Gal|Flp|1Tes|Flm,Policarpo,Pablo,cristiano,True,0.05,20,27,7,,-0.17111526710613514,no discriminante,-0.18084508910832128,no discriminante,-0.17111526710613514,no discriminante,-0.17111526710613514,no discriminante
impostores,5,0,dia,closed:150,minmax,500,formulae+preformed+otq+reuse,seven,sblgnt,20,negT:Did,neg_target,Did,Rom|1Cor|2Cor|Gal|Flp|1Tes|Flm,anon,Pablo,cristiano,False,0.2,20,25,7,,-0.14012989631406564,no discriminante,-0.15190289249324573,no discriminante,-0.14012989631406564,no discriminante,-0.14012989631406564,no discriminante
impostores,5,0,dia,closed:150,minmax,500,formulae+preformed+otq+reuse,seven,sblgnt,20,negT:Bern,neg_target,Bern,Rom|1Cor|2Cor|Gal|Flp|1Tes|Flm,Ps-Bernabé,Pablo,cristiano,False,0.05,20,27,7,,-0.17111526710613514,no discriminante,-0.18084508910832128,no discriminante,-0.17111526710613514,no discriminante,-0.17111526710613514,no discriminante
impostores,5,0,dia,closed:150,minmax,500,formulae+preformed+otq+reuse,seven,sblgnt,20,negT:Herm,neg_target,Herm,Rom|1Cor|2Cor|Gal|Flp|1Tes|Flm,Hermas,Pablo,cristiano,False,0.1,20,27,7,,-0.1648279357874356,no discriminante,-0.17470192703597845,no discriminante,-0.1648279357874356,no discriminante,-0.1648279357874356,no discriminante
impostores,5,0,dia,closed:150,minmax,500,formulae+preformed+otq+reuse,seven,sblgnt,20,negT:MartPol,neg_target,MartPol,Rom|1Cor|2Cor|Gal|Flp|1Tes|Flm,anon,Pablo,cristiano,True,0.2,20,25,7,,-0.14012989631406564,no discriminante,-0.15190289249324573,no discriminante,-0.14012989631406564,no discriminante,-0.14012989631406564,no discriminante
impostores,5,0,dia,closed:150,minmax,500,formulae+preformed+otq+reuse,seven,sblgnt,20,negT:Diogn,neg_target,Diogn,Rom|1Cor|2Cor|Gal|Flp|1Tes|Flm,anon,Pablo,cristiano,False,0.2,20,25,7,,-0.14012989631406564,no discriminante,-0.15190289249324573,no discriminante,-0.14012989631406564,no discriminante,-0.14012989631406564,no discriminante
impostores,5,0,dia,closed:150,minmax,500,formulae+preformed+otq+reuse,seven,sblgnt,20,negT:3Cor,neg_target,3Cor,Rom|1Cor|2Cor|Gal|Flp|1Tes|Flm,Ps-Pablo,Pablo,cristiano,True,0.25,20,27,7,,-0.1216969867839266,no discriminante,-0.1352540150783271,no discriminante,-0.1216969867839266,no discriminante,-0.1216969867839266,no discriminante
impostores,5,1,dia,closed:150,minmax,500,formulae+preformed+otq+reuse,seven,sblgnt,20,genre:Lc,genre_pairs,Lc,Hch,Lucas(anon),Lucas(anon) (historia),cristiano,False,0.2,20,40,1,,-0.14012989631406564,no discriminante,-0.15190289249324573,no discriminante,-0.14012989631406564,no discriminante,-0.14012989631406564,no discriminante
impostores,5,1,dia,closed:150,minmax,500,formulae+preformed+otq+reuse,seven,sblgnt,20,genre:Hch,genre_pairs,Hch,Lc,Lucas(anon),Lucas(anon) (evangelio),cristiano,False,0.15,20,40,1,,-0.1545028755401959,no discriminante,-0.16505530025585038,no discriminante,-0.1545028755401959,no discriminante,-0.1545028755401959,no discriminante
impostores,6,1,dia,closed:150,delta,500,none,seven,sblgnt,20,pos:IgnEf,pos_pairs,IgnEf,IgnMagn|IgnTral|IgnRom|IgnFil|IgnEsm|IgnPol,Ignacio,Ignacio,cristiano,True,0.35,20,35,6,,-0.06494146018609798,no discriminante,-0.08160365071814815,no discriminante,-0.06494146018609798,no discriminante,-0.06494146018609798,no discriminante
impostores,6,1,dia,closed:150,delta,500,none,seven,sblgnt,20,pos:IgnMagn,pos_pairs,IgnMagn,IgnEf|IgnTral|IgnRom|IgnFil|IgnEsm|IgnPol,Ignacio,Ignacio,cristiano,True,0.45,20,35,6,,-0.006270627383577621,no discriminante,-0.028938243713148157,no discriminante,-0.006270627383577621,no discriminante,-0.006270627383577621,no discriminante
impostores,6,1,dia,closed:150,delta,500,none,seven,sblgnt,20,pos:IgnTral,pos_pairs,IgnTral,IgnEf|IgnMagn|IgnRom|IgnFil|IgnEsm|IgnPol,Ignacio,Ignacio,cristiano,True,0.7,20,35,6,,0.21175107476848481,no discriminante,0.14981929473227382,no discriminante,0.21175107476848481,no discriminante,0.21175107476848481,no discriminante
impostores,6,1,dia,closed:150,delta,500,none,seven,sblgnt,20,pos:IgnFil,pos_pairs,IgnFil,IgnEf|IgnMagn|IgnTral|IgnRom|IgnEsm|IgnPol,Ignacio,Ignacio,cristiano,True,0.6,20,35,6,,0.11226674680526112,no discriminante,0.07188688037122491,no discriminante,0.11226674680526112,no discriminante,0.11226674680526112,no discriminante
impostores,6,1,dia,closed:150,delta,500,none,seven,sblgnt,20,pos:IgnEsm,pos_pairs,IgnEsm,IgnEf|IgnMagn|IgnTral|IgnRom|IgnFil|IgnPol,Ignacio,Ignacio,cristiano,True,0.35,20,35,6,,-0.06494146018609798,no discriminante,-0.08160365071814815,no discriminante,-0.06494146018609798,no discriminante,-0.06494146018609798,no discriminante
impostores,6,1,dia,closed:150,delta,500,none,seven,sblgnt,20,pos:IgnPol,pos_pairs,IgnPol,IgnEf|IgnMagn|IgnTral|IgnRom|IgnFil|IgnEsm,Ignacio,Ignacio,cristiano,True,0.35,20,35,6,,-0.06494146018609798,no discriminante,-0.08160365071814815,no discriminante,-0.06494146018609798,no discriminante,-0.06494146018609798,no discriminante
impostores,6,1,dia,closed:150,delta,500,none,seven,sblgnt,20,pos:Lc,pos_pairs,Lc,Hch,Lucas(anon),Lucas(anon),cristiano,False,0.05,20,40,1,,-0.15187206392453032,no discriminante,-0.16384744835342485,no discriminante,-0.15187206392453032,no discriminante,-0.15187206392453032,no discriminante
impostores,6,1,dia,closed:150,delta,500,none,seven,sblgnt,20,pos:Hch,pos_pairs,Hch,Lc,Lucas(anon),Lucas(anon),cristiano,False,0.05,20,40,1,,-0.15187206392453032,no discriminante,-0.16384744835342485,no discriminante,-0.15187206392453032,no discriminante,-0.15187206392453032,no discriminante
impostores,6,0,dia,closed:150,delta,500,none,seven,sblgnt,20,neg:1Clem~Ignacio,neg_pairs,1Clem,IgnEf|IgnMagn|IgnTral|IgnRom|IgnFil|IgnEsm|IgnPol,Clemente Romano,Ignacio,cristiano,True,0.15,20,34,7,,-0.13726857091617595,no discriminante,-0.14925332024662508,no discriminante,-0.13726857091617595,no discriminante,-0.13726857091617595,no discriminante
impostores,6,0,dia,closed:150,delta,500,none,seven,sblgnt,20,neg:1Clem~Lucas(anon),neg_pairs,1Clem,Lc|Hch,Clemente Romano,Lucas(anon),cristiano,False,0.1,20,39,2,,-0.14633855923553735,no discriminante,-0.15816124127861936,no discriminante,-0.14633855923553735,no discriminante,-0.14633855923553735,no discriminante
impostores,6,0,dia,closed:150,delta,500,none,seven,sblgnt,20,neg:Herm~Ignacio,neg_pairs,Herm,IgnEf|IgnMagn|IgnTral|IgnRom|IgnFil|IgnEsm|IgnPol,Hermas,Ignacio,cristiano,False,0.2,20,34,7,,-0.12463469857454657,no discriminante,-0.13712513810754104,no discriminante,-0.12463469857454657,no discriminante,-0.12463469857454657,no discriminante
impostores,6,0,dia,closed:150,delta,500,none,seven,sblgnt,20,neg:Herm~Lucas(anon),neg_pairs,Herm,Lc|Hch,Hermas,Lucas(anon),cristiano,False,0.0,20,39,2,,-0.15389465658390697,no discriminante,-0.16632998350133485,no discriminante,-0.15389465658390697,no discriminante,-0.15389465658390697,no discriminante
impostores,6,0,dia,closed:150,delta,500,none,seven,sblgnt,20,neg:IgnRom~Lucas(anon),neg_pairs,IgnRom,Lc|Hch,Ignacio,Lucas(anon),cristiano,False,0.0,20,33,2,,-0.15389465658390697,no discriminante,-0.16632998350133485,no discriminante,-0.15389465658390697,no discriminante,-0.15389465658390697,no discriminante
impostores,6,0,dia,closed:150,delta,500,none,seven,sblgnt,20,neg:Jn~Ignacio,neg_pairs,Jn,IgnEf|IgnMagn|IgnTral|IgnRom|IgnFil|IgnEsm|IgnPol,Juan(anon),Ignacio,cristiano,False,0.1,20,34,7,,-0.14633855923553735,no discriminante,-0.15816124127861936,no discriminante,-0.14633855923553735,no discriminante,-0.14633855923553735,no discriminante
impostores,6,0,dia,closed:150,delta,500,none,seven,sblgnt,20,neg:Jn~Lucas(anon),neg_pairs,Jn,Lc|Hch,Juan(anon),Lucas(anon),cristiano,False,0.15,20,39,2,,-0.13726857091617595,no discriminante,-0.14925332024662508,no discriminante,-0.13726857091617595,no discriminante,-0.13726857091617595,no discriminante
impostores,6,0,dia,closed:150,delta,500,none,seven,sblgnt,20,neg:Lc~Ignacio,neg_pairs,Lc,IgnEf|IgnMagn|IgnTral|IgnRom|IgnFil|IgnEsm|IgnPol,Lucas(anon),Ignacio,cristiano,False,0.2,20,33,7,,-0.12463469857454657,no discriminante,-0.13712513810754104,no discriminante,-0.12463469857454657,no discriminante,-0.12463469857454657,no discriminante
impostores,6,0,dia,closed:150,delta,500,none,seven,sblgnt,20,neg:PolFil~Ignacio,neg_pairs,PolFil,IgnEf|IgnMagn|IgnTral|IgnRom|IgnFil|IgnEsm|IgnPol,Policarpo,Ignacio,cristiano,True,0.4,20,34,7,,-0.037560002308326436,no discriminante,-0.05680874596501695,no discriminante,-0.037560002308326436,no discriminante,-0.037560002308326436,no discriminante
impostores,6,0,dia,closed:150,delta,500,none,seven,sblgnt,20,neg:PolFil~Lucas(anon),neg_pairs,PolFil,Lc|Hch,Policarpo,Lucas(anon),cristiano,False,0.0,20,39,2,,-0.15389465658390697,no discriminante,-0.16632998350133485,no discriminante,-0.15389465658390697,no discriminante,-0.15389465658390697,no discriminante
impostores,6,0,dia,closed:150,delta,500,none,seven,sblgnt,20,pseudo:2Clem,pseudo_pairs,2Clem,1Clem,Ps-Clemente,Clemente Romano,cristiano,False,0.0,20,40,1,,-0.15389465658390697,no discriminante,-0.16632998350133485,no discriminante,-0.15389465658390697,no discriminante,-0.15389465658390697,no discriminante
impostores,6,0,dia,closed:150,delta,500,none,seven,sblgnt,20,pseudo:3Cor,pseudo_pairs,3Cor,Rom|1Cor|2Cor|Gal|Flp|1Tes|Flm,Ps-Pablo,Pablo,cristiano,True,0.2,20,27,7,,-0.12463469857454657,no discriminante,-0.13712513810754104,no discriminante,-0.12463469857454657,no discriminante,-0.12463469857454657,no discriminante
impostores,6,0,dia,closed:150,delta,500,none,seven,sblgnt,20,negT:Mt,neg_target,Mt,Rom|1Cor|2Cor|Gal|Flp|1Tes|Flm,Mateo(anon),Pablo,cristiano,False,0.05,20,27,7,,-0.15187206392453032,no discriminante,-0.16384744835342485,no discriminante,-0.15187206392453032,no discriminante,-0.15187206392453032,no discriminante
impostores,6,0,dia,closed:150,delta,500,none,seven,sblgnt,20,negT:Mc,neg_target,Mc,Rom|1Cor|2Cor|Gal|Flp|1Tes|Flm,Marcos(anon),Pablo,cristiano,False,0.0,20,27,7,,-0.15389465658390697,no discriminante,-0.16632998350133485,no discriminante,-0.15389465658390697,no discriminante,-0.15389465658390697,no discriminante
impostores,6,0,dia,closed:150,delta,500,none,seven,sblgnt,20,negT:Lc,neg_target,Lc,Rom|1Cor|2Cor|Gal|Flp|1Tes|Flm,Lucas(anon),Pablo,cristiano,False,0.1,20,26,7,,-0.14633855923553735,no discriminante,-0.15816124127861936,no discriminante,-0.14633855923553735,no discriminante,-0.14633855923553735,no discriminante
impostores,6,0,dia,closed:150,delta,500,none,seven,sblgnt,20,negT:Jn,neg_target,Jn,Rom|1Cor|2Cor|Gal|Flp|1Tes|Flm,Juan(anon),Pablo,cristiano,False,0.05,20,27,7,,-0.15187206392453032,no discriminante,-0.16384744835342485,no discriminante,-0.15187206392453032,no discriminante,-0.15187206392453032,no discriminante
impostores,6,0,dia,closed:150,delta,500,none,seven,sblgnt,20,negT:Hch,neg_target,Hch,Rom|1Cor|2Cor|Gal|Flp|1Tes|Flm,Lucas(anon),Pablo,cristiano,False,0.25,20,26,7,,-0.10840284711603072,no discriminante,-0.1217916387406091,no discriminante,-0.10840284711603072,no discriminante,-0.10840284711603072,no discriminante
impostores,6,0,dia,closed:150,delta,500,none,seven,sblgnt,20,negT:Sant,neg_target,Sant,Rom|1Cor|2Cor|Gal|Flp|1Tes|Flm,Santiago(?),Pablo,cristiano,True,0.15,20,27,7,,-0.13726857091617595,no discriminante,-0.14925332024662508,no discriminante,-0.13726857091617595,no discriminante,-0.13726857091617595,no discriminante
impostores,6,0,dia,closed:150,delta,500,none,seven,sblgnt,20,negT:1Pe,neg_target,1Pe,Rom|1Cor|2Cor|Gal|Flp|1Tes|Flm,Pedro(?),Pablo,cristiano,True,0.4,20,26,7,,-0.037560002308326436,no discriminante,-0.05680874596501695,no discriminante,-0.037560002308326436,no discriminante,-0.037560002308326436,no discriminante
impostores,6,0,dia,closed:150,delta,500,none,seven,sblgnt,20,negT:2Pe,neg_target,2Pe,Rom|1Cor|2Cor|Gal|Flp|1Tes|Flm,Pedro(?),Pablo,cristiano,True,0.1,20,26,7,,-0.14633855923553735,no discriminante,-0.15816124127861936,no discriminante,-0.14633855923553735,no discriminante,-0.14633855923553735,no discriminante
impostores,6,0,dia,closed:150,delta,500,none,seven,sblgnt,20,negT:2Jn,neg_target,2Jn,Rom|1Cor|2Cor|Gal|Flp|1Tes|Flm,Juan(presb.),Pablo,cristiano,True,0.15,20,26,7,,-0.13726857091617595,no discriminante,-0.14925332024662508,no discriminante,-0.13726857091617595,no discriminante,-0.13726857091617595,no discriminante
impostores,6,0,dia,closed:150,delta,500,none,seven,sblgnt,20,negT:3Jn,neg_target,3Jn,Rom|1Cor|2Cor|Gal|Flp|1Tes|Flm,Juan(presb.),Pablo,cristiano,True,0.6,20,26,7,,0.11226674680526112,no discriminante,0.07188688037122491,no discriminante,0.11226674680526112,no discriminante,0.11226674680526112,no discriminante
impostores,6,0,dia,closed:150,delta,500,none,seven,sblgnt,20,negT:Jud,neg_target,Jud,Rom|1Cor|2Cor|Gal|Flp|1Tes|Flm,Judas(?),Pablo,cristiano,True,0.05,20,27,7,,-0.15187206392453032,no discriminante,-0.16384744835342485,no discriminante,-0.15187206392453032,no discriminante,-0.15187206392453032,no discriminante
impostores,6,0,dia,closed:150,delta,500,none,seven,sblgnt,20,negT:Ap,neg_target,Ap,Rom|1Cor|2Cor|Gal|Flp|1Tes|Flm,Juan(vidente),Pablo,cristiano,False,0.1,20,27,7,,-0.14633855923553735,no discriminante,-0.15816124127861936,no discriminante,-0.14633855923553735,no discriminante,-0.14633855923553735,no discriminante
impostores,6,0,dia,closed:150,delta,500,none,seven,sblgnt,20,negT:1Clem,neg_target,1Clem,Rom|1Cor|2Cor|Gal|Flp|1Tes|Flm,Clemente Romano,Pablo,cristiano,True,0.05,20,27,7,,-0.15187206392453032,no discriminante,-0.16384744835342485,no discriminante,-0.15187206392453032,no discriminante,-0.15187206392453032,no discriminante
impostores,6,0,dia,closed:150,delta,500,none,seven,sblgnt,20,negT:2Clem,neg_target,2Clem,Rom|1Cor|2Cor|Gal|Flp|1Tes|Flm,Ps-Clemente,Pablo,cristiano,False,0.2,20,27,7,,-0.12463469857454657,no discriminante,-0.13712513810754104,no discriminante,-0.12463469857454657,no discriminante,-0.12463469857454657,no discriminante
impostores,6,0,dia,closed:150,delta,500,none,seven,sblgnt,20,negT:IgnEf,neg_target,IgnEf,Rom|1Cor|2Cor|Gal|Flp|1Tes|Flm,Ignacio,Pablo,cristiano,True,0.5,20,21,7,,0.029055994251707472,no discriminante,0.0019250771162889673,no discriminante,0.029055994251707472,no discriminante,0.029055994251707472,no discriminante
impostores,6,0,dia,closed:150,delta,500,none,seven,sblgnt,20,negT:IgnMagn,neg_target,IgnMagn,Rom|1Cor|2Cor|Gal|Flp|1Tes|Flm,Ignacio,Pablo,cristiano,True,0.2,20,21,7,,-0.12463469857454657,no discriminante,-0.13712513810754104,no discriminante,-0.12463469857454657,no discriminante,-0.12463469857454657,no discriminante
impostores,6,0,dia,closed:150,delta,500,none,seven,sblgnt,20,negT:IgnTral,neg_target,IgnTral,Rom|1Cor|2Cor|Gal|Flp|1Tes|Flm,Ignacio,Pablo,cristiano,True,0.5,20,21,7,,0.029055994251707472,no discriminante,0.0019250771162889673,no discriminante,0.029055994251707472,no discriminante,0.029055994251707472,no discriminante
impostores,6,0,dia,closed:150,delta,500,none,seven,sblgnt,20,negT:IgnRom,neg_target,IgnRom,Rom|1Cor|2Cor|Gal|Flp|1Tes|Flm,Ignacio,Pablo,cristiano,True,0.3,20,21,7,,-0.08852660860887847,no discriminante,-0.10327549110875325,no discriminante,-0.08852660860887847,no discriminante,-0.08852660860887847,no discriminante
impostores,6,0,dia,closed:150,delta,500,none,seven,sblgnt,20,negT:IgnFil,neg_target,IgnFil,Rom|1Cor|2Cor|Gal|Flp|1Tes|Flm,Ignacio,Pablo,cristiano,True,0.35,20,21,7,,-0.06494146018609798,no discriminante,-0.08160365071814815,no discriminante,-0.06494146018609798,no discriminante,-0.06494146018609798,no discriminante
impostores,6,0,dia,closed:150,delta,500,none,seven,sblgnt,20,negT:IgnEsm,neg_target,IgnEsm,Rom|1Cor|2Cor|Gal|Flp|1Tes|Flm,Ignacio,Pablo,cristiano,True,0.5,20,21,7,,0.029055994251707472,no discriminante,0.0019250771162889673,no discriminante,0.029055994251707472,no discriminante,0.029055994251707472,no discriminante
impostores,6,0,dia,closed:150,delta,500,none,seven,sblgnt,20,negT:IgnPol,neg_target,IgnPol,Rom|1Cor|2Cor|Gal|Flp|1Tes|Flm,Ignacio,Pablo,cristiano,True,0.35,20,21,7,,-0.06494146018609798,no discriminante,-0.08160365071814815,no discriminante,-0.06494146018609798,no discriminante,-0.06494146018609798,no discriminante
impostores,6,0,dia,closed:150,delta,500,none,seven,sblgnt,20,negT:PolFil,neg_target,PolFil,Rom|1Cor|2Cor|Gal|Flp|1Tes|Flm,Policarpo,Pablo,cristiano,True,0.1,20,27,7,,-0.14633855923553735,no discriminante,-0.15816124127861936,no discriminante,-0.14633855923553735,no discriminante,-0.14633855923553735,no discriminante
impostores,6,0,dia,closed:150,delta,500,none,seven,sblgnt,20,negT:Did,neg_target,Did,Rom|1Cor|2Cor|Gal|Flp|1Tes|Flm,anon,Pablo,cristiano,False,0.15,20,25,7,,-0.13726857091617595,no discriminante,-0.14925332024662508,no discriminante,-0.13726857091617595,no discriminante,-0.13726857091617595,no discriminante
impostores,6,0,dia,closed:150,delta,500,none,seven,sblgnt,20,negT:Bern,neg_target,Bern,Rom|1Cor|2Cor|Gal|Flp|1Tes|Flm,Ps-Bernabé,Pablo,cristiano,False,0.15,20,27,7,,-0.13726857091617595,no discriminante,-0.14925332024662508,no discriminante,-0.13726857091617595,no discriminante,-0.13726857091617595,no discriminante
impostores,6,0,dia,closed:150,delta,500,none,seven,sblgnt,20,negT:Herm,neg_target,Herm,Rom|1Cor|2Cor|Gal|Flp|1Tes|Flm,Hermas,Pablo,cristiano,False,0.05,20,27,7,,-0.15187206392453032,no discriminante,-0.16384744835342485,no discriminante,-0.15187206392453032,no discriminante,-0.15187206392453032,no discriminante
impostores,6,0,dia,closed:150,delta,500,none,seven,sblgnt,20,negT:MartPol,neg_target,MartPol,Rom|1Cor|2Cor|Gal|Flp|1Tes|Flm,anon,Pablo,cristiano,True,0.35,20,25,7,,-0.06494146018609798,no discriminante,-0.08160365071814815,no discriminante,-0.06494146018609798,no discriminante,-0.06494146018609798,no discriminante
impostores,6,0,dia,closed:150,delta,500,none,seven,sblgnt,20,negT:Diogn,neg_target,Diogn,Rom|1Cor|2Cor|Gal|Flp|1Tes|Flm,anon,Pablo,cristiano,False,0.2,20,25,7,,-0.12463469857454657,no discriminante,-0.13712513810754104,no discriminante,-0.12463469857454657,no discriminante,-0.12463469857454657,no discriminante
impostores,6,0,dia,closed:150,delta,500,none,seven,sblgnt,20,negT:3Cor,neg_target,3Cor,Rom|1Cor|2Cor|Gal|Flp|1Tes|Flm,Ps-Pablo,Pablo,cristiano,True,0.25,20,27,7,,-0.10840284711603072,no discriminante,-0.1217916387406091,no discriminante,-0.10840284711603072,no discriminante,-0.10840284711603072,no discriminante
impostores,6,1,dia,closed:150,delta,500,none,seven,sblgnt,20,genre:Lc,genre_pairs,Lc,Hch,Lucas(anon),Lucas(anon) (historia),cristiano,False,0.1,20,40,1,,-0.14633855923553735,no discriminante,-0.15816124127861936,no discriminante,-0.14633855923553735,no discriminante,-0.14633855923553735,no discriminante
impostores,6,1,dia,closed:150,delta,500,none,seven,sblgnt,20,genre:Hch,genre_pairs,Hch,Lc,Lucas(anon),Lucas(anon) (evangelio),cristiano,False,0.1,20,40,1,,-0.14633855923553735,no discriminante,-0.15816124127861936,no discriminante,-0.14633855923553735,no discriminante,-0.14633855923553735,no discriminante
impostores,7,1,dia,closed:150,delta,500,formulae+preformed+otq+reuse,seven,sblgnt,20,pos:IgnEf,pos_pairs,IgnEf,IgnMagn|IgnTral|IgnRom|IgnFil|IgnEsm|IgnPol,Ignacio,Ignacio,cristiano,True,0.6,20,35,6,,0.1661595815122813,no discriminante,0.13071150238261445,no discriminante,0.1661595815122813,no discriminante,0.1661595815122813,no discriminante
impostores,7,1,dia,closed:150,delta,500,formulae+preformed+otq+reuse,seven,sblgnt,20,pos:IgnMagn,pos_pairs,IgnMagn,IgnEf|IgnTral|IgnRom|IgnFil|IgnEsm|IgnPol,Ignacio,Ignacio,cristiano,True,0.45,20,35,6,,0.001970481989890196,no discriminante,-0.026530680160859074,no discriminante,0.001970481989890196,no discriminante,0.001970481989890196,no discriminante
impostores,7,1,dia,closed:150,delta,500,formulae+preformed+otq+reuse,seven,sblgnt,20,pos:IgnTral,pos_pairs,IgnTral,IgnEf|IgnMagn|IgnRom|IgnFil|IgnEsm|IgnPol,Ignacio,Ignacio,cristiano,True,0.6,20,35,6,,0.1661595815122813,no discriminante,0.13071150238261445,no discriminante,0.1661595815122813,no discriminante,0.1661595815122813,no discriminante
impostores,7,1,dia,closed:150,delta,500,formulae+preformed+otq+reuse,seven,sblgnt,20,pos:IgnFil,pos_pairs,IgnFil,IgnEf|IgnMagn|IgnTral|IgnRom|IgnEsm|IgnPol,Ignacio,Ignacio,cristiano,True,0.45,20,35,6,,0.001970481989890196,no discriminante,-0.026530680160859074,no discriminante,0.001970481989890196,no discriminante,0.001970481989890196,no discriminante
impostores,7,1,dia,closed:150,delta,500,formulae+preformed+otq+reuse,seven,sblgnt,20,pos:IgnEsm,pos_pairs,IgnEsm,IgnEf|IgnMagn|IgnTral|IgnRom|IgnFil|IgnPol,Ignacio,Ignacio,cristiano,True,0.35,20,35,6,,-0.07890803738810181,no discriminante,-0.10988541426593688,no discriminante,-0.07890803738810181,no discriminante,-0.07890803738810181,no discriminante
impostores,7,1,dia,closed:150,delta,500,formulae+preformed+otq+reuse,seven,sblgnt,20,pos:IgnPol,pos_pairs,IgnPol,IgnEf|IgnMagn|IgnTral|IgnRom|IgnFil|IgnEsm,Ignacio,Ignacio,cristiano,True,0.45,20,35,6,,0.001970481989890196,no discriminante,-0.026530680160859074,no discriminante,0.001970481989890196,no discriminante,0.001970481989890196,no discriminante
impostores,7,1,dia,closed:150,delta,500,formulae+preformed+otq+reuse,seven,sblgnt,20,pos:Lc,pos_pairs,Lc,Hch,Lucas(anon),Lucas(anon),cristiano,False,0.0,20,40,1,,-0.20093527116941573,no discriminante,-0.24637147064972792,no discriminante,-0.20093527116941573,no discriminante,-0.20093527116941573,no discriminante
impostores,7,1,dia,closed:150,delta,500,formulae+preformed+otq+reuse,seven,sblgnt,20,pos:Hch,pos_pairs,Hch,Lc,Lucas(anon),Lucas(anon),cristiano,False,0.15,20,40,1,,-0.17835169804249126,no discriminante,-0.21930569409558406,no discriminante,-0.17835169804249126,no discriminante,-0.17835169804249126,no discriminante
impostores,7,0,dia,closed:150,delta,500,formulae+preformed+otq+reuse,seven,sblgnt,20,neg:1Clem~Ignacio,neg_pairs,1Clem,IgnEf|IgnMagn|IgnTral|IgnRom|IgnFil|IgnEsm|IgnPol,Clemente Romano,Ignacio,cristiano,True,0.2,20,34,7,,-0.16102286917781053,no discriminante,-0.19952825124433637,no discriminante,-0.16102286917781053,no discriminante,-0.16102286917781053,no discriminante
impostores,7,0,dia,closed:150,delta,500,formulae+preformed+otq+reuse,seven,sblgnt,20,neg:1Clem~Lucas(anon),neg_pairs,1Clem,Lc|Hch,Clemente Romano,Lucas(anon),cristiano,False,0.0,20,39,2,,-0.20093527116941573,no discriminante,-0.24637147064972792,no discriminante,-0.20093527116941573,no discriminante,-0.20093527116941573,no discriminante
impostores,7,0,dia,closed:150,delta,500,formulae+preformed+otq+reuse,seven,sblgnt,20,neg:Herm~Ignacio,neg_pairs,Herm,IgnEf|IgnMagn|IgnTral|IgnRom|IgnFil|IgnEsm|IgnPol,Hermas,Ignacio,cristiano,False,0.0,20,34,7,,-0.20093527116941573,no discriminante,-0.24637147064972792,no discriminante,-0.20093527116941573,no discriminante,-0.20093527116941573,no discriminante
impostores,7,0,dia,closed:150,delta,500,formulae+preformed+otq+reuse,seven,sblgnt,20,neg:Herm~Lucas(anon),neg_pairs,Herm,Lc|Hch,Hermas,Lucas(anon),cristiano,False,0.05,20,39,2,,-0.19827380492404578,no discriminante,-0.24280677869337597,no discriminante,-0.19827380492404578,no discriminante,-0.19827380492404578,no discriminante
impostores,7,0,dia,closed:150,delta,500,formulae+preformed+otq+reuse,seven,sblgnt,20,neg:IgnRom~Lucas(anon),neg_pairs,IgnRom,Lc|Hch,Ignacio,Lucas(anon),cristiano,False,0.0,20,33,2,,-0.20093527116941573,no discriminante,-0.24637147064972792,no discriminante,-0.20093527116941573,no discriminante,-0.20093527116941573,no discriminante
impostores,7,0,dia,closed:150,delta,500,formulae+preformed+otq+reuse,seven,sblgnt,20,neg:Jn~Ignacio,neg_pairs,Jn,IgnEf|IgnMagn|IgnTral|IgnRom|IgnFil|IgnEsm|IgnPol,Juan(anon),Ignacio,cristiano,False,0.1,20,34,7,,-0.1907562877650227,no discriminante,-0.23376809151293423,no discriminante,-0.1907562877650227,no discriminante,-0.1907562877650227,no discriminante
impostores,7,0,dia,closed:150,delta,500,formulae+preformed+otq+reuse,seven,sblgnt,20,neg:Jn~Lucas(anon),neg_pairs,Jn,Lc|Hch,Juan(anon),Lucas(anon),cristiano,False,0.05,20,39,2,,-0.19827380492404578,no discriminante,-0.24280677869337597,no discriminante,-0.19827380492404578,no discriminante,-0.19827380492404578,no discriminante
impostores,7,0,dia,closed:150,delta,500,formulae+preformed+otq+reuse,seven,sblgnt,20,neg:Lc~Ignacio,neg_pairs,Lc,IgnEf|IgnMagn|IgnTral|IgnRom|IgnFil|IgnEsm|IgnPol,Lucas(anon),Ignacio,cristiano,False,0.0,20,33,7,,-0.20093527116941573,no discriminante,-0.24637147064972792,no discriminante,-0.20093527116941573,no discriminante,-0.20093527116941573,no discriminante
impostores,7,0,dia,closed:150,delta,500,formulae+preformed+otq+reuse,seven,sblgnt,20,neg:PolFil~Ignacio,neg_pairs,PolFil,IgnEf|IgnMagn|IgnTral|IgnRom|IgnFil|IgnEsm|IgnPol,Policarpo,Ignacio,cristiano,True,0.4,20,34,7,,-0.041179533914087296,no discriminante,-0.07046412740306725,no discriminante,-0.041179533914087296,no discriminante,-0.041179533914087296,no discriminante
impostores,7,0,dia,closed:150,delta,500,formulae+preformed+otq+reuse,seven,sblgnt,20,neg:PolFil~Lucas(anon),neg_pairs,PolFil,Lc|Hch,Policarpo,Lucas(anon),cristiano,False,0.15,20,39,2,,-0.17835169804249126,no discriminante,-0.21930569409558406,no discriminante,-0.17835169804249126,no discriminante,-0.17835169804249126,no discriminante
impostores,7,0,dia,closed:150,delta,500,formulae+preformed+otq+reuse,seven,sblgnt,20,pseudo:2Clem,pseudo_pairs,2Clem,1Clem,Ps-Clemente,Clemente Romano,cristiano,False,0.05,20,40,1,,-0.19827380492404578,no discriminante,-0.24280677869337597,no discriminante,-0.19827380492404578,no discriminante,-0.19827380492404578,no discriminante
impostores,7,0,dia,closed:150,delta,500,formulae+preformed+otq+reuse,seven,sblgnt,20,pseudo:3Cor,pseudo_pairs,3Cor,Rom|1Cor|2Cor|Gal|Flp|1Tes|Flm,Ps-Pablo,Pablo,cristiano,True,0.25,20,27,7,,-0.13872120527424553,no discriminante,-0.17458511092744083,no discriminante,-0.13872120527424553,no discriminante,-0.13872120527424553,no discriminante
impostores,7,0,dia,closed:150,delta,500,formulae+preformed+otq+reuse,seven,sblgnt,20,negT:Mt,neg_target,Mt,Rom|1Cor|2Cor|Gal|Flp|1Tes|Flm,Mateo(anon),Pablo,cristiano,False,0.15,20,27,7,,-0.17835169804249126,no discriminante,-0.21930569409558406,no discriminante,-0.17835169804249126,no discriminante,-0.17835169804249126,no discriminante
impostores,7,0,dia,closed:150,delta,500,formulae+preformed+otq+reuse,seven,sblgnt,20,negT:Mc,neg_target,Mc,Rom|1Cor|2Cor|Gal|Flp|1Tes|Flm,Marcos(anon),Pablo,cristiano,False,0.05,20,27,7,,-0.19827380492404578,no discriminante,-0.24280677869337597,no discriminante,-0.19827380492404578,no discriminante,-0.19827380492404578,no discriminante
impostores,7,0,dia,closed:150,delta,500,formulae+preformed+otq+reuse,seven,sblgnt,20,negT:Lc,neg_target,Lc,Rom|1Cor|2Cor|Gal|Flp|1Tes|Flm,Lucas(anon),Pablo,cristiano,False,0.0,20,26,7,,-0.20093527116941573,no discriminante,-0.24637147064972792,no discriminante,-0.20093527116941573,no discriminante,-0.20093527116941573,no discriminante
impostores,7,0,dia,closed:150,delta,500,formulae+preformed+otq+reuse,seven,sblgnt,20,negT:Jn,neg_target,Jn,Rom|1Cor|2Cor|Gal|Flp|1Tes|Flm,Juan(anon),Pablo,cristiano,False,0.0,20,27,7,,-0.20093527116941573,no discriminante,-0.24637147064972792,no discriminante,-0.20093527116941573,no discriminante,-0.20093527116941573,no discriminante
impostores,7,0,dia,closed:150,delta,500,formulae+preformed+otq+reuse,seven,sblgnt,20,negT:Hch,neg_target,Hch,Rom|1Cor|2Cor|Gal|Flp|1Tes|Flm,Lucas(anon),Pablo,cristiano,False,0.1,20,26,7,,-0.1907562877650227,no discriminante,-0.23376809151293423,no discriminante,-0.1907562877650227,no discriminante,-0.1907562877650227,no discriminante
impostores,7,0,dia,closed:150,delta,500,formulae+preformed+otq+reuse,seven,sblgnt,20,negT:Sant,neg_target,Sant,Rom|1Cor|2Cor|Gal|Flp|1Tes|Flm,Santiago(?),Pablo,cristiano,True,0.2,20,27,7,,-0.16102286917781053,no discriminante,-0.19952825124433637,no discriminante,-0.16102286917781053,no discriminante,-0.16102286917781053,no discriminante
impostores,7,0,dia,closed:150,delta,500,formulae+preformed+otq+reuse,seven,sblgnt,20,negT:1Pe,neg_target,1Pe,Rom|1Cor|2Cor|Gal|Flp|1Tes|Flm,Pedro(?),Pablo,cristiano,True,0.2,20,26,7,,-0.16102286917781053,no discriminante,-0.19952825124433637,no discriminante,-0.16102286917781053,no discriminante,-0.16102286917781053,no discriminante
impostores,7,0,dia,closed:150,delta,500,formulae+preformed+otq+reuse,seven,sblgnt,20,negT:2Pe,neg_target,2Pe,Rom|1Cor|2Cor|Gal|Flp|1Tes|Flm,Pedro(?),Pablo,cristiano,True,0.2,20,26,7,,-0.16102286917781053,no discriminante,-0.19952825124433637,no discriminante,-0.16102286917781053,no discriminante,-0.16102286917781053,no discriminante
impostores,7,0,dia,closed:150,delta,500,formulae+preformed+otq+reuse,seven,sblgnt,20,negT:2Jn,neg_target,2Jn,Rom|1Cor|2Cor|Gal|Flp|1Tes|Flm,Juan(presb.),Pablo,cristiano,True,0.2,20,26,7,,-0.16102286917781053,no discriminante,-0.19952825124433637,no discriminante,-0.16102286917781053,no discriminante,-0.16102286917781053,no discriminante
impostores,7,0,dia,closed:150,delta,500,formulae+preformed+otq+reuse,seven,sblgnt,20,negT:3Jn,neg_target,3Jn,Rom|1Cor|2Cor|Gal|Flp|1Tes|Flm,Juan(presb.),Pablo,cristiano,True,0.2,20,26,7,,-0.16102286917781053,no discriminante,-0.19952825124433637,no discriminante,-0.16102286917781053,no discriminante,-0.16102286917781053,no discriminante
impostores,7,0,dia,closed:150,delta,500,formulae+preformed+otq+reuse,seven,sblgnt,20,negT:Jud,neg_target,Jud,Rom|1Cor|2Cor|Gal|Flp|1Tes|Flm,Judas(?),Pablo,cristiano,True,0.05,20,27,7,,-0.19827380492404578,no discriminante,-0.24280677869337597,no discriminante,-0.19827380492404578,no discriminante,-0.19827380492404578,no discriminante
impostores,7,0,dia,closed:150,delta,500,formulae+preformed+otq+reuse,seven,sblgnt,20,negT:Ap,neg_target,Ap,Rom|1Cor|2Cor|Gal|Flp|1Tes|Flm,Juan(vidente),Pablo,cristiano,False,0.15,20,27,7,,-0.17835169804249126,no discriminante,-0.21930569409558406,no discriminante,-0.17835169804249126,no discriminante,-0.17835169804249126,no discriminante
impostores,7,0,dia,closed:150,delta,500,formulae+preformed+otq+reuse,seven,sblgnt,20,negT:1Clem,neg_target,1Clem,Rom|1Cor|2Cor|Gal|Flp|1Tes|Flm,Clemente Romano,Pablo,cristiano,True,0.0,20,27,7,,-0.20093527116941573,no discriminante,-0.24637147064972792,no discriminante,-0.20093527116941573,no discriminante,-0.20093527116941573,no discriminante
impostores,7,0,dia,closed:150,delta,500,formulae+preformed+otq+reuse,seven,sblgnt,20,negT:2Clem,neg_target,2Clem,Rom|1Cor|2Cor|Gal|Flp|1Tes|Flm,Ps-Clemente,Pablo,cristiano,False,0.2,20,27,7,,-0.16102286917781053,no discriminante,-0.19952825124433637,no discriminante,-0.16102286917781053,no discriminante,-0.16102286917781053,no discriminante
impostores,7,0,dia,closed:150,delta,500,formulae+preformed+otq+reuse,seven,sblgnt,20,negT:IgnEf,neg_target,IgnEf,Rom|1Cor|2Cor|Gal|Flp|1Tes|Flm,Ignacio,Pablo,cristiano,True,0.3,20,21,7,,-0.11138021649639958,no discriminante,-0.1446465384272328,no discriminante,-0.11138021649639958,no discriminante,-0.11138021649639958,no discriminante
impostores,7,0,dia,closed:150,delta,500,formulae+preformed+otq+reuse,seven,sblgnt,20,negT:IgnMagn,neg_target,IgnMagn,Rom|1Cor|2Cor|Gal|Flp|1Tes|Flm,Ignacio,Pablo,cristiano,True,0.1,20,21,7,,-0.1907562877650227,no discriminante,-0.23376809151293423,no discriminante,-0.1907562877650227,no discriminante,-0.1907562877650227,no discriminante
impostores,7,0,dia,closed:150,delta,500,formulae+preformed+otq+reuse,seven,sblgnt,20,negT:IgnTral,neg_target,IgnTral,Rom|1Cor|2Cor|Gal|Flp|1Tes|Flm,Ignacio,Pablo,cristiano,True,0.25,20,21,7,,-0.13872120527424553,no discriminante,-0.17458511092744083,no discriminante,-0.13872120527424553,no discriminante,-0.13872120527424553,no discriminante
impostores,7,0,dia,closed:150,delta,500,formulae+preformed+otq+reuse,seven,sblgnt,20,negT:IgnRom,neg_target,IgnRom,Rom|1Cor|2Cor|Gal|Flp|1Tes|Flm,Ignacio,Pablo,cristiano,True,0.25,20,21,7,,-0.13872120527424553,no discriminante,-0.17458511092744083,no discriminante,-0.13872120527424553,no discriminante,-0.13872120527424553,no discriminante
impostores,7,0,dia,closed:150,delta,500,formulae+preformed+otq+reuse,seven,sblgnt,20,negT:IgnFil,neg_target,IgnFil,Rom|1Cor|2Cor|Gal|Flp|1Tes|Flm,Ignacio,Pablo,cristiano,True,0.2,20,21,7,,-0.16102286917781053,no discriminante,-0.19952825124433637,no discriminante,-0.16102286917781053,no discriminante,-0.16102286917781053,no discriminante
impostores,7,0,dia,closed:150,delta,500,formulae+preformed+otq+reuse,seven,sblgnt,20,negT:IgnEsm,neg_target,IgnEsm,Rom|1Cor|2Cor|Gal|Flp|1Tes|Flm,Ignacio,Pablo,cristiano,True,0.3,20,21,7,,-0.11138021649639958,no discriminante,-0.1446465384272328,no discriminante,-0.11138021649639958,no discriminante,-0.11138021649639958,no discriminante
impostores,7,0,dia,closed:150,delta,500,formulae+preformed+otq+reuse,seven,sblgnt,20,negT:IgnPol,neg_target,IgnPol,Rom|1Cor|2Cor|Gal|Flp|1Tes|Flm,Ignacio,Pablo,cristiano,True,0.3,20,21,7,,-0.11138021649639958,no discriminante,-0.1446465384272328,no discriminante,-0.11138021649639958,no discriminante,-0.11138021649639958,no discriminante
impostores,7,0,dia,closed:150,delta,500,formulae+preformed+otq+reuse,seven,sblgnt,20,negT:PolFil,neg_target,PolFil,Rom|1Cor|2Cor|Gal|Flp|1Tes|Flm,Policarpo,Pablo,cristiano,True,0.05,20,27,7,,-0.19827380492404578,no discriminante,-0.24280677869337597,no discriminante,-0.19827380492404578,no discriminante,-0.19827380492404578,no discriminante
impostores,7,0,dia,closed:150,delta,500,formulae+preformed+otq+reuse,seven,sblgnt,20,negT:Did,neg_target,Did,Rom|1Cor|2Cor|Gal|Flp|1Tes|Flm,anon,Pablo,cristiano,False,0.2,20,25,7,,-0.16102286917781053,no discriminante,-0.19952825124433637,no discriminante,-0.16102286917781053,no discriminante,-0.16102286917781053,no discriminante
impostores,7,0,dia,closed:150,delta,500,formulae+preformed+otq+reuse,seven,sblgnt,20,negT:Bern,neg_target,Bern,Rom|1Cor|2Cor|Gal|Flp|1Tes|Flm,Ps-Bernabé,Pablo,cristiano,False,0.05,20,27,7,,-0.19827380492404578,no discriminante,-0.24280677869337597,no discriminante,-0.19827380492404578,no discriminante,-0.19827380492404578,no discriminante
impostores,7,0,dia,closed:150,delta,500,formulae+preformed+otq+reuse,seven,sblgnt,20,negT:Herm,neg_target,Herm,Rom|1Cor|2Cor|Gal|Flp|1Tes|Flm,Hermas,Pablo,cristiano,False,0.15,20,27,7,,-0.17835169804249126,no discriminante,-0.21930569409558406,no discriminante,-0.17835169804249126,no discriminante,-0.17835169804249126,no discriminante
impostores,7,0,dia,closed:150,delta,500,formulae+preformed+otq+reuse,seven,sblgnt,20,negT:MartPol,neg_target,MartPol,Rom|1Cor|2Cor|Gal|Flp|1Tes|Flm,anon,Pablo,cristiano,True,0.05,20,25,7,,-0.19827380492404578,no discriminante,-0.24280677869337597,no discriminante,-0.19827380492404578,no discriminante,-0.19827380492404578,no discriminante
impostores,7,0,dia,closed:150,delta,500,formulae+preformed+otq+reuse,seven,sblgnt,20,negT:Diogn,neg_target,Diogn,Rom|1Cor|2Cor|Gal|Flp|1Tes|Flm,anon,Pablo,cristiano,False,0.2,20,25,7,,-0.16102286917781053,no discriminante,-0.19952825124433637,no discriminante,-0.16102286917781053,no discriminante,-0.16102286917781053,no discriminante
impostores,7,0,dia,closed:150,delta,500,formulae+preformed+otq+reuse,seven,sblgnt,20,negT:3Cor,neg_target,3Cor,Rom|1Cor|2Cor|Gal|Flp|1Tes|Flm,Ps-Pablo,Pablo,cristiano,True,0.1,20,27,7,,-0.1907562877650227,no discriminante,-0.23376809151293423,no discriminante,-0.1907562877650227,no discriminante,-0.1907562877650227,no discriminante
impostores,7,1,dia,closed:150,delta,500,formulae+preformed+otq+reuse,seven,sblgnt,20,genre:Lc,genre_pairs,Lc,Hch,Lucas(anon),Lucas(anon) (historia),cristiano,False,0.05,20,40,1,,-0.19827380492404578,no discriminante,-0.24280677869337597,no discriminante,-0.19827380492404578,no discriminante,-0.19827380492404578,no discriminante
impostores,7,1,dia,closed:150,delta,500,formulae+preformed+otq+reuse,seven,sblgnt,20,genre:Hch,genre_pairs,Hch,Lc,Lucas(anon),Lucas(anon) (evangelio),cristiano,False,0.1,20,40,1,,-0.1907562877650227,no discriminante,-0.23376809151293423,no discriminante,-0.1907562877650227,no discriminante,-0.1907562877650227,no discriminante
ncd,0,1,dia,ncd,ncd,500,none,seven,sblgnt,5,pos:IgnEf,pos_pairs,IgnEf,IgnMagn|IgnTral|IgnRom|IgnFil|IgnEsm|IgnPol,Ignacio,Ignacio,cristiano,True,1.0,5,35,6,,0.5950857806648739,apoyo débil a H_mismo-autor,0.49425910304755505,apoyo débil a H_mismo-autor,0.5950857806648739,apoyo débil a H_mismo-autor,0.5950857806648739,apoyo débil a H_mismo-autor
ncd,0,1,dia,ncd,ncd,500,none,seven,sblgnt,5,pos:IgnMagn,pos_pairs,IgnMagn,IgnEf|IgnTral|IgnRom|IgnFil|IgnEsm|IgnPol,Ignacio,Ignacio,cristiano,True,1.0,5,35,6,,0.5950857806648739,apoyo débil a H_mismo-autor,0.49425910304755505,apoyo débil a H_mismo-autor,0.5950857806648739,apoyo débil a H_mismo-autor,0.5950857806648739,apoyo débil a H_mismo-autor
ncd,0,1,dia,ncd,ncd,500,none,seven,sblgnt,5,pos:IgnTral,pos_pairs,IgnTral,IgnEf|IgnMagn|IgnRom|IgnFil|IgnEsm|IgnPol,Ignacio,Ignacio,cristiano,True,1.0,5,35,6,,0.5950857806648739,apoyo débil a H_mismo-autor,0.49425910304755505,apoyo débil a H_mismo-autor,0.5950857806648739,apoyo débil a H_mismo-autor,0.5950857806648739,apoyo débil a H_mismo-autor
ncd,0,1,dia,ncd,ncd,500,none,seven,sblgnt,5,pos:IgnFil,pos_pairs,IgnFil,IgnEf|IgnMagn|IgnTral|IgnRom|IgnEsm|IgnPol,Ignacio,Ignacio,cristiano,True,1.0,5,35,6,,0.5950857806648739,apoyo débil a H_mismo-autor,0.49425910304755505,apoyo débil a H_mismo-autor,0.5950857806648739,apoyo débil a H_mismo-autor,0.5950857806648739,apoyo débil a H_mismo-autor
ncd,0,1,dia,ncd,ncd,500,none,seven,sblgnt,5,pos:IgnEsm,pos_pairs,IgnEsm,IgnEf|IgnMagn|IgnTral|IgnRom|IgnFil|IgnPol,Ignacio,Ignacio,cristiano,True,1.0,5,35,6,,0.5950857806648739,apoyo débil a H_mismo-autor,0.49425910304755505,apoyo débil a H_mismo-autor,0.5950857806648739,apoyo débil a H_mismo-autor,0.5950857806648739,apoyo débil a H_mismo-autor
ncd,0,1,dia,ncd,ncd,500,none,seven,sblgnt,5,pos:IgnPol,pos_pairs,IgnPol,IgnEf|IgnMagn|IgnTral|IgnRom|IgnFil|IgnEsm,Ignacio,Ignacio,cristiano,True,1.0,5,35,6,,0.5950857806648739,apoyo débil a H_mismo-autor,0.49425910304755505,apoyo débil a H_mismo-autor,0.5950857806648739,apoyo débil a H_mismo-autor,0.5950857806648739,apoyo débil a H_mismo-autor
ncd,0,1,dia,ncd,ncd,500,none,seven,sblgnt,5,pos:Lc,pos_pairs,Lc,Hch,Lucas(anon),Lucas(anon),cristiano,False,0.2,5,40,1,,-0.2847965975132543,no discriminante,-0.41214665714497206,apoyo débil a H_otro-autor,-0.2847965975132543,no discriminante,-0.2847965975132543,no discriminante
ncd,0,1,dia,ncd,ncd,500,none,seven,sblgnt,5,pos:Hch,pos_pairs,Hch,Lc,Lucas(anon),Lucas(anon),cristiano,False,0.0,5,40,1,,-0.3664707970528265,apoyo débil a H_otro-autor,-0.5909759165266104,apoyo débil a H_otro-autor,-0.3664707970528265,apoyo débil a H_otro-autor,-0.3664707970528265,apoyo débil a H_otro-autor
ncd,0,0,dia,ncd,ncd,500,none,seven,sblgnt,5,neg:1Clem~Ignacio,neg_pairs,1Clem,IgnEf|IgnMagn|IgnTral|IgnRom|IgnFil|IgnEsm|IgnPol,Clemente Romano,Ignacio,cristiano,True,0.0,5,34,7,,-0.3664707970528265,apoyo débil a H_otro-autor,-0.5909759165266104,apoyo débil a H_otro-autor,-0.3664707970528265,apoyo débil a H_otro-autor,-0.3664707970528265,apoyo débil a H_otro-autor
ncd,0,0,dia,ncd,ncd,500,none,seven,sblgnt,5,neg:1Clem~Lucas(anon),neg_pairs,1Clem,Lc|Hch,Clemente Romano,Lucas(anon),cristiano,False,0.0,5,39,2,,-0.3664707970528265,apoyo débil a H_otro-autor,-0.5909759165266104,apoyo débil a H_otro-autor,-0.3664707970528265,apoyo débil a H_otro-autor,-0.3664707970528265,apoyo débil a H_otro-autor
ncd,0,0,dia,ncd,ncd,500,none,seven,sblgnt,5,neg:Herm~Ignacio,neg_pairs,Herm,IgnEf|IgnMagn|IgnTral|IgnRom|IgnFil|IgnEsm|IgnPol,Hermas,Ignacio,cristiano,False,0.0,5,34,7,,-0.3664707970528265,apoyo débil a H_otro-autor,-0.5909759165266104,apoyo débil a H_otro-autor,-0.3664707970528265,apoyo débil a H_otro-autor,-0.3664707970528265,apoyo débil a H_otro-autor
ncd,0,0,dia,ncd,ncd,500,none,seven,sblgnt,5,neg:Herm~Lucas(anon),neg_pairs,Herm,Lc|Hch,Hermas,Lucas(anon),cristiano,False,0.0,5,39,2,,-0.3664707970528265,apoyo débil a H_otro-autor,-0.5909759165266104,apoyo débil a H_otro-autor,-0.3664707970528265,apoyo débil a H_otro-autor,-0.3664707970528265,apoyo débil a H_otro-autor
ncd,0,0,dia,ncd,ncd,500,none,seven,sblgnt,5,neg:IgnRom~Lucas(anon),neg_pairs,IgnRom,Lc|Hch,Ignacio,Lucas(anon),cristiano,False,0.0,5,33,2,,-0.3664707970528265,apoyo débil a H_otro-autor,-0.5909759165266104,apoyo débil a H_otro-autor,-0.3664707970528265,apoyo débil a H_otro-autor,-0.3664707970528265,apoyo débil a H_otro-autor
ncd,0,0,dia,ncd,ncd,500,none,seven,sblgnt,5,neg:Jn~Ignacio,neg_pairs,Jn,IgnEf|IgnMagn|IgnTral|IgnRom|IgnFil|IgnEsm|IgnPol,Juan(anon),Ignacio,cristiano,False,0.0,5,34,7,,-0.3664707970528265,apoyo débil a H_otro-autor,-0.5909759165266104,apoyo débil a H_otro-autor,-0.3664707970528265,apoyo débil a H_otro-autor,-0.3664707970528265,apoyo débil a H_otro-autor
ncd,0,0,dia,ncd,ncd,500,none,seven,sblgnt,5,neg:Jn~Lucas(anon),neg_pairs,Jn,Lc|Hch,Juan(anon),Lucas(anon),cristiano,False,0.0,5,39,2,,-0.3664707970528265,apoyo débil a H_otro-autor,-0.5909759165266104,apoyo débil a H_otro-autor,-0.3664707970528265,apoyo débil a H_otro-autor,-0.3664707970528265,apoyo débil a H_otro-autor
ncd,0,0,dia,ncd,ncd,500,none,seven,sblgnt,5,neg:Lc~Ignacio,neg_pairs,Lc,IgnEf|IgnMagn|IgnTral|IgnRom|IgnFil|IgnEsm|IgnPol,Lucas(anon),Ignacio,cristiano,False,0.0,5,33,7,,-0.3664707970528265,apoyo débil a H_otro-autor,-0.5909759165266104,apoyo débil a H_otro-autor,-0.3664707970528265,apoyo débil a H_otro-autor,-0.3664707970528265,apoyo débil a H_otro-autor
ncd,0,0,dia,ncd,ncd,500,none,seven,sblgnt,5,neg:PolFil~Ignacio,neg_pairs,PolFil,IgnEf|IgnMagn|IgnTral|IgnRom|IgnFil|IgnEsm|IgnPol,Policarpo,Ignacio,cristiano,True,0.2,5,34,7,,-0.2847965975132543,no discriminante,-0.41214665714497206,apoyo débil a H_otro-autor,-0.2847965975132543,no discriminante,-0.2847965975132543,no discriminante
ncd,0,0,dia,ncd,ncd,500,none,seven,sblgnt,5,neg:PolFil~Lucas(anon),neg_pairs,PolFil,Lc|Hch,Policarpo,Lucas(anon),cristiano,False,0.0,5,39,2,,-0.3664707970528265,apoyo débil a H_otro-autor,-0.5909759165266104,apoyo débil a H_otro-autor,-0.3664707970528265,apoyo débil a H_otro-autor,-0.3664707970528265,apoyo débil a H_otro-autor
ncd,0,0,dia,ncd,ncd,500,none,seven,sblgnt,5,pseudo:2Clem,pseudo_pairs,2Clem,1Clem,Ps-Clemente,Clemente Romano,cristiano,False,0.2,5,40,1,,-0.2847965975132543,no discriminante,-0.41214665714497206,apoyo débil a H_otro-autor,-0.2847965975132543,no discriminante,-0.2847965975132543,no discriminante
ncd,0,0,dia,ncd,ncd,500,none,seven,sblgnt,5,pseudo:3Cor,pseudo_pairs,3Cor,Rom|1Cor|2Cor|Gal|Flp|1Tes|Flm,Ps-Pablo,Pablo,cristiano,True,0.0,5,27,7,,-0.3664707970528265,apoyo débil a H_otro-autor,-0.5909759165266104,apoyo débil a H_otro-autor,-0.3664707970528265,apoyo débil a H_otro-autor,-0.3664707970528265,apoyo débil a H_otro-autor
ncd,0,0,dia,ncd,ncd,500,none,seven,sblgnt,5,negT:Mt,neg_target,Mt,Rom|1Cor|2Cor|Gal|Flp|1Tes|Flm,Mateo(anon),Pablo,cristiano,False,0.0,5,27,7,,-0.3664707970528265,apoyo débil a H_otro-autor,-0.5909759165266104,apoyo débil a H_otro-autor,-0.3664707970528265,apoyo débil a H_otro-autor,-0.3664707970528265,apoyo débil a H_otro-autor
ncd,0,0,dia,ncd,ncd,500,none,seven,sblgnt,5,negT:Mc,neg_target,Mc,Rom|1Cor|2Cor|Gal|Flp|1Tes|Flm,Marcos(anon),Pablo,cristiano,False,0.2,5,27,7,,-0.2847965975132543,no discriminante,-0.41214665714497206,apoyo débil a H_otro-autor,-0.2847965975132543,no discriminante,-0.2847965975132543,no discriminante
ncd,0,0,dia,ncd,ncd,500,none,seven,sblgnt,5,negT:Lc,neg_target,Lc,Rom|1Cor|2Cor|Gal|Flp|1Tes|Flm,Lucas(anon),Pablo,cristiano,False,0.2,5,26,7,,-0.2847965975132543,no discriminante,-0.41214665714497206,apoyo débil a H_otro-autor,-0.2847965975132543,no discriminante,-0.2847965975132543,no discriminante
ncd,0,0,dia,ncd,ncd,500,none,seven,sblgnt,5,negT:Jn,neg_target,Jn,Rom|1Cor|2Cor|Gal|Flp|1Tes|Flm,Juan(anon),Pablo,cristiano,False,0.0,5,27,7,,-0.3664707970528265,apoyo débil a H_otro-autor,-0.5909759165266104,apoyo débil a H_otro-autor,-0.3664707970528265,apoyo débil a H_otro-autor,-0.3664707970528265,apoyo débil a H_otro-autor
ncd,0,0,dia,ncd,ncd,500,none,seven,sblgnt,5,negT:Hch,neg_target,Hch,Rom|1Cor|2Cor|Gal|Flp|1Tes|Flm,Lucas(anon),Pablo,cristiano,False,0.0,5,26,7,,-0.3664707970528265,apoyo débil a H_otro-autor,-0.5909759165266104,apoyo débil a H_otro-autor,-0.3664707970528265,apoyo débil a H_otro-autor,-0.3664707970528265,apoyo débil a H_otro-autor
ncd,0,0,dia,ncd,ncd,500,none,seven,sblgnt,5,negT:Sant,neg_target,Sant,Rom|1Cor|2Cor|Gal|Flp|1Tes|Flm,Santiago(?),Pablo,cristiano,True,0.6,5,27,7,,0.1822403697922717,no discriminante,0.15231930950504968,no discriminante,0.1822403697922717,no discriminante,0.1822403697922717,no discriminante
ncd,0,0,dia,ncd,ncd,500,none,seven,sblgnt,5,negT:1Pe,neg_target,1Pe,Rom|1Cor|2Cor|Gal|Flp|1Tes|Flm,Pedro(?),Pablo,cristiano,True,0.0,5,26,7,,-0.3664707970528265,apoyo débil a H_otro-autor,-0.5909759165266104,apoyo débil a H_otro-autor,-0.3664707970528265,apoyo débil a H_otro-autor,-0.3664707970528265,apoyo débil a H_otro-autor
ncd,0,0,dia,ncd,ncd,500,none,seven,sblgnt,5,negT:2Pe,neg_target,2Pe,Rom|1Cor|2Cor|Gal|Flp|1Tes|Flm,Pedro(?),Pablo,cristiano,True,0.0,5,26,7,,-0.3664707970528265,apoyo débil a H_otro-autor,-0.5909759165266104,apoyo débil a H_otro-autor,-0.3664707970528265,apoyo débil a H_otro-autor,-0.3664707970528265,apoyo débil a H_otro-autor
ncd,0,0,dia,ncd,ncd,500,none,seven,sblgnt,5,negT:2Jn,neg_target,2Jn,Rom|1Cor|2Cor|Gal|Flp|1Tes|Flm,Juan(presb.),Pablo,cristiano,True,1.0,5,26,7,,0.5950857806648739,apoyo débil a H_mismo-autor,0.49425910304755505,apoyo débil a H_mismo-autor,0.5950857806648739,apoyo débil a H_mismo-autor,0.5950857806648739,apoyo débil a H_mismo-autor
ncd,0,0,dia,ncd,ncd,500,none,seven,sblgnt,5,negT:3Jn,neg_target,3Jn,Rom|1Cor|2Cor|Gal|Flp|1Tes|Flm,Juan(presb.),Pablo,cristiano,True,0.8,5,26,7,,0.4592038256883266,apoyo débil a H_mismo-autor,0.3845200413822627,apoyo débil a H_mismo-autor,0.4592038256883266,apoyo débil a H_mismo-autor,0.4592038256883266,apoyo débil a H_mismo-autor
ncd,0,0,dia,ncd,ncd,500,none,seven,sblgnt,5,negT:Jud,neg_target,Jud,Rom|1Cor|2Cor|Gal|Flp|1Tes|Flm,Judas(?),Pablo,cristiano,True,0.0,5,27,7,,-0.3664707970528265,apoyo débil a H_otro-autor,-0.5909759165266104,apoyo débil a H_otro-autor,-0.3664707970528265,apoyo débil a H_otro-autor,-0.3664707970528265,apoyo débil a H_otro-autor
ncd,0,0,dia,ncd,ncd,500,none,seven,sblgnt,5,negT:Ap,neg_target,Ap,Rom|1Cor|2Cor|Gal|Flp|1Tes|Flm,Juan(vidente),Pablo,cristiano,False,0.4,5,27,7,,-0.09354806329944282,no discriminante,-0.1367501610192868,no discriminante,-0.09354806329944282,no discriminante,-0.09354806329944282,no discriminante
ncd,0,0,dia,ncd,ncd,500,none,seven,sblgnt,5,negT:1Clem,neg_target,1Clem,Rom|1Cor|2Cor|Gal|Flp|1Tes|Flm,Clemente Romano,Pablo,cristiano,True,0.0,5,27,7,,-0.3664707970528265,apoyo débil a H_otro-autor,-0.5909759165266104,apoyo débil a H_otro-autor,-0.3664707970528265,apoyo débil a H_otro-autor,-0.3664707970528265,apoyo débil a H_otro-autor
ncd,0,0,dia,ncd,ncd,500,none,seven,sblgnt,5,negT:2Clem,neg_target,2Clem,Rom|1Cor|2Cor|Gal|Flp|1Tes|Flm,Ps-Clemente,Pablo,cristiano,False,0.0,5,27,7,,-0.3664707970528265,apoyo débil a H_otro-autor,-0.5909759165266104,apoyo débil a H_otro-autor,-0.3664707970528265,apoyo débil a H_otro-autor,-0.3664707970528265,apoyo débil a H_otro-autor
ncd,0,0,dia,ncd,ncd,500,none,seven,sblgnt,5,negT:IgnEf,neg_target,IgnEf,Rom|1Cor|2Cor|Gal|Flp|1Tes|Flm,Ignacio,Pablo,cristiano,True,0.0,5,21,7,,-0.3664707970528265,apoyo débil a H_otro-autor,-0.5909759165266104,apoyo débil a H_otro-autor,-0.3664707970528265,apoyo débil a H_otro-autor,-0.3664707970528265,apoyo débil a H_otro-autor
ncd,0,0,dia,ncd,ncd,500,none,seven,sblgnt,5,negT:IgnMagn,neg_target,IgnMagn,Rom|1Cor|2Cor|Gal|Flp|1Tes|Flm,Ignacio,Pablo,cristiano,True,0.2,5,21,7,,-0.2847965975132543,no discriminante,-0.41214665714497206,apoyo débil a H_otro-autor,-0.2847965975132543,no discriminante,-0.2847965975132543,no discriminante
ncd,0,0,dia,ncd,ncd,500,none,seven,sblgnt,5,negT:IgnTral,neg_target,IgnTral,Rom|1Cor|2Cor|Gal|Flp|1Tes|Flm,Ignacio,Pablo,cristiano,True,0.4,5,21,7,,-0.09354806329944282,no discriminante,-0.1367501610192868,no discriminante,-0.09354806329944282,no discriminante,-0.09354806329944282,no discriminante
ncd,0,0,dia,ncd,ncd,500,none,seven,sblgnt,5,negT:IgnRom,neg_target,IgnRom,Rom|1Cor|2Cor|Gal|Flp|1Tes|Flm,Ignacio,Pablo,cristiano,True,0.2,5,21,7,,-0.2847965975132543,no discriminante,-0.41214665714497206,apoyo débil a H_otro-autor,-0.2847965975132543,no discriminante,-0.2847965975132543,no discriminante
ncd,0,0,dia,ncd,ncd,500,none,seven,sblgnt,5,negT:IgnFil,neg_target,IgnFil,Rom|1Cor|2Cor|Gal|Flp|1Tes|Flm,Ignacio,Pablo,cristiano,True,0.6,5,21,7,,0.1822403697922717,no discriminante,0.15231930950504968,no discriminante,0.1822403697922717,no discriminante,0.1822403697922717,no discriminante
ncd,0,0,dia,ncd,ncd,500,none,seven,sblgnt,5,negT:IgnEsm,neg_target,IgnEsm,Rom|1Cor|2Cor|Gal|Flp|1Tes|Flm,Ignacio,Pablo,cristiano,True,0.0,5,21,7,,-0.3664707970528265,apoyo débil a H_otro-autor,-0.5909759165266104,apoyo débil a H_otro-autor,-0.3664707970528265,apoyo débil a H_otro-autor,-0.3664707970528265,apoyo débil a H_otro-autor
ncd,0,0,dia,ncd,ncd,500,none,seven,sblgnt,5,negT:IgnPol,neg_target,IgnPol,Rom|1Cor|2Cor|Gal|Flp|1Tes|Flm,Ignacio,Pablo,cristiano,True,0.0,5,21,7,,-0.3664707970528265,apoyo débil a H_otro-autor,-0.5909759165266104,apoyo débil a H_otro-autor,-0.3664707970528265,apoyo débil a H_otro-autor,-0.3664707970528265,apoyo débil a H_otro-autor
ncd,0,0,dia,ncd,ncd,500,none,seven,sblgnt,5,negT:PolFil,neg_target,PolFil,Rom|1Cor|2Cor|Gal|Flp|1Tes|Flm,Policarpo,Pablo,cristiano,True,0.0,5,27,7,,-0.3664707970528265,apoyo débil a H_otro-autor,-0.5909759165266104,apoyo débil a H_otro-autor,-0.3664707970528265,apoyo débil a H_otro-autor,-0.3664707970528265,apoyo débil a H_otro-autor
ncd,0,0,dia,ncd,ncd,500,none,seven,sblgnt,5,negT:Did,neg_target,Did,Rom|1Cor|2Cor|Gal|Flp|1Tes|Flm,anon,Pablo,cristiano,False,0.4,5,25,7,,-0.09354806329944282,no discriminante,-0.1367501610192868,no discriminante,-0.09354806329944282,no discriminante,-0.09354806329944282,no discriminante
ncd,0,0,dia,ncd,ncd,500,none,seven,sblgnt,5,negT:Bern,neg_target,Bern,Rom|1Cor|2Cor|Gal|Flp|1Tes|Flm,Ps-Bernabé,Pablo,cristiano,False,0.0,5,27,7,,-0.3664707970528265,apoyo débil a H_otro-autor,-0.5909759165266104,apoyo débil a H_otro-autor,-0.3664707970528265,apoyo débil a H_otro-autor,-0.3664707970528265,apoyo débil a H_otro-autor
ncd,0,0,dia,ncd,ncd,500,none,seven,sblgnt,5,negT:Herm,neg_target,Herm,Rom|1Cor|2Cor|Gal|Flp|1Tes|Flm,Hermas,Pablo,cristiano,False,0.4,5,27,7,,-0.09354806329944282,no discriminante,-0.1367501610192868,no discriminante,-0.09354806329944282,no discriminante,-0.09354806329944282,no discriminante
ncd,0,0,dia,ncd,ncd,500,none,seven,sblgnt,5,negT:MartPol,neg_target,MartPol,Rom|1Cor|2Cor|Gal|Flp|1Tes|Flm,anon,Pablo,cristiano,True,0.0,5,25,7,,-0.3664707970528265,apoyo débil a H_otro-autor,-0.5909759165266104,apoyo débil a H_otro-autor,-0.3664707970528265,apoyo débil a H_otro-autor,-0.3664707970528265,apoyo débil a H_otro-autor
ncd,0,0,dia,ncd,ncd,500,none,seven,sblgnt,5,negT:Diogn,neg_target,Diogn,Rom|1Cor|2Cor|Gal|Flp|1Tes|Flm,anon,Pablo,cristiano,False,0.0,5,25,7,,-0.3664707970528265,apoyo débil a H_otro-autor,-0.5909759165266104,apoyo débil a H_otro-autor,-0.3664707970528265,apoyo débil a H_otro-autor,-0.3664707970528265,apoyo débil a H_otro-autor
ncd,0,0,dia,ncd,ncd,500,none,seven,sblgnt,5,negT:3Cor,neg_target,3Cor,Rom|1Cor|2Cor|Gal|Flp|1Tes|Flm,Ps-Pablo,Pablo,cristiano,True,0.0,5,27,7,,-0.3664707970528265,apoyo débil a H_otro-autor,-0.5909759165266104,apoyo débil a H_otro-autor,-0.3664707970528265,apoyo débil a H_otro-autor,-0.3664707970528265,apoyo débil a H_otro-autor
ncd,0,1,dia,ncd,ncd,500,none,seven,sblgnt,5,genre:Lc,genre_pairs,Lc,Hch,Lucas(anon),Lucas(anon) (historia),cristiano,False,0.0,5,40,1,,-0.3664707970528265,apoyo débil a H_otro-autor,-0.5909759165266104,apoyo débil a H_otro-autor,-0.3664707970528265,apoyo débil a H_otro-autor,-0.3664707970528265,apoyo débil a H_otro-autor
ncd,0,1,dia,ncd,ncd,500,none,seven,sblgnt,5,genre:Hch,genre_pairs,Hch,Lc,Lucas(anon),Lucas(anon) (evangelio),cristiano,False,0.0,5,40,1,,-0.3664707970528265,apoyo débil a H_otro-autor,-0.5909759165266104,apoyo débil a H_otro-autor,-0.3664707970528265,apoyo débil a H_otro-autor,-0.3664707970528265,apoyo débil a H_otro-autor
ncd,1,1,dia,ncd,ncd,500,formulae+preformed+otq+reuse,seven,sblgnt,5,pos:IgnEf,pos_pairs,IgnEf,IgnMagn|IgnTral|IgnRom|IgnFil|IgnEsm|IgnPol,Ignacio,Ignacio,cristiano,True,1.0,5,35,6,,0.6446757998959601,apoyo débil a H_mismo-autor,0.5647715625568162,apoyo débil a H_mismo-autor,0.6446757998959601,apoyo débil a H_mismo-autor,0.6446757998959601,apoyo débil a H_mismo-autor
ncd,1,1,dia,ncd,ncd,500,formulae+preformed+otq+reuse,seven,sblgnt,5,pos:IgnMagn,pos_pairs,IgnMagn,IgnEf|IgnTral|IgnRom|IgnFil|IgnEsm|IgnPol,Ignacio,Ignacio,cristiano,True,1.0,5,35,6,,0.6446757998959601,apoyo débil a H_mismo-autor,0.5647715625568162,apoyo débil a H_mismo-autor,0.6446757998959601,apoyo débil a H_mismo-autor,0.6446757998959601,apoyo débil a H_mismo-autor
ncd,1,1,dia,ncd,ncd,500,formulae+preformed+otq+reuse,seven,sblgnt,5,pos:IgnTral,pos_pairs,IgnTral,IgnEf|IgnMagn|IgnRom|IgnFil|IgnEsm|IgnPol,Ignacio,Ignacio,cristiano,True,1.0,5,35,6,,0.6446757998959601,apoyo débil a H_mismo-autor,0.5647715625568162,apoyo débil a H_mismo-autor,0.6446757998959601,apoyo débil a H_mismo-autor,0.6446757998959601,apoyo débil a H_mismo-autor
ncd,1,1,dia,ncd,ncd,500,formulae+preformed+otq+reuse,seven,sblgnt,5,pos:IgnFil,pos_pairs,IgnFil,IgnEf|IgnMagn|IgnTral|IgnRom|IgnEsm|IgnPol,Ignacio,Ignacio,cristiano,True,1.0,5,35,6,,0.6446757998959601,apoyo débil a H_mismo-autor,0.5647715625568162,apoyo débil a H_mismo-autor,0.6446757998959601,apoyo débil a H_mismo-autor,0.6446757998959601,apoyo débil a H_mismo-autor
ncd,1,1,dia,ncd,ncd,500,formulae+preformed+otq+reuse,seven,sblgnt,5,pos:IgnEsm,pos_pairs,IgnEsm,IgnEf|IgnMagn|IgnTral|IgnRom|IgnFil|IgnPol,Ignacio,Ignacio,cristiano,True,1.0,5,35,6,,0.6446757998959601,apoyo débil a H_mismo-autor,0.5647715625568162,apoyo débil a H_mismo-autor,0.6446757998959601,apoyo débil a H_mismo-autor,0.6446757998959601,apoyo débil a H_mismo-autor
ncd,1,1,dia,ncd,ncd,500,formulae+preformed+otq+reuse,seven,sblgnt,5,pos:IgnPol,pos_pairs,IgnPol,IgnEf|IgnMagn|IgnTral|IgnRom|IgnFil|IgnEsm,Ignacio,Ignacio,cristiano,True,1.0,5,35,6,,0.6446757998959601,apoyo débil a H_mismo-autor,0.5647715625568162,apoyo débil a H_mismo-autor,0.6446757998959601,apoyo débil a H_mismo-autor,0.6446757998959601,apoyo débil a H_mismo-autor
ncd,1,1,dia,ncd,ncd,500,formulae+preformed+otq+reuse,seven,sblgnt,5,pos:Lc,pos_pairs,Lc,Hch,Lucas(anon),Lucas(anon),cristiano,False,0.0,5,40,1,,-0.3788321879567959,apoyo débil a H_otro-autor,-0.613128804709499,apoyo débil a H_otro-autor,-0.3788321879567959,apoyo débil a H_otro-autor,-0.3788321879567959,apoyo débil a H_otro-autor
ncd,1,1,dia,ncd,ncd,500,formulae+preformed+otq+reuse,seven,sblgnt,5,pos:Hch,pos_pairs,Hch,Lc,Lucas(anon),Lucas(anon),cristiano,False,0.0,5,40,1,,-0.3788321879567959,apoyo débil a H_otro-autor,-0.613128804709499,apoyo débil a H_otro-autor,-0.3788321879567959,apoyo débil a H_otro-autor,-0.3788321879567959,apoyo débil a H_otro-autor
ncd,1,0,dia,ncd,ncd,500,formulae+preformed+otq+reuse,seven,sblgnt,5,neg:1Clem~Ignacio,neg_pairs,1Clem,IgnEf|IgnMagn|IgnTral|IgnRom|IgnFil|IgnEsm|IgnPol,Clemente Romano,Ignacio,cristiano,True,0.0,5,34,7,,-0.3788321879567959,apoyo débil a H_otro-autor,-0.613128804709499,apoyo débil a H_otro-autor,-0.3788321879567959,apoyo débil a H_otro-autor,-0.3788321879567959,apoyo débil a H_otro-autor
ncd,1,0,dia,ncd,ncd,500,formulae+preformed+otq+reuse,seven,sblgnt,5,neg:1Clem~Lucas(anon),neg_pairs,1Clem,Lc|Hch,Clemente Romano,Lucas(anon),cristiano,False,0.0,5,39,2,,-0.3788321879567959,apoyo débil a H_otro-autor,-0.613128804709499,apoyo débil a H_otro-autor,-0.3788321879567959,apoyo débil a H_otro-autor,-0.3788321879567959,apoyo débil a H_otro-autor
ncd,1,0,dia,ncd,ncd,500,formulae+preformed+otq+reuse,seven,sblgnt,5,neg:Herm~Ignacio,neg_pairs,Herm,IgnEf|IgnMagn|IgnTral|IgnRom|IgnFil|IgnEsm|IgnPol,Hermas,Ignacio,cristiano,False,0.6,5,34,7,,0.19818613081460953,no discriminante,0.16907398092169848,no discriminante,0.19818613081460953,no discriminante,0.19818613081460953,no discriminante
ncd,1,0,dia,ncd,ncd,500,formulae+preformed+otq+reuse,seven,sblgnt,5,neg:Herm~Lucas(anon),neg_pairs,Herm,Lc|Hch,Hermas,Lucas(anon),cristiano,False,0.0,5,39,2,,-0.3788321879567959,apoyo débil a H_otro-autor,-0.613128804709499,apoyo débil a H_otro-autor,-0.3788321879567959,apoyo débil a H_otro-autor,-0.3788321879567959,apoyo débil a H_otro-autor
ncd,1,0,dia,ncd,ncd,500,formulae+preformed+otq+reuse,seven,sblgnt,5,neg:IgnRom~Lucas(anon),neg_pairs,IgnRom,Lc|Hch,Ignacio,Lucas(anon),cristiano,False,0.0,5,33,2,,-0.3788321879567959,apoyo débil a H_otro-autor,-0.613128804709499,apoyo débil a H_otro-autor,-0.3788321879567959,apoyo débil a H_otro-autor,-0.3788321879567959,apoyo débil a H_otro-autor
ncd,1,0,dia,ncd,ncd,500,formulae+preformed+otq+reuse,seven,sblgnt,5,neg:Jn~Ignacio,neg_pairs,Jn,IgnEf|IgnMagn|IgnTral|IgnRom|IgnFil|IgnEsm|IgnPol,Juan(anon),Ignacio,cristiano,False,0.0,5,34,7,,-0.3788321879567959,apoyo débil a H_otro-autor,-0.613128804709499,apoyo débil a H_otro-autor,-0.3788321879567959,apoyo débil a H_otro-autor,-0.3788321879567959,apoyo débil a H_otro-autor
ncd,1,0,dia,ncd,ncd,500,formulae+preformed+otq+reuse,seven,sblgnt,5,neg:Jn~Lucas(anon),neg_pairs,Jn,Lc|Hch,Juan(anon),Lucas(anon),cristiano,False,0.0,5,39,2,,-0.3788321879567959,apoyo débil a H_otro-autor,-0.613128804709499,apoyo débil a H_otro-autor,-0.3788321879567959,apoyo débil a H_otro-autor,-0.3788321879567959,apoyo débil a H_otro-autor
ncd,1,0,dia,ncd,ncd,500,formulae+preformed+otq+reuse,seven,sblgnt,5,neg:Lc~Ignacio,neg_pairs,Lc,IgnEf|IgnMagn|IgnTral|IgnRom|IgnFil|IgnEsm|IgnPol,Lucas(anon),Ignacio,cristiano,False,0.0,5,33,7,,-0.3788321879567959,apoyo débil a H_otro-autor,-0.613128804709499,apoyo débil a H_otro-autor,-0.3788321879567959,apoyo débil a H_otro-autor,-0.3788321879567959,apoyo débil a H_otro-autor
ncd,1,0,dia,ncd,ncd,500,formulae+preformed+otq+reuse,seven,sblgnt,5,neg:PolFil~Ignacio,neg_pairs,PolFil,IgnEf|IgnMagn|IgnTral|IgnRom|IgnFil|IgnEsm|IgnPol,Policarpo,Ignacio,cristiano,True,0.2,5,34,7,,-0.2948596229417029,no discriminante,-0.4310849099805173,apoyo débil a H_otro-autor,-0.2948596229417029,no discriminante,-0.2948596229417029,no discriminante
ncd,1,0,dia,ncd,ncd,500,formulae+preformed+otq+reuse,seven,sblgnt,5,neg:PolFil~Lucas(anon),neg_pairs,PolFil,Lc|Hch,Policarpo,Lucas(anon),cristiano,False,0.0,5,39,2,,-0.3788321879567959,apoyo débil a H_otro-autor,-0.613128804709499,apoyo débil a H_otro-autor,-0.3788321879567959,apoyo débil a H_otro-autor,-0.3788321879567959,apoyo débil a H_otro-autor
ncd,1,0,dia,ncd,ncd,500,formulae+preformed+otq+reuse,seven,sblgnt,5,pseudo:2Clem,pseudo_pairs,2Clem,1Clem,Ps-Clemente,Clemente Romano,cristiano,False,0.0,5,40,1,,-0.3788321879567959,apoyo débil a H_otro-autor,-0.613128804709499,apoyo débil a H_otro-autor,-0.3788321879567959,apoyo débil a H_otro-autor,-0.3788321879567959,apoyo débil a H_otro-autor
ncd,1,0,dia,ncd,ncd,500,formulae+preformed+otq+reuse,seven,sblgnt,5,pseudo:3Cor,pseudo_pairs,3Cor,Rom|1Cor|2Cor|Gal|Flp|1Tes|Flm,Ps-Pablo,Pablo,cristiano,True,0.0,5,27,7,,-0.3788321879567959,apoyo débil a H_otro-autor,-0.613128804709499,apoyo débil a H_otro-autor,-0.3788321879567959,apoyo débil a H_otro-autor,-0.3788321879567959,apoyo débil a H_otro-autor
ncd,1,0,dia,ncd,ncd,500,formulae+preformed+otq+reuse,seven,sblgnt,5,negT:Mt,neg_target,Mt,Rom|1Cor|2Cor|Gal|Flp|1Tes|Flm,Mateo(anon),Pablo,cristiano,False,0.0,5,27,7,,-0.3788321879567959,apoyo débil a H_otro-autor,-0.613128804709499,apoyo débil a H_otro-autor,-0.3788321879567959,apoyo débil a H_otro-autor,-0.3788321879567959,apoyo débil a H_otro-autor
ncd,1,0,dia,ncd,ncd,500,formulae+preformed+otq+reuse,seven,sblgnt,5,negT:Mc,neg_target,Mc,Rom|1Cor|2Cor|Gal|Flp|1Tes|Flm,Marcos(anon),Pablo,cristiano,False,0.0,5,27,7,,-0.3788321879567959,apoyo débil a H_otro-autor,-0.613128804709499,apoyo débil a H_otro-autor,-0.3788321879567959,apoyo débil a H_otro-autor,-0.3788321879567959,apoyo débil a H_otro-autor
ncd,1,0,dia,ncd,ncd,500,formulae+preformed+otq+reuse,seven,sblgnt,5,negT:Lc,neg_target,Lc,Rom|1Cor|2Cor|Gal|Flp|1Tes|Flm,Lucas(anon),Pablo,cristiano,False,0.0,5,26,7,,-0.3788321879567959,apoyo débil a H_otro-autor,-0.613128804709499,apoyo débil a H_otro-autor,-0.3788321879567959,apoyo débil a H_otro-autor,-0.3788321879567959,apoyo débil a H_otro-autor
ncd,1,0,dia,ncd,ncd,500,formulae+preformed+otq+reuse,seven,sblgnt,5,negT:Jn,neg_target,Jn,Rom|1Cor|2Cor|Gal|Flp|1Tes|Flm,Juan(anon),Pablo,cristiano,False,0.4,5,27,7,,-0.0949985795332071,no discriminante,-0.14377120771526136,no discriminante,-0.0949985795332071,no discriminante,-0.0949985795332071,no discriminante
ncd,1,0,dia,ncd,ncd,500,formulae+preformed+otq+reuse,seven,sblgnt,5,negT:Hch,neg_target,Hch,Rom|1Cor|2Cor|Gal|Flp|1Tes|Flm,Lucas(anon),Pablo,cristiano,False,0.2,5,26,7,,-0.2948596229417029,no discriminante,-0.4310849099805173,apoyo débil a H_otro-autor,-0.2948596229417029,no discriminante,-0.2948596229417029,no discriminante
ncd,1,0,dia,ncd,ncd,500,formulae+preformed+otq+reuse,seven,sblgnt,5,negT:Sant,neg_target,Sant,Rom|1Cor|2Cor|Gal|Flp|1Tes|Flm,Santiago(?),Pablo,cristiano,True,0.2,5,27,7,,-0.2948596229417029,no discriminante,-0.4310849099805173,apoyo débil a H_otro-autor,-0.2948596229417029,no discriminante,-0.2948596229417029,no discriminante
ncd,1,0,dia,ncd,ncd,500,formulae+preformed+otq+reuse,seven,sblgnt,5,negT:1Pe,neg_target,1Pe,Rom|1Cor|2Cor|Gal|Flp|1Tes|Flm,Pedro(?),Pablo,cristiano,True,0.0,5,26,7,,-0.3788321879567959,apoyo débil a H_otro-autor,-0.613128804709499,apoyo débil a H_otro-autor,-0.3788321879567959,apoyo débil a H_otro-autor,-0.3788321879567959,apoyo débil a H_otro-autor
ncd,1,0,dia,ncd,ncd,500,formulae+preformed+otq+reuse,seven,sblgnt,5,negT:2Pe,neg_target,2Pe,Rom|1Cor|2Cor|Gal|Flp|1Tes|Flm,Pedro(?),Pablo,cristiano,True,0.0,5,26,7,,-0.3788321879567959,apoyo débil a H_otro-autor,-0.613128804709499,apoyo débil a H_otro-autor,-0.3788321879567959,apoyo débil a H_otro-autor,-0.3788321879567959,apoyo débil a H_otro-autor
ncd,1,0,dia,ncd,ncd,500,formulae+preformed+otq+reuse,seven,sblgnt,5,negT:2Jn,neg_target,2Jn,Rom|1Cor|2Cor|Gal|Flp|1Tes|Flm,Juan(presb.),Pablo,cristiano,True,1.0,5,26,7,,0.6446757998959601,apoyo débil a H_mismo-autor,0.5647715625568162,apoyo débil a H_mismo-autor,0.6446757998959601,apoyo débil a H_mismo-autor,0.6446757998959601,apoyo débil a H_mismo-autor
ncd,1,0,dia,ncd,ncd,500,formulae+preformed+otq+reuse,seven,sblgnt,5,negT:3Jn,neg_target,3Jn,Rom|1Cor|2Cor|Gal|Flp|1Tes|Flm,Juan(presb.),Pablo,cristiano,True,1.0,5,26,7,,0.6446757998959601,apoyo débil a H_mismo-autor,0.5647715625568162,apoyo débil a H_mismo-autor,0.6446757998959601,apoyo débil a H_mismo-autor,0.6446757998959601,apoyo débil a H_mismo-autor
ncd,1,0,dia,ncd,ncd,500,formulae+preformed+otq+reuse,seven,sblgnt,5,negT:Jud,neg_target,Jud,Rom|1Cor|2Cor|Gal|Flp|1Tes|Flm,Judas(?),Pablo,cristiano,True,0.0,5,27,7,,-0.3788321879567959,apoyo débil a H_otro-autor,-0.613128804709499,apoyo débil a H_otro-autor,-0.3788321879567959,apoyo débil a H_otro-autor,-0.3788321879567959,apoyo débil a H_otro-autor
ncd,1,0,dia,ncd,ncd,500,formulae+preformed+otq+reuse,seven,sblgnt,5,negT:Ap,neg_target,Ap,Rom|1Cor|2Cor|Gal|Flp|1Tes|Flm,Juan(vidente),Pablo,cristiano,False,0.0,5,27,7,,-0.3788321879567959,apoyo débil a H_otro-autor,-0.613128804709499,apoyo débil a H_otro-autor,-0.3788321879567959,apoyo débil a H_otro-autor,-0.3788321879567959,apoyo débil a H_otro-autor
ncd,1,0,dia,ncd,ncd,500,formulae+preformed+otq+reuse,seven,sblgnt,5,negT:1Clem,neg_target,1Clem,Rom|1Cor|2Cor|Gal|Flp|1Tes|Flm,Clemente Romano,Pablo,cristiano,True,0.2,5,27,7,,-0.2948596229417029,no discriminante,-0.4310849099805173,apoyo débil a H_otro-autor,-0.2948596229417029,no discriminante,-0.2948596229417029,no discriminante
ncd,1,0,dia,ncd,ncd,500,formulae+preformed+otq+reuse,seven,sblgnt,5,negT:2Clem,neg_target,2Clem,Rom|1Cor|2Cor|Gal|Flp|1Tes|Flm,Ps-Clemente,Pablo,cristiano,False,0.0,5,27,7,,-0.3788321879567959,apoyo débil a H_otro-autor,-0.613128804709499,apoyo débil a H_otro-autor,-0.3788321879567959,apoyo débil a H_otro-autor,-0.3788321879567959,apoyo débil a H_otro-autor
ncd,1,0,dia,ncd,ncd,500,formulae+preformed+otq+reuse,seven,sblgnt,5,negT:IgnEf,neg_target,IgnEf,Rom|1Cor|2Cor|Gal|Flp|1Tes|Flm,Ignacio,Pablo,cristiano,True,0.2,5,21,7,,-0.2948596229417029,no discriminante,-0.4310849099805173,apoyo débil a H_otro-autor,-0.2948596229417029,no discriminante,-0.2948596229417029,no discriminante
ncd,1,0,dia,ncd,ncd,500,formulae+preformed+otq+reuse,seven,sblgnt,5,negT:IgnMagn,neg_target,IgnMagn,Rom|1Cor|2Cor|Gal|Flp|1Tes|Flm,Ignacio,Pablo,cristiano,True,0.0,5,21,7,,-0.3788321879567959,apoyo débil a H_otro-autor,-0.613128804709499,apoyo débil a H_otro-autor,-0.3788321879567959,apoyo débil a H_otro-autor,-0.3788321879567959,apoyo débil a H_otro-autor
ncd,1,0,dia,ncd,ncd,500,formulae+preformed+otq+reuse,seven,sblgnt,5,negT:IgnTral,neg_target,IgnTral,Rom|1Cor|2Cor|Gal|Flp|1Tes|Flm,Ignacio,Pablo,cristiano,True,0.0,5,21,7,,-0.3788321879567959,apoyo débil a H_otro-autor,-0.613128804709499,apoyo débil a H_otro-autor,-0.3788321879567959,apoyo débil a H_otro-autor,-0.3788321879567959,apoyo débil a H_otro-autor
ncd,1,0,dia,ncd,ncd,500,formulae+preformed+otq+reuse,seven,sblgnt,5,negT:IgnRom,neg_target,IgnRom,Rom|1Cor|2Cor|Gal|Flp|1Tes|Flm,Ignacio,Pablo,cristiano,True,0.0,5,21,7,,-0.3788321879567959,apoyo débil a H_otro-autor,-0.613128804709499,apoyo débil a H_otro-autor,-0.3788321879567959,apoyo débil a H_otro-autor,-0.3788321879567959,apoyo débil a H_otro-autor
ncd,1,0,dia,ncd,ncd,500,formulae+preformed+otq+reuse,seven,sblgnt,5,negT:IgnFil,neg_target,IgnFil,Rom|1Cor|2Cor|Gal|Flp|1Tes|Flm,Ignacio,Pablo,cristiano,True,0.2,5,21,7,,-0.2948596229417029,no discriminante,-0.4310849099805173,apoyo débil a H_otro-autor,-0.2948596229417029,no discriminante,-0.2948596229417029,no discriminante
ncd,1,0,dia,ncd,ncd,500,formulae+preformed+otq+reuse,seven,sblgnt,5,negT:IgnEsm,neg_target,IgnEsm,Rom|1Cor|2Cor|Gal|Flp|1Tes|Flm,Ignacio,Pablo,cristiano,True,0.0,5,21,7,,-0.3788321879567959,apoyo débil a H_otro-autor,-0.613128804709499,apoyo débil a H_otro-autor,-0.3788321879567959,apoyo débil a H_otro-autor,-0.3788321879567959,apoyo débil a H_otro-autor
ncd,1,0,dia,ncd,ncd,500,formulae+preformed+otq+reuse,seven,sblgnt,5,negT:IgnPol,neg_target,IgnPol,Rom|1Cor|2Cor|Gal|Flp|1Tes|Flm,Ignacio,Pablo,cristiano,True,0.4,5,21,7,,-0.0949985795332071,no discriminante,-0.14377120771526136,no discriminante,-0.0949985795332071,no discriminante,-0.0949985795332071,no discriminante
ncd,1,0,dia,ncd,ncd,500,formulae+preformed+otq+reuse,seven,sblgnt,5,negT:PolFil,neg_target,PolFil,Rom|1Cor|2Cor|Gal|Flp|1Tes|Flm,Policarpo,Pablo,cristiano,True,0.2,5,27,7,,-0.2948596229417029,no discriminante,-0.4310849099805173,apoyo débil a H_otro-autor,-0.2948596229417029,no discriminante,-0.2948596229417029,no discriminante
ncd,1,0,dia,ncd,ncd,500,formulae+preformed+otq+reuse,seven,sblgnt,5,negT:Did,neg_target,Did,Rom|1Cor|2Cor|Gal|Flp|1Tes|Flm,anon,Pablo,cristiano,False,0.2,5,25,7,,-0.2948596229417029,no discriminante,-0.4310849099805173,apoyo débil a H_otro-autor,-0.2948596229417029,no discriminante,-0.2948596229417029,no discriminante
ncd,1,0,dia,ncd,ncd,500,formulae+preformed+otq+reuse,seven,sblgnt,5,negT:Bern,neg_target,Bern,Rom|1Cor|2Cor|Gal|Flp|1Tes|Flm,Ps-Bernabé,Pablo,cristiano,False,0.2,5,27,7,,-0.2948596229417029,no discriminante,-0.4310849099805173,apoyo débil a H_otro-autor,-0.2948596229417029,no discriminante,-0.2948596229417029,no discriminante
ncd,1,0,dia,ncd,ncd,500,formulae+preformed+otq+reuse,seven,sblgnt,5,negT:Herm,neg_target,Herm,Rom|1Cor|2Cor|Gal|Flp|1Tes|Flm,Hermas,Pablo,cristiano,False,0.2,5,27,7,,-0.2948596229417029,no discriminante,-0.4310849099805173,apoyo débil a H_otro-autor,-0.2948596229417029,no discriminante,-0.2948596229417029,no discriminante
ncd,1,0,dia,ncd,ncd,500,formulae+preformed+otq+reuse,seven,sblgnt,5,negT:MartPol,neg_target,MartPol,Rom|1Cor|2Cor|Gal|Flp|1Tes|Flm,anon,Pablo,cristiano,True,0.0,5,25,7,,-0.3788321879567959,apoyo débil a H_otro-autor,-0.613128804709499,apoyo débil a H_otro-autor,-0.3788321879567959,apoyo débil a H_otro-autor,-0.3788321879567959,apoyo débil a H_otro-autor
ncd,1,0,dia,ncd,ncd,500,formulae+preformed+otq+reuse,seven,sblgnt,5,negT:Diogn,neg_target,Diogn,Rom|1Cor|2Cor|Gal|Flp|1Tes|Flm,anon,Pablo,cristiano,False,0.0,5,25,7,,-0.3788321879567959,apoyo débil a H_otro-autor,-0.613128804709499,apoyo débil a H_otro-autor,-0.3788321879567959,apoyo débil a H_otro-autor,-0.3788321879567959,apoyo débil a H_otro-autor
ncd,1,0,dia,ncd,ncd,500,formulae+preformed+otq+reuse,seven,sblgnt,5,negT:3Cor,neg_target,3Cor,Rom|1Cor|2Cor|Gal|Flp|1Tes|Flm,Ps-Pablo,Pablo,cristiano,True,0.0,5,27,7,,-0.3788321879567959,apoyo débil a H_otro-autor,-0.613128804709499,apoyo débil a H_otro-autor,-0.3788321879567959,apoyo débil a H_otro-autor,-0.3788321879567959,apoyo débil a H_otro-autor
ncd,1,1,dia,ncd,ncd,500,formulae+preformed+otq+reuse,seven,sblgnt,5,genre:Lc,genre_pairs,Lc,Hch,Lucas(anon),Lucas(anon) (historia),cristiano,False,0.0,5,40,1,,-0.3788321879567959,apoyo débil a H_otro-autor,-0.613128804709499,apoyo débil a H_otro-autor,-0.3788321879567959,apoyo débil a H_otro-autor,-0.3788321879567959,apoyo débil a H_otro-autor
ncd,1,1,dia,ncd,ncd,500,formulae+preformed+otq+reuse,seven,sblgnt,5,genre:Hch,genre_pairs,Hch,Lc,Lucas(anon),Lucas(anon) (evangelio),cristiano,False,0.2,5,40,1,,-0.2948596229417029,no discriminante,-0.4310849099805173,apoyo débil a H_otro-autor,-0.2948596229417029,no discriminante,-0.2948596229417029,no discriminante
