family,spec_index,label,dia,features,metric,window,mask,core,edition,iters,target,kind,score,log10lr,log10lr_epistolar,log10lr_cristiana,log10lr_cj,valid,valid_epist,margin_median,nearest_impostor
dirichlet,0,dirichlet|dia|mfw:300|dirmult|w500|mnone|seven|tischendorf,dia,mfw:300,dirmult,500,none,seven,tischendorf,300,Rom,core_loo,0.7933333333333333,2.0677554578804194,1.874620086900044,1.5857799668530634,1.6784511138560558,True,True,15.516048691157039,Pedro(?)
dirichlet,0,dirichlet|dia|mfw:300|dirmult|w500|mnone|seven|tischendorf,dia,mfw:300,dirmult,500,none,seven,tischendorf,300,1Cor,core_loo,0.7166666666666667,1.7921113188976163,1.5793880426652807,1.3200205690533147,1.4106742474370375,True,True,8.820464337826252,Santiago(?)
dirichlet,0,dirichlet|dia|mfw:300|dirmult|w500|mnone|seven|tischendorf,dia,mfw:300,dirmult,500,none,seven,tischendorf,300,2Cor,core_loo,0.9833333333333333,2.465936281611297,2.3736805071500653,1.9475452484779558,2.0445966106662974,True,True,23.11694752827077,Pedro(?)
dirichlet,0,dirichlet|dia|mfw:300|dirmult|w500|mnone|seven|tischendorf,dia,mfw:300,dirmult,500,none,seven,tischendorf,300,Gal,core_loo,0.9266666666666666,2.4121438609525123,2.2897936695821595,1.8977546702335413,1.9941171692269057,True,True,19.376941377756907,Pedro(?)
dirichlet,0,dirichlet|dia|mfw:300|dirmult|w500|mnone|seven|tischendorf,dia,mfw:300,dirmult,500,none,seven,tischendorf,300,Flp,core_loo,0.86,2.2705993303174266,2.1033074937375438,1.7702915997348891,1.8648257195999935,True,True,10.226155451644672,Pedro(?)
dirichlet,0,dirichlet|dia|mfw:300|dirmult|w500|mnone|seven|tischendorf,dia,mfw:300,dirmult,500,none,seven,tischendorf,300,1Tes,core_loo,0.94,2.430728603789184,2.3176015043703813,1.9147631327649737,2.0113872536392896,True,True,9.792928165807098,Ps-Ignacio
dirichlet,0,dirichlet|dia|mfw:300|dirmult|w500|mnone|seven|tischendorf,dia,mfw:300,dirmult,500,none,seven,tischendorf,300,Flm,core_loo,0.5266666666666666,0.9125310318204882,0.6487656342716903,0.49844134882081714,0.5648290003694354,True,True,3.8036143829789353,Ignacio
dirichlet,0,dirichlet|dia|mfw:300|dirmult|w500|mnone|seven|tischendorf,dia,mfw:300,dirmult,500,none,seven,tischendorf,300,Ef,target,0.7166666666666667,1.7921113188976163,1.5793880426652807,1.3200205690533147,1.4106742474370375,True,True,5.036877313171772,Ps-Ignacio
dirichlet,0,dirichlet|dia|mfw:300|dirmult|w500|mnone|seven|tischendorf,dia,mfw:300,dirmult,500,none,seven,tischendorf,300,Col,target,0.53,0.9309551782949198,0.6668969497510926,0.5134759073566705,0.5806205527347197,True,True,0.5859162122811767,Ignacio
dirichlet,0,dirichlet|dia|mfw:300|dirmult|w500|mnone|seven|tischendorf,dia,mfw:300,dirmult,500,none,seven,tischendorf,300,2Tes,target,0.5666666666666667,1.1279248479008015,0.8646896310375137,0.6799619813988311,0.7548132749510122,True,True,1.6380847045652445,Ps-Ignacio
dirichlet,0,dirichlet|dia|mfw:300|dirmult|w500|mnone|seven|tischendorf,dia,mfw:300,dirmult,500,none,seven,tischendorf,300,1Tim,target,0.8566666666666667,2.261666020054305,2.0925809489457823,1.7622771420174557,1.8567106626947674,True,True,6.6624368616766105,Ps-Clemente
dirichlet,0,dirichlet|dia|mfw:300|dirmult|w500|mnone|seven|tischendorf,dia,mfw:300,dirmult,500,none,seven,tischendorf,300,2Tim,target,0.9266666666666666,2.4121438609525123,2.2897936695821595,1.8977546702335413,1.9941171692269057,True,True,5.800049057409296,Ps-Ignacio
dirichlet,0,dirichlet|dia|mfw:300|dirmult|w500|mnone|seven|tischendorf,dia,mfw:300,dirmult,500,none,seven,tischendorf,300,Tit,target,0.5966666666666667,1.2791439352637284,1.0221526694551757,0.8158942005987843,0.8960031404492592,True,True,1.6984309303900318,Ignacio
dirichlet,0,dirichlet|dia|mfw:300|dirmult|w500|mnone|seven|tischendorf,dia,mfw:300,dirmult,500,none,seven,tischendorf,300,Heb,target,0.06666666666666667,-0.7692123273145764,-0.9818260611640557,-0.6882213925213785,-0.7036216357605849,True,True,-21.723433894844902,Ps-Pablo
dirichlet,1,dirichlet|dia|mfw:300|dirmult|w500|mnone|seven|nestle1904,dia,mfw:300,dirmult,500,none,seven,nestle1904,300,Rom,core_loo,0.8133333333333334,2.036159207018253,1.8454234112569419,1.5727609474947095,1.6599148273433149,True,True,14.032255292011882,Pedro(?)
dirichlet,1,dirichlet|dia|mfw:300|dirmult|w500|mnone|seven|nestle1904,dia,mfw:300,dirmult,500,none,seven,nestle1904,300,1Cor,core_loo,0.7266666666666667,1.8187720205296516,1.6024018454520044,1.3421616272527759,1.432358758063433,True,True,7.564421716404581,Santiago(?)
dirichlet,1,dirichlet|dia|mfw:300|dirmult|w500|mnone|seven|nestle1904,dia,mfw:300,dirmult,500,none,seven,nestle1904,300,2Cor,core_loo,0.9566666666666667,2.198857505343655,2.0476642519705,1.7516269683109724,1.83411418101117,True,True,20.22135651234555,Pedro(?)
dirichlet,1,dirichlet|dia|mfw:300|dirmult|w500|mnone|seven|nestle1904,dia,mfw:300,dirmult,500,none,seven,nestle1904,300,Gal,core_loo,0.8933333333333333,2.155046026714895,1.9879638884068278,1.7013313161130503,1.7853497438790473,True,True,15.965264419594632,Pedro(?)
dirichlet,1,dirichlet|dia|mfw:300|dirmult|w500|mnone|seven|nestle1904,dia,mfw:300,dirmult,500,none,seven,nestle1904,300,Flp,core_loo,0.74,1.8583399920370698,1.646491021489539,1.3841090526370656,1.4740485240228036,True,True,7.469023736852364,Pedro(?)
dirichlet,1,dirichlet|dia|mfw:300|dirmult|w500|mnone|seven|nestle1904,dia,mfw:300,dirmult,500,none,seven,nestle1904,300,1Tes,core_loo,0.76,1.9134718173810195,1.707844573456571,1.442610924247797,1.5319558739616246,True,True,5.813125905467587,Pedro(?)
dirichlet,1,dirichlet|dia|mfw:300|dirmult|w500|mnone|seven|nestle1904,dia,mfw:300,dirmult,500,none,seven,nestle1904,300,Flm,core_loo,0.56,1.1118484237912372,0.8434594714487251,0.6612051809110192,0.7356321697343974,True,True,2.7341406421340935,Ignacio
dirichlet,1,dirichlet|dia|mfw:300|dirmult|w500|mnone|seven|nestle1904,dia,mfw:300,dirmult,500,none,seven,nestle1904,300,Ef,target,0.6533333333333333,1.5581349150018107,1.3123301202077744,1.072104767472736,1.1603304791897522,True,True,3.8357956337295036,Ps-Ignacio
dirichlet,1,dirichlet|dia|mfw:300|dirmult|w500|mnone|seven|nestle1904,dia,mfw:300,dirmult,500,none,seven,nestle1904,300,Col,target,0.41,0.2692057592530906,0.03941347217592073,0.014641066696772028,0.05208897775389178,True,True,-1.1811809012892809,Pedro(?)
dirichlet,1,dirichlet|dia|mfw:300|dirmult|w500|mnone|seven|nestle1904,dia,mfw:300,dirmult,500,none,seven,nestle1904,300,2Tes,target,0.4066666666666667,0.2516140032042832,0.02284130882346218,0.002065906096609929,0.038687160070618724,True,True,-2.7511314437646206,Pedro(?)
dirichlet,1,dirichlet|dia|mfw:300|dirmult|w500|mnone|seven|nestle1904,dia,mfw:300,dirmult,500,none,seven,nestle1904,300,1Tim,target,0.7266666666666667,1.8187720205296516,1.6024018454520044,1.3421616272527759,1.432358758063433,True,True,3.5338187286439506,Pedro(?)
dirichlet,1,dirichlet|dia|mfw:300|dirmult|w500|mnone|seven|nestle1904,dia,mfw:300,dirmult,500,none,seven,nestle1904,300,2Tim,target,0.5833333333333334,1.2348552778668467,0.9680376113704832,0.767619622728497,0.8466383434420371,True,True,1.6292016869610961,Pedro(?)
dirichlet,1,dirichlet|dia|mfw:300|dirmult|w500|mnone|seven|nestle1904,dia,mfw:300,dirmult,500,none,seven,nestle1904,300,Tit,target,0.21,-0.5310844725866121,-0.7364256296244132,-0.5351241014597837,-0.5373984374611369,True,True,-4.981164529527177,Juan(presb.)
dirichlet,1,dirichlet|dia|mfw:300|dirmult|w500|mnone|seven|nestle1904,dia,mfw:300,dirmult,500,none,seven,nestle1904,300,Heb,target,0.03666666666666667,-0.7891615970363587,-1.000723854476166,-0.7016313447224696,-0.7180769123638117,True,True,-21.30784872767788,Ps-Pablo
dirichlet,2,dirichlet|dia|mfw:300|dirmult|w500|mformulae+preformed+otq+reuse|seven|tischendorf,dia,mfw:300,dirmult,500,formulae+preformed+otq+reuse,seven,tischendorf,300,Rom,core_loo,0.89,2.4426337370484483,2.3571685490251286,1.9238819925319373,2.0217936979787328,True,True,17.267047088689765,Pedro(?)
dirichlet,2,dirichlet|dia|mfw:300|dirmult|w500|mformulae+preformed+otq+reuse|seven|tischendorf,dia,mfw:300,dirmult,500,formulae+preformed+otq+reuse,seven,tischendorf,300,1Cor,core_loo,0.7433333333333333,1.9766607240118428,1.7750912687592484,1.4775879269243402,1.573933583198681,True,True,9.464901721900105,Santiago(?)
dirichlet,2,dirichlet|dia|mfw:300|dirmult|w500|mformulae+preformed+otq+reuse|seven|tischendorf,dia,mfw:300,dirmult,500,formulae+preformed+otq+reuse,seven,tischendorf,300,2Cor,core_loo,0.9633333333333334,2.544064636008053,2.5491079171294166,2.0287511802748686,2.126305892422489,True,True,23.40857768101978,Pedro(?)
dirichlet,2,dirichlet|dia|mfw:300|dirmult|w500|mformulae+preformed+otq+reuse|seven|tischendorf,dia,mfw:300,dirmult,500,formulae+preformed+otq+reuse,seven,tischendorf,300,Gal,core_loo,0.97,2.5481857090610474,2.558577887645951,2.0333139540576988,2.130820254405587,True,True,21.28021049286417,Ps-Pablo
dirichlet,2,dirichlet|dia|mfw:300|dirmult|w500|mformulae+preformed+otq+reuse|seven|tischendorf,dia,mfw:300,dirmult,500,formulae+preformed+otq+reuse,seven,tischendorf,300,Flp,core_loo,0.83,2.2859625716247347,2.1355219365000466,1.7732774943918095,1.8709986382419908,True,True,6.305663485790774,Pedro(?)
dirichlet,2,dirichlet|dia|mfw:300|dirmult|w500|mformulae+preformed+otq+reuse|seven|tischendorf,dia,mfw:300,dirmult,500,formulae+preformed+otq+reuse,seven,tischendorf,300,1Tes,core_loo,0.9,2.462558599683276,2.3903175405796366,1.943733717541757,2.041628605229686,True,True,5.778782306494804,Ps-Ignacio
dirichlet,2,dirichlet|dia|mfw:300|dirmult|w500|mformulae+preformed+otq+reuse|seven|tischendorf,dia,mfw:300,dirmult,500,formulae+preformed+otq+reuse,seven,tischendorf,300,Flm,core_loo,1.0,2.55651229969,2.5786982167495935,2.0429526620223135,2.140235853393198,True,True,4.737441063871984,Ignacio
dirichlet,2,dirichlet|dia|mfw:300|dirmult|w500|mformulae+preformed+otq+reuse|seven|tischendorf,dia,mfw:300,dirmult,500,formulae+preformed+otq+reuse,seven,tischendorf,300,Ef,target,0.5433333333333333,1.0217130918190291,0.7505782743666084,0.5840371796564782,0.6554297198125622,True,True,1.6184244927342206,Ps-Ignacio
dirichlet,2,dirichlet|dia|mfw:300|dirmult|w500|mformulae+preformed+otq+reuse|seven|tischendorf,dia,mfw:300,dirmult,500,formulae+preformed+otq+reuse,seven,tischendorf,300,Col,target,0.6966666666666667,1.7846380007276774,1.5614356735770885,1.288269788557291,1.3825461734538433,True,True,2.875951768984237,Ignacio
dirichlet,2,dirichlet|dia|mfw:300|dirmult|w500|mformulae+preformed+otq+reuse|seven|tischendorf,dia,mfw:300,dirmult,500,formulae+preformed+otq+reuse,seven,tischendorf,300,2Tes,target,0.5633333333333334,1.1336393908129,0.8627961727941297,0.6780076957412662,0.7538483213043965,True,True,1.7023938891206853,Ps-Ignacio
dirichlet,2,dirichlet|dia|mfw:300|dirmult|w500|mformulae+preformed+otq+reuse|seven|tischendorf,dia,mfw:300,dirmult,500,formulae+preformed+otq+reuse,seven,tischendorf,300,1Tim,target,0.78,2.1163567659672275,1.9326622138285257,1.6124705179657874,1.7096271698334116,True,True,3.8579745240064653,Ps-Clemente
dirichlet,2,dirichlet|dia|mfw:300|dirmult|w500|mformulae+preformed+otq+reuse|seven|tischendorf,dia,mfw:300,dirmult,500,formulae+preformed+otq+reuse,seven,tischendorf,300,2Tim,target,0.5833333333333334,1.2423443656721533,0.9740966698740992,0.772440779880643,0.8523645009395848,True,True,2.1813895104068024,Pedro(?)
dirichlet,2,dirichlet|dia|mfw:300|dirmult|w500|mformulae+preformed+otq+reuse|seven|tischendorf,dia,mfw:300,dirmult,500,formulae+preformed+otq+reuse,seven,tischendorf,300,Tit,target,1.0,2.55651229969,2.5786982167495935,2.0429526620223135,2.140235853393198,True,True,4.177257500366636,Ignacio
dirichlet,2,dirichlet|dia|mfw:300|dirmult|w500|mformulae+preformed+otq+reuse|seven|tischendorf,dia,mfw:300,dirmult,500,formulae+preformed+otq+reuse,seven,tischendorf,300,Heb,target,0.0033333333333333335,-0.7938946367457218,-1.0203914793027096,-0.7043615571032208,-0.7210474847780725,True,True,-25.13192333155473,Ps-Pablo
dirichlet,3,dirichlet|dia|mfw:300|dirmult|w500|mformulae+preformed+otq+reuse|seven|nestle1904,dia,mfw:300,dirmult,500,formulae+preformed+otq+reuse,seven,nestle1904,300,Rom,core_loo,0.9,2.4074244479472267,2.3144197704881746,1.9137556715789115,2.0054633460049436,True,True,17.173043745635255,Pedro(?)
dirichlet,3,dirichlet|dia|mfw:300|dirmult|w500|mformulae+preformed+otq+reuse|seven|nestle1904,dia,mfw:300,dirmult,500,formulae+preformed+otq+reuse,seven,nestle1904,300,1Cor,core_loo,0.7333333333333333,1.9235264173057405,1.7196294183234833,1.4381896628863413,1.5292726318209866,True,True,8.207540491348595,Santiago(?)
dirichlet,3,dirichlet|dia|mfw:300|dirmult|w500|mformulae+preformed+otq+reuse|seven|nestle1904,dia,mfw:300,dirmult,500,formulae+preformed+otq+reuse,seven,nestle1904,300,2Cor,core_loo,0.91,2.4239070293643565,2.3404701506818775,1.9300719987443955,2.0217750092046085,True,True,16.085124369397022,Pedro(?)
dirichlet,3,dirichlet|dia|mfw:300|dirmult|w500|mformulae+preformed+otq+reuse|seven|nestle1904,dia,mfw:300,dirmult,500,formulae+preformed+otq+reuse,seven,nestle1904,300,Gal,core_loo,0.9266666666666666,2.447551194948252,2.3796438567521947,1.9536997537518863,2.0453843944949854,True,True,19.16155903123763,Ps-Pablo
dirichlet,3,dirichlet|dia|mfw:300|dirmult|w500|mformulae+preformed+otq+reuse|seven|nestle1904,dia,mfw:300,dirmult,500,formulae+preformed+otq+reuse,seven,nestle1904,300,Flp,core_loo,0.7166666666666667,1.8588756691663384,1.64713495709988,1.3727352758799491,1.4634015885166232,True,True,3.593783113482118,Pedro(?)
dirichlet,3,dirichlet|dia|mfw:300|dirmult|w500|mformulae+preformed+otq+reuse|seven|nestle1904,dia,mfw:300,dirmult,500,formulae+preformed+otq+reuse,seven,nestle1904,300,1Tes,core_loo,0.71,1.8323366404036205,1.6174174492340052,1.3458102847513818,1.436257250969424,True,True,3.4415050533289104,Pedro(?)
dirichlet,3,dirichlet|dia|mfw:300|dirmult|w500|mformulae+preformed+otq+reuse|seven|nestle1904,dia,mfw:300,dirmult,500,formulae+preformed+otq+reuse,seven,nestle1904,300,Flm,core_loo,1.0,2.494187064100003,2.465483266966822,2.001869169861579,2.093265458263006,True,True,4.842686705418544,Ignacio
dirichlet,3,dirichlet|dia|mfw:300|dirmult|w500|mformulae+preformed+otq+reuse|seven|nestle1904,dia,mfw:300,dirmult,500,formulae+preformed+otq+reuse,seven,nestle1904,300,Ef,target,0.5033333333333333,0.7923812110984088,0.5295713895138356,0.40266389316067586,0.462880344893916,True,True,0.0806547103527464,Pedro(?)
dirichlet,3,dirichlet|dia|mfw:300|dirmult|w500|mformulae+preformed+otq+reuse|seven|nestle1904,dia,mfw:300,dirmult,500,formulae+preformed+otq+reuse,seven,nestle1904,300,Col,target,0.43666666666666665,0.4113021902236643,0.16654144894394418,0.11560323784408288,0.15941520590442712,True,True,-0.34221670069814536,Pedro(?)
dirichlet,3,dirichlet|dia|mfw:300|dirmult|w500|mformulae+preformed+otq+reuse|seven|nestle1904,dia,mfw:300,dirmult,500,formulae+preformed+otq+reuse,seven,nestle1904,300,2Tes,target,0.2633333333333333,-0.37167689995165143,-0.5936480611380403,-0.43041332131807297,-0.4240200185540282,True,True,-3.341070013201488,Ps-Ignacio
dirichlet,3,dirichlet|dia|mfw:300|dirmult|w500|mformulae+preformed+otq+reuse|seven|nestle1904,dia,mfw:300,dirmult,500,formulae+preformed+otq+reuse,seven,nestle1904,300,1Tim,target,0.65,1.574661654718867,1.3309757617397957,1.0870494512602793,1.1736438058954548,True,True,1.963014013687598,Pedro(?)
dirichlet,3,dirichlet|dia|mfw:300|dirmult|w500|mformulae+preformed+otq+reuse|seven|nestle1904,dia,mfw:300,dirmult,500,formulae+preformed+otq+reuse,seven,nestle1904,300,2Tim,target,0.38,0.11314798458532663,-0.11771750959329291,-0.09796755529465308,-0.06780157182981827,True,True,-2.613664046129202,Pedro(?)
dirichlet,3,dirichlet|dia|mfw:300|dirmult|w500|mformulae+preformed+otq+reuse|seven|nestle1904,dia,mfw:300,dirmult,500,formulae+preformed+otq+reuse,seven,nestle1904,300,Tit,target,0.5533333333333333,1.0788788285946365,0.8102498297415011,0.6346177748097349,0.7061228974641064,True,True,0.11048685087939702,Juan(presb.)
dirichlet,3,dirichlet|dia|mfw:300|dirmult|w500|mformulae+preformed+otq+reuse|seven|nestle1904,dia,mfw:300,dirmult,500,formulae+preformed+otq+reuse,seven,nestle1904,300,Heb,target,0.01,-0.7910354618141688,-1.0271381056197242,-0.7020078241144844,-0.718415893485853,True,True,-24.199915619310673,Ps-Pablo
impostores,0,dia|mfw:300|minmax|w500|mnone|seven|tischendorf,dia,mfw:300,minmax,500,none,seven,tischendorf,300,Rom,core_loo,0.83,0.796963208517079,1.0771394305154054,0.6505089262187091,0.7016879852795933,True,True,0.03742022726713917,2Clem
impostores,0,dia|mfw:300|minmax|w500|mnone|seven|tischendorf,dia,mfw:300,minmax,500,none,seven,tischendorf,300,1Cor,core_loo,0.81,0.7539579510178139,1.0418617510328727,0.6123095127521138,0.6625131482811946,True,True,0.034184800301481466,IgnEsm
impostores,0,dia|mfw:300|minmax|w500|mnone|seven|tischendorf,dia,mfw:300,minmax,500,none,seven,tischendorf,300,2Cor,core_loo,0.92,0.970418343889401,1.205723044400271,0.7892665341573041,0.8448885109975254,True,True,0.055938921819779386,3Cor
impostores,0,dia|mfw:300|minmax|w500|mnone|seven|tischendorf,dia,mfw:300,minmax,500,none,seven,tischendorf,300,Gal,core_loo,0.8066666666666666,0.7467860893282968,1.0358222232117769,0.6057887492106498,0.6558345440947057,True,True,0.02969150360255013,1Pe
impostores,0,dia|mfw:300|minmax|w500|mnone|seven|tischendorf,dia,mfw:300,minmax,500,none,seven,tischendorf,300,Flp,core_loo,0.86,0.8602105714426262,1.1263866985352182,0.7039151183659097,0.7566211247914174,True,True,0.05623062157029879,Bas_Ep#139
impostores,0,dia|mfw:300|minmax|w500|mnone|seven|tischendorf,dia,mfw:300,minmax,500,none,seven,tischendorf,300,1Tes,core_loo,0.7766666666666666,0.6827885291551106,0.9796783723654208,0.5456757190831601,0.5943699245203096,True,True,0.03327819024735412,IgnLong#3
impostores,0,dia|mfw:300|minmax|w500|mnone|seven|tischendorf,dia,mfw:300,minmax,500,none,seven,tischendorf,300,Flm,core_loo,0.9033333333333333,0.9432431397315536,1.186870372093577,0.7691165570717224,0.8239910878151292,True,True,0.055417768219943986,IgnFil
impostores,0,dia|mfw:300|minmax|w500|mnone|seven|tischendorf,dia,mfw:300,minmax,500,none,seven,tischendorf,300,Ef,target,0.7966666666666666,0.7253167964096194,1.0174542981402348,0.5860096644891719,0.6355909127543405,True,True,0.039876127648073245,IgnMagn
impostores,0,dia|mfw:300|minmax|w500|mnone|seven|tischendorf,dia,mfw:300,minmax,500,none,seven,tischendorf,300,Col,target,0.74,0.6073261867095358,0.907125706421532,0.470298464973344,0.5175058959264168,True,True,0.031148440995475368,PolFil
impostores,0,dia|mfw:300|minmax|w500|mnone|seven|tischendorf,dia,mfw:300,minmax,500,none,seven,tischendorf,300,2Tes,target,0.77,0.668791025278278,0.9667977812389409,0.532062847530999,0.5804738742840478,True,True,0.033559907884734785,IgnFil
impostores,0,dia|mfw:300|minmax|w500|mnone|seven|tischendorf,dia,mfw:300,minmax,500,none,seven,tischendorf,300,1Tim,target,0.8333333333333334,0.804098311497332,1.0828454487484278,0.6566981341093642,0.7080439167782846,True,True,0.04317760775699775,PolFil
impostores,0,dia|mfw:300|minmax|w500|mnone|seven|tischendorf,dia,mfw:300,minmax,500,none,seven,tischendorf,300,2Tim,target,0.8666666666666667,0.873819223378616,1.1366095224170594,0.7149802668377945,0.7680291993989271,True,True,0.03767874328139398,IgnFil
impostores,0,dia|mfw:300|minmax|w500|mnone|seven|tischendorf,dia,mfw:300,minmax,500,none,seven,tischendorf,300,Tit,target,0.8466666666666667,0.8324216007917795,1.1051109173123725,0.6808532079966474,0.7328747045110313,True,True,0.04356358527672011,IgnLong#8
impostores,0,dia|mfw:300|minmax|w500|mnone|seven|tischendorf,dia,mfw:300,minmax,500,none,seven,tischendorf,300,Heb,target,0.35,-0.0814983194469641,-0.352923261616208,-0.18210813390468442,-0.16977762480003297,True,True,-0.015508167332531908,PsPhal#69-70
impostores,1,dia|mfw:300|minmax|w500|mnone|seven|nestle1904,dia,mfw:300,minmax,500,none,seven,nestle1904,300,Rom,core_loo,0.8633333333333333,0.8613460351412751,1.127493238218744,0.7045033347513593,0.7537383421943666,True,True,0.042302215093849405,Bas_Ep#300
impostores,1,dia|mfw:300|minmax|w500|mnone|seven|nestle1904,dia,mfw:300,minmax,500,none,seven,nestle1904,300,1Cor,core_loo,0.77,0.6627548447628792,0.9547558947343574,0.5264265519033713,0.5723725425476587,True,True,0.031451366902951694,1Pe
impostores,1,dia|mfw:300|minmax|w500|mnone|seven|nestle1904,dia,mfw:300,minmax,500,none,seven,nestle1904,300,2Cor,core_loo,0.9033333333333333,0.9385624530913435,1.1872460038412942,0.7651925382756818,0.8161202868052708,True,True,0.04913573897127094,1Pe
impostores,1,dia|mfw:300|minmax|w500|mnone|seven|nestle1904,dia,mfw:300,minmax,500,none,seven,nestle1904,300,Gal,core_loo,0.84,0.8122171533242329,1.0875897567660127,0.6634490192600326,0.7117265680495407,True,True,0.03879196529195905,1Pe
impostores,1,dia|mfw:300|minmax|w500|mnone|seven|nestle1904,dia,mfw:300,minmax,500,none,seven,nestle1904,300,Flp,core_loo,0.8433333333333334,0.8193325385479766,1.093466984596136,0.6695142557622241,0.7179245429274222,True,True,0.05168500458723996,IgnFil
impostores,1,dia|mfw:300|minmax|w500|mnone|seven|nestle1904,dia,mfw:300,minmax,500,none,seven,nestle1904,300,1Tes,core_loo,0.7366666666666667,0.5953595101914637,0.8869291310713325,0.45842212415379985,0.503563400156748,True,True,0.03554515995435159,1Pe
impostores,1,dia|mfw:300|minmax|w500|mnone|seven|nestle1904,dia,mfw:300,minmax,500,none,seven,nestle1904,300,Flm,core_loo,0.8733333333333333,0.8817124842302628,1.1435913356715424,0.7209621438096416,0.7706218102804631,True,True,0.05773905417640779,IgnFil
impostores,1,dia|mfw:300|minmax|w500|mnone|seven|nestle1904,dia,mfw:300,minmax,500,none,seven,nestle1904,300,Ef,target,0.7866666666666666,0.6977347925792229,0.9876956468112505,0.5601731449138615,0.6065900003883339,True,True,0.036736771594711004,1Pe
impostores,1,dia|mfw:300|minmax|w500|mnone|seven|nestle1904,dia,mfw:300,minmax,500,none,seven,nestle1904,300,Col,target,0.75,0.621853937546643,0.9143680636102931,0.48562868882841426,0.5310727069876892,True,True,0.0277509282610946,1Pe
impostores,1,dia|mfw:300|minmax|w500|mnone|seven|nestle1904,dia,mfw:300,minmax,500,none,seven,nestle1904,300,2Tes,target,0.7466666666666667,0.6151689691235795,0.9075474415667897,0.4788219800996385,0.5241881874615248,True,True,0.027978452982633573,Just_Dial#40-41
impostores,1,dia|mfw:300|minmax|w500|mnone|seven|nestle1904,dia,mfw:300,minmax,500,none,seven,nestle1904,300,1Tim,target,0.8533333333333334,0.840510609251523,1.1107603998083513,0.6873269046605639,0.736144197766097,True,True,0.0408040782307898,2Clem
impostores,1,dia|mfw:300|minmax|w500|mnone|seven|nestle1904,dia,mfw:300,minmax,500,none,seven,nestle1904,300,2Tim,target,0.8166666666666667,0.7620156147589745,1.0450974741406427,0.6194922645913763,0.666890739427204,True,True,0.03489456553496029,1Pe
impostores,1,dia|mfw:300|minmax|w500|mnone|seven|nestle1904,dia,mfw:300,minmax,500,none,seven,nestle1904,300,Tit,target,0.84,0.8122171533242329,1.0875897567660127,0.6634490192600326,0.7117265680495407,True,True,0.038974028964040175,IgnPol
impostores,1,dia|mfw:300|minmax|w500|mnone|seven|nestle1904,dia,mfw:300,minmax,500,none,seven,nestle1904,300,Heb,target,0.41,0.05256734330594524,-0.09865688433851606,-0.09267104432053637,-0.06928157118696171,True,True,-0.01138714602043378,Orig_Mart
impostores,2,dia|mfw:300|minmax|w500|mformulae+preformed+otq+reuse|seven|tischendorf,dia,mfw:300,minmax,500,formulae+preformed+otq+reuse,seven,tischendorf,300,Rom,core_loo,0.8633333333333333,0.8635759956399848,1.138017482365842,0.7050551800174832,0.7536643440354565,True,True,0.04444998643078796,IgnFil
impostores,2,dia|mfw:300|minmax|w500|mformulae+preformed+otq+reuse|seven|tischendorf,dia,mfw:300,minmax,500,formulae+preformed+otq+reuse,seven,tischendorf,300,1Cor,core_loo,0.7633333333333333,0.6526991987746871,0.9612668949798262,0.5189877035002712,0.564543133047696,True,True,0.02914669727274216,Bas_Ep#203
impostores,2,dia|mfw:300|minmax|w500|mformulae+preformed+otq+reuse|seven|tischendorf,dia,mfw:300,minmax,500,formulae+preformed+otq+reuse,seven,tischendorf,300,2Cor,core_loo,0.9066666666666666,0.9464110685360468,1.1977640519281372,0.7677091167778909,0.8178619088050704,True,True,0.05402170965248837,Bas_Ep#156
impostores,2,dia|mfw:300|minmax|w500|mformulae+preformed+otq+reuse|seven|tischendorf,dia,mfw:300,minmax,500,formulae+preformed+otq+reuse,seven,tischendorf,300,Gal,core_loo,0.8666666666666667,0.8703982722911245,1.1431103700542153,0.7104288101702052,0.7591579418585319,True,True,0.0414274967579315,IgnEf
impostores,2,dia|mfw:300|minmax|w500|mformulae+preformed+otq+reuse|seven|tischendorf,dia,mfw:300,minmax,500,formulae+preformed+otq+reuse,seven,tischendorf,300,Flp,core_loo,0.71,0.5490434289553163,0.8535765443733268,0.4125258996943663,0.4569086362107474,True,True,0.029078058651653804,IgnFil
impostores,2,dia|mfw:300|minmax|w500|mformulae+preformed+otq+reuse|seven|tischendorf,dia,mfw:300,minmax,500,formulae+preformed+otq+reuse,seven,tischendorf,300,1Tes,core_loo,0.6766666666666666,0.48978139380539243,0.781070333431817,0.3472524928479775,0.39090968408039667,True,True,0.021534525988125164,Just_Dial#19-20
impostores,2,dia|mfw:300|minmax|w500|mformulae+preformed+otq+reuse|seven|tischendorf,dia,mfw:300,minmax,500,formulae+preformed+otq+reuse,seven,tischendorf,300,Flm,core_loo,0.86,0.8567037098499031,1.132854450651823,0.6996028141876401,0.7480924819715115,True,True,0.04600694648076298,IgnLong#8
impostores,2,dia|mfw:300|minmax|w500|mformulae+preformed+otq+reuse|seven|tischendorf,dia,mfw:300,minmax,500,formulae+preformed+otq+reuse,seven,tischendorf,300,Ef,target,0.7433333333333333,0.612607374263357,0.9219119526790972,0.4790156728031212,0.5241100666609599,True,True,0.034970318653403554,Bas_Ep#213
impostores,2,dia|mfw:300|minmax|w500|mformulae+preformed+otq+reuse|seven|tischendorf,dia,mfw:300,minmax,500,formulae+preformed+otq+reuse,seven,tischendorf,300,Col,target,0.6833333333333333,0.5012952735364891,0.7959632095177251,0.3601621697193521,0.403971054152862,True,True,0.02123629860968773,IgnMagn
impostores,2,dia|mfw:300|minmax|w500|mformulae+preformed+otq+reuse|seven|tischendorf,dia,mfw:300,minmax,500,formulae+preformed+otq+reuse,seven,tischendorf,300,2Tes,target,0.7933333333333333,0.7150780005705554,1.018124036566745,0.5781819460063131,0.6245154071574268,True,True,0.02971837390639387,3Cor
impostores,2,dia|mfw:300|minmax|w500|mformulae+preformed+otq+reuse|seven|tischendorf,dia,mfw:300,minmax,500,formulae+preformed+otq+reuse,seven,tischendorf,300,1Tim,target,0.8466666666666667,0.8288085787260513,1.111549658110316,0.6770627079376351,0.7250814125709532,True,True,0.04111087332817748,2Clem
impostores,2,dia|mfw:300|minmax|w500|mformulae+preformed+otq+reuse|seven|tischendorf,dia,mfw:300,minmax,500,formulae+preformed+otq+reuse,seven,tischendorf,300,2Tim,target,0.8666666666666667,0.8703982722911245,1.1431103700542153,0.7104288101702052,0.7591579418585319,True,True,0.049125844140377295,IgnMagn
impostores,2,dia|mfw:300|minmax|w500|mformulae+preformed+otq+reuse|seven|tischendorf,dia,mfw:300,minmax,500,formulae+preformed+otq+reuse,seven,tischendorf,300,Tit,target,0.6966666666666667,0.5248255504396624,0.8251393200426591,0.38621289551450844,0.4303133349105448,True,True,0.02394238301523044,PolFil
impostores,2,dia|mfw:300|minmax|w500|mformulae+preformed+otq+reuse|seven|tischendorf,dia,mfw:300,minmax,500,formulae+preformed+otq+reuse,seven,tischendorf,300,Heb,target,0.4066666666666667,0.04297759678989277,-0.10419973583351229,-0.0958142400291567,-0.07380519806478178,True,True,-0.008037880051831037,3Cor
impostores,3,dia|mfw:300|minmax|w500|mformulae+preformed+otq+reuse|seven|nestle1904,dia,mfw:300,minmax,500,formulae+preformed+otq+reuse,seven,nestle1904,300,Rom,core_loo,0.84,0.8088973966174415,1.0862696143775554,0.6601929705165225,0.708602253565214,True,True,0.04092654678555058,IgnLong#11
impostores,3,dia|mfw:300|minmax|w500|mformulae+preformed+otq+reuse|seven|nestle1904,dia,mfw:300,minmax,500,formulae+preformed+otq+reuse,seven,nestle1904,300,1Cor,core_loo,0.76,0.6398480911346252,0.9349689826965596,0.5052934881774335,0.5504149326297512,True,True,0.026777251075724096,IgnFil
impostores,3,dia|mfw:300|minmax|w500|mformulae+preformed+otq+reuse|seven|nestle1904,dia,mfw:300,minmax,500,formulae+preformed+otq+reuse,seven,nestle1904,300,2Cor,core_loo,0.9166666666666666,0.9587999888383993,1.202041558410436,0.7772360307422211,0.829642821524917,True,True,0.0546482278867888,IgnFil
impostores,3,dia|mfw:300|minmax|w500|mformulae+preformed+otq+reuse|seven|nestle1904,dia,mfw:300,minmax,500,formulae+preformed+otq+reuse,seven,nestle1904,300,Gal,core_loo,0.8366666666666667,0.8017532059120515,1.0803853442422002,0.6541544852901826,0.7023981644179845,True,True,0.03785844949271838,3Cor
impostores,3,dia|mfw:300|minmax|w500|mformulae+preformed+otq+reuse|seven|nestle1904,dia,mfw:300,minmax,500,formulae+preformed+otq+reuse,seven,nestle1904,300,Flp,core_loo,0.7333333333333333,0.5874040414536748,0.8810636328212005,0.4518661906738591,0.4962065010986273,True,True,0.026403683022609648,IgnFil
impostores,3,dia|mfw:300|minmax|w500|mformulae+preformed+otq+reuse|seven|nestle1904,dia,mfw:300,minmax,500,formulae+preformed+otq+reuse,seven,nestle1904,300,1Tes,core_loo,0.6766666666666666,0.4858605969528357,0.7603384702247037,0.3408921237270989,0.38384536258519264,True,True,0.021992413903586527,3Cor
impostores,3,dia|mfw:300|minmax|w500|mformulae+preformed+otq+reuse|seven|nestle1904,dia,mfw:300,minmax,500,formulae+preformed+otq+reuse,seven,nestle1904,300,Flm,core_loo,0.8266666666666667,0.7802562789378886,1.0624506422255797,0.6357232735177643,0.6834830401168058,True,True,0.04442849100959806,1Pe
impostores,3,dia|mfw:300|minmax|w500|mformulae+preformed+otq+reuse|seven|nestle1904,dia,mfw:300,minmax,500,formulae+preformed+otq+reuse,seven,nestle1904,300,Ef,target,0.8033333333333333,0.7301496749475179,1.0192006565613487,0.5912121636178671,0.6379281339172738,True,True,0.03818210703473529,Bas_Ep#219
impostores,3,dia|mfw:300|minmax|w500|mformulae+preformed+otq+reuse|seven|nestle1904,dia,mfw:300,minmax,500,formulae+preformed+otq+reuse,seven,nestle1904,300,Col,target,0.66,0.45853652222013197,0.7226323586816491,0.309475672273404,0.352022489765052,True,True,0.021604862721600337,Bas_Ep#139
impostores,3,dia|mfw:300|minmax|w500|mformulae+preformed+otq+reuse|seven|nestle1904,dia,mfw:300,minmax,500,formulae+preformed+otq+reuse,seven,nestle1904,300,2Tes,target,0.6866666666666666,0.5027870439357889,0.7824035446294839,0.3600533846319392,0.4032429369315606,True,True,0.02945209231449153,3Cor
impostores,3,dia|mfw:300|minmax|w500|mformulae+preformed+otq+reuse|seven|nestle1904,dia,mfw:300,minmax,500,formulae+preformed+otq+reuse,seven,nestle1904,300,1Tim,target,0.81,0.7444179350457611,1.0317359293399395,0.6041109985458046,0.6511122354089449,True,True,0.03044817360532165,2Pe
impostores,3,dia|mfw:300|minmax|w500|mformulae+preformed+otq+reuse|seven|nestle1904,dia,mfw:300,minmax,500,formulae+preformed+otq+reuse,seven,nestle1904,300,2Tim,target,0.8366666666666667,0.8017532059120515,1.0803853442422002,0.6541544852901826,0.7023981644179845,True,True,0.03746854655254145,Bern
impostores,3,dia|mfw:300|minmax|w500|mformulae+preformed+otq+reuse|seven|nestle1904,dia,mfw:300,minmax,500,formulae+preformed+otq+reuse,seven,nestle1904,300,Tit,target,0.7333333333333333,0.5874040414536748,0.8810636328212005,0.4518661906738591,0.4962065010986273,True,True,0.023589081672788947,2Jn
impostores,3,dia|mfw:300|minmax|w500|mformulae+preformed+otq+reuse|seven|nestle1904,dia,mfw:300,minmax,500,formulae+preformed+otq+reuse,seven,nestle1904,300,Heb,target,0.41,0.057117619000142866,-0.09067502208117563,-0.08677038262620576,-0.06419808374578069,True,True,-0.01113062597154263,Jos_AJ#5
impostores,4,dia|mfw:300|delta|w500|mnone|seven|tischendorf,dia,mfw:300,delta,500,none,seven,tischendorf,300,Rom,core_loo,0.78,0.6413575775500951,0.9328470617419156,0.4652783805666201,0.5179483433161642,True,True,0.04202723670379788,Bas_Ep#228
impostores,4,dia|mfw:300|delta|w500|mnone|seven|tischendorf,dia,mfw:300,delta,500,none,seven,tischendorf,300,1Cor,core_loo,0.74,0.5741770321766249,0.8581424159612643,0.38792601590982667,0.43940078808520344,True,True,0.04587253069097946,IgnFil
impostores,4,dia|mfw:300|delta|w500|mnone|seven|tischendorf,dia,mfw:300,delta,500,none,seven,tischendorf,300,2Cor,core_loo,0.8433333333333334,0.7404328977506813,1.0335410925224389,0.5768749746145879,0.6312132124931813,True,True,0.06437354137061274,Sant
impostores,4,dia|mfw:300|delta|w500|mnone|seven|tischendorf,dia,mfw:300,delta,500,none,seven,tischendorf,300,Gal,core_loo,0.8033333333333333,0.6791780713669221,0.9725206970908191,0.5084380979266345,0.561736285091173,True,True,0.04962486169780117,Just_Dial#25-26
impostores,4,dia|mfw:300|delta|w500|mnone|seven|tischendorf,dia,mfw:300,delta,500,none,seven,tischendorf,300,Flp,core_loo,0.78,0.6413575775500951,0.9328470617419156,0.4652783805666201,0.5179483433161642,True,True,0.05103976588303227,Bas_Ep#99
impostores,4,dia|mfw:300|delta|w500|mnone|seven|tischendorf,dia,mfw:300,delta,500,none,seven,tischendorf,300,1Tes,core_loo,0.7566666666666667,0.6024678086857441,0.8903009397935675,0.4205299872048339,0.47252854725145454,True,True,0.04201466404138049,Bas_Ep#228
impostores,4,dia|mfw:300|delta|w500|mnone|seven|tischendorf,dia,mfw:300,delta,500,none,seven,tischendorf,300,Flm,core_loo,0.8133333333333334,0.6949758224106564,0.9886274674827443,0.5262924243262965,0.5798529767169918,True,True,0.05705960744656968,Bas_Ep#65
impostores,4,dia|mfw:300|delta|w500|mnone|seven|tischendorf,dia,mfw:300,delta,500,none,seven,tischendorf,300,Ef,target,0.8366666666666667,0.7306194614684477,1.0240193595621174,0.5660678225423833,0.6202339444946741,True,True,0.05478969447500465,Bas_Ep#92
impostores,4,dia|mfw:300|delta|w500|mnone|seven|tischendorf,dia,mfw:300,delta,500,none,seven,tischendorf,300,Col,target,0.7033333333333334,0.5107868868307132,0.7819883729801405,0.31541452648681206,0.3655333192591751,True,True,0.03536082512498523,Just_Dial#30-31
impostores,4,dia|mfw:300|delta|w500|mnone|seven|tischendorf,dia,mfw:300,delta,500,none,seven,tischendorf,300,2Tes,target,0.7966666666666666,0.6684997869368403,0.9614812304247131,0.4963052218383446,0.5494267269899925,True,True,0.043802338682444375,1Pe
impostores,4,dia|mfw:300|delta|w500|mnone|seven|tischendorf,dia,mfw:300,delta,500,none,seven,tischendorf,300,1Tim,target,0.79,0.6577152854710951,0.9502040494702,0.48400612415927446,0.5369489794077472,True,True,0.04469691189797492,Bas_Ep#257
impostores,4,dia|mfw:300|delta|w500|mnone|seven|tischendorf,dia,mfw:300,delta,500,none,seven,tischendorf,300,2Tim,target,0.77,0.6248047844396089,0.9149638612779535,0.44625935091153257,0.4986485963238302,True,True,0.03882873179325147,PsPhal#71-74
impostores,4,dia|mfw:300|delta|w500|mnone|seven|tischendorf,dia,mfw:300,delta,500,none,seven,tischendorf,300,Tit,target,0.82,0.7053460355827796,0.9990578557284455,0.5379426567836652,0.5916769071433636,True,True,0.05176287095867582,Bas_Ep#113
impostores,4,dia|mfw:300|delta|w500|mnone|seven|tischendorf,dia,mfw:300,delta,500,none,seven,tischendorf,300,Heb,target,0.43666666666666665,0.03997366671893502,-0.023041202790146646,-0.10896861236396622,-0.08670310017067856,True,True,-0.00539746464875035,1Pe
impostores,5,dia|mfw:300|delta|w500|mnone|seven|nestle1904,dia,mfw:300,delta,500,none,seven,nestle1904,300,Rom,core_loo,0.76,0.6044866837159751,0.8863533336675553,0.4269156024740579,0.47993780801759334,True,True,0.03969445559570872,Just_Dial#25-26
impostores,5,dia|mfw:300|delta|w500|mnone|seven|nestle1904,dia,mfw:300,delta,500,none,seven,nestle1904,300,1Cor,core_loo,0.7233333333333334,0.5400629916698241,0.8122078524183483,0.3523633577566013,0.40449698584236926,True,True,0.03612605371991068,Bas_Ep#125
impostores,5,dia|mfw:300|delta|w500|mnone|seven|nestle1904,dia,mfw:300,delta,500,none,seven,nestle1904,300,2Cor,core_loo,0.86,0.7670005413971969,1.0541418348549445,0.6116056352531731,0.665823501320612,True,True,0.06949640879139451,Bas_Ep#139
impostores,5,dia|mfw:300|delta|w500|mnone|seven|nestle1904,dia,mfw:300,delta,500,none,seven,nestle1904,300,Gal,core_loo,0.7966666666666666,0.6671522883013226,0.9539813400924813,0.4992870396004717,0.552883203977334,True,True,0.043085312746954485,IgnFil
impostores,5,dia|mfw:300|delta|w500|mnone|seven|nestle1904,dia,mfw:300,delta,500,none,seven,nestle1904,300,Flp,core_loo,0.7966666666666666,0.6671522883013226,0.9539813400924813,0.4992870396004717,0.552883203977334,True,True,0.051758206085981945,IgnLong#10
impostores,5,dia|mfw:300|delta|w500|mnone|seven|nestle1904,dia,mfw:300,delta,500,none,seven,nestle1904,300,1Tes,core_loo,0.7766666666666666,0.6332519566831414,0.9179024571281607,0.4602253224068301,0.5135388722708568,True,True,0.04834999594791639,IgnLong#11
impostores,5,dia|mfw:300|delta|w500|mnone|seven|nestle1904,dia,mfw:300,delta,500,none,seven,nestle1904,300,Flm,core_loo,0.7666666666666667,0.6160407579393047,0.8991333629366502,0.4403054403093001,0.49345120618330696,True,True,0.04626041637727635,Bas_Ep#228
impostores,5,dia|mfw:300|delta|w500|mnone|seven|nestle1904,dia,mfw:300,delta,500,none,seven,nestle1904,300,Ef,target,0.8033333333333333,0.678266375946567,0.9655656424221759,0.51202013778361,0.5656976880567456,True,True,0.05142666843254984,1Pe
impostores,5,dia|mfw:300|delta|w500|mnone|seven|nestle1904,dia,mfw:300,delta,500,none,seven,nestle1904,300,Col,target,0.67,0.44474593451167954,0.6920016737474135,0.2444773330597339,0.29446030248998833,True,True,0.027721446953519913,Bas_Ep#92
impostores,5,dia|mfw:300|delta|w500|mnone|seven|nestle1904,dia,mfw:300,delta,500,none,seven,nestle1904,300,2Tes,target,0.6766666666666666,0.4567198709698292,0.707884035438023,0.257757914613168,0.3080773425332503,True,True,0.029843904622214035,Bas_Ep#139
impostores,5,dia|mfw:300|delta|w500|mnone|seven|nestle1904,dia,mfw:300,delta,500,none,seven,nestle1904,300,1Tim,target,0.75,0.5870509955459885,0.8667822362373325,0.4067016380895854,0.4595187877164962,True,True,0.03304864757968762,1Pe
impostores,5,dia|mfw:300|delta|w500|mnone|seven|nestle1904,dia,mfw:300,delta,500,none,seven,nestle1904,300,2Tim,target,0.7133333333333334,0.5222981973660785,0.790824815452182,0.33194806274461996,0.38376559070538807,True,True,0.031309789918565145,Bas_Ep#224
impostores,5,dia|mfw:300|delta|w500|mnone|seven|nestle1904,dia,mfw:300,delta,500,none,seven,nestle1904,300,Tit,target,0.7966666666666666,0.6671522883013226,0.9539813400924813,0.4992870396004717,0.552883203977334,True,True,0.04704834057095164,Bas_Ep#295
impostores,5,dia|mfw:300|delta|w500|mnone|seven|nestle1904,dia,mfw:300,delta,500,none,seven,nestle1904,300,Heb,target,0.45,0.056022946736744524,0.020396772477279074,-0.10224444898329606,-0.07714647678335611,True,True,-0.005929094556815284,1Clem
impostores,6,dia|mfw:300|delta|w500|mformulae+preformed+otq+reuse|seven|tischendorf,dia,mfw:300,delta,500,formulae+preformed+otq+reuse,seven,tischendorf,300,Rom,core_loo,0.81,0.6788593660818041,0.9664195042231499,0.5111016572725975,0.5659358230069744,False,True,0.05361048470031632,IgnTral
impostores,6,dia|mfw:300|delta|w500|mformulae+preformed+otq+reuse|seven|tischendorf,dia,mfw:300,delta,500,formulae+preformed+otq+reuse,seven,tischendorf,300,1Cor,core_loo,0.7233333333333334,0.5329622554173767,0.8084203836451795,0.34217015878956725,0.3937544012436386,False,True,0.04061520124309348,Bas_Ep#139
impostores,6,dia|mfw:300|delta|w500|mformulae+preformed+otq+reuse|seven|tischendorf,dia,mfw:300,delta,500,formulae+preformed+otq+reuse,seven,tischendorf,300,2Cor,core_loo,0.8366666666666667,0.720457712486065,1.0065412736503851,0.5582689392498443,0.6139812537580962,False,True,0.06302275104873878,1Pe
impostores,6,dia|mfw:300|delta|w500|mformulae+preformed+otq+reuse|seven|tischendorf,dia,mfw:300,delta,500,formulae+preformed+otq+reuse,seven,tischendorf,300,Gal,core_loo,0.82,0.6947253014020485,0.9819536488089492,0.529199448462658,0.5843645008178122,False,True,0.06301079474088483,Bas_Ep#139
impostores,6,dia|mfw:300|delta|w500|mformulae+preformed+otq+reuse|seven|tischendorf,dia,mfw:300,delta,500,formulae+preformed+otq+reuse,seven,tischendorf,300,Flp,core_loo,0.7133333333333334,0.5154963392344686,0.7874462713826946,0.32211888398544986,0.3732349721178024,False,True,0.03393795497808216,Bas_Ep#139
impostores,6,dia|mfw:300|delta|w500|mformulae+preformed+otq+reuse|seven|tischendorf,dia,mfw:300,delta,500,formulae+preformed+otq+reuse,seven,tischendorf,300,1Tes,core_loo,0.77,0.6130147788773742,0.8986818369295879,0.43503296661601887,0.48849180615181853,False,True,0.06236948909821449,Bas_Ep#203
impostores,6,dia|mfw:300|delta|w500|mformulae+preformed+otq+reuse|seven|tischendorf,dia,mfw:300,delta,500,formulae+preformed+otq+reuse,seven,tischendorf,300,Flm,core_loo,0.7233333333333334,0.5329622554173767,0.8084203836451795,0.34217015878956725,0.3937544012436386,False,True,0.03190722865429524,Liban_Ep10#40
impostores,6,dia|mfw:300|delta|w500|mformulae+preformed+otq+reuse|seven|tischendorf,dia,mfw:300,delta,500,formulae+preformed+otq+reuse,seven,tischendorf,300,Ef,target,0.88,0.7816392583014462,1.0621688642147573,0.6256235151146601,0.6827344716559067,False,True,0.06569429211391015,Bas_Ep#213
impostores,6,dia|mfw:300|delta|w500|mformulae+preformed+otq+reuse|seven|tischendorf,dia,mfw:300,delta,500,formulae+preformed+otq+reuse,seven,tischendorf,300,Col,target,0.7266666666666667,0.5387631420264438,0.8152802067828414,0.3488558658362193,0.40058986818959597,False,True,0.03774337511186049,Bas_Ep#139
impostores,6,dia|mfw:300|delta|w500|mformulae+preformed+otq+reuse|seven|tischendorf,dia,mfw:300,delta,500,formulae+preformed+otq+reuse,seven,tischendorf,300,2Tes,target,0.7433333333333333,0.5675938869062092,0.8486127486615113,0.3822286219246306,0.43466987526581446,False,True,0.03931129251113041,1Pe
impostores,6,dia|mfw:300|delta|w500|mformulae+preformed+otq+reuse|seven|tischendorf,dia,mfw:300,delta,500,formulae+preformed+otq+reuse,seven,tischendorf,300,1Tim,target,0.7733333333333333,0.618619656453917,0.9046635957589839,0.4415462552871675,0.4951249270452317,False,True,0.03956424965841071,IgnLong#10
impostores,6,dia|mfw:300|delta|w500|mformulae+preformed+otq+reuse|seven|tischendorf,dia,mfw:300,delta,500,formulae+preformed+otq+reuse,seven,tischendorf,300,2Tim,target,0.79,0.6463512805414499,0.933656555198905,0.47369506718054033,0.5278559365425629,False,True,0.045805630739600034,Bas_Ep#224
impostores,6,dia|mfw:300|delta|w500|mformulae+preformed+otq+reuse|seven|tischendorf,dia,mfw:300,delta,500,formulae+preformed+otq+reuse,seven,tischendorf,300,Tit,target,0.7366666666666667,0.5560978343034524,0.8354713744448785,0.3688970597409137,0.421063220593801,False,True,0.031926884507853304,IgnLong#10
impostores,6,dia|mfw:300|delta|w500|mformulae+preformed+otq+reuse|seven|tischendorf,dia,mfw:300,delta,500,formulae+preformed+otq+reuse,seven,tischendorf,300,Heb,target,0.46,0.06413898572738777,0.047908709972043634,-0.09233157308540979,-0.06846230211718908,False,True,-0.010094974705172954,Bas_Ep#217
impostores,7,dia|mfw:300|delta|w500|mformulae+preformed+otq+reuse|seven|nestle1904,dia,mfw:300,delta,500,formulae+preformed+otq+reuse,seven,nestle1904,300,Rom,core_loo,0.7633333333333333,0.6019818893713477,0.8811017338123065,0.41977772290689513,0.4719161855228504,True,True,0.05904665755180383,IgnFil
impostores,7,dia|mfw:300|delta|w500|mformulae+preformed+otq+reuse|seven|nestle1904,dia,mfw:300,delta,500,formulae+preformed+otq+reuse,seven,nestle1904,300,1Cor,core_loo,0.8366666666666667,0.7252006755866024,1.0082865196770354,0.5608880477700813,0.6142127602391889,True,True,0.04616549594635311,Bas_Ep#139
impostores,7,dia|mfw:300|delta|w500|mformulae+preformed+otq+reuse|seven|nestle1904,dia,mfw:300,delta,500,formulae+preformed+otq+reuse,seven,nestle1904,300,2Cor,core_loo,0.86,0.7603405217519247,1.042146407127245,0.6002855772160873,0.6539053089626259,True,True,0.06535213141844992,1Pe
impostores,7,dia|mfw:300|delta|w500|mformulae+preformed+otq+reuse|seven|nestle1904,dia,mfw:300,delta,500,formulae+preformed+otq+reuse,seven,nestle1904,300,Gal,core_loo,0.84,0.7303812670931757,1.0133405615532358,0.566732435487187,0.6201005454578923,True,True,0.05300793281246957,Just_Dial#19-20
impostores,7,dia|mfw:300|delta|w500|mformulae+preformed+otq+reuse|seven|nestle1904,dia,mfw:300,delta,500,formulae+preformed+otq+reuse,seven,nestle1904,300,Flp,core_loo,0.7333333333333333,0.5483659318001296,0.8209623808883098,0.35830249366872285,0.4097049614284335,True,True,0.032459110528044344,Bas_Ep#139
impostores,7,dia|mfw:300|delta|w500|mformulae+preformed+otq+reuse|seven|nestle1904,dia,mfw:300,delta,500,formulae+preformed+otq+reuse,seven,nestle1904,300,1Tes,core_loo,0.7866666666666666,0.6426993448307334,0.9247020839670186,0.466656692496459,0.5192407018358911,True,True,0.04832288091624559,Bas_Ep#139
impostores,7,dia|mfw:300|delta|w500|mformulae+preformed+otq+reuse|seven|nestle1904,dia,mfw:300,delta,500,formulae+preformed+otq+reuse,seven,nestle1904,300,Flm,core_loo,0.74,0.560376753347667,0.8347241578109972,0.3720195235208341,0.423604927989668,True,True,0.038693656174039304,Liban_Ep10#314
impostores,7,dia|mfw:300|delta|w500|mformulae+preformed+otq+reuse|seven|nestle1904,dia,mfw:300,delta,500,formulae+preformed+otq+reuse,seven,nestle1904,300,Ef,target,0.85,0.7456146027182873,1.0280763636575732,0.5838479270888798,0.6373435729010124,True,True,0.060195005012383895,Bas_Ep#213
impostores,7,dia|mfw:300|delta|w500|mformulae+preformed+otq+reuse|seven|nestle1904,dia,mfw:300,delta,500,formulae+preformed+otq+reuse,seven,nestle1904,300,Col,target,0.7,0.48774119766794355,0.7486611457419826,0.28989364593650757,0.3401724764180151,True,True,0.031900233547804246,IgnMagn
impostores,7,dia|mfw:300|delta|w500|mformulae+preformed+otq+reuse|seven|nestle1904,dia,mfw:300,delta,500,formulae+preformed+otq+reuse,seven,nestle1904,300,2Tes,target,0.7466666666666667,0.5723375426447412,0.8482579556056369,0.38571663306680326,0.43747315703762785,True,True,0.03650823706846962,Bas_Ep#161
impostores,7,dia|mfw:300|delta|w500|mformulae+preformed+otq+reuse|seven|nestle1904,dia,mfw:300,delta,500,formulae+preformed+otq+reuse,seven,nestle1904,300,1Tim,target,0.7266666666666667,0.5363104921903135,0.8069709337262093,0.34457946480918544,0.39578627472083006,True,True,0.03153559645938098,Bas_Ep#139
impostores,7,dia|mfw:300|delta|w500|mformulae+preformed+otq+reuse|seven|nestle1904,dia,mfw:300,delta,500,formulae+preformed+otq+reuse,seven,nestle1904,300,2Tim,target,0.73,0.542343462991397,0.8139954887960663,0.3514408726446766,0.4027471583386033,True,True,0.03662528880263499,IgnLong#10
impostores,7,dia|mfw:300|delta|w500|mformulae+preformed+otq+reuse|seven|nestle1904,dia,mfw:300,delta,500,formulae+preformed+otq+reuse,seven,nestle1904,300,Tit,target,0.6933333333333334,0.4755347329575298,0.7334833145243281,0.27633731131951106,0.3263433218989524,True,True,0.03284313186677279,Bas_Ep#219
impostores,7,dia|mfw:300|delta|w500|mformulae+preformed+otq+reuse|seven|nestle1904,dia,mfw:300,delta,500,formulae+preformed+otq+reuse,seven,nestle1904,300,Heb,target,0.44666666666666666,0.036833926409665436,-0.007193022616959196,-0.11023660199546671,-0.08705242572428447,True,True,-0.0077780671407829405,Bas_Ep#99
impostores,16,dia|char3:600|minmax|w500|mnone|seven|tischendorf,dia,char3:600,minmax,500,none,seven,tischendorf,300,Rom,core_loo,0.7733333333333333,0.7651889584173911,1.153819389229949,0.7118288767115959,0.7505919449550722,True,True,0.02369373052107454,Bas_Ep#5
impostores,16,dia|char3:600|minmax|w500|mnone|seven|tischendorf,dia,char3:600,minmax,500,none,seven,tischendorf,300,1Cor,core_loo,0.6333333333333333,0.5373124516337717,0.8304920939402815,0.4295852312374633,0.4734525006364919,True,True,0.006298016181402466,IgnLong#6
impostores,16,dia|char3:600|minmax|w500|mnone|seven|tischendorf,dia,char3:600,minmax,500,none,seven,tischendorf,300,2Cor,core_loo,0.8333333333333334,0.8606702609193404,1.2564898036282723,0.8089830751342459,0.8438281789566048,True,True,0.027639199875764964,IgnFil
impostores,16,dia|char3:600|minmax|w500|mnone|seven|tischendorf,dia,char3:600,minmax,500,none,seven,tischendorf,300,Gal,core_loo,0.8333333333333334,0.8606702609193404,1.2564898036282723,0.8089830751342459,0.8438281789566048,True,True,0.026007843031331856,3Cor
impostores,16,dia|char3:600|minmax|w500|mnone|seven|tischendorf,dia,char3:600,minmax,500,none,seven,tischendorf,300,Flp,core_loo,0.7833333333333333,0.7813754899193354,1.1722693657508318,0.7293186042110413,0.767444930628627,True,True,0.019916473920619404,IgnFil
impostores,16,dia|char3:600|minmax|w500|mnone|seven|tischendorf,dia,char3:600,minmax,500,none,seven,tischendorf,300,1Tes,core_loo,0.83,0.8555311431085562,1.2513129196403812,0.8041186330532206,0.8391805897142706,True,True,0.025127889739943066,IgnMagn
impostores,16,dia|char3:600|minmax|w500|mnone|seven|tischendorf,dia,char3:600,minmax,500,none,seven,tischendorf,300,Flm,core_loo,0.8833333333333333,0.9325668006201755,1.3253897163089075,0.8728998239785375,0.9047244897513973,True,True,0.03753381107294229,IgnFil
impostores,16,dia|char3:600|minmax|w500|mnone|seven|tischendorf,dia,char3:600,minmax,500,none,seven,tischendorf,300,Ef,target,0.7533333333333333,0.7327315831618462,1.1153454371487286,0.6755107918616872,0.7154897504456015,True,True,0.01921022697634983,IgnEf
impostores,16,dia|char3:600|minmax|w500|mnone|seven|tischendorf,dia,char3:600,minmax,500,none,seven,tischendorf,300,Col,target,0.8633333333333333,0.9052171188021356,1.299921021320705,0.8494775694684232,0.8824440049637368,True,True,0.03148900079981426,IgnMagn
impostores,16,dia|char3:600|minmax|w500|mnone|seven|tischendorf,dia,char3:600,minmax,500,none,seven,tischendorf,300,2Tes,target,0.7566666666666667,0.7381442592222948,1.121905228452389,0.6816815052493107,0.7214643107858701,True,True,0.024425250681254507,IgnFil
impostores,16,dia|char3:600|minmax|w500|mnone|seven|tischendorf,dia,char3:600,minmax,500,none,seven,tischendorf,300,1Tim,target,0.21,-0.5014036605159966,-1.1050519970176416,-0.494183051386735,-0.5023297732645201,True,True,-0.018942381027656052,Bas_Ep#139
impostores,16,dia|char3:600|minmax|w500|mnone|seven|tischendorf,dia,char3:600,minmax,500,none,seven,tischendorf,300,2Tim,target,0.3333333333333333,-0.150041544693046,-0.49097188050746887,-0.25063721144630174,-0.2378790873126875,True,True,-0.012917126944157808,Bas_Ep#139
impostores,16,dia|char3:600|minmax|w500|mnone|seven|tischendorf,dia,char3:600,minmax,500,none,seven,tischendorf,300,Tit,target,0.17666666666666667,-0.5821971965421718,-1.2546704194865759,-0.5483816169993172,-0.5612490851077607,True,True,-0.027227448019848055,IgnLong#8
impostores,16,dia|char3:600|minmax|w500|mnone|seven|tischendorf,dia,char3:600,minmax,500,none,seven,tischendorf,300,Heb,target,0.17666666666666667,-0.5821971965421718,-1.2546704194865759,-0.5483816169993172,-0.5612490851077607,True,True,-0.027137995423806127,1Clem
impostores,17,dia|char3:600|minmax|w500|mnone|seven|nestle1904,dia,char3:600,minmax,500,none,seven,nestle1904,300,Rom,core_loo,0.77,0.7547284674687831,1.1416431703952377,0.7004631765081318,0.73685729660027,True,True,0.01993250808770175,Bas_Ep#203
impostores,17,dia|char3:600|minmax|w500|mnone|seven|nestle1904,dia,char3:600,minmax,500,none,seven,nestle1904,300,1Cor,core_loo,0.64,0.5407426466755613,0.8490081185150121,0.44408623567628036,0.4853734577846216,True,True,0.01052399109811375,IgnLong#11
impostores,17,dia|char3:600|minmax|w500|mnone|seven|nestle1904,dia,char3:600,minmax,500,none,seven,nestle1904,300,2Cor,core_loo,0.8533333333333334,0.8876754825581435,1.2743088911844316,0.8276487619903073,0.8593499549814541,True,True,0.02835231192212956,Bas_Ep#219
impostores,17,dia|char3:600|minmax|w500|mnone|seven|nestle1904,dia,char3:600,minmax,500,none,seven,nestle1904,300,Gal,core_loo,0.8333333333333334,0.8572490585257856,1.2461524824034071,0.8008142397019866,0.8335926930439261,True,True,0.02748558355439007,IgnLong#11
impostores,17,dia|char3:600|minmax|w500|mnone|seven|nestle1904,dia,char3:600,minmax,500,none,seven,nestle1904,300,Flp,core_loo,0.79,0.7876668129163016,1.1770384363108426,0.734417864515035,0.7696711533951808,True,True,0.022374100724490642,Bas_Ep#139
impostores,17,dia|char3:600|minmax|w500|mnone|seven|nestle1904,dia,char3:600,minmax,500,none,seven,nestle1904,300,1Tes,core_loo,0.82,0.8362466769732818,1.2260238932148946,0.7815228349053371,0.8150503098731329,True,True,0.02400467369017617,IgnFil
impostores,17,dia|char3:600|minmax|w500|mnone|seven|nestle1904,dia,char3:600,minmax,500,none,seven,nestle1904,300,Flm,core_loo,0.8966666666666666,0.9466666258813363,1.3258621724363266,0.8760831404062155,0.9057526054523136,True,True,0.03900635253598567,IgnLong#8
impostores,17,dia|char3:600|minmax|w500|mnone|seven|nestle1904,dia,char3:600,minmax,500,none,seven,nestle1904,300,Ef,target,0.8366666666666667,0.8624196738879226,1.2510188164587666,0.805466471635292,0.8380609925710869,True,True,0.02777425791036786,Bas_Ep#139
impostores,17,dia|char3:600|minmax|w500|mnone|seven|nestle1904,dia,char3:600,minmax,500,none,seven,nestle1904,300,Col,target,0.83,0.852044227915675,1.2412189784545398,0.796092665401141,0.8290565116954783,True,True,0.029700031316149955,IgnMagn
impostores,17,dia|char3:600|minmax|w500|mnone|seven|nestle1904,dia,char3:600,minmax,500,none,seven,nestle1904,300,2Tes,target,0.7633333333333333,0.7437082474998642,1.1293591544169181,0.6887359233985485,0.725501850774851,True,True,0.02413384217246306,Just_Dial#48-49
impostores,17,dia|char3:600|minmax|w500|mnone|seven|nestle1904,dia,char3:600,minmax,500,none,seven,nestle1904,300,1Tim,target,0.23333333333333334,-0.4314972064042558,-0.9898140075759487,-0.4451120489290083,-0.4492066887431546,True,True,-0.017166866958633342,Bas_Ep#139
impostores,17,dia|char3:600|minmax|w500|mnone|seven|nestle1904,dia,char3:600,minmax,500,none,seven,nestle1904,300,2Tim,target,0.3233333333333333,-0.17187381386344397,-0.5413896778298046,-0.2639363342102093,-0.2528953529408037,True,True,-0.014640752368027199,2Pe
impostores,17,dia|char3:600|minmax|w500|mnone|seven|nestle1904,dia,char3:600,minmax,500,none,seven,nestle1904,300,Tit,target,0.15,-0.6322868633831045,-1.3555506669960524,-0.5807377446039634,-0.5962689936603185,True,True,-0.021040642798070774,2Pe
impostores,17,dia|char3:600|minmax|w500|mnone|seven|nestle1904,dia,char3:600,minmax,500,none,seven,nestle1904,300,Heb,target,0.15333333333333332,-0.6254717759711055,-1.3423418721371405,-0.57613987177676,-0.5912894193967474,True,True,-0.027678651373783336,3Cor
impostores,18,dia|char3:600|minmax|w500|mformulae+preformed+otq+reuse|seven|tischendorf,dia,char3:600,minmax,500,formulae+preformed+otq+reuse,seven,tischendorf,300,Rom,core_loo,0.8333333333333334,0.8695951652909575,1.2750821548016364,0.815765017033894,0.8494094512871707,True,True,0.028508920547215877,Bas_Ep#257
impostores,18,dia|char3:600|minmax|w500|mformulae+preformed+otq+reuse|seven|tischendorf,dia,char3:600,minmax,500,formulae+preformed+otq+reuse,seven,tischendorf,300,1Cor,core_loo,0.61,0.4920912575986026,0.7729468765073665,0.3853282269506948,0.42699353369538223,True,True,0.007719183318080414,IgnEf
impostores,18,dia|char3:600|minmax|w500|mformulae+preformed+otq+reuse|seven|tischendorf,dia,char3:600,minmax,500,formulae+preformed+otq+reuse,seven,tischendorf,300,2Cor,core_loo,0.8133333333333334,0.8363599991127654,1.242315468211267,0.7852946588715319,0.8199844795737938,True,True,0.02330387908339604,1Pe
impostores,18,dia|char3:600|minmax|w500|mformulae+preformed+otq+reuse|seven|tischendorf,dia,char3:600,minmax,500,formulae+preformed+otq+reuse,seven,tischendorf,300,Gal,core_loo,0.8366666666666667,0.875038002401311,1.280321861847736,0.8206112297101817,0.8540860238400505,True,True,0.026636895019166773,1Pe
impostores,18,dia|char3:600|minmax|w500|mformulae+preformed+otq+reuse|seven|tischendorf,dia,char3:600,minmax,500,formulae+preformed+otq+reuse,seven,tischendorf,300,Flp,core_loo,0.81,0.8307448269914894,1.2366418133517774,0.7799954482498069,0.8148629577621909,True,True,0.020913694183906484,IgnFil
impostores,18,dia|char3:600|minmax|w500|mformulae+preformed+otq+reuse|seven|tischendorf,dia,char3:600,minmax,500,formulae+preformed+otq+reuse,seven,tischendorf,300,1Tes,core_loo,0.7866666666666666,0.791074770087132,1.1953145309417161,0.7412863141720716,0.7774085427374323,True,True,0.02213780084038297,Just_Dial#46
impostores,18,dia|char3:600|minmax|w500|mformulae+preformed+otq+reuse|seven|tischendorf,dia,char3:600,minmax,500,formulae+preformed+otq+reuse,seven,tischendorf,300,Flm,core_loo,0.8466666666666667,0.8911529740270407,1.295638684732639,0.8347268049718792,0.8677028649921802,True,True,0.027505355474575333,Bas_Ep#240
impostores,18,dia|char3:600|minmax|w500|mformulae+preformed+otq+reuse|seven|tischendorf,dia,char3:600,minmax,500,formulae+preformed+otq+reuse,seven,tischendorf,300,Ef,target,0.7566666666666667,0.7397071871783516,1.138133089490067,0.6878011977797829,0.725508770791096,True,True,0.021793458630545992,IgnLong#11
impostores,18,dia|char3:600|minmax|w500|mformulae+preformed+otq+reuse|seven|tischendorf,dia,char3:600,minmax,500,formulae+preformed+otq+reuse,seven,tischendorf,300,Col,target,0.8766666666666667,0.9369184411547712,1.3376346947771205,0.8729628691168098,0.904559033997801,True,True,0.03908992015838808,IgnLong#11
impostores,18,dia|char3:600|minmax|w500|mformulae+preformed+otq+reuse|seven|tischendorf,dia,char3:600,minmax,500,formulae+preformed+otq+reuse,seven,tischendorf,300,2Tes,target,0.77,0.7625415446725214,1.1641095846925156,0.712048015806853,0.7490604999234752,True,True,0.018746132362370715,PolFil
impostores,18,dia|char3:600|minmax|w500|mformulae+preformed+otq+reuse|seven|tischendorf,dia,char3:600,minmax,500,formulae+preformed+otq+reuse,seven,tischendorf,300,1Tim,target,0.2,-0.5223228713001103,-1.1342477867543115,-0.5090301828762198,-0.5180803177479932,True,True,-0.018196780771298326,Bas_Ep#139
impostores,18,dia|char3:600|minmax|w500|mformulae+preformed+otq+reuse|seven|tischendorf,dia,char3:600,minmax,500,formulae+preformed+otq+reuse,seven,tischendorf,300,2Tim,target,0.26,-0.36230634869829004,-0.8533968096377795,-0.40024191791140945,-0.40008729852399477,True,True,-0.016071310971632224,Bas_Ep#92
impostores,18,dia|char3:600|minmax|w500|mformulae+preformed+otq+reuse|seven|tischendorf,dia,char3:600,minmax,500,formulae+preformed+otq+reuse,seven,tischendorf,300,Tit,target,0.07333333333333333,-0.7514278002086354,-1.5927762306909592,-0.6631190783361557,-0.6849764019114157,True,True,-0.036782425373444616,IgnPol
impostores,18,dia|char3:600|minmax|w500|mformulae+preformed+otq+reuse|seven|tischendorf,dia,char3:600,minmax,500,formulae+preformed+otq+reuse,seven,tischendorf,300,Heb,target,0.11,-0.7043174389914246,-1.487421048082417,-0.6313775366546914,-0.6506474421539635,True,True,-0.035516917729784714,PsSocrat#28-29
impostores,19,dia|char3:600|minmax|w500|mformulae+preformed+otq+reuse|seven|nestle1904,dia,char3:600,minmax,500,formulae+preformed+otq+reuse,seven,nestle1904,300,Rom,core_loo,0.85,0.8789178542849699,1.2696834878070498,0.821571740671381,0.8545861184298948,True,True,0.028644317524646856,1Pe
impostores,19,dia|char3:600|minmax|w500|mformulae+preformed+otq+reuse|seven|nestle1904,dia,char3:600,minmax,500,formulae+preformed+otq+reuse,seven,nestle1904,300,1Cor,core_loo,0.69,0.6231063852994598,0.9748010775644176,0.5469654160651432,0.5886245353346378,True,True,0.011085797675994824,IgnTral
impostores,19,dia|char3:600|minmax|w500|mformulae+preformed+otq+reuse|seven|nestle1904,dia,char3:600,minmax,500,formulae+preformed+otq+reuse,seven,nestle1904,300,2Cor,core_loo,0.82,0.8331981547440515,1.225438584382005,0.7793502105696836,0.8141291723953324,True,True,0.024684432450100435,Bas_Ep#219
impostores,19,dia|char3:600|minmax|w500|mformulae+preformed+otq+reuse|seven|nestle1904,dia,char3:600,minmax,500,formulae+preformed+otq+reuse,seven,nestle1904,300,Gal,core_loo,0.82,0.8331981547440515,1.225438584382005,0.7793502105696836,0.8141291723953324,True,True,0.027453247618575483,Bas_Ep#240
impostores,19,dia|char3:600|minmax|w500|mformulae+preformed+otq+reuse|seven|nestle1904,dia,char3:600,minmax,500,formulae+preformed+otq+reuse,seven,nestle1904,300,Flp,core_loo,0.7766666666666666,0.7638144959545943,1.1524449004567354,0.7095530517252967,0.7469561541845496,True,True,0.02146108003006081,IgnFil
impostores,19,dia|char3:600|minmax|w500|mformulae+preformed+otq+reuse|seven|nestle1904,dia,char3:600,minmax,500,formulae+preformed+otq+reuse,seven,nestle1904,300,1Tes,core_loo,0.7833333333333333,0.7746219101629951,1.1643351422783148,0.7208876453154998,0.7578924654024222,True,True,0.02005356324720431,Just_Dial#19-20
impostores,19,dia|char3:600|minmax|w500|mformulae+preformed+otq+reuse|seven|nestle1904,dia,char3:600,minmax,500,formulae+preformed+otq+reuse,seven,nestle1904,300,Flm,core_loo,0.85,0.8789178542849699,1.2696834878070498,0.821571740671381,0.8545861184298948,True,True,0.028880422987055232,IgnFil
impostores,19,dia|char3:600|minmax|w500|mformulae+preformed+otq+reuse|seven|nestle1904,dia,char3:600,minmax,500,formulae+preformed+otq+reuse,seven,nestle1904,300,Ef,target,0.8033333333333333,0.8068116775783909,1.1985773178498134,0.7536324429799581,0.7894243113319264,True,True,0.02600201670849156,IgnFil
impostores,19,dia|char3:600|minmax|w500|mformulae+preformed+otq+reuse|seven|nestle1904,dia,char3:600,minmax,500,formulae+preformed+otq+reuse,seven,nestle1904,300,Col,target,0.8933333333333333,0.9378220177993152,1.3229052039525997,0.8717806316439981,0.9025578499125433,True,True,0.03718948422777235,IgnFil
impostores,19,dia|char3:600|minmax|w500|mformulae+preformed+otq+reuse|seven|nestle1904,dia,char3:600,minmax,500,formulae+preformed+otq+reuse,seven,nestle1904,300,2Tes,target,0.7333333333333333,0.6933057641933582,1.0692727186140942,0.6314315515832749,0.6712418993116023,True,True,0.017374405049252473,3Cor
impostores,19,dia|char3:600|minmax|w500|mformulae+preformed+otq+reuse|seven|nestle1904,dia,char3:600,minmax,500,formulae+preformed+otq+reuse,seven,nestle1904,300,1Tim,target,0.18333333333333332,-0.5607720028399239,-1.193799787344454,-0.5329698670046437,-0.5446990898640037,True,True,-0.020319253061728992,Bas_Ep#94
impostores,19,dia|char3:600|minmax|w500|mformulae+preformed+otq+reuse|seven|nestle1904,dia,char3:600,minmax,500,formulae+preformed+otq+reuse,seven,nestle1904,300,2Tim,target,0.26,-0.35637643874313035,-0.8443752461104074,-0.3933900375802735,-0.3934732099326683,True,True,-0.01819166704711267,1Pe
impostores,19,dia|char3:600|minmax|w500|mformulae+preformed+otq+reuse|seven|nestle1904,dia,char3:600,minmax,500,formulae+preformed+otq+reuse,seven,nestle1904,300,Tit,target,0.09,-0.7366738970572608,-1.5283915527780905,-0.6528678178832206,-0.6742202458735043,True,True,-0.03385773176030882,2Pe
impostores,19,dia|char3:600|minmax|w500|mformulae+preformed+otq+reuse|seven|nestle1904,dia,char3:600,minmax,500,formulae+preformed+otq+reuse,seven,nestle1904,300,Heb,target,0.11,-0.7077019658325142,-1.4688269155849507,-0.6330311436167884,-0.6528293412372231,True,True,-0.031028696441274428,Bas_Ep#240
impostores,20,dia|char3:600|delta|w500|mnone|seven|tischendorf,dia,char3:600,delta,500,none,seven,tischendorf,300,Rom,core_loo,0.7766666666666666,0.7378647797070575,1.1171136298718758,0.6903252168602548,0.7262267769780442,True,True,0.05113705051823375,Bas_Ep#6
impostores,20,dia|char3:600|delta|w500|mnone|seven|tischendorf,dia,char3:600,delta,500,none,seven,tischendorf,300,1Cor,core_loo,0.6666666666666666,0.567202556741444,0.8939121813270394,0.4681703139375939,0.5082203178233822,True,True,0.02536970287252832,Bas_Ep#210
impostores,20,dia|char3:600|delta|w500|mnone|seven|tischendorf,dia,char3:600,delta,500,none,seven,tischendorf,300,2Cor,core_loo,0.8633333333333333,0.8677866363342205,1.2413090293702125,0.8296018353181909,0.8630834111136851,True,True,0.06571163310444877,IgnFil
impostores,20,dia|char3:600|delta|w500|mnone|seven|tischendorf,dia,char3:600,delta,500,none,seven,tischendorf,300,Gal,core_loo,0.8466666666666667,0.8442344734705568,1.2208312736767983,0.806448162470765,0.8402575857876511,True,True,0.05218737032341769,IgnLong#7
impostores,20,dia|char3:600|delta|w500|mnone|seven|tischendorf,dia,char3:600,delta,500,none,seven,tischendorf,300,Flp,core_loo,0.7866666666666666,0.7534123227961915,1.1335964403579553,0.7084998608297708,0.744039948108014,True,True,0.047584335125461286,IgnFil
impostores,20,dia|char3:600|delta|w500|mnone|seven|tischendorf,dia,char3:600,delta,500,none,seven,tischendorf,300,1Tes,core_loo,0.84,0.834526033992376,1.2121579225899075,0.7966407735468988,0.8306004444357944,True,True,0.055388968085499424,Just_Dial#14
impostores,20,dia|char3:600|delta|w500|mnone|seven|tischendorf,dia,char3:600,delta,500,none,seven,tischendorf,300,Flm,core_loo,0.92,0.9358218953832524,1.2964376845141135,0.8916164100834139,0.9244409036450045,True,True,0.08932366720361307,IgnFil
impostores,20,dia|char3:600|delta|w500|mnone|seven|tischendorf,dia,char3:600,delta,500,none,seven,tischendorf,300,Ef,target,0.8133333333333334,0.79452792453017,1.174864893116105,0.7545753810828797,0.7892447611993089,True,True,0.057733615270176286,Bas_Ep#302
impostores,20,dia|char3:600|delta|w500|mnone|seven|tischendorf,dia,char3:600,delta,500,none,seven,tischendorf,300,Col,target,0.86,0.8631689900205834,1.2373550190776221,0.825132814287045,0.8586745634539583,True,True,0.07133701414513843,PolFil
impostores,20,dia|char3:600|delta|w500|mnone|seven|tischendorf,dia,char3:600,delta,500,none,seven,tischendorf,300,2Tes,target,0.75,0.6963380448431615,1.070402270484623,0.6398125755179481,0.6767438947685496,True,True,0.04534769428776686,3Cor
impostores,20,dia|char3:600|delta|w500|mnone|seven|tischendorf,dia,char3:600,delta,500,none,seven,tischendorf,300,1Tim,target,0.31,-0.20378988160657366,-0.6019289218319804,-0.2853133948185375,-0.2761205804012385,True,True,-0.024499264889631,Bas_Ep#139
impostores,20,dia|char3:600|delta|w500|mnone|seven|tischendorf,dia,char3:600,delta,500,none,seven,tischendorf,300,2Tim,target,0.33666666666666667,-0.12890989646095952,-0.46815474524368494,-0.23341818837716227,-0.21934513460121824,True,True,-0.02242019890432767,3Cor
impostores,20,dia|char3:600|delta|w500|mnone|seven|tischendorf,dia,char3:600,delta,500,none,seven,tischendorf,300,Tit,target,0.22333333333333333,-0.4402269493782678,-1.0176650638715163,-0.44183102077866043,-0.4482071362759714,True,True,-0.045305036588888736,Bas_Ep#265
impostores,20,dia|char3:600|delta|w500|mnone|seven|tischendorf,dia,char3:600,delta,500,none,seven,tischendorf,300,Heb,target,0.16666666666666666,-0.5741936760446762,-1.2615319622074077,-0.5286870307679163,-0.5437745638884057,True,True,-0.04843281345990785,Bas_Ep#263
impostores,21,dia|char3:600|delta|w500|mnone|seven|nestle1904,dia,char3:600,delta,500,none,seven,nestle1904,300,Rom,core_loo,0.8133333333333334,0.7862374807939796,1.154896519024505,0.7417752941896103,0.7771354008078548,True,True,0.05390529764510077,Just_Dial#11-12
impostores,21,dia|char3:600|delta|w500|mnone|seven|nestle1904,dia,char3:600,delta,500,none,seven,nestle1904,300,1Cor,core_loo,0.6333333333333333,0.5089304045696414,0.7965658302465507,0.38668058596494226,0.4287513689414022,True,True,0.02435768620880968,IgnFil
impostores,21,dia|char3:600|delta|w500|mnone|seven|nestle1904,dia,char3:600,delta,500,none,seven,nestle1904,300,2Cor,core_loo,0.8766666666666667,0.8746627237006805,1.2325701147927397,0.8314721317110721,0.8644419778637145,True,True,0.0611325504638312,Bas_Ep#219
impostores,21,dia|char3:600|delta|w500|mnone|seven|nestle1904,dia,char3:600,delta,500,none,seven,nestle1904,300,Gal,core_loo,0.86,0.852912683065103,1.2145020413464849,0.8106074348326588,0.8441232290243681,True,True,0.07034354778480134,3Cor
impostores,21,dia|char3:600|delta|w500|mnone|seven|nestle1904,dia,char3:600,delta,500,none,seven,nestle1904,300,Flp,core_loo,0.8033333333333333,0.7712530816423039,1.1405108496242058,0.7252711928666062,0.7610742115874781,True,True,0.05307020139030011,IgnMagn
impostores,21,dia|char3:600|delta|w500|mnone|seven|nestle1904,dia,char3:600,delta,500,none,seven,nestle1904,300,1Tes,core_loo,0.82,0.7961284669612481,1.164179014787102,0.7524596486650894,0.7875321458563884,True,True,0.05606868534424242,PassPerp
impostores,21,dia|char3:600|delta|w500|mnone|seven|nestle1904,dia,char3:600,delta,500,none,seven,nestle1904,300,Flm,core_loo,0.9166666666666666,0.9196021915802011,1.2680474564505557,0.8722200319097229,0.9041617142812992,True,True,0.08813629247185845,Bas_Ep#231
impostores,21,dia|char3:600|delta|w500|mnone|seven|nestle1904,dia,char3:600,delta,500,none,seven,nestle1904,300,Ef,target,0.8233333333333334,0.8010392650676474,1.1687270566977388,0.7577025105826413,0.7926337862631792,True,True,0.05238370567286199,IgnFil
impostores,21,dia|char3:600|delta|w500|mnone|seven|nestle1904,dia,char3:600,delta,500,none,seven,nestle1904,300,Col,target,0.85,0.8392347185358142,1.2028138826740626,0.7970921566466536,0.8309664405553709,True,True,0.06337140766983596,IgnFil
impostores,21,dia|char3:600|delta|w500|mnone|seven|nestle1904,dia,char3:600,delta,500,none,seven,nestle1904,300,2Tes,target,0.6933333333333334,0.6024517923019665,0.9433391036879585,0.5148702130674245,0.5555266838179145,True,True,0.036865790240406426,3Cor
impostores,21,dia|char3:600|delta|w500|mnone|seven|nestle1904,dia,char3:600,delta,500,none,seven,nestle1904,300,1Tim,target,0.2866666666666667,-0.27025280291054493,-0.7254272456153369,-0.3300759434127858,-0.32540633243852335,True,True,-0.031066074410870725,Bas_Ep#139
impostores,21,dia|char3:600|delta|w500|mnone|seven|nestle1904,dia,char3:600,delta,500,none,seven,nestle1904,300,2Tim,target,0.33666666666666667,-0.13091325610375043,-0.4748634735799558,-0.23603947995616392,-0.22208279391592445,True,True,-0.02720654507927539,IgnFil
impostores,21,dia|char3:600|delta|w500|mnone|seven|nestle1904,dia,char3:600,delta,500,none,seven,nestle1904,300,Tit,target,0.19333333333333333,-0.5127477572346855,-1.1629988128718716,-0.4866132275199495,-0.4982542987048845,True,True,-0.04540009992881705,2Pe
impostores,21,dia|char3:600|delta|w500|mnone|seven|nestle1904,dia,char3:600,delta,500,none,seven,nestle1904,300,Heb,target,0.18333333333333332,-0.5356845791203823,-1.2061255470818535,-0.5012843692628743,-0.5144548645213235,True,True,-0.04835672419312359,Just_Dial#11-12
impostores,22,dia|char3:600|delta|w500|mformulae+preformed+otq+reuse|seven|tischendorf,dia,char3:600,delta,500,formulae+preformed+otq+reuse,seven,tischendorf,300,Rom,core_loo,0.8333333333333334,0.8240118340547992,1.2098838872855469,0.7868812834303531,0.8203901461239067,True,True,0.06115209037423358,Just_Dial#11-12
impostores,22,dia|char3:600|delta|w500|mformulae+preformed+otq+reuse|seven|tischendorf,dia,char3:600,delta,500,formulae+preformed+otq+reuse,seven,tischendorf,300,1Cor,core_loo,0.66,0.5589232146273287,0.8867173182585405,0.4578024878557858,0.49736790483386584,True,True,0.02287238514857992,IgnEf
impostores,22,dia|char3:600|delta|w500|mformulae+preformed+otq+reuse|seven|tischendorf,dia,char3:600,delta,500,formulae+preformed+otq+reuse,seven,tischendorf,300,2Cor,core_loo,0.8666666666666667,0.8701758305075447,1.251408841457995,0.8330349530766827,0.8655468198460716,True,True,0.06538033357006873,Bas_Ep#139
impostores,22,dia|char3:600|delta|w500|mformulae+preformed+otq+reuse|seven|tischendorf,dia,char3:600,delta,500,formulae+preformed+otq+reuse,seven,tischendorf,300,Gal,core_loo,0.8933333333333333,0.9031792122733887,1.2794293320158154,0.863895748969542,0.8957697182133775,True,True,0.07274726162048101,3Cor
impostores,22,dia|char3:600|delta|w500|mformulae+preformed+otq+reuse|seven|tischendorf,dia,char3:600,delta,500,formulae+preformed+otq+reuse,seven,tischendorf,300,Flp,core_loo,0.85,0.847634273101079,1.2314936457586565,0.8109413890186689,0.8439256546907206,True,True,0.05516513568257231,Bas_Ep#161
impostores,22,dia|char3:600|delta|w500|mformulae+preformed+otq+reuse|seven|tischendorf,dia,char3:600,delta,500,formulae+preformed+otq+reuse,seven,tischendorf,300,1Tes,core_loo,0.8066666666666666,0.7846571647651324,1.1720139997371934,0.7446974669505031,0.7791383293824479,True,True,0.045303191329459536,Just_Dial#19-20
impostores,22,dia|char3:600|delta|w500|mformulae+preformed+otq+reuse|seven|tischendorf,dia,char3:600,delta,500,formulae+preformed+otq+reuse,seven,tischendorf,300,Flm,core_loo,0.8033333333333333,0.7796423895978117,1.1670053000669793,0.7391322639918428,0.773696247560282,True,True,0.06366498083193328,Liban_Ep10#516
impostores,22,dia|char3:600|delta|w500|mformulae+preformed+otq+reuse|seven|tischendorf,dia,char3:600,delta,500,formulae+preformed+otq+reuse,seven,tischendorf,300,Ef,target,0.8466666666666667,0.8429866094287259,1.2273037091118943,0.8062815234539666,0.8393666974347778,True,True,0.062303783176791694,IgnLong#6
impostores,22,dia|char3:600|delta|w500|mformulae+preformed+otq+reuse|seven|tischendorf,dia,char3:600,delta,500,formulae+preformed+otq+reuse,seven,tischendorf,300,Col,target,0.91,0.9213325117144211,1.294307967591146,0.880138480089458,0.9116900140194882,True,True,0.07690736346717791,IgnMagn
impostores,22,dia|char3:600|delta|w500|mformulae+preformed+otq+reuse|seven|tischendorf,dia,char3:600,delta,500,formulae+preformed+otq+reuse,seven,tischendorf,300,2Tes,target,0.73,0.6672010482090568,1.0411196943959917,0.6034772264098874,0.6408808922633542,True,True,0.035414047785663094,Bas_Ep#242
impostores,22,dia|char3:600|delta|w500|mformulae+preformed+otq+reuse|seven|tischendorf,dia,char3:600,delta,500,formulae+preformed+otq+reuse,seven,tischendorf,300,1Tim,target,0.22333333333333333,-0.4414723716173955,-1.0332333869419645,-0.44357761802204354,-0.44957730630769055,True,True,-0.03797412645784631,Bas_Ep#224
impostores,22,dia|char3:600|delta|w500|mformulae+preformed+otq+reuse|seven|tischendorf,dia,char3:600,delta,500,formulae+preformed+otq+reuse,seven,tischendorf,300,2Tim,target,0.30333333333333334,-0.22235419371050177,-0.6440365842225679,-0.2982248119186049,-0.29019922453076796,True,True,-0.026898287065816373,Just_Dial#6-8
impostores,22,dia|char3:600|delta|w500|mformulae+preformed+otq+reuse|seven|tischendorf,dia,char3:600,delta,500,formulae+preformed+otq+reuse,seven,tischendorf,300,Tit,target,0.09,-0.7080057608978993,-1.5577847514188958,-0.6179610752120801,-0.6407238518354046,True,True,-0.06779997110015057,Bas_Ep#212
impostores,22,dia|char3:600|delta|w500|mformulae+preformed+otq+reuse|seven|tischendorf,dia,char3:600,delta,500,formulae+preformed+otq+reuse,seven,tischendorf,300,Heb,target,0.11666666666666667,-0.6696207397601374,-1.4731599238696818,-0.5926638956589512,-0.6130631402183223,True,True,-0.06353996117897165,Bas_Ep#139
impostores,23,dia|char3:600|delta|w500|mformulae+preformed+otq+reuse|seven|nestle1904,dia,char3:600,delta,500,formulae+preformed+otq+reuse,seven,nestle1904,300,Rom,core_loo,0.8466666666666667,0.8348509515594693,1.2001980090950102,0.7873168961381797,0.8197887797749694,True,True,0.07067001040232124,IgnFil
impostores,23,dia|char3:600|delta|w500|mformulae+preformed+otq+reuse|seven|nestle1904,dia,char3:600,delta,500,formulae+preformed+otq+reuse,seven,nestle1904,300,1Cor,core_loo,0.6366666666666667,0.5145425176513772,0.8112823456170969,0.39408217692983805,0.43438712783695094,True,True,0.02135719876198161,Phil_Gig
impostores,23,dia|char3:600|delta|w500|mformulae+preformed+otq+reuse|seven|nestle1904,dia,char3:600,delta,500,formulae+preformed+otq+reuse,seven,nestle1904,300,2Cor,core_loo,0.8366666666666667,0.8203644164703907,1.1876198784372725,0.7727977799294268,0.8056647772447529,True,True,0.06501720981366438,Bas_Ep#139
impostores,23,dia|char3:600|delta|w500|mformulae+preformed+otq+reuse|seven|nestle1904,dia,char3:600,delta,500,formulae+preformed+otq+reuse,seven,nestle1904,300,Gal,core_loo,0.8766666666666667,0.8758404795134772,1.234342671929759,0.8266554257950138,0.8580468456589646,True,True,0.07178139841349457,3Cor
impostores,23,dia|char3:600|delta|w500|mformulae+preformed+otq+reuse|seven|nestle1904,dia,char3:600,delta,500,formulae+preformed+otq+reuse,seven,nestle1904,300,Flp,core_loo,0.84,0.8252295577682491,1.1918757751299953,0.7777104053455449,0.8104440025741624,True,True,0.05268973370613517,Just_Dial#37-38
impostores,23,dia|char3:600|delta|w500|mformulae+preformed+otq+reuse|seven|nestle1904,dia,char3:600,delta,500,formulae+preformed+otq+reuse,seven,nestle1904,300,1Tes,core_loo,0.8333333333333334,0.815466141702349,1.18330180102628,0.7678141254959819,0.8008161211150627,True,True,0.05332150154524795,PsSocrat#15-17
impostores,23,dia|char3:600|delta|w500|mformulae+preformed+otq+reuse|seven|nestle1904,dia,char3:600,delta,500,formulae+preformed+otq+reuse,seven,nestle1904,300,Flm,core_loo,0.8366666666666667,0.8203644164703907,1.1876198784372725,0.7727977799294268,0.8056647772447529,True,True,0.0482672088966527,IgnFil
impostores,23,dia|char3:600|delta|w500|mformulae+preformed+otq+reuse|seven|nestle1904,dia,char3:600,delta,500,formulae+preformed+otq+reuse,seven,nestle1904,300,Ef,target,0.77,0.7187262813056783,1.0900261798479796,0.6614720550675914,0.6972327342395248,True,True,0.05147117127632578,Bas_Ep#265
impostores,23,dia|char3:600|delta|w500|mformulae+preformed+otq+reuse|seven|nestle1904,dia,char3:600,delta,500,formulae+preformed+otq+reuse,seven,nestle1904,300,Col,target,0.9366666666666666,0.9396622057545345,1.2837874630940667,0.8830193133751213,0.9128541799056928,True,True,0.07748107363962253,IgnMagn
impostores,23,dia|char3:600|delta|w500|mformulae+preformed+otq+reuse|seven|nestle1904,dia,char3:600,delta,500,formulae+preformed+otq+reuse,seven,nestle1904,300,2Tes,target,0.7266666666666667,0.6516649710209396,1.0136851242695173,0.5789446326324775,0.6165855544641774,True,True,0.039489960893084264,Just_Dial#39
impostores,23,dia|char3:600|delta|w500|mformulae+preformed+otq+reuse|seven|nestle1904,dia,char3:600,delta,500,formulae+preformed+otq+reuse,seven,nestle1904,300,1Tim,target,0.21666666666666667,-0.451806937341945,-1.0518012012455322,-0.445619114603091,-0.45301738570058864,True,True,-0.036241114162679,Bas_Ep#94
impostores,23,dia|char3:600|delta|w500|mformulae+preformed+otq+reuse|seven|nestle1904,dia,char3:600,delta,500,formulae+preformed+otq+reuse,seven,nestle1904,300,2Tim,target,0.33,-0.13991469051421382,-0.5029842107592473,-0.23870638622995316,-0.2260193593845497,True,True,-0.021431941630662865,IgnFil
impostores,23,dia|char3:600|delta|w500|mformulae+preformed+otq+reuse|seven|nestle1904,dia,char3:600,delta,500,formulae+preformed+otq+reuse,seven,nestle1904,300,Tit,target,0.11333333333333333,-0.669196763250326,-1.463248620484358,-0.5876542031864562,-0.6087737862180884,True,True,-0.0657167874129887,Bas_Ep#92
impostores,23,dia|char3:600|delta|w500|mformulae+preformed+otq+reuse|seven|nestle1904,dia,char3:600,delta,500,formulae+preformed+otq+reuse,seven,nestle1904,300,Heb,target,0.17666666666666667,-0.547511889114277,-1.2257089534973298,-0.5079159557506516,-0.5214210047015712,True,True,-0.04998402914319644,Bas_Ep#139
impostores,24,dia|lemma_dict:300|minmax|w500|mnone|seven|tischendorf,dia,lemma_dict:300,minmax,500,none,seven,tischendorf,300,Rom,core_loo,0.7566666666666667,0.6595183659958267,0.9508019081712528,0.5266716933497668,0.5685810937767595,True,True,0.03540010704488333,1Pe
impostores,24,dia|lemma_dict:300|minmax|w500|mnone|seven|tischendorf,dia,lemma_dict:300,minmax,500,none,seven,tischendorf,300,1Cor,core_loo,0.7466666666666667,0.6392591345595883,0.9321064932809355,0.5059784299357495,0.5480637108200128,True,True,0.025300530890406236,IgnLong#4
impostores,24,dia|lemma_dict:300|minmax|w500|mnone|seven|tischendorf,dia,lemma_dict:300,minmax,500,none,seven,tischendorf,300,2Cor,core_loo,0.8866666666666667,0.927087611779344,1.153550048399588,0.7683817468834917,0.8108581654600164,True,True,0.049328444059112186,IgnLong#6
impostores,24,dia|lemma_dict:300|minmax|w500|mnone|seven|tischendorf,dia,lemma_dict:300,minmax,500,none,seven,tischendorf,300,Gal,core_loo,0.9033333333333333,0.9565281452373636,1.1722597764751719,0.7915264232925536,0.8344208589940216,True,True,0.04996713778111034,IgnFil
impostores,24,dia|lemma_dict:300|minmax|w500|mnone|seven|tischendorf,dia,lemma_dict:300,minmax,500,none,seven,tischendorf,300,Flp,core_loo,0.9033333333333333,0.9565281452373636,1.1722597764751719,0.7915264232925536,0.8344208589940216,True,True,0.05913841196786396,1Pe
impostores,24,dia|lemma_dict:300|minmax|w500|mnone|seven|tischendorf,dia,lemma_dict:300,minmax,500,none,seven,tischendorf,300,1Tes,core_loo,0.8566666666666667,0.868709382270829,1.1146907965830477,0.7205164934994983,0.7623701342884701,True,True,0.04691182887307693,Bas_Ep#295
impostores,24,dia|lemma_dict:300|minmax|w500|mnone|seven|tischendorf,dia,lemma_dict:300,minmax,500,none,seven,tischendorf,300,Flm,core_loo,0.9333333333333333,1.0014564051910557,1.1997370109738879,0.8255792938521451,0.8692398928610129,True,True,0.06944975181443952,IgnFil
impostores,24,dia|lemma_dict:300|minmax|w500|mnone|seven|tischendorf,dia,lemma_dict:300,minmax,500,none,seven,tischendorf,300,Ef,target,0.6733333333333333,0.5004262509208045,0.7809823475552742,0.3552401192250676,0.3988630446166542,True,True,0.023132323405186672,IgnLong#6
impostores,24,dia|lemma_dict:300|minmax|w500|mnone|seven|tischendorf,dia,lemma_dict:300,minmax,500,none,seven,tischendorf,300,Col,target,0.68,0.5123059341312719,0.7959034649111214,0.3686965162206748,0.4121925457659557,True,True,0.02652139476285431,IgnLong#4
impostores,24,dia|lemma_dict:300|minmax|w500|mnone|seven|tischendorf,dia,lemma_dict:300,minmax,500,none,seven,tischendorf,300,2Tes,target,0.8733333333333333,0.9018409073411506,1.1370405778807455,0.748005086327395,0.7901780302745326,True,True,0.04870467760667524,2Clem
impostores,24,dia|lemma_dict:300|minmax|w500|mnone|seven|tischendorf,dia,lemma_dict:300,minmax,500,none,seven,tischendorf,300,1Tim,target,0.88,0.9146274395064002,1.1454568536409755,0.7583864271366862,0.8007066403896469,True,True,0.04121969777828982,2Clem
impostores,24,dia|lemma_dict:300|minmax|w500|mnone|seven|tischendorf,dia,lemma_dict:300,minmax,500,none,seven,tischendorf,300,2Tim,target,0.82,0.7922751968327242,1.0598668398372175,0.6538083993423593,0.695274186912961,True,True,0.03621513176309643,PolFil
impostores,24,dia|lemma_dict:300|minmax|w500|mnone|seven|tischendorf,dia,lemma_dict:300,minmax,500,none,seven,tischendorf,300,Tit,target,0.69,0.5303995225035307,0.81778639492014,0.3890142704395951,0.4323060292848945,True,True,0.02038110925657599,PolFil
impostores,24,dia|lemma_dict:300|minmax|w500|mnone|seven|tischendorf,dia,lemma_dict:300,minmax,500,none,seven,tischendorf,300,Heb,target,0.52,0.24944289587379878,0.3377125455263327,0.07289051564490069,0.11349734009762902,True,True,0.004874850844606371,IgnPol
impostores,25,dia|lemma_dict:300|minmax|w500|mnone|seven|nestle1904,dia,lemma_dict:300,minmax,500,none,seven,nestle1904,300,Rom,core_loo,0.76,0.6663104281485436,0.944608640499308,0.531772372220809,0.573356569646643,True,True,0.03325739963843388,IgnEf
impostores,25,dia|lemma_dict:300|minmax|w500|mnone|seven|nestle1904,dia,lemma_dict:300,minmax,500,none,seven,nestle1904,300,1Cor,core_loo,0.79,0.7293000986031519,0.9991725181099251,0.5923731081485851,0.6333588118846324,True,True,0.030249314191379773,IgnLong#4
impostores,25,dia|lemma_dict:300|minmax|w500|mnone|seven|nestle1904,dia,lemma_dict:300,minmax,500,none,seven,nestle1904,300,2Cor,core_loo,0.88,0.9148271263508727,1.1386129055128187,0.7547460102000596,0.795525551710715,True,True,0.045279854067800995,1Pe
impostores,25,dia|lemma_dict:300|minmax|w500|mnone|seven|nestle1904,dia,lemma_dict:300,minmax,500,none,seven,nestle1904,300,Gal,core_loo,0.87,0.8957517065641227,1.1254303353865989,0.7391283441698416,0.7798150348537266,True,True,0.0456756319455186,IgnLong#11
impostores,25,dia|lemma_dict:300|minmax|w500|mnone|seven|nestle1904,dia,lemma_dict:300,minmax,500,none,seven,nestle1904,300,Flp,core_loo,0.8533333333333334,0.8625974771722579,1.1019548487508013,0.7114039550450039,0.7519918472755025,True,True,0.05271912455286426,IgnFil
impostores,25,dia|lemma_dict:300|minmax|w500|mnone|seven|nestle1904,dia,lemma_dict:300,minmax,500,none,seven,nestle1904,300,1Tes,core_loo,0.8433333333333334,0.8420835395259659,1.0870534044282216,0.6938789666469196,0.7344456646750961,True,True,0.03889485081373262,IgnFil
impostores,25,dia|lemma_dict:300|minmax|w500|mnone|seven|nestle1904,dia,lemma_dict:300,minmax,500,none,seven,nestle1904,300,Flm,core_loo,0.9533333333333334,1.0219716825708363,1.2085980522790187,0.8379733778013643,0.8797501566051649,True,True,0.06439970709836984,IgnFil
impostores,25,dia|lemma_dict:300|minmax|w500|mnone|seven|nestle1904,dia,lemma_dict:300,minmax,500,none,seven,nestle1904,300,Ef,target,0.6833333333333333,0.5165219058997184,0.7892159929023785,0.3759030195898867,0.41953243209555335,True,True,0.022386546461248158,Just_Dial#40-41
impostores,25,dia|lemma_dict:300|minmax|w500|mnone|seven|nestle1904,dia,lemma_dict:300,minmax,500,none,seven,nestle1904,300,Col,target,0.6666666666666666,0.486640598134837,0.7517748311198712,0.34288504522548546,0.38690625774639187,True,True,0.026207467353108416,PolFil
impostores,25,dia|lemma_dict:300|minmax|w500|mnone|seven|nestle1904,dia,lemma_dict:300,minmax,500,none,seven,nestle1904,300,2Tes,target,0.86,0.8760359504351478,1.1115585673919555,0.7227305108180562,0.7633488456783389,True,True,0.045726117415797074,3Cor
impostores,25,dia|lemma_dict:300|minmax|w500|mnone|seven|nestle1904,dia,lemma_dict:300,minmax,500,none,seven,nestle1904,300,1Tim,target,0.85,0.8558028758607783,1.0970519966942032,0.7056308459505386,0.7462083358292126,True,True,0.03852396842321226,IgnLong#10
impostores,25,dia|lemma_dict:300|minmax|w500|mnone|seven|nestle1904,dia,lemma_dict:300,minmax,500,none,seven,nestle1904,300,2Tim,target,0.84,0.8351667027502456,1.0819611349266807,0.6879057015363548,0.7284721320884948,True,True,0.03528404414678449,IgnLong#4
impostores,25,dia|lemma_dict:300|minmax|w500|mnone|seven|nestle1904,dia,lemma_dict:300,minmax,500,none,seven,nestle1904,300,Tit,target,0.6966666666666667,0.5411354240699651,0.818099762250716,0.4026483330850596,0.4459283423287217,True,True,0.018640399358397786,PolFil
impostores,25,dia|lemma_dict:300|minmax|w500|mnone|seven|nestle1904,dia,lemma_dict:300,minmax,500,none,seven,nestle1904,300,Heb,target,0.48,0.18180324205330772,0.18116399030250743,0.013318857275853928,0.05109697854671194,True,True,-0.002255039961962746,3Cor
impostores,26,dia|lemma_dict:300|minmax|w500|mformulae+preformed+otq+reuse|seven|tischendorf,dia,lemma_dict:300,minmax,500,formulae+preformed+otq+reuse,seven,tischendorf,300,Rom,core_loo,0.7833333333333333,0.7280803268632667,1.0183414390668755,0.6021693044861481,0.6425979702032941,True,True,0.032347828947117685,Bas_Ep#262
impostores,26,dia|lemma_dict:300|minmax|w500|mformulae+preformed+otq+reuse|seven|tischendorf,dia,lemma_dict:300,minmax,500,formulae+preformed+otq+reuse,seven,tischendorf,300,1Cor,core_loo,0.74,0.6371819964243968,0.9362528680381879,0.5123562730586604,0.5529675200031919,True,True,0.02297029819404356,IgnLong#11
impostores,26,dia|lemma_dict:300|minmax|w500|mformulae+preformed+otq+reuse|seven|tischendorf,dia,lemma_dict:300,minmax,500,formulae+preformed+otq+reuse,seven,tischendorf,300,2Cor,core_loo,0.8466666666666667,0.8652166800420857,1.1246095671466734,0.7252748269641186,0.7667313556420737,True,True,0.05409206094715335,IgnLong#11
impostores,26,dia|lemma_dict:300|minmax|w500|mformulae+preformed+otq+reuse|seven|tischendorf,dia,lemma_dict:300,minmax,500,formulae+preformed+otq+reuse,seven,tischendorf,300,Gal,core_loo,0.8866666666666667,0.9463947409436567,1.1804509867739492,0.7915391476129803,0.8343616650233058,True,True,0.04788976995787941,IgnFil
impostores,26,dia|lemma_dict:300|minmax|w500|mformulae+preformed+otq+reuse|seven|tischendorf,dia,lemma_dict:300,minmax,500,formulae+preformed+otq+reuse,seven,tischendorf,300,Flp,core_loo,0.7966666666666666,0.7568993042333729,1.0421620956791076,0.6292448997366628,0.6697548763040214,True,True,0.04185603081111744,IgnFil
impostores,26,dia|lemma_dict:300|minmax|w500|mformulae+preformed+otq+reuse|seven|tischendorf,dia,lemma_dict:300,minmax,500,formulae+preformed+otq+reuse,seven,tischendorf,300,1Tes,core_loo,0.74,0.6371819964243968,0.9362528680381879,0.5123562730586604,0.5529675200031919,True,True,0.0366326676151969,IgnLong#4
impostores,26,dia|lemma_dict:300|minmax|w500|mformulae+preformed+otq+reuse|seven|tischendorf,dia,lemma_dict:300,minmax,500,formulae+preformed+otq+reuse,seven,tischendorf,300,Flm,core_loo,0.85,0.8722867601896526,1.1296567000035278,0.7312367463512233,0.7727902901792991,True,True,0.04556739114393921,IgnFil
impostores,26,dia|lemma_dict:300|minmax|w500|mformulae+preformed+otq+reuse|seven|tischendorf,dia,lemma_dict:300,minmax,500,formulae+preformed+otq+reuse,seven,tischendorf,300,Ef,target,0.73,0.6170215978089806,0.9162798459668559,0.4915042907166571,0.5322364155159837,True,True,0.031291682387045605,Bas_Ep#165
impostores,26,dia|lemma_dict:300|minmax|w500|mformulae+preformed+otq+reuse|seven|tischendorf,dia,lemma_dict:300,minmax,500,formulae+preformed+otq+reuse,seven,tischendorf,300,Col,target,0.7166666666666667,0.5906975324261009,0.8890003204559589,0.46376076848110565,0.5046858292300787,True,True,0.03732417731642118,IgnLong#13
impostores,26,dia|lemma_dict:300|minmax|w500|mformulae+preformed+otq+reuse|seven|tischendorf,dia,lemma_dict:300,minmax,500,formulae+preformed+otq+reuse,seven,tischendorf,300,2Tes,target,0.8733333333333333,0.9204030254723464,1.163058967690398,0.770841388258158,0.8131671964582097,True,True,0.05470103586397462,IgnFil
impostores,26,dia|lemma_dict:300|minmax|w500|mformulae+preformed+otq+reuse|seven|tischendorf,dia,lemma_dict:300,minmax,500,formulae+preformed+otq+reuse,seven,tischendorf,300,1Tim,target,0.7966666666666666,0.7568993042333729,1.0421620956791076,0.6292448997366628,0.6697548763040214,True,True,0.03711565725178667,IgnFil
impostores,26,dia|lemma_dict:300|minmax|w500|mformulae+preformed+otq+reuse|seven|tischendorf,dia,lemma_dict:300,minmax,500,formulae+preformed+otq+reuse,seven,tischendorf,300,2Tim,target,0.86,0.8932389758719326,1.1444006341082775,0.7486896486065662,0.7905556214603413,True,True,0.04520599597639585,IgnLong#4
impostores,26,dia|lemma_dict:300|minmax|w500|mformulae+preformed+otq+reuse|seven|tischendorf,dia,lemma_dict:300,minmax,500,formulae+preformed+otq+reuse,seven,tischendorf,300,Tit,target,0.6,0.38657865895476534,0.6067503996310214,0.2322794320992064,0.2744951923182404,True,True,0.008626122732094954,PolFil
impostores,26,dia|lemma_dict:300|minmax|w500|mformulae+preformed+otq+reuse|seven|tischendorf,dia,lemma_dict:300,minmax,500,formulae+preformed+otq+reuse,seven,tischendorf,300,Heb,target,0.46,0.152952252307963,0.11345664906321618,-0.00984685828794065,0.024108941828178906,True,True,-0.003737028763053818,1Pe
impostores,27,dia|lemma_dict:300|minmax|w500|mformulae+preformed+otq+reuse|seven|nestle1904,dia,lemma_dict:300,minmax,500,formulae+preformed+otq+reuse,seven,nestle1904,300,Rom,core_loo,0.79,0.7342200144194415,1.0128018600750042,0.6062921723961106,0.6468191708062662,True,True,0.03420143154572208,IgnEf
impostores,27,dia|lemma_dict:300|minmax|w500|mformulae+preformed+otq+reuse|seven|nestle1904,dia,lemma_dict:300,minmax,500,formulae+preformed+otq+reuse,seven,nestle1904,300,1Cor,core_loo,0.7466666666666667,0.641418967212056,0.9288157439962413,0.5166632752857706,0.5578045728029133,True,True,0.021245855393149604,IgnFil
impostores,27,dia|lemma_dict:300|minmax|w500|mformulae+preformed+otq+reuse|seven|nestle1904,dia,lemma_dict:300,minmax,500,formulae+preformed+otq+reuse,seven,nestle1904,300,2Cor,core_loo,0.8633333333333333,0.8963129672447714,1.1404530967672248,0.7474952934212068,0.7882993902984615,True,True,0.044976850398921187,IgnTral
impostores,27,dia|lemma_dict:300|minmax|w500|mformulae+preformed+otq+reuse|seven|nestle1904,dia,lemma_dict:300,minmax,500,formulae+preformed+otq+reuse,seven,nestle1904,300,Gal,core_loo,0.9033333333333333,0.976266219619699,1.1970687021654567,0.810422419124229,0.8520173699047806,True,True,0.0487754106053912,3Cor
impostores,27,dia|lemma_dict:300|minmax|w500|mformulae+preformed+otq+reuse|seven|nestle1904,dia,lemma_dict:300,minmax,500,formulae+preformed+otq+reuse,seven,nestle1904,300,Flp,core_loo,0.8066666666666666,0.771147598597637,1.0436770668787916,0.6401225840295307,0.6805549272198071,True,True,0.03742404279793088,IgnFil
impostores,27,dia|lemma_dict:300|minmax|w500|mformulae+preformed+otq+reuse|seven|nestle1904,dia,lemma_dict:300,minmax,500,formulae+preformed+otq+reuse,seven,nestle1904,300,1Tes,core_loo,0.7866666666666666,0.7268943410300972,1.0065253717430258,0.5994597270666095,0.6400162091965739,True,True,0.04206922624318554,1Pe
impostores,27,dia|lemma_dict:300|minmax|w500|mformulae+preformed+otq+reuse|seven|nestle1904,dia,lemma_dict:300,minmax,500,formulae+preformed+otq+reuse,seven,nestle1904,300,Flm,core_loo,0.8566666666666667,0.8819756240872807,1.1299032935710218,0.7357513654264707,0.7764584346108089,True,True,0.04578158707576124,2Jn
impostores,27,dia|lemma_dict:300|minmax|w500|mformulae+preformed+otq+reuse|seven|nestle1904,dia,lemma_dict:300,minmax,500,formulae+preformed+otq+reuse,seven,nestle1904,300,Ef,target,0.6833333333333333,0.5185684855196829,0.7960029199146341,0.3872054194907463,0.42969729078488716,True,True,0.028504955733248016,PsClem_Virg#1
impostores,27,dia|lemma_dict:300|minmax|w500|mformulae+preformed+otq+reuse|seven|nestle1904,dia,lemma_dict:300,minmax,500,formulae+preformed+otq+reuse,seven,nestle1904,300,Col,target,0.6766666666666666,0.5066183512792914,0.7811268160436209,0.37394783711531926,0.4165715197985028,True,True,0.02758810300986103,IgnLong#13
impostores,27,dia|lemma_dict:300|minmax|w500|mformulae+preformed+otq+reuse|seven|nestle1904,dia,lemma_dict:300,minmax,500,formulae+preformed+otq+reuse,seven,nestle1904,300,2Tes,target,0.86,0.889168747509649,1.1352119999315937,0.7416609960767635,0.7824150059141957,True,True,0.043791370575311794,1Pe
impostores,27,dia|lemma_dict:300|minmax|w500|mformulae+preformed+otq+reuse|seven|nestle1904,dia,lemma_dict:300,minmax,500,formulae+preformed+otq+reuse,seven,nestle1904,300,1Tim,target,0.8166666666666667,0.7934559768987208,1.0617606962057742,0.6600742846131114,0.7004940414363175,True,True,0.032134022026197584,1Pe
impostores,27,dia|lemma_dict:300|minmax|w500|mformulae+preformed+otq+reuse|seven|nestle1904,dia,lemma_dict:300,minmax,500,formulae+preformed+otq+reuse,seven,nestle1904,300,2Tim,target,0.7833333333333333,0.7195936352922874,1.0002168563105611,0.5926100882354493,0.6331993979725518,True,True,0.032933286369257186,2Pe
impostores,27,dia|lemma_dict:300|minmax|w500|mformulae+preformed+otq+reuse|seven|nestle1904,dia,lemma_dict:300,minmax,500,formulae+preformed+otq+reuse,seven,nestle1904,300,Tit,target,0.5833333333333334,0.35465468019181384,0.5437662061050508,0.1989560238364334,0.2418172865487714,True,True,0.005532711635745591,IgnEsm
impostores,27,dia|lemma_dict:300|minmax|w500|mformulae+preformed+otq+reuse|seven|nestle1904,dia,lemma_dict:300,minmax,500,formulae+preformed+otq+reuse,seven,nestle1904,300,Heb,target,0.5066666666666667,0.23511526119055448,0.2919602211087901,0.06888153556486896,0.10777760761857658,True,True,0.0009522239964950829,Bas_Ep#139
impostores,28,dia|lemma_dict:300|delta|w500|mnone|seven|tischendorf,dia,lemma_dict:300,delta,500,none,seven,tischendorf,300,Rom,core_loo,0.85,0.6811726685947395,0.8489971172512794,0.4651602876890867,0.5262464584074734,False,True,0.06620967346708928,IgnLong#3
impostores,28,dia|lemma_dict:300|delta|w500|mnone|seven|tischendorf,dia,lemma_dict:300,delta,500,none,seven,tischendorf,300,1Cor,core_loo,0.76,0.5043427833213054,0.6891605458499063,0.284499866167133,0.3406288832600656,False,True,0.04228406891651437,Bas_Ep#242
impostores,28,dia|lemma_dict:300|delta|w500|mnone|seven|tischendorf,dia,lemma_dict:300,delta,500,none,seven,tischendorf,300,2Cor,core_loo,0.86,0.699622085784677,0.8644757440173745,0.48325988214038784,0.5448723875560512,False,True,0.06903503090869706,PsPhal#84-87
impostores,28,dia|lemma_dict:300|delta|w500|mnone|seven|tischendorf,dia,lemma_dict:300,delta,500,none,seven,tischendorf,300,Gal,core_loo,0.9333333333333333,0.8114676652794928,0.9542061058113941,0.5888494695860603,0.6538498518974921,False,True,0.07826332375514905,Just_Dial#11-12
impostores,28,dia|lemma_dict:300|delta|w500|mnone|seven|tischendorf,dia,lemma_dict:300,delta,500,none,seven,tischendorf,300,Flp,core_loo,0.8766666666666667,0.7291372471560259,0.8888292975456307,0.5118346974698064,0.5743054018291799,False,True,0.07300395154010125,IgnLong#3
impostores,28,dia|lemma_dict:300|delta|w500|mnone|seven|tischendorf,dia,lemma_dict:300,delta,500,none,seven,tischendorf,300,1Tes,core_loo,0.84,0.6622864518665301,0.8329422339182166,0.44645282853062485,0.5070067662362996,False,True,0.06259231836177237,Bas_Ep#267
impostores,28,dia|lemma_dict:300|delta|w500|mnone|seven|tischendorf,dia,lemma_dict:300,delta,500,none,seven,tischendorf,300,Flm,core_loo,0.89,0.7513553177031776,0.9068380695598567,0.5330201358154235,0.5961522455836064,False,True,0.08662839405027467,Bas_Ep#231
impostores,28,dia|lemma_dict:300|delta|w500|mnone|seven|tischendorf,dia,lemma_dict:300,delta,500,none,seven,tischendorf,300,Ef,target,0.85,0.6811726685947395,0.8489971172512794,0.4651602876890867,0.5262464584074734,False,True,0.06114950113638695,Bas_Ep#258
impostores,28,dia|lemma_dict:300|delta|w500|mnone|seven|tischendorf,dia,lemma_dict:300,delta,500,none,seven,tischendorf,300,Col,target,0.8666666666666667,0.7116321430317003,0.8744454917927755,0.4949451472582737,0.556904272536429,False,True,0.06795987499132078,PolFil
impostores,28,dia|lemma_dict:300|delta|w500|mnone|seven|tischendorf,dia,lemma_dict:300,delta,500,none,seven,tischendorf,300,2Tes,target,0.89,0.7513553177031776,0.9068380695598567,0.5330201358154235,0.5961522455836064,False,True,0.07008303561840246,PolFil
impostores,28,dia|lemma_dict:300|delta|w500|mnone|seven|tischendorf,dia,lemma_dict:300,delta,500,none,seven,tischendorf,300,1Tim,target,0.8266666666666667,0.636575480439425,0.8107329149354535,0.420711303621802,0.48054875530248875,False,True,0.05256153172161365,PsClem_Virg#1
impostores,28,dia|lemma_dict:300|delta|w500|mnone|seven|tischendorf,dia,lemma_dict:300,delta,500,none,seven,tischendorf,300,2Tim,target,0.87,0.7175390974786657,0.8793186181762822,0.500663477227663,0.5627943519809813,False,True,0.05661902264319685,IgnFil
impostores,28,dia|lemma_dict:300|delta|w500|mnone|seven|tischendorf,dia,lemma_dict:300,delta,500,none,seven,tischendorf,300,Tit,target,0.7533333333333333,0.4911406265234397,0.6762297114385716,0.27067999636960977,0.3264176680418836,False,True,0.03476387866487446,Bas_Ep#242
impostores,28,dia|lemma_dict:300|delta|w500|mnone|seven|tischendorf,dia,lemma_dict:300,delta,500,none,seven,tischendorf,300,Heb,target,0.5866666666666667,0.1877161919901384,0.30699649667398177,-0.028489648164788085,0.013101007762385224,False,True,0.01431220092562313,PsPhal#84-87
impostores,29,dia|lemma_dict:300|delta|w500|mnone|seven|nestle1904,dia,lemma_dict:300,delta,500,none,seven,nestle1904,300,Rom,core_loo,0.81,0.6114873449251909,0.7929102602791173,0.3983149085739941,0.45775328720879177,False,True,0.06682980507992275,IgnLong#2
impostores,29,dia|lemma_dict:300|delta|w500|mnone|seven|nestle1904,dia,lemma_dict:300,delta,500,none,seven,nestle1904,300,1Cor,core_loo,0.7666666666666667,0.5235254550233562,0.7098235127118205,0.307135765984707,0.36396383476371885,False,True,0.043156761333524085,2Jn
impostores,29,dia|lemma_dict:300|delta|w500|mnone|seven|nestle1904,dia,lemma_dict:300,delta,500,none,seven,nestle1904,300,2Cor,core_loo,0.8466666666666667,0.6838069474933443,0.8575179050160207,0.47121856731312955,0.5328933731487073,False,True,0.0679701366673337,1Pe
impostores,29,dia|lemma_dict:300|delta|w500|mnone|seven|nestle1904,dia,lemma_dict:300,delta,500,none,seven,nestle1904,300,Gal,core_loo,0.87,0.7270857590341877,0.8948215260929235,0.5136491617019698,0.5767423283089808,False,True,0.07843711627563515,Bas_Ep#265
impostores,29,dia|lemma_dict:300|delta|w500|mnone|seven|nestle1904,dia,lemma_dict:300,delta,500,none,seven,nestle1904,300,Flp,core_loo,0.8866666666666667,0.7558857015588202,0.9191223065073936,0.5413176926041958,0.6053968648526054,False,True,0.07157183763777936,Bas_Ep#265
impostores,29,dia|lemma_dict:300|delta|w500|mnone|seven|nestle1904,dia,lemma_dict:300,delta,500,none,seven,nestle1904,300,1Tes,core_loo,0.8666666666666667,0.7210909599257452,0.8897114846540572,0.5078313031342535,0.5707236633489674,False,True,0.0778470333694471,PolFil
impostores,29,dia|lemma_dict:300|delta|w500|mnone|seven|nestle1904,dia,lemma_dict:300,delta,500,none,seven,nestle1904,300,Flm,core_loo,0.8533333333333334,0.696460910984056,0.868524968650511,0.4837255043761579,0.5458077525366208,False,True,0.06574282118400088,3Jn
impostores,29,dia|lemma_dict:300|delta|w500|mnone|seven|nestle1904,dia,lemma_dict:300,delta,500,none,seven,nestle1904,300,Ef,target,0.8533333333333334,0.696460910984056,0.868524968650511,0.4837255043761579,0.5458077525366208,False,True,0.06385924293700115,PolFil
impostores,29,dia|lemma_dict:300|delta|w500|mnone|seven|nestle1904,dia,lemma_dict:300,delta,500,none,seven,nestle1904,300,Col,target,0.8166666666666667,0.6248838648622378,0.8051078262270985,0.41198684526337925,0.4718297389987656,False,True,0.05989431603201356,IgnLong#6
impostores,29,dia|lemma_dict:300|delta|w500|mnone|seven|nestle1904,dia,lemma_dict:300,delta,500,none,seven,nestle1904,300,2Tes,target,0.88,0.7446170349413277,0.9096626710885659,0.530548074497154,0.5942371417579582,False,True,0.07351881076767419,IgnLong#11
impostores,29,dia|lemma_dict:300|delta|w500|mnone|seven|nestle1904,dia,lemma_dict:300,delta,500,none,seven,nestle1904,300,1Tim,target,0.83,0.6514012764995899,0.8289366678857873,0.43883521817099924,0.4994905770892277,False,True,0.056691737650731044,PolFil
impostores,29,dia|lemma_dict:300|delta|w500|mnone|seven|nestle1904,dia,lemma_dict:300,delta,500,none,seven,nestle1904,300,2Tim,target,0.8233333333333334,0.6381953225206141,0.8171209060934064,0.42550145794157496,0.48575005552785033,False,True,0.04873418158689097,PolFil
impostores,29,dia|lemma_dict:300|delta|w500|mnone|seven|nestle1904,dia,lemma_dict:300,delta,500,none,seven,nestle1904,300,Tit,target,0.6933333333333334,0.37824751501753673,0.5571289305814819,0.1550583484703281,0.207220824702406,False,True,0.02784872045264991,Bas_Ep#219
impostores,29,dia|lemma_dict:300|delta|w500|mnone|seven|nestle1904,dia,lemma_dict:300,delta,500,none,seven,nestle1904,300,Heb,target,0.5666666666666667,0.15624320772786343,0.2519480562626793,-0.05362568183359073,-0.013258236203893006,False,True,0.013156036727268727,Bas_Ep#188
impostores,30,dia|lemma_dict:300|delta|w500|mformulae+preformed+otq+reuse|seven|tischendorf,dia,lemma_dict:300,delta,500,formulae+preformed+otq+reuse,seven,tischendorf,300,Rom,core_loo,0.8566666666666667,0.7333528968721856,0.920093757981389,0.5416204644358176,0.6006413686027018,False,True,0.06138229052045435,1Pe
impostores,30,dia|lemma_dict:300|delta|w500|mformulae+preformed+otq+reuse|seven|tischendorf,dia,lemma_dict:300,delta,500,formulae+preformed+otq+reuse,seven,tischendorf,300,1Cor,core_loo,0.7333333333333333,0.48622340454957325,0.6765761641089678,0.27896458708400174,0.3328373576658799,False,True,0.04597907720903771,IgnLong#10
impostores,30,dia|lemma_dict:300|delta|w500|mformulae+preformed+otq+reuse|seven|tischendorf,dia,lemma_dict:300,delta,500,formulae+preformed+otq+reuse,seven,tischendorf,300,2Cor,core_loo,0.8033333333333333,0.6297563567284857,0.8225665258165573,0.43354734231640163,0.4904448629937771,False,True,0.05365142568676101,Bas_Ep#224
impostores,30,dia|lemma_dict:300|delta|w500|mformulae+preformed+otq+reuse|seven|tischendorf,dia,lemma_dict:300,delta,500,formulae+preformed+otq+reuse,seven,tischendorf,300,Gal,core_loo,0.9133333333333333,0.8249138694449538,1.0018949543738478,0.6325875992561459,0.6936941665311132,False,True,0.07861149239174225,Bas_Ep#265
impostores,30,dia|lemma_dict:300|delta|w500|mformulae+preformed+otq+reuse|seven|tischendorf,dia,lemma_dict:300,delta,500,formulae+preformed+otq+reuse,seven,tischendorf,300,Flp,core_loo,0.8333333333333334,0.6893068663129994,0.8793120281228974,0.49623588219738834,0.5543353664074724,False,True,0.06458751744469912,Bas_Ep#207
impostores,30,dia|lemma_dict:300|delta|w500|mformulae+preformed+otq+reuse|seven|tischendorf,dia,lemma_dict:300,delta,500,formulae+preformed+otq+reuse,seven,tischendorf,300,1Tes,core_loo,0.81,0.6431908761608656,0.8355387941746351,0.44780413887621695,0.5049706856252705,False,True,0.05760380959033601,Just_Dial#15-16
impostores,30,dia|lemma_dict:300|delta|w500|mformulae+preformed+otq+reuse|seven|tischendorf,dia,lemma_dict:300,delta,500,formulae+preformed+otq+reuse,seven,tischendorf,300,Flm,core_loo,0.7933333333333333,0.6094537036909189,0.8027626045951686,0.4118962606083111,0.46838711325461013,False,True,0.05008379734012991,Bas_Ep#53
impostores,30,dia|lemma_dict:300|delta|w500|mformulae+preformed+otq+reuse|seven|tischendorf,dia,lemma_dict:300,delta,500,formulae+preformed+otq+reuse,seven,tischendorf,300,Ef,target,0.8066666666666666,0.6364850080503903,0.8290765473103743,0.44069527676288145,0.49772748821990487,False,True,0.06652352366521425,IgnLong#6
impostores,30,dia|lemma_dict:300|delta|w500|mformulae+preformed+otq+reuse|seven|tischendorf,dia,lemma_dict:300,delta,500,formulae+preformed+otq+reuse,seven,tischendorf,300,Col,target,0.85,0.721036158366122,0.9087868359894937,0.5290249359789173,0.5877840625699233,False,True,0.06526403232635447,PolFil
impostores,30,dia|lemma_dict:300|delta|w500|mformulae+preformed+otq+reuse|seven|tischendorf,dia,lemma_dict:300,delta,500,formulae+preformed+otq+reuse,seven,tischendorf,300,2Tes,target,0.82,0.6631502891626403,0.8546247249966318,0.4688684836671484,0.5264362629311536,False,True,0.06204493873839051,PolFil
impostores,30,dia|lemma_dict:300|delta|w500|mformulae+preformed+otq+reuse|seven|tischendorf,dia,lemma_dict:300,delta,500,formulae+preformed+otq+reuse,seven,tischendorf,300,1Tim,target,0.77,0.5616303603261492,0.7550945963972916,0.36050382021064425,0.4160229663782055,False,True,0.04904415916572352,Bas_Ep#93
impostores,30,dia|lemma_dict:300|delta|w500|mformulae+preformed+otq+reuse|seven|tischendorf,dia,lemma_dict:300,delta,500,formulae+preformed+otq+reuse,seven,tischendorf,300,2Tim,target,0.81,0.6431908761608656,0.8355387941746351,0.44780413887621695,0.5049706856252705,False,True,0.058890418339631156,IgnLong#11
impostores,30,dia|lemma_dict:300|delta|w500|mformulae+preformed+otq+reuse|seven|tischendorf,dia,lemma_dict:300,delta,500,formulae+preformed+otq+reuse,seven,tischendorf,300,Tit,target,0.5633333333333334,0.16180131982410914,0.2552067971329195,-0.04386914817162963,-0.0031969830576087928,False,True,0.010420583875475953,Bas_Ep#114
impostores,30,dia|lemma_dict:300|delta|w500|mformulae+preformed+otq+reuse|seven|tischendorf,dia,lemma_dict:300,delta,500,formulae+preformed+otq+reuse,seven,tischendorf,300,Heb,target,0.6433333333333333,0.3072525026400974,0.4664283205644932,0.0906467243780302,0.13908540911345188,False,True,0.02118990075893129,Bas_Ep#265
impostores,31,dia|lemma_dict:300|delta|w500|mformulae+preformed+otq+reuse|seven|nestle1904,dia,lemma_dict:300,delta,500,formulae+preformed+otq+reuse,seven,nestle1904,300,Rom,core_loo,0.8533333333333334,0.741662673552404,0.9288297529134173,0.5547544326089864,0.6119660203324281,False,True,0.07230122020104379,Bas_Ep#295
impostores,31,dia|lemma_dict:300|delta|w500|mformulae+preformed+otq+reuse|seven|nestle1904,dia,lemma_dict:300,delta,500,formulae+preformed+otq+reuse,seven,nestle1904,300,1Cor,core_loo,0.7866666666666666,0.6081739177703502,0.796398138046356,0.4124408957760473,0.4682797663069632,False,True,0.04789158869775206,Bas_Ep#266
impostores,31,dia|lemma_dict:300|delta|w500|mformulae+preformed+otq+reuse|seven|nestle1904,dia,lemma_dict:300,delta,500,formulae+preformed+otq+reuse,seven,nestle1904,300,2Cor,core_loo,0.8566666666666667,0.7478961308449557,0.9348322232553976,0.561202312156099,0.618472162372833,False,True,0.06687669633912052,Bas_Ep#265
impostores,31,dia|lemma_dict:300|delta|w500|mformulae+preformed+otq+reuse|seven|nestle1904,dia,lemma_dict:300,delta,500,formulae+preformed+otq+reuse,seven,nestle1904,300,Gal,core_loo,0.8933333333333333,0.8115146516767547,0.9952442065196029,0.6257142450181991,0.6835792488204709,False,True,0.08207278495903614,PolFil
impostores,31,dia|lemma_dict:300|delta|w500|mformulae+preformed+otq+reuse|seven|nestle1904,dia,lemma_dict:300,delta,500,formulae+preformed+otq+reuse,seven,nestle1904,300,Flp,core_loo,0.8633333333333333,0.7601706028492179,0.9466078359986689,0.5738359512392206,0.631220216224092,False,True,0.06573630437221062,Bas_Ep#265
impostores,31,dia|lemma_dict:300|delta|w500|mformulae+preformed+otq+reuse|seven|nestle1904,dia,lemma_dict:300,delta,500,formulae+preformed+otq+reuse,seven,nestle1904,300,1Tes,core_loo,0.8566666666666667,0.7478961308449557,0.9348322232553976,0.561202312156099,0.618472162372833,False,True,0.062402801345624814,Bas_Ep#295
impostores,31,dia|lemma_dict:300|delta|w500|mformulae+preformed+otq+reuse|seven|nestle1904,dia,lemma_dict:300,delta,500,formulae+preformed+otq+reuse,seven,nestle1904,300,Flm,core_loo,0.8166666666666667,0.6698141893806897,0.8585153744740152,0.4790360632694831,0.5355515521010683,False,True,0.0499162578862567,3Jn
impostores,31,dia|lemma_dict:300|delta|w500|mformulae+preformed+otq+reuse|seven|nestle1904,dia,lemma_dict:300,delta,500,formulae+preformed+otq+reuse,seven,nestle1904,300,Ef,target,0.8366666666666667,0.7096626045459791,0.8977739478829777,0.5213325806672786,0.5782414129633104,False,True,0.06706549506040616,IgnLong#11
impostores,31,dia|lemma_dict:300|delta|w500|mformulae+preformed+otq+reuse|seven|nestle1904,dia,lemma_dict:300,delta,500,formulae+preformed+otq+reuse,seven,nestle1904,300,Col,target,0.85,0.7353695077785442,0.9227543816095346,0.548223481089982,0.605376078955844,False,True,0.06648709901019245,1Clem
impostores,31,dia|lemma_dict:300|delta|w500|mformulae+preformed+otq+reuse|seven|nestle1904,dia,lemma_dict:300,delta,500,formulae+preformed+otq+reuse,seven,nestle1904,300,2Tes,target,0.8466666666666667,0.7290198463846163,0.9166086710841541,0.5416126570220458,0.5987055142342461,False,True,0.0646444066152364,Bas_Ep#265
impostores,31,dia|lemma_dict:300|delta|w500|mformulae+preformed+otq+reuse|seven|nestle1904,dia,lemma_dict:300,delta,500,formulae+preformed+otq+reuse,seven,nestle1904,300,1Tim,target,0.7366666666666667,0.5036218485822532,0.6864224653619916,0.29784932818235543,0.35218742096732336,False,True,0.038085869581783505,IgnFil
impostores,31,dia|lemma_dict:300|delta|w500|mformulae+preformed+otq+reuse|seven|nestle1904,dia,lemma_dict:300,delta,500,formulae+preformed+otq+reuse,seven,nestle1904,300,2Tim,target,0.8033333333333333,0.6426248300310355,0.8313336942405114,0.44981048811154756,0.506040353405031,False,True,0.055630944723993325,Bas_Ep#263
impostores,31,dia|lemma_dict:300|delta|w500|mformulae+preformed+otq+reuse|seven|nestle1904,dia,lemma_dict:300,delta,500,formulae+preformed+otq+reuse,seven,nestle1904,300,Tit,target,0.5033333333333333,0.059071049376472506,0.07189361536652847,-0.12316868794246869,-0.08996594472156372,False,True,0.00025823655070078555,Bas_Ep#219
impostores,31,dia|lemma_dict:300|delta|w500|mformulae+preformed+otq+reuse|seven|nestle1904,dia,lemma_dict:300,delta,500,formulae+preformed+otq+reuse,seven,nestle1904,300,Heb,target,0.49666666666666665,0.04807817617748417,0.051288541908528315,-0.13034341679790906,-0.09820619039673191,False,True,-0.0004409250001418674,Bas_Ep#213
