author,a,b,distance
Alcifrón~Basilio de Cesarea,Alciphr10#1,Bas_Ep#2,0.7523212086068053
Alcifrón~Basilio de Cesarea,Alciphr10#1,Bas_Ep#52,0.7252191657756475
Alcifrón~Basilio de Cesarea,Alciphr10#1,Bas_Ep#58,0.821702627578271
Alcifrón~Basilio de Cesarea,Alciphr10#1,Bas_Ep#66,0.7163672729774199
Alcifrón~Basilio de Cesarea,Alciphr10#1,Bas_Ep#100,0.8032830191295502
Alcifrón~Basilio de Cesarea,Alciphr10#1,Bas_Ep#116,0.7900556254817477
Alcifrón~Basilio de Cesarea,Alciphr10#1,Bas_Ep#124,0.746453444668079
Alcifrón~Basilio de Cesarea,Alciphr10#1,Bas_Ep#135,0.6319934285829852
Alcifrón~Basilio de Cesarea,Alciphr10#1,Bas_Ep#156,0.6627214982270473
Alcifrón~Basilio de Cesarea,Alciphr10#1,Bas_Ep#159,0.7537591932125516
Alcifrón~Basilio de Cesarea,Alciphr10#1,Bas_Ep#165,0.7316661781405582
Alcifrón~Basilio de Cesarea,Alciphr10#1,Bas_Ep#237,0.7064662964388733
Alcifrón~Basilio de Cesarea,Alciphr10#1,Bas_Ep#323,0.7500787579122428
Alcifrón~Basilio de Cesarea,Alciphr10#2,Bas_Ep#22,0.897404917409127
Alcifrón~Basilio de Cesarea,Alciphr10#2,Bas_Ep#24,0.7579326829913443
Alcifrón~Basilio de Cesarea,Alciphr10#2,Bas_Ep#37,0.8146528611863119
Alcifrón~Basilio de Cesarea,Alciphr10#2,Bas_Ep#89,0.7042214748012796
Alcifrón~Basilio de Cesarea,Alciphr10#2,Bas_Ep#95,0.8070845741825678
Alcifrón~Basilio de Cesarea,Alciphr10#2,Bas_Ep#98,0.7212392778544443
Alcifrón~Basilio de Cesarea,Alciphr10#2,Bas_Ep#105,0.821411743357747
Alcifrón~Basilio de Cesarea,Alciphr10#2,Bas_Ep#151,0.8028441713690743
Alcifrón~Basilio de Cesarea,Alciphr10#2,Bas_Ep#156,0.6990747773461161
Alcifrón~Basilio de Cesarea,Alciphr10#2,Bas_Ep#204,0.7608896058334838
Alcifrón~Basilio de Cesarea,Alciphr10#2,Bas_Ep#205,0.7818571034351973
Alcifrón~Basilio de Cesarea,Alciphr10#2,Bas_Ep#240,0.7311396728819418
Alcifrón~Basilio de Cesarea,Alciphr10#2,Bas_Ep#242,0.6979475668828845
Alcifrón~Basilio de Cesarea,Alciphr10#2,Bas_Ep#269,0.756531667193617
Alcifrón~Basilio de Cesarea,Alciphr10#2,Bas_Ep#302,0.755616446477618
Alcifrón~Basilio de Cesarea,Alciphr10#3,Bas_Ep#1,0.6776341880819993
Alcifrón~Basilio de Cesarea,Alciphr10#3,Bas_Ep#32,0.7040493166865571
Alcifrón~Basilio de Cesarea,Alciphr10#3,Bas_Ep#48,0.7076648632199661
Alcifrón~Basilio de Cesarea,Alciphr10#3,Bas_Ep#63,0.9229541508058107
Alcifrón~Basilio de Cesarea,Alciphr10#3,Bas_Ep#84,0.6960446705349763
Alcifrón~Basilio de Cesarea,Alciphr10#3,Bas_Ep#105,0.7836756245629504
Alcifrón~Basilio de Cesarea,Alciphr10#3,Bas_Ep#124,0.7345151876987763
Alcifrón~Basilio de Cesarea,Alciphr10#3,Bas_Ep#128,0.7436370730670887
Alcifrón~Basilio de Cesarea,Alciphr10#3,Bas_Ep#141,0.6565664879272567
Alcifrón~Basilio de Cesarea,Alciphr10#3,Bas_Ep#198,0.6700104413700789
Alcifrón~Basilio de Cesarea,Alciphr10#3,Bas_Ep#199,0.7594163195168189
Alcifrón~Basilio de Cesarea,Alciphr10#3,Bas_Ep#219,0.7113405823846558
Alcifrón~Basilio de Cesarea,Alciphr10#3,Bas_Ep#243,0.7221082074565583
Alcifrón~Basilio de Cesarea,Alciphr10#3,Bas_Ep#248,0.7437384815176953
Alcifrón~Basilio de Cesarea,Alciphr10#3,Bas_Ep#260,0.786561696782303
Alcifrón~Basilio de Cesarea,Alciphr10#3,Bas_Ep#262,0.7876803997914013
Alcifrón~Basilio de Cesarea,Alciphr10#3,Bas_Ep#263,0.694976308293709
Alcifrón~Basilio de Cesarea,Alciphr10#3,Bas_Ep#293,0.7666537140231391
Alcifrón~Basilio de Cesarea,Alciphr10#3,Bas_Ep#300,0.6995117514506308
Alcifrón~Basilio de Cesarea,Alciphr10#4,Bas_Ep#53,0.7911459244677819
Alcifrón~Basilio de Cesarea,Alciphr10#4,Bas_Ep#83,0.8299520179615918
Alcifrón~Basilio de Cesarea,Alciphr10#4,Bas_Ep#98,0.7631584849564484
Alcifrón~Basilio de Cesarea,Alciphr10#4,Bas_Ep#113,0.7504605438331058
Alcifrón~Basilio de Cesarea,Alciphr10#4,Bas_Ep#137,0.7588346732110435
Alcifrón~Basilio de Cesarea,Alciphr10#4,Bas_Ep#200,0.7862506853800919
Alcifrón~Basilio de Cesarea,Alciphr10#4,Bas_Ep#228,0.7145661994201381
Alcifrón~Basilio de Cesarea,Alciphr10#4,Bas_Ep#257,0.7451079376304397
Alcifrón~Basilio de Cesarea,Alciphr10#4,Bas_Ep#294,0.8126049551091926
Alcifrón~Basilio de Cesarea,Alciphr10#4,Bas_Ep#302,0.7966456015743411
Alcifrón~Ignacio,Alciphr10#1,IgnRom,0.8323368369942024
Alcifrón~Isócrates,Alciphr10#1,Isoc_Ep25,0.8126313717245152
Alcifrón~Isócrates,Alciphr10#3,Isoc_Ep25,0.8060103108832457
Alcifrón~Isócrates,Alciphr10#4,Isoc_Ep29,0.7992076646254057
Alcifrón~Juliano,Alciphr10#1,Jul_Ep#47,0.730495612710415
Alcifrón~Juliano,Alciphr10#2,Jul_Ep#21,0.7644169519202276
Alcifrón~Juliano,Alciphr10#2,Jul_Ep#26,0.7990275205429094
Alcifrón~Juliano,Alciphr10#2,Jul_Ep#69,0.7726326291240266
Alcifrón~Juliano,Alciphr10#3,Jul_Ep#21,0.7407715402503984
Alcifrón~Juliano,Alciphr10#3,Jul_Ep#32,0.7762622022238354
Alcifrón~Juliano,Alciphr10#4,Jul_Ep#50,0.7458141318348407
Alcifrón~Libanio,Alciphr10#1,Liban_Ep10#40,0.7250288746374459
Alcifrón~Libanio,Alciphr10#1,Liban_Ep10#196,0.8305940276250057
Alcifrón~Libanio,Alciphr10#1,Liban_Ep10#245,0.7000472858541501
Alcifrón~Libanio,Alciphr10#1,Liban_Ep10#362,0.7503070931666052
Alcifrón~Libanio,Alciphr10#1,Liban_Ep10#399,0.6667143277819673
Alcifrón~Libanio,Alciphr10#1,Liban_Ep10#493,0.8128734643863733
Alcifrón~Libanio,Alciphr10#1,Liban_Ep10#503,0.7980890922136336
Alcifrón~Libanio,Alciphr10#1,Liban_Ep10#620,0.7160233886511473
Alcifrón~Libanio,Alciphr10#1,Liban_Ep10#715,0.7292335698441073
Alcifrón~Libanio,Alciphr10#2,Liban_Ep10#40,0.746206960797515
Alcifrón~Libanio,Alciphr10#2,Liban_Ep10#50,0.7551812375116495
Alcifrón~Libanio,Alciphr10#2,Liban_Ep10#86,0.8148108933076361
Alcifrón~Libanio,Alciphr10#2,Liban_Ep10#88,0.7999986262226002
Alcifrón~Libanio,Alciphr10#2,Liban_Ep10#256,0.7915646263754308
Alcifrón~Libanio,Alciphr10#2,Liban_Ep10#510,0.7828233491616992
Alcifrón~Libanio,Alciphr10#2,Liban_Ep10#555,0.7364924527827957
Alcifrón~Libanio,Alciphr10#2,Liban_Ep10#561,0.7807847650910406
Alcifrón~Libanio,Alciphr10#2,Liban_Ep10#620,0.7130774118958723
Alcifrón~Libanio,Alciphr10#2,Liban_Ep10#666,0.7255778627480944
Alcifrón~Libanio,Alciphr10#2,Liban_Ep10#715,0.7584429542908788
Alcifrón~Libanio,Alciphr10#3,Liban_Ep10#44,0.7111352980647572
Alcifrón~Libanio,Alciphr10#3,Liban_Ep10#50,0.7627658813773406
Alcifrón~Libanio,Alciphr10#3,Liban_Ep10#61,0.6620389964576
Alcifrón~Libanio,Alciphr10#3,Liban_Ep10#70,0.7168492889501357
Alcifrón~Libanio,Alciphr10#3,Liban_Ep10#163,0.6041721926656032
Alcifrón~Libanio,Alciphr10#3,Liban_Ep10#386,0.7165628745112679
Alcifrón~Libanio,Alciphr10#3,Liban_Ep10#391,0.7088940791400451
Alcifrón~Libanio,Alciphr10#3,Liban_Ep10#405,0.6250837927794286
Alcifrón~Libanio,Alciphr10#3,Liban_Ep10#430,0.7222292948563688
Alcifrón~Libanio,Alciphr10#3,Liban_Ep10#432,0.6855966640176092
Alcifrón~Libanio,Alciphr10#3,Liban_Ep10#509,0.7676999052318554
Alcifrón~Libanio,Alciphr10#3,Liban_Ep10#528,0.752178126414325
Alcifrón~Libanio,Alciphr10#3,Liban_Ep10#659,0.8118063118260265
Alcifrón~Libanio,Alciphr10#3,Liban_Ep10#673,0.6874172688878366
Alcifrón~Libanio,Alciphr10#4,Liban_Ep10#114,0.7491181258247528
Alcifrón~Libanio,Alciphr10#4,Liban_Ep10#217,0.7294083929847079
Alcifrón~Libanio,Alciphr10#4,Liban_Ep10#218,0.7222303005979056
Alcifrón~Libanio,Alciphr10#4,Liban_Ep10#252,0.8716719946021074
Alcifrón~Libanio,Alciphr10#4,Liban_Ep10#281,0.8355628336887063
Alcifrón~Libanio,Alciphr10#4,Liban_Ep10#348,0.7402096156219617
Alcifrón~Libanio,Alciphr10#4,Liban_Ep10#368,0.8613575490760956
Alcifrón~Libanio,Alciphr10#4,Liban_Ep10#379,0.7957032666859557
Alcifrón~Libanio,Alciphr10#4,Liban_Ep10#411,0.7623877230177214
Alcifrón~Libanio,Alciphr10#4,Liban_Ep10#495,0.8200051919940774
Alcifrón~Libanio,Alciphr10#4,Liban_Ep10#497,0.7667072526538535
Alcifrón~Libanio,Alciphr10#4,Liban_Ep10#510,0.7878948414526568
Alcifrón~Libanio,Alciphr10#4,Liban_Ep10#560,0.7811223994191941
Alcifrón~Libanio,Alciphr10#4,Liban_Ep10#580,0.7770545937866645
Alcifrón~Libanio,Alciphr10#4,Liban_Ep10#625,0.7825694188937087
Alcifrón~Libanio,Alciphr10#4,Liban_Ep10#731,0.7857219150297613
Alcifrón~Libanio,Alciphr10#4,Liban_Ep10#799,0.7607098356573923
Alcifrón~Policarpo,Alciphr10#3,PolFil,0.7955316390525816
Basilio de Cesarea~Alcifrón,Bas_Ep#99,Alciphr10#1,0.7116198031275964
Basilio de Cesarea~Alcifrón,Bas_Ep#271,Alciphr10#4,0.7689542256864568
Basilio de Cesarea~Clemente Romano,Bas_Ep#139,1Clem,0.6882031484759075
Basilio de Cesarea~Clemente Romano,Bas_Ep#161,1Clem,0.7264305998049607
Basilio de Cesarea~Ignacio,Bas_Ep#3,IgnRom,0.8414978508057175
Basilio de Cesarea~Ignacio,Bas_Ep#26,IgnMagn,0.8851324670504173
Basilio de Cesarea~Ignacio,Bas_Ep#84,IgnPol,0.8113100360936117
Basilio de Cesarea~Ignacio,Bas_Ep#95,IgnRom,0.9736791575976786
Basilio de Cesarea~Ignacio,Bas_Ep#116,IgnMagn,0.9498815671367173
Basilio de Cesarea~Ignacio,Bas_Ep#138,IgnMagn,0.9321441151469937
Basilio de Cesarea~Ignacio,Bas_Ep#174,IgnRom,0.8865575757354582
Basilio de Cesarea~Ignacio,Bas_Ep#205,IgnEf,0.8224152740175196
Basilio de Cesarea~Ignacio,Bas_Ep#257,IgnFil,0.7700936269667966
Basilio de Cesarea~Juliano,Bas_Ep#3,Jul_Ep#51,0.8403384852482446
Basilio de Cesarea~Juliano,Bas_Ep#91,Jul_Ep#18,0.8823486881100833
Basilio de Cesarea~Juliano,Bas_Ep#96,Jul_Ep#20,0.7659620466563416
Basilio de Cesarea~Juliano,Bas_Ep#109,Jul_Ep#48,0.8606583541472304
Basilio de Cesarea~Juliano,Bas_Ep#223,Jul_Ep#8,0.885595112506766
Basilio de Cesarea~Juliano,Bas_Ep#223,Jul_Ep#18,0.8641909570486522
Basilio de Cesarea~Juliano,Bas_Ep#238,Jul_Ep#18,0.7897342063150521
Basilio de Cesarea~Juliano,Bas_Ep#239,Jul_Ep#69,0.8376187907069246
Basilio de Cesarea~Juliano,Bas_Ep#262,Jul_Ep#4,0.8002164358192252
Basilio de Cesarea~Juliano,Bas_Ep#263,Jul_Ep#4,0.7614808929615704
Basilio de Cesarea~Juliano,Bas_Ep#267,Jul_Ep#67,0.7706073146193531
Basilio de Cesarea~Libanio,Bas_Ep#1,Liban_Ep10#40,0.7253034301312427
Basilio de Cesarea~Libanio,Bas_Ep#2,Liban_Ep10#326,0.970207621163339
Basilio de Cesarea~Libanio,Bas_Ep#6,Liban_Ep10#97,0.8021994646275207
Basilio de Cesarea~Libanio,Bas_Ep#14,Liban_Ep10#339,0.7496445785796826
Basilio de Cesarea~Libanio,Bas_Ep#18,Liban_Ep10#70,0.8789496051713233
Basilio de Cesarea~Libanio,Bas_Ep#18,Liban_Ep10#207,0.8501873455009272
Basilio de Cesarea~Libanio,Bas_Ep#25,Liban_Ep10#516,0.7644326431928194
Basilio de Cesarea~Libanio,Bas_Ep#28,Liban_Ep10#625,0.9078806701478783
Basilio de Cesarea~Libanio,Bas_Ep#32,Liban_Ep10#371,0.8005674192282204
Basilio de Cesarea~Libanio,Bas_Ep#37,Liban_Ep10#694,0.8705981345703572
Basilio de Cesarea~Libanio,Bas_Ep#54,Liban_Ep10#411,0.8452144244196113
Basilio de Cesarea~Libanio,Bas_Ep#54,Liban_Ep10#791,0.8177094782866818
Basilio de Cesarea~Libanio,Bas_Ep#55,Liban_Ep10#510,0.8016688891730374
Basilio de Cesarea~Libanio,Bas_Ep#56,Liban_Ep10#226,0.8400556665735749
Basilio de Cesarea~Libanio,Bas_Ep#57,Liban_Ep10#348,0.8878541164961288
Basilio de Cesarea~Libanio,Bas_Ep#63,Liban_Ep10#37,0.989438547234786
Basilio de Cesarea~Libanio,Bas_Ep#63,Liban_Ep10#281,0.9762529948337686
Basilio de Cesarea~Libanio,Bas_Ep#63,Liban_Ep10#298,0.974758220020982
Basilio de Cesarea~Libanio,Bas_Ep#66,Liban_Ep10#379,0.8423371816561289
Basilio de Cesarea~Libanio,Bas_Ep#68,Liban_Ep10#693,0.960714263752617
Basilio de Cesarea~Libanio,Bas_Ep#73,Liban_Ep10#371,0.7152153685796481
Basilio de Cesarea~Libanio,Bas_Ep#73,Liban_Ep10#694,0.7554946787945324
Basilio de Cesarea~Libanio,Bas_Ep#74,Liban_Ep10#163,0.723421436578037
Basilio de Cesarea~Libanio,Bas_Ep#76,Liban_Ep10#814,0.8289463595664823
Basilio de Cesarea~Libanio,Bas_Ep#82,Liban_Ep10#833,0.8322517317406805
Basilio de Cesarea~Libanio,Bas_Ep#85,Liban_Ep10#219,0.87060614182202
Basilio de Cesarea~Libanio,Bas_Ep#92,Liban_Ep10#274,0.8183697540718263
Basilio de Cesarea~Libanio,Bas_Ep#100,Liban_Ep10#37,0.9270364698594502
Basilio de Cesarea~Libanio,Bas_Ep#102,Liban_Ep10#504,0.8220700468697026
Basilio de Cesarea~Libanio,Bas_Ep#102,Liban_Ep10#741,0.7155651655612127
Basilio de Cesarea~Libanio,Bas_Ep#104,Liban_Ep10#114,0.834729291896773
Basilio de Cesarea~Libanio,Bas_Ep#104,Liban_Ep10#358,0.8488577526168106
Basilio de Cesarea~Libanio,Bas_Ep#104,Liban_Ep10#814,0.8354149654883644
Basilio de Cesarea~Libanio,Bas_Ep#108,Liban_Ep10#336,0.8129718297500054
Basilio de Cesarea~Libanio,Bas_Ep#109,Liban_Ep10#339,0.8954243148239645
Basilio de Cesarea~Libanio,Bas_Ep#112,Liban_Ep10#492,0.8304542006250113
Basilio de Cesarea~Libanio,Bas_Ep#117,Liban_Ep10#62,0.8089965684043247
Basilio de Cesarea~Libanio,Bas_Ep#119,Liban_Ep10#196,0.9331775247345657
Basilio de Cesarea~Libanio,Bas_Ep#119,Liban_Ep10#808,0.7745267642107269
Basilio de Cesarea~Libanio,Bas_Ep#120,Liban_Ep10#281,0.7805520968985309
Basilio de Cesarea~Libanio,Bas_Ep#122,Liban_Ep10#374,0.8012801833027883
Basilio de Cesarea~Libanio,Bas_Ep#126,Liban_Ep10#391,0.8628954266225011
Basilio de Cesarea~Libanio,Bas_Ep#128,Liban_Ep10#362,0.8394595009774287
Basilio de Cesarea~Libanio,Bas_Ep#129,Liban_Ep10#797,0.8850502922485382
Basilio de Cesarea~Libanio,Bas_Ep#136,Liban_Ep10#563,0.8122319018049401
Basilio de Cesarea~Libanio,Bas_Ep#137,Liban_Ep10#739,0.7115222759225883
Basilio de Cesarea~Libanio,Bas_Ep#139,Liban_Ep10#314,0.6398370631697022
Basilio de Cesarea~Libanio,Bas_Ep#139,Liban_Ep10#694,0.7958653764510691
Basilio de Cesarea~Libanio,Bas_Ep#140,Liban_Ep10#838,0.8842504568248749
Basilio de Cesarea~Libanio,Bas_Ep#141,Liban_Ep10#364,0.7690281302182316
Basilio de Cesarea~Libanio,Bas_Ep#154,Liban_Ep10#20,0.6849086166635432
Basilio de Cesarea~Libanio,Bas_Ep#154,Liban_Ep10#562,0.8583237698056851
Basilio de Cesarea~Libanio,Bas_Ep#155,Liban_Ep10#267,0.8000788135174283
Basilio de Cesarea~Libanio,Bas_Ep#174,Liban_Ep10#435,0.8541197964482062
Basilio de Cesarea~Libanio,Bas_Ep#190,Liban_Ep10#207,0.8916208969037861
Basilio de Cesarea~Libanio,Bas_Ep#191,Liban_Ep10#735,0.8355259619857176
Basilio de Cesarea~Libanio,Bas_Ep#200,Liban_Ep10#97,0.7547626256595505
Basilio de Cesarea~Libanio,Bas_Ep#203,Liban_Ep10#35,0.7295913221386334
Basilio de Cesarea~Libanio,Bas_Ep#203,Liban_Ep10#504,0.7958903245305662
Basilio de Cesarea~Libanio,Bas_Ep#205,Liban_Ep10#833,0.8326859957806734
Basilio de Cesarea~Libanio,Bas_Ep#213,Liban_Ep10#252,0.9038013692151571
Basilio de Cesarea~Libanio,Bas_Ep#213,Liban_Ep10#281,0.8186691166785712
Basilio de Cesarea~Libanio,Bas_Ep#214,Liban_Ep10#326,0.9005753705239
Basilio de Cesarea~Libanio,Bas_Ep#214,Liban_Ep10#492,0.8859180152731321
Basilio de Cesarea~Libanio,Bas_Ep#217,Liban_Ep10#217,0.7408422270856513
Basilio de Cesarea~Libanio,Bas_Ep#217,Liban_Ep10#366,0.8123643008519432
Basilio de Cesarea~Libanio,Bas_Ep#217,Liban_Ep10#777,0.8797916643918292
Basilio de Cesarea~Libanio,Bas_Ep#220,Liban_Ep10#319,0.7395031409178323
Basilio de Cesarea~Libanio,Bas_Ep#220,Liban_Ep10#730,0.8306214694788656
Basilio de Cesarea~Libanio,Bas_Ep#224,Liban_Ep10#454,0.9068711614710686
Basilio de Cesarea~Libanio,Bas_Ep#229,Liban_Ep10#274,0.8763019058032976
Basilio de Cesarea~Libanio,Bas_Ep#230,Liban_Ep10#68,0.8693636345606393
Basilio de Cesarea~Libanio,Bas_Ep#231,Liban_Ep10#208,0.7997024178755823
Basilio de Cesarea~Libanio,Bas_Ep#231,Liban_Ep10#730,0.9115776497323196
Basilio de Cesarea~Libanio,Bas_Ep#235,Liban_Ep10#219,0.846154561900717
Basilio de Cesarea~Libanio,Bas_Ep#240,Liban_Ep10#66,0.7266950712620726
Basilio de Cesarea~Libanio,Bas_Ep#240,Liban_Ep10#374,0.731981208987663
Basilio de Cesarea~Libanio,Bas_Ep#242,Liban_Ep10#255,0.7427085385553728
Basilio de Cesarea~Libanio,Bas_Ep#243,Liban_Ep10#239,0.877084829174783
Basilio de Cesarea~Libanio,Bas_Ep#245,Liban_Ep10#777,0.8951352156755663
Basilio de Cesarea~Libanio,Bas_Ep#251,Liban_Ep10#730,0.9149643301973869
Basilio de Cesarea~Libanio,Bas_Ep#258,Liban_Ep10#808,0.7438762313751293
Basilio de Cesarea~Libanio,Bas_Ep#260,Liban_Ep10#81,0.863150063660518
Basilio de Cesarea~Libanio,Bas_Ep#262,Liban_Ep10#400,0.8111410435696682
Basilio de Cesarea~Libanio,Bas_Ep#263,Liban_Ep10#240,0.8465054357030295
Basilio de Cesarea~Libanio,Bas_Ep#266,Liban_Ep10#625,0.771213308981561
Basilio de Cesarea~Libanio,Bas_Ep#271,Liban_Ep10#240,0.841295149601869
Basilio de Cesarea~Libanio,Bas_Ep#277,Liban_Ep10#411,0.727503938283107
Basilio de Cesarea~Libanio,Bas_Ep#291,Liban_Ep10#40,0.7644174342205816
Basilio de Cesarea~Libanio,Bas_Ep#295,Liban_Ep10#561,0.9549497612901824
Basilio de Cesarea~Libanio,Bas_Ep#300,Liban_Ep10#81,0.8311071656361182
Basilio de Cesarea~Libanio,Bas_Ep#323,Liban_Ep10#19,0.7917255385310431
Basilio de Cesarea~Libanio,Bas_Ep#323,Liban_Ep10#175,0.7276771535416493
Basilio de Cesarea~Luciano,Bas_Ep#95,Luc_Peregr,0.8733893549934786
Basilio de Cesarea~Orígenes,Bas_Ep#235,Orig_EpAfr,0.7682802386333674
Basilio de Cesarea~Porfirio,Bas_Ep#207,Porph_Marc,0.760403438299268
Clemente Romano~Basilio de Cesarea,1Clem,Bas_Ep#2,0.812708643114691
Clemente Romano~Basilio de Cesarea,1Clem,Bas_Ep#14,0.8556352460362933
Clemente Romano~Basilio de Cesarea,1Clem,Bas_Ep#18,0.8563862007625472
Clemente Romano~Basilio de Cesarea,1Clem,Bas_Ep#22,0.8974521862196425
Clemente Romano~Basilio de Cesarea,1Clem,Bas_Ep#25,0.8250309516610093
Clemente Romano~Basilio de Cesarea,1Clem,Bas_Ep#29,0.782671689797803
Clemente Romano~Basilio de Cesarea,1Clem,Bas_Ep#30,0.8507675594277211
Clemente Romano~Basilio de Cesarea,1Clem,Bas_Ep#34,0.843597934199719
Clemente Romano~Basilio de Cesarea,1Clem,Bas_Ep#37,0.8662331892275589
Clemente Romano~Basilio de Cesarea,1Clem,Bas_Ep#51,0.7928119745653461
Clemente Romano~Basilio de Cesarea,1Clem,Bas_Ep#54,0.8038982032755028
Clemente Romano~Basilio de Cesarea,1Clem,Bas_Ep#57,0.8999169798917167
Clemente Romano~Basilio de Cesarea,1Clem,Bas_Ep#58,0.8574403404141044
Clemente Romano~Basilio de Cesarea,1Clem,Bas_Ep#60,0.9094705867194228
Clemente Romano~Basilio de Cesarea,1Clem,Bas_Ep#65,0.7376397759839077
Clemente Romano~Basilio de Cesarea,1Clem,Bas_Ep#68,0.9209372280562077
Clemente Romano~Basilio de Cesarea,1Clem,Bas_Ep#74,0.8510770885152878
Clemente Romano~Basilio de Cesarea,1Clem,Bas_Ep#85,0.7959547090037774
Clemente Romano~Basilio de Cesarea,1Clem,Bas_Ep#90,0.7428996627603064
Clemente Romano~Basilio de Cesarea,1Clem,Bas_Ep#97,0.81934007744283
Clemente Romano~Basilio de Cesarea,1Clem,Bas_Ep#99,0.7461923390865034
Clemente Romano~Basilio de Cesarea,1Clem,Bas_Ep#101,0.7958891157420661
Clemente Romano~Basilio de Cesarea,1Clem,Bas_Ep#124,0.8375046451741396
Clemente Romano~Basilio de Cesarea,1Clem,Bas_Ep#126,0.8561642351723538
Clemente Romano~Basilio de Cesarea,1Clem,Bas_Ep#128,0.8012903964364664
Clemente Romano~Basilio de Cesarea,1Clem,Bas_Ep#130,0.8297290152859274
Clemente Romano~Basilio de Cesarea,1Clem,Bas_Ep#131,0.8492232817769532
Clemente Romano~Basilio de Cesarea,1Clem,Bas_Ep#136,0.7695184551243627
Clemente Romano~Basilio de Cesarea,1Clem,Bas_Ep#141,0.7273271781096696
Clemente Romano~Basilio de Cesarea,1Clem,Bas_Ep#150,0.7988818777379652
Clemente Romano~Basilio de Cesarea,1Clem,Bas_Ep#154,0.7502573244326365
Clemente Romano~Basilio de Cesarea,1Clem,Bas_Ep#156,0.7797432737683297
Clemente Romano~Basilio de Cesarea,1Clem,Bas_Ep#162,0.8618853349075828
Clemente Romano~Basilio de Cesarea,1Clem,Bas_Ep#191,0.7849657967259646
Clemente Romano~Basilio de Cesarea,1Clem,Bas_Ep#199,0.8174609879527527
Clemente Romano~Basilio de Cesarea,1Clem,Bas_Ep#200,0.8059978326640118
Clemente Romano~Basilio de Cesarea,1Clem,Bas_Ep#205,0.7814811265659756
Clemente Romano~Basilio de Cesarea,1Clem,Bas_Ep#206,0.7808657542173109
Clemente Romano~Basilio de Cesarea,1Clem,Bas_Ep#214,0.7922350179104608
Clemente Romano~Basilio de Cesarea,1Clem,Bas_Ep#217,0.7738725738612667
Clemente Romano~Basilio de Cesarea,1Clem,Bas_Ep#223,0.8018976483484355
Clemente Romano~Basilio de Cesarea,1Clem,Bas_Ep#224,0.7370261626955745
Clemente Romano~Basilio de Cesarea,1Clem,Bas_Ep#226,0.8176407584767389
Clemente Romano~Basilio de Cesarea,1Clem,Bas_Ep#227,0.7464126636563966
Clemente Romano~Basilio de Cesarea,1Clem,Bas_Ep#228,0.7148288235958542
Clemente Romano~Basilio de Cesarea,1Clem,Bas_Ep#229,0.796167391533153
Clemente Romano~Basilio de Cesarea,1Clem,Bas_Ep#237,0.8017429019875719
Clemente Romano~Basilio de Cesarea,1Clem,Bas_Ep#239,0.762887958617757
Clemente Romano~Basilio de Cesarea,1Clem,Bas_Ep#242,0.7389805872197298
Clemente Romano~Basilio de Cesarea,1Clem,Bas_Ep#250,0.7743638009336086
Clemente Romano~Basilio de Cesarea,1Clem,Bas_Ep#257,0.7424884045236404
Clemente Romano~Basilio de Cesarea,1Clem,Bas_Ep#260,0.7811408998029304
Clemente Romano~Basilio de Cesarea,1Clem,Bas_Ep#262,0.8354932074433439
Clemente Romano~Basilio de Cesarea,1Clem,Bas_Ep#266,0.7875380610903664
Clemente Romano~Basilio de Cesarea,1Clem,Bas_Ep#289,0.8470332351810965
Clemente Romano~Basilio de Cesarea,1Clem,Bas_Ep#302,0.778798737267428
Clemente Romano~Basilio de Cesarea,1Clem,Bas_Ep#313,0.8102620819148958
Clemente Romano~Basilio de Cesarea,1Clem,Bas_Ep#323,0.8166374484136203
Clemente Romano~Ignacio,1Clem,IgnTral,0.7801674337239584
Clemente Romano~Ignacio,1Clem,IgnRom,0.8439222019289374
Clemente Romano~Ignacio,1Clem,IgnEsm,0.7552622555963328
Clemente Romano~Isócrates,1Clem,Isoc_Ep30,0.8564688259079556
Clemente Romano~Juliano,1Clem,Jul_Ep#4,0.809717168235186
Clemente Romano~Juliano,1Clem,Jul_Ep#16,0.8579487543605497
Clemente Romano~Juliano,1Clem,Jul_Ep#20,0.9098572212801861
Clemente Romano~Juliano,1Clem,Jul_Ep#29,0.824867877411279
Clemente Romano~Juliano,1Clem,Jul_Ep#30,0.8649244006702255
Clemente Romano~Juliano,1Clem,Jul_Ep#36,0.8512261650601924
Clemente Romano~Juliano,1Clem,Jul_Ep#47,0.849627800326766
Clemente Romano~Juliano,1Clem,Jul_Ep#48,0.8434679764323911
Clemente Romano~Juliano,1Clem,Jul_Ep#53,0.8504781108489468
Clemente Romano~Juliano,1Clem,Jul_Ep#56,0.8069430287020711
Clemente Romano~Juliano,1Clem,Jul_EpAth,0.8519725918521022
Clemente Romano~Libanio,1Clem,Liban_Ep10#25,0.8798239020618718
Clemente Romano~Libanio,1Clem,Liban_Ep10#37,0.8467372196013174
Clemente Romano~Libanio,1Clem,Liban_Ep10#61,0.7895193489828621
Clemente Romano~Libanio,1Clem,Liban_Ep10#68,0.8604696688126616
Clemente Romano~Libanio,1Clem,Liban_Ep10#81,0.8488934323770391
Clemente Romano~Libanio,1Clem,Liban_Ep10#89,0.9426669378356489
Clemente Romano~Libanio,1Clem,Liban_Ep10#112,0.8184136931330379
Clemente Romano~Libanio,1Clem,Liban_Ep10#113,0.8715973464478266
Clemente Romano~Libanio,1Clem,Liban_Ep10#115,0.9318186239363794
Clemente Romano~Libanio,1Clem,Liban_Ep10#127,0.910048589275792
Clemente Romano~Libanio,1Clem,Liban_Ep10#163,0.711336067893248
Clemente Romano~Libanio,1Clem,Liban_Ep10#195,0.8695122900606925
Clemente Romano~Libanio,1Clem,Liban_Ep10#197,0.872437765793831
Clemente Romano~Libanio,1Clem,Liban_Ep10#217,0.7976742942824225
Clemente Romano~Libanio,1Clem,Liban_Ep10#218,0.8458995203730204
Clemente Romano~Libanio,1Clem,Liban_Ep10#236,0.8594528949080023
Clemente Romano~Libanio,1Clem,Liban_Ep10#240,0.9126773644331585
Clemente Romano~Libanio,1Clem,Liban_Ep10#251,0.8362099716875738
Clemente Romano~Libanio,1Clem,Liban_Ep10#252,0.9657927107368393
Clemente Romano~Libanio,1Clem,Liban_Ep10#282,0.9093673374009208
Clemente Romano~Libanio,1Clem,Liban_Ep10#283,0.9614185468859441
Clemente Romano~Libanio,1Clem,Liban_Ep10#298,0.8793786105656615
Clemente Romano~Libanio,1Clem,Liban_Ep10#309,0.8570227823835717
Clemente Romano~Libanio,1Clem,Liban_Ep10#314,0.7361055343565508
Clemente Romano~Libanio,1Clem,Liban_Ep10#331,0.7635168013910956
Clemente Romano~Libanio,1Clem,Liban_Ep10#362,0.8346843554942153
Clemente Romano~Libanio,1Clem,Liban_Ep10#364,0.8693692458464977
Clemente Romano~Libanio,1Clem,Liban_Ep10#386,0.8084668543280203
Clemente Romano~Libanio,1Clem,Liban_Ep10#390,0.8723677605195046
Clemente Romano~Libanio,1Clem,Liban_Ep10#405,0.738531643768704
Clemente Romano~Libanio,1Clem,Liban_Ep10#425,0.8897734987214344
Clemente Romano~Libanio,1Clem,Liban_Ep10#432,0.8217841946699584
Clemente Romano~Libanio,1Clem,Liban_Ep10#435,0.8259211301487748
Clemente Romano~Libanio,1Clem,Liban_Ep10#441,0.7984798945513314
Clemente Romano~Libanio,1Clem,Liban_Ep10#490,0.8383802881463517
Clemente Romano~Libanio,1Clem,Liban_Ep10#492,0.9119648172457179
Clemente Romano~Libanio,1Clem,Liban_Ep10#557,0.8921181795775878
Clemente Romano~Libanio,1Clem,Liban_Ep10#561,0.8913959527572374
Clemente Romano~Libanio,1Clem,Liban_Ep10#604,0.9248902864405434
Clemente Romano~Libanio,1Clem,Liban_Ep10#651,0.87661481259008
Clemente Romano~Libanio,1Clem,Liban_Ep10#659,0.980547674497458
Clemente Romano~Libanio,1Clem,Liban_Ep10#741,0.7852092777310204
Clemente Romano~Libanio,1Clem,Liban_Ep10#777,0.8738976573629003
Clemente Romano~Libanio,1Clem,Liban_Ep10#779,0.8912439124971181
Clemente Romano~Libanio,1Clem,Liban_Ep10#833,0.8475160403615458
Clemente Romano~Libanio,1Clem,Liban_Ep10#838,0.9204582575970033
Clemente Romano~Luciano,1Clem,Luc_Peregr,0.8210165372914726
Eliano~Alcifrón,Ael_EpRust,Alciphr10#3,0.7367660153074082
Eliano~Basilio de Cesarea,Ael_EpRust,Bas_Ep#1,0.7433406996298695
Eliano~Basilio de Cesarea,Ael_EpRust,Bas_Ep#3,0.7669277634104943
Eliano~Basilio de Cesarea,Ael_EpRust,Bas_Ep#5,0.7891127544203479
Eliano~Basilio de Cesarea,Ael_EpRust,Bas_Ep#18,0.865116493776983
Eliano~Basilio de Cesarea,Ael_EpRust,Bas_Ep#30,0.8683314118186537
Eliano~Basilio de Cesarea,Ael_EpRust,Bas_Ep#48,0.7885548325879318
Eliano~Basilio de Cesarea,Ael_EpRust,Bas_Ep#57,0.93760697545167
Eliano~Basilio de Cesarea,Ael_EpRust,Bas_Ep#60,0.9008624095752452
Eliano~Basilio de Cesarea,Ael_EpRust,Bas_Ep#66,0.7626732591401659
Eliano~Basilio de Cesarea,Ael_EpRust,Bas_Ep#71,0.7685219253427105
Eliano~Basilio de Cesarea,Ael_EpRust,Bas_Ep#73,0.6947477172139505
Eliano~Basilio de Cesarea,Ael_EpRust,Bas_Ep#76,0.8097327540841576
Eliano~Basilio de Cesarea,Ael_EpRust,Bas_Ep#99,0.7416024953124041
Eliano~Basilio de Cesarea,Ael_EpRust,Bas_Ep#102,0.8479968909447105
Eliano~Basilio de Cesarea,Ael_EpRust,Bas_Ep#104,0.8419209198274282
Eliano~Basilio de Cesarea,Ael_EpRust,Bas_Ep#105,0.8606799886041868
Eliano~Basilio de Cesarea,Ael_EpRust,Bas_Ep#112,0.7803681211562334
Eliano~Basilio de Cesarea,Ael_EpRust,Bas_Ep#114,0.8168003032037078
Eliano~Basilio de Cesarea,Ael_EpRust,Bas_Ep#117,0.8111982152140689
Eliano~Basilio de Cesarea,Ael_EpRust,Bas_Ep#122,0.8352261762425911
Eliano~Basilio de Cesarea,Ael_EpRust,Bas_Ep#125,0.7955910886397051
Eliano~Basilio de Cesarea,Ael_EpRust,Bas_Ep#131,0.7506246301883613
Eliano~Basilio de Cesarea,Ael_EpRust,Bas_Ep#135,0.7160000245589495
Eliano~Basilio de Cesarea,Ael_EpRust,Bas_Ep#136,0.7671581301818491
Eliano~Basilio de Cesarea,Ael_EpRust,Bas_Ep#137,0.7768025648552271
Eliano~Basilio de Cesarea,Ael_EpRust,Bas_Ep#138,0.8352653630192414
Eliano~Basilio de Cesarea,Ael_EpRust,Bas_Ep#140,0.7841373485210554
Eliano~Basilio de Cesarea,Ael_EpRust,Bas_Ep#141,0.7478951447798334
Eliano~Basilio de Cesarea,Ael_EpRust,Bas_Ep#148,0.8626159023946535
Eliano~Basilio de Cesarea,Ael_EpRust,Bas_Ep#165,0.817319518798697
Eliano~Basilio de Cesarea,Ael_EpRust,Bas_Ep#191,0.8216808370651473
Eliano~Basilio de Cesarea,Ael_EpRust,Bas_Ep#198,0.7562175233198485
Eliano~Basilio de Cesarea,Ael_EpRust,Bas_Ep#210,0.8129985414096874
Eliano~Basilio de Cesarea,Ael_EpRust,Bas_Ep#212,0.7687470020518579
Eliano~Basilio de Cesarea,Ael_EpRust,Bas_Ep#214,0.7880556466171009
Eliano~Basilio de Cesarea,Ael_EpRust,Bas_Ep#224,0.7693241234020209
Eliano~Basilio de Cesarea,Ael_EpRust,Bas_Ep#225,0.7977931200696495
Eliano~Basilio de Cesarea,Ael_EpRust,Bas_Ep#227,0.8133471692352512
Eliano~Basilio de Cesarea,Ael_EpRust,Bas_Ep#228,0.7546384206687116
Eliano~Basilio de Cesarea,Ael_EpRust,Bas_Ep#230,0.8834285545935421
Eliano~Basilio de Cesarea,Ael_EpRust,Bas_Ep#233,0.8533913472211264
Eliano~Basilio de Cesarea,Ael_EpRust,Bas_Ep#239,0.8010739767110897
Eliano~Basilio de Cesarea,Ael_EpRust,Bas_Ep#240,0.7621020822000506
Eliano~Basilio de Cesarea,Ael_EpRust,Bas_Ep#242,0.7649589265546997
Eliano~Basilio de Cesarea,Ael_EpRust,Bas_Ep#244,0.7741228409439929
Eliano~Basilio de Cesarea,Ael_EpRust,Bas_Ep#245,0.7884305118137597
Eliano~Basilio de Cesarea,Ael_EpRust,Bas_Ep#256,0.8164495382812993
Eliano~Basilio de Cesarea,Ael_EpRust,Bas_Ep#258,0.7536888352114192
Eliano~Basilio de Cesarea,Ael_EpRust,Bas_Ep#263,0.7865746161772427
Eliano~Basilio de Cesarea,Ael_EpRust,Bas_Ep#271,0.7802739060603068
Eliano~Basilio de Cesarea,Ael_EpRust,Bas_Ep#272,0.7949150594339659
Eliano~Basilio de Cesarea,Ael_EpRust,Bas_Ep#276,0.903781882408855
Eliano~Basilio de Cesarea,Ael_EpRust,Bas_Ep#290,0.8457342081796273
Eliano~Basilio de Cesarea,Ael_EpRust,Bas_Ep#294,0.8485360603138892
Eliano~Ignacio,Ael_EpRust,IgnMagn,0.8687334590543869
Eliano~Ignacio,Ael_EpRust,IgnTral,0.8090383606992336
Eliano~Isócrates,Ael_EpRust,Isoc_Ep22,0.8577459298881227
Eliano~Isócrates,Ael_EpRust,Isoc_Ep25,0.8273043713322284
Eliano~Isócrates,Ael_EpRust,Isoc_Ep27,0.907669577138539
Eliano~Isócrates,Ael_EpRust,Isoc_Ep29,0.8343864784646678
Eliano~Isócrates,Ael_EpRust,Isoc_Ep30,0.8116162159536058
Eliano~Juliano,Ael_EpRust,Jul_Ep#25,0.7396670869516224
Eliano~Juliano,Ael_EpRust,Jul_Ep#26,0.8448875570912403
Eliano~Juliano,Ael_EpRust,Jul_Ep#30,0.8357327403252108
Eliano~Juliano,Ael_EpRust,Jul_Ep#32,0.8282213689238148
Eliano~Juliano,Ael_EpRust,Jul_Ep#51,0.9412238932258246
Eliano~Juliano,Ael_EpRust,Jul_Ep#63,0.8410862603399879
Eliano~Libanio,Ael_EpRust,Liban_Ep10#19,0.7684087267188853
Eliano~Libanio,Ael_EpRust,Liban_Ep10#20,0.8229119933048523
Eliano~Libanio,Ael_EpRust,Liban_Ep10#37,0.7743147705942113
Eliano~Libanio,Ael_EpRust,Liban_Ep10#40,0.7758568195344344
Eliano~Libanio,Ael_EpRust,Liban_Ep10#61,0.7111240603464528
Eliano~Libanio,Ael_EpRust,Liban_Ep10#62,0.766585389692184
Eliano~Libanio,Ael_EpRust,Liban_Ep10#70,0.7401586153808558
Eliano~Libanio,Ael_EpRust,Liban_Ep10#75,0.7855553512572452
Eliano~Libanio,Ael_EpRust,Liban_Ep10#88,0.8712780564739944
Eliano~Libanio,Ael_EpRust,Liban_Ep10#89,0.8540791471133987
Eliano~Libanio,Ael_EpRust,Liban_Ep10#112,0.7829170960129425
Eliano~Libanio,Ael_EpRust,Liban_Ep10#196,0.8671106995886093
Eliano~Libanio,Ael_EpRust,Liban_Ep10#218,0.7329843245809815
Eliano~Libanio,Ael_EpRust,Liban_Ep10#238,0.7754759513872098
Eliano~Libanio,Ael_EpRust,Liban_Ep10#239,0.8633982465563008
Eliano~Libanio,Ael_EpRust,Liban_Ep10#240,0.8814329395981628
Eliano~Libanio,Ael_EpRust,Liban_Ep10#245,0.7684447808123563
Eliano~Libanio,Ael_EpRust,Liban_Ep10#267,0.8321252474682963
Eliano~Libanio,Ael_EpRust,Liban_Ep10#274,0.7985347436107473
Eliano~Libanio,Ael_EpRust,Liban_Ep10#281,0.859762502145298
Eliano~Libanio,Ael_EpRust,Liban_Ep10#309,0.7920655424934631
Eliano~Libanio,Ael_EpRust,Liban_Ep10#314,0.6941816576892402
Eliano~Libanio,Ael_EpRust,Liban_Ep10#316,0.7970645485076729
Eliano~Libanio,Ael_EpRust,Liban_Ep10#326,0.8801324011270601
Eliano~Libanio,Ael_EpRust,Liban_Ep10#331,0.7668023894470521
Eliano~Libanio,Ael_EpRust,Liban_Ep10#339,0.7679211466394585
Eliano~Libanio,Ael_EpRust,Liban_Ep10#364,0.834955531794602
Eliano~Libanio,Ael_EpRust,Liban_Ep10#368,0.8541156754019303
Eliano~Libanio,Ael_EpRust,Liban_Ep10#375,0.9091001103434551
Eliano~Libanio,Ael_EpRust,Liban_Ep10#399,0.7462238787862514
Eliano~Libanio,Ael_EpRust,Liban_Ep10#405,0.7170066280937253
Eliano~Libanio,Ael_EpRust,Liban_Ep10#430,0.7714691355707959
Eliano~Libanio,Ael_EpRust,Liban_Ep10#438,0.8211717062298292
Eliano~Libanio,Ael_EpRust,Liban_Ep10#454,0.8921245490561176
Eliano~Libanio,Ael_EpRust,Liban_Ep10#481,0.9045058773050141
Eliano~Libanio,Ael_EpRust,Liban_Ep10#492,0.812311701670068
Eliano~Libanio,Ael_EpRust,Liban_Ep10#503,0.8544928478284183
Eliano~Libanio,Ael_EpRust,Liban_Ep10#516,0.7590150630793031
Eliano~Libanio,Ael_EpRust,Liban_Ep10#557,0.8504717592262295
Eliano~Libanio,Ael_EpRust,Liban_Ep10#563,0.7789190213990065
Eliano~Libanio,Ael_EpRust,Liban_Ep10#620,0.7597760535782332
Eliano~Libanio,Ael_EpRust,Liban_Ep10#636,0.8484753756782117
Eliano~Libanio,Ael_EpRust,Liban_Ep10#659,0.9305720107068611
Eliano~Libanio,Ael_EpRust,Liban_Ep10#673,0.7405846935702277
Eliano~Libanio,Ael_EpRust,Liban_Ep10#693,0.9245204823581235
Eliano~Libanio,Ael_EpRust,Liban_Ep10#695,0.7816821121522151
Eliano~Libanio,Ael_EpRust,Liban_Ep10#731,0.839102381860152
Eliano~Libanio,Ael_EpRust,Liban_Ep10#773,0.9142891125617767
Eliano~Libanio,Ael_EpRust,Liban_Ep10#793,0.888622852192861
Eliano~Libanio,Ael_EpRust,Liban_Ep10#797,0.8362351310054784
Eliano~Libanio,Ael_EpRust,Liban_Ep10#810,0.785581952209526
Eliano~Orígenes,Ael_EpRust,Orig_EpAfr,0.7528756705431928
Filóstrato~Alcifrón,Philostr_Ep,Alciphr10#1,0.6927218817500924
Filóstrato~Basilio de Cesarea,Philostr_Ep,Bas_Ep#3,0.7175337402708138
Filóstrato~Basilio de Cesarea,Philostr_Ep,Bas_Ep#6,0.7204931183873472
Filóstrato~Basilio de Cesarea,Philostr_Ep,Bas_Ep#23,0.8312124885040083
Filóstrato~Basilio de Cesarea,Philostr_Ep,Bas_Ep#34,0.7630826314636053
Filóstrato~Basilio de Cesarea,Philostr_Ep,Bas_Ep#37,0.8485454215875056
Filóstrato~Basilio de Cesarea,Philostr_Ep,Bas_Ep#54,0.7499164240239747
Filóstrato~Basilio de Cesarea,Philostr_Ep,Bas_Ep#60,0.8477904706299032
Filóstrato~Basilio de Cesarea,Philostr_Ep,Bas_Ep#63,0.9402500278152222
Filóstrato~Basilio de Cesarea,Philostr_Ep,Bas_Ep#66,0.7692543407619573
Filóstrato~Basilio de Cesarea,Philostr_Ep,Bas_Ep#69,0.7218862327220771
Filóstrato~Basilio de Cesarea,Philostr_Ep,Bas_Ep#71,0.6982275666378268
Filóstrato~Basilio de Cesarea,Philostr_Ep,Bas_Ep#76,0.7550186289327471
Filóstrato~Basilio de Cesarea,Philostr_Ep,Bas_Ep#89,0.7262605250710561
Filóstrato~Basilio de Cesarea,Philostr_Ep,Bas_Ep#97,0.7497356239765331
Filóstrato~Basilio de Cesarea,Philostr_Ep,Bas_Ep#98,0.7530187832192593
Filóstrato~Basilio de Cesarea,Philostr_Ep,Bas_Ep#101,0.7667979129999327
Filóstrato~Basilio de Cesarea,Philostr_Ep,Bas_Ep#102,0.7731266933487533
Filóstrato~Basilio de Cesarea,Philostr_Ep,Bas_Ep#112,0.7470253813428928
Filóstrato~Basilio de Cesarea,Philostr_Ep,Bas_Ep#124,0.7770592833481563
Filóstrato~Basilio de Cesarea,Philostr_Ep,Bas_Ep#128,0.7597977232247101
Filóstrato~Basilio de Cesarea,Philostr_Ep,Bas_Ep#140,0.7283528213431345
Filóstrato~Basilio de Cesarea,Philostr_Ep,Bas_Ep#161,0.7083129926267652
Filóstrato~Basilio de Cesarea,Philostr_Ep,Bas_Ep#162,0.7623433596207392
Filóstrato~Basilio de Cesarea,Philostr_Ep,Bas_Ep#165,0.7609404070252499
Filóstrato~Basilio de Cesarea,Philostr_Ep,Bas_Ep#174,0.8132815889195472
Filóstrato~Basilio de Cesarea,Philostr_Ep,Bas_Ep#188,0.7165705418128299
Filóstrato~Basilio de Cesarea,Philostr_Ep,Bas_Ep#212,0.7543263341207286
Filóstrato~Basilio de Cesarea,Philostr_Ep,Bas_Ep#217,0.7549216474974353
Filóstrato~Basilio de Cesarea,Philostr_Ep,Bas_Ep#218,0.7841033121323011
Filóstrato~Basilio de Cesarea,Philostr_Ep,Bas_Ep#224,0.7233720817783312
Filóstrato~Basilio de Cesarea,Philostr_Ep,Bas_Ep#225,0.7735721204318029
Filóstrato~Basilio de Cesarea,Philostr_Ep,Bas_Ep#226,0.7872256483394617
Filóstrato~Basilio de Cesarea,Philostr_Ep,Bas_Ep#230,0.8260753392841916
Filóstrato~Basilio de Cesarea,Philostr_Ep,Bas_Ep#231,0.7557215743825256
Filóstrato~Basilio de Cesarea,Philostr_Ep,Bas_Ep#233,0.7726033178219346
Filóstrato~Basilio de Cesarea,Philostr_Ep,Bas_Ep#234,0.7687931498033493
Filóstrato~Basilio de Cesarea,Philostr_Ep,Bas_Ep#235,0.7588960825015176
Filóstrato~Basilio de Cesarea,Philostr_Ep,Bas_Ep#237,0.7330558988697475
Filóstrato~Basilio de Cesarea,Philostr_Ep,Bas_Ep#238,0.7404493613647637
Filóstrato~Basilio de Cesarea,Philostr_Ep,Bas_Ep#240,0.7025596427240519
Filóstrato~Basilio de Cesarea,Philostr_Ep,Bas_Ep#260,0.7923659845835569
Filóstrato~Basilio de Cesarea,Philostr_Ep,Bas_Ep#261,0.7327916925872793
Filóstrato~Basilio de Cesarea,Philostr_Ep,Bas_Ep#271,0.7409345217201485
Filóstrato~Basilio de Cesarea,Philostr_Ep,Bas_Ep#272,0.7561507319266032
Filóstrato~Basilio de Cesarea,Philostr_Ep,Bas_Ep#277,0.75766952544118
Filóstrato~Basilio de Cesarea,Philostr_Ep,Bas_Ep#290,0.8164996862176007
Filóstrato~Basilio de Cesarea,Philostr_Ep,Bas_Ep#291,0.751821165709543
Filóstrato~Basilio de Cesarea,Philostr_Ep,Bas_Ep#294,0.7882030675034782
Filóstrato~Basilio de Cesarea,Philostr_Ep,Bas_Ep#300,0.7259098232180191
Filóstrato~Basilio de Cesarea,Philostr_Ep,Bas_Ep#323,0.7372116348892984
Filóstrato~Ignacio,Philostr_Ep,IgnEf,0.8159024114173266
Filóstrato~Ignacio,Philostr_Ep,IgnMagn,0.8383416244079097
Filóstrato~Ignacio,Philostr_Ep,IgnRom,0.8480799199063134
Filóstrato~Ignacio,Philostr_Ep,IgnPol,0.7874832548724676
Filóstrato~Isócrates,Philostr_Ep,Isoc_Ep26,0.7617663480919796
Filóstrato~Isócrates,Philostr_Ep,Isoc_Ep29,0.7810622580606907
Filóstrato~Isócrates,Philostr_Ep,Isoc_Ep30,0.7626673904091106
Filóstrato~Juliano,Philostr_Ep,Jul_Ep#22,0.7058742378810863
Filóstrato~Juliano,Philostr_Ep,Jul_Ep#25,0.7296292386836359
Filóstrato~Juliano,Philostr_Ep,Jul_Ep#30,0.7949696981833734
Filóstrato~Juliano,Philostr_Ep,Jul_Ep#36,0.7498145651380985
Filóstrato~Juliano,Philostr_Ep,Jul_Ep#47,0.7925150921468812
Filóstrato~Juliano,Philostr_Ep,Jul_Ep#53,0.765850489340971
Filóstrato~Juliano,Philostr_Ep,Jul_Ep#56,0.7491095850268257
Filóstrato~Juliano,Philostr_Ep,Jul_Ep#57,0.7295133074786276
Filóstrato~Juliano,Philostr_Ep,Jul_Ep#58,0.7672668099484705
Filóstrato~Juliano,Philostr_Ep,Jul_EpThem,0.7899260209891116
Filóstrato~Libanio,Philostr_Ep,Liban_Ep10#37,0.7408455265346934
Filóstrato~Libanio,Philostr_Ep,Liban_Ep10#40,0.7284334995490864
Filóstrato~Libanio,Philostr_Ep,Liban_Ep10#44,0.71186250473732
Filóstrato~Libanio,Philostr_Ep,Liban_Ep10#61,0.7031479331159968
Filóstrato~Libanio,Philostr_Ep,Liban_Ep10#62,0.7450528545123938
Filóstrato~Libanio,Philostr_Ep,Liban_Ep10#66,0.712637589451236
Filóstrato~Libanio,Philostr_Ep,Liban_Ep10#75,0.7375724023486082
Filóstrato~Libanio,Philostr_Ep,Liban_Ep10#81,0.7616505409842007
Filóstrato~Libanio,Philostr_Ep,Liban_Ep10#86,0.8613011207371409
Filóstrato~Libanio,Philostr_Ep,Liban_Ep10#101,0.7775619245320969
Filóstrato~Libanio,Philostr_Ep,Liban_Ep10#113,0.7875194158658824
Filóstrato~Libanio,Philostr_Ep,Liban_Ep10#114,0.7218402436087452
Filóstrato~Libanio,Philostr_Ep,Liban_Ep10#127,0.857441278559298
Filóstrato~Libanio,Philostr_Ep,Liban_Ep10#197,0.8009393707100505
Filóstrato~Libanio,Philostr_Ep,Liban_Ep10#207,0.7671660709594968
Filóstrato~Libanio,Philostr_Ep,Liban_Ep10#218,0.6776796170359136
Filóstrato~Libanio,Philostr_Ep,Liban_Ep10#252,0.8745068768547227
Filóstrato~Libanio,Philostr_Ep,Liban_Ep10#255,0.7210214181709937
Filóstrato~Libanio,Philostr_Ep,Liban_Ep10#267,0.8169968971991531
Filóstrato~Libanio,Philostr_Ep,Liban_Ep10#282,0.8294733939988127
Filóstrato~Libanio,Philostr_Ep,Liban_Ep10#309,0.7471035378915897
Filóstrato~Libanio,Philostr_Ep,Liban_Ep10#326,0.8553465840340924
Filóstrato~Libanio,Philostr_Ep,Liban_Ep10#333,0.8066633950137513
Filóstrato~Libanio,Philostr_Ep,Liban_Ep10#348,0.7186525066059856
Filóstrato~Libanio,Philostr_Ep,Liban_Ep10#358,0.803461672035968
Filóstrato~Libanio,Philostr_Ep,Liban_Ep10#366,0.8764022345673318
Filóstrato~Libanio,Philostr_Ep,Liban_Ep10#368,0.8341038304978033
Filóstrato~Libanio,Philostr_Ep,Liban_Ep10#391,0.7129383276416543
Filóstrato~Libanio,Philostr_Ep,Liban_Ep10#430,0.7516314004804938
Filóstrato~Libanio,Philostr_Ep,Liban_Ep10#492,0.7893803131598888
Filóstrato~Libanio,Philostr_Ep,Liban_Ep10#495,0.7722718022089382
Filóstrato~Libanio,Philostr_Ep,Liban_Ep10#535,0.7627461012494294
Filóstrato~Libanio,Philostr_Ep,Liban_Ep10#557,0.8011662954407182
Filóstrato~Libanio,Philostr_Ep,Liban_Ep10#562,0.8516086737055367
Filóstrato~Libanio,Philostr_Ep,Liban_Ep10#620,0.7344243011006519
Filóstrato~Libanio,Philostr_Ep,Liban_Ep10#625,0.791311288483059
Filóstrato~Libanio,Philostr_Ep,Liban_Ep10#658,0.7241548313408057
Filóstrato~Libanio,Philostr_Ep,Liban_Ep10#673,0.7006292377381687
Filóstrato~Libanio,Philostr_Ep,Liban_Ep10#693,0.8906239340466483
Filóstrato~Libanio,Philostr_Ep,Liban_Ep10#694,0.8044801153661061
Filóstrato~Libanio,Philostr_Ep,Liban_Ep10#730,0.8438062716683623
Filóstrato~Libanio,Philostr_Ep,Liban_Ep10#731,0.7714108962571324
Filóstrato~Libanio,Philostr_Ep,Liban_Ep10#756,0.719409487884039
Filóstrato~Libanio,Philostr_Ep,Liban_Ep10#763,0.7622399724914348
Filóstrato~Libanio,Philostr_Ep,Liban_Ep10#773,0.8526384501211373
Filóstrato~Libanio,Philostr_Ep,Liban_Ep10#793,0.892771453123175
Filóstrato~Libanio,Philostr_Ep,Liban_Ep10#797,0.8058992901934096
Filóstrato~Libanio,Philostr_Ep,Liban_Ep10#803,0.8584200423194682
Filóstrato~Libanio,Philostr_Ep,Liban_Ep10#810,0.742092715846064
Filóstrato~Libanio,Philostr_Ep,Liban_Ep10#835,0.748403471835009
Filóstrato~Libanio,Philostr_Ep,Liban_Ep10#838,0.8457932392519588
Filóstrato~Luciano,Philostr_Ep,Luc_Peregr,0.7582525956587344
Ignacio~Basilio de Cesarea,IgnEf,Bas_Ep#23,0.852546517269753
Ignacio~Basilio de Cesarea,IgnEf,Bas_Ep#26,0.9050398257762217
Ignacio~Basilio de Cesarea,IgnEf,Bas_Ep#66,0.8591117101070411
Ignacio~Basilio de Cesarea,IgnEf,Bas_Ep#124,0.8691053656071153
Ignacio~Basilio de Cesarea,IgnEf,Bas_Ep#161,0.7951675745168635
Ignacio~Basilio de Cesarea,IgnEf,Bas_Ep#162,0.9139258744055596
Ignacio~Basilio de Cesarea,IgnEf,Bas_Ep#200,0.8149583646470674
Ignacio~Basilio de Cesarea,IgnEf,Bas_Ep#230,0.8983627967622075
Ignacio~Basilio de Cesarea,IgnEf,Bas_Ep#236,0.8806611348349064
Ignacio~Basilio de Cesarea,IgnEf,Bas_Ep#257,0.7971591132180703
Ignacio~Basilio de Cesarea,IgnEf,Bas_Ep#272,0.8364047298699522
Ignacio~Basilio de Cesarea,IgnMagn,Bas_Ep#23,0.8622379583455391
Ignacio~Basilio de Cesarea,IgnMagn,Bas_Ep#82,0.8768913040621328
Ignacio~Basilio de Cesarea,IgnMagn,Bas_Ep#120,0.8446602053303532
Ignacio~Basilio de Cesarea,IgnMagn,Bas_Ep#125,0.7858039098893452
Ignacio~Basilio de Cesarea,IgnMagn,Bas_Ep#136,0.8198714854637433
Ignacio~Basilio de Cesarea,IgnMagn,Bas_Ep#160,0.8642252421444031
Ignacio~Basilio de Cesarea,IgnMagn,Bas_Ep#165,0.8001430749013311
Ignacio~Basilio de Cesarea,IgnMagn,Bas_Ep#203,0.7772829413488547
Ignacio~Basilio de Cesarea,IgnMagn,Bas_Ep#223,0.870792923052558
Ignacio~Basilio de Cesarea,IgnMagn,Bas_Ep#231,0.8008831928726498
Ignacio~Basilio de Cesarea,IgnMagn,Bas_Ep#266,0.7723101981791491
Ignacio~Basilio de Cesarea,IgnTral,Bas_Ep#51,0.8206892948470831
Ignacio~Basilio de Cesarea,IgnTral,Bas_Ep#94,0.7485936822633904
Ignacio~Basilio de Cesarea,IgnTral,Bas_Ep#117,0.7996733159644799
Ignacio~Basilio de Cesarea,IgnTral,Bas_Ep#151,0.8991783966704817
Ignacio~Basilio de Cesarea,IgnTral,Bas_Ep#165,0.7588041922986575
Ignacio~Basilio de Cesarea,IgnTral,Bas_Ep#198,0.7941246005349019
Ignacio~Basilio de Cesarea,IgnTral,Bas_Ep#269,0.8353039488361169
Ignacio~Basilio de Cesarea,IgnRom,Bas_Ep#6,0.8442895341992838
Ignacio~Basilio de Cesarea,IgnRom,Bas_Ep#55,0.8426170842122899
Ignacio~Basilio de Cesarea,IgnRom,Bas_Ep#82,0.9090182782644838
Ignacio~Basilio de Cesarea,IgnRom,Bas_Ep#140,0.8234002387951735
Ignacio~Basilio de Cesarea,IgnRom,Bas_Ep#155,0.8618971128222164
Ignacio~Basilio de Cesarea,IgnRom,Bas_Ep#204,0.8585975195451937
Ignacio~Basilio de Cesarea,IgnRom,Bas_Ep#223,0.9268900303484487
Ignacio~Basilio de Cesarea,IgnRom,Bas_Ep#226,0.9269847357584945
Ignacio~Basilio de Cesarea,IgnRom,Bas_Ep#302,0.9127238247538217
Ignacio~Basilio de Cesarea,IgnFil,Bas_Ep#55,0.8074106012550066
Ignacio~Basilio de Cesarea,IgnFil,Bas_Ep#120,0.8030774886280037
Ignacio~Basilio de Cesarea,IgnFil,Bas_Ep#150,0.7801870430068715
Ignacio~Basilio de Cesarea,IgnFil,Bas_Ep#155,0.8295653482638903
Ignacio~Basilio de Cesarea,IgnFil,Bas_Ep#198,0.812350354300191
Ignacio~Basilio de Cesarea,IgnFil,Bas_Ep#231,0.7936111429304111
Ignacio~Basilio de Cesarea,IgnEsm,Bas_Ep#6,0.7907505003416648
Ignacio~Basilio de Cesarea,IgnEsm,Bas_Ep#25,0.7942384176385417
Ignacio~Basilio de Cesarea,IgnEsm,Bas_Ep#52,0.8372095855560382
Ignacio~Basilio de Cesarea,IgnEsm,Bas_Ep#73,0.7246255911176191
Ignacio~Basilio de Cesarea,IgnEsm,Bas_Ep#94,0.7410722376374642
Ignacio~Basilio de Cesarea,IgnEsm,Bas_Ep#100,0.9065166910569695
Ignacio~Basilio de Cesarea,IgnEsm,Bas_Ep#155,0.7788058762551373
Ignacio~Basilio de Cesarea,IgnEsm,Bas_Ep#295,0.7863773659836816
Ignacio~Basilio de Cesarea,IgnPol,Bas_Ep#25,0.8245542482558653
Ignacio~Basilio de Cesarea,IgnPol,Bas_Ep#59,0.8802103366879755
Ignacio~Basilio de Cesarea,IgnPol,Bas_Ep#70,0.8002266739415804
Ignacio~Basilio de Cesarea,IgnPol,Bas_Ep#101,0.8462559224425563
Ignacio~Basilio de Cesarea,IgnPol,Bas_Ep#161,0.7604776283354253
Ignacio~Basilio de Cesarea,IgnPol,Bas_Ep#230,0.9286948842444886
Ignacio~Basilio de Cesarea,IgnPol,Bas_Ep#238,0.803021424148002
Ignacio~Basilio de Cesarea,IgnPol,Bas_Ep#269,0.8232749174150978
Ignacio~Isócrates,IgnRom,Isoc_Ep23,0.9788350882848942
Ignacio~Isócrates,IgnRom,Isoc_Ep28,1.018628859044877
Ignacio~Isócrates,IgnPol,Isoc_Ep25,0.9374576684220293
Ignacio~Juliano,IgnEf,Jul_Ep#4,0.8150872690052386
Ignacio~Juliano,IgnEf,Jul_Ep#50,0.8281313675202607
Ignacio~Juliano,IgnMagn,Jul_Ep#26,0.9166370343542111
Ignacio~Juliano,IgnMagn,Jul_Ep#30,0.9450176584285431
Ignacio~Juliano,IgnMagn,Jul_Ep#67,0.8765331709491726
Ignacio~Juliano,IgnTral,Jul_Ep#47,0.8401371726141488
Ignacio~Juliano,IgnFil,Jul_EpAth,0.837350520777778
Ignacio~Juliano,IgnEsm,Jul_Ep#20,0.8698170610637799
Ignacio~Juliano,IgnEsm,Jul_Ep#21,0.8333632393196642
Ignacio~Juliano,IgnEsm,Jul_Ep#32,0.853424602920484
Ignacio~Juliano,IgnPol,Jul_Ep#32,0.8447116912290291
Ignacio~Libanio,IgnEf,Liban_Ep10#21,0.9105368951291364
Ignacio~Libanio,IgnEf,Liban_Ep10#66,0.879104708290323
Ignacio~Libanio,IgnEf,Liban_Ep10#386,0.8396415467109263
Ignacio~Libanio,IgnEf,Liban_Ep10#763,0.8925724065953456
Ignacio~Libanio,IgnMagn,Liban_Ep10#175,0.9407095560306662
Ignacio~Libanio,IgnTral,Liban_Ep10#113,0.8921335149146168
Ignacio~Libanio,IgnTral,Liban_Ep10#192,0.8170714608893889
Ignacio~Libanio,IgnTral,Liban_Ep10#430,0.8245188886739386
Ignacio~Libanio,IgnTral,Liban_Ep10#438,0.8480149511003162
Ignacio~Libanio,IgnTral,Liban_Ep10#454,0.9475713244267683
Ignacio~Libanio,IgnTral,Liban_Ep10#492,0.8113986239386263
Ignacio~Libanio,IgnTral,Liban_Ep10#495,0.8804155757401745
Ignacio~Libanio,IgnTral,Liban_Ep10#504,0.8248864494752521
Ignacio~Libanio,IgnTral,Liban_Ep10#620,0.7776410920185486
Ignacio~Libanio,IgnTral,Liban_Ep10#799,0.8096699981012792
Ignacio~Libanio,IgnRom,Liban_Ep10#245,0.8396245246688137
Ignacio~Libanio,IgnRom,Liban_Ep10#252,0.9704742162925335
Ignacio~Libanio,IgnRom,Liban_Ep10#255,0.8833680043914273
Ignacio~Libanio,IgnRom,Liban_Ep10#256,0.9314032527912797
Ignacio~Libanio,IgnRom,Liban_Ep10#364,0.9939082733501312
Ignacio~Libanio,IgnRom,Liban_Ep10#379,0.9528318967968437
Ignacio~Libanio,IgnRom,Liban_Ep10#391,0.896869912868793
Ignacio~Libanio,IgnRom,Liban_Ep10#796,0.9356768196788661
Ignacio~Libanio,IgnRom,Liban_Ep10#835,0.8615014372224756
Ignacio~Libanio,IgnRom,Liban_Ep10#838,1.0235357135341738
Ignacio~Libanio,IgnFil,Liban_Ep10#114,0.7832138669105465
Ignacio~Libanio,IgnFil,Liban_Ep10#218,0.8583223668696813
Ignacio~Libanio,IgnFil,Liban_Ep10#245,0.8692118546986409
Ignacio~Libanio,IgnFil,Liban_Ep10#340,0.9150479611290143
Ignacio~Libanio,IgnFil,Liban_Ep10#492,0.8847785535076538
Ignacio~Libanio,IgnFil,Liban_Ep10#510,0.8735898999370451
Ignacio~Libanio,IgnEsm,Liban_Ep10#81,0.849419401609708
Ignacio~Libanio,IgnEsm,Liban_Ep10#86,0.9093289634640106
Ignacio~Libanio,IgnEsm,Liban_Ep10#315,0.864762738700801
Ignacio~Libanio,IgnEsm,Liban_Ep10#557,0.9023694122394946
Ignacio~Libanio,IgnEsm,Liban_Ep10#696,0.9294367634904417
Ignacio~Libanio,IgnEsm,Liban_Ep10#735,0.8654152883975206
Ignacio~Libanio,IgnEsm,Liban_Ep10#796,0.900658239252134
Ignacio~Libanio,IgnEsm,Liban_Ep10#810,0.7908835615523319
Ignacio~Libanio,IgnPol,Liban_Ep10#20,0.8475757520238776
Ignacio~Libanio,IgnPol,Liban_Ep10#256,0.8997059306291219
Ignacio~Libanio,IgnPol,Liban_Ep10#405,0.8176847586522736
Ignacio~Libanio,IgnPol,Liban_Ep10#773,0.952271802158652
Ignacio~Policarpo,IgnMagn,PolFil,0.7552841542089772
Ignacio~Policarpo,IgnEsm,PolFil,0.7987566930262301
Ignacio~Porfirio,IgnPol,Porph_Marc,0.82527910957425
Isócrates~Alcifrón,Isoc_Ep29,Alciphr10#1,0.7982495512593795
Isócrates~Basilio de Cesarea,Isoc_Ep22,Bas_Ep#18,0.9238210856052236
Isócrates~Basilio de Cesarea,Isoc_Ep22,Bas_Ep#25,0.793296837082605
Isócrates~Basilio de Cesarea,Isoc_Ep22,Bas_Ep#83,0.928088504432241
Isócrates~Basilio de Cesarea,Isoc_Ep22,Bas_Ep#102,0.9118146489184354
Isócrates~Basilio de Cesarea,Isoc_Ep22,Bas_Ep#113,0.8448895759570855
Isócrates~Basilio de Cesarea,Isoc_Ep22,Bas_Ep#141,0.7661359822749384
Isócrates~Basilio de Cesarea,Isoc_Ep22,Bas_Ep#204,0.8275443215016308
Isócrates~Basilio de Cesarea,Isoc_Ep22,Bas_Ep#212,0.7837807322697059
Isócrates~Basilio de Cesarea,Isoc_Ep22,Bas_Ep#272,0.8185089913838676
Isócrates~Basilio de Cesarea,Isoc_Ep22,Bas_Ep#295,0.9269154198254614
Isócrates~Basilio de Cesarea,Isoc_Ep23,Bas_Ep#6,0.8941130390829295
Isócrates~Basilio de Cesarea,Isoc_Ep23,Bas_Ep#140,0.8786331477797708
Isócrates~Basilio de Cesarea,Isoc_Ep23,Bas_Ep#154,0.8554037155821638
Isócrates~Basilio de Cesarea,Isoc_Ep23,Bas_Ep#222,0.9054102878747555
Isócrates~Basilio de Cesarea,Isoc_Ep23,Bas_Ep#242,0.8149372634474646
Isócrates~Basilio de Cesarea,Isoc_Ep23,Bas_Ep#262,0.8606429099868681
Isócrates~Basilio de Cesarea,Isoc_Ep23,Bas_Ep#302,0.8481194591490651
Isócrates~Basilio de Cesarea,Isoc_Ep24,Bas_Ep#32,0.816643277139892
Isócrates~Basilio de Cesarea,Isoc_Ep24,Bas_Ep#68,0.8760351947718064
Isócrates~Basilio de Cesarea,Isoc_Ep24,Bas_Ep#94,0.704276387809375
Isócrates~Basilio de Cesarea,Isoc_Ep24,Bas_Ep#162,0.8864290251260367
Isócrates~Basilio de Cesarea,Isoc_Ep24,Bas_Ep#277,0.8123172760280253
Isócrates~Basilio de Cesarea,Isoc_Ep25,Bas_Ep#69,0.8010012220055807
Isócrates~Basilio de Cesarea,Isoc_Ep25,Bas_Ep#93,0.9780159645979432
Isócrates~Basilio de Cesarea,Isoc_Ep25,Bas_Ep#95,0.8904001848401769
Isócrates~Basilio de Cesarea,Isoc_Ep25,Bas_Ep#108,0.8735983498966021
Isócrates~Basilio de Cesarea,Isoc_Ep26,Bas_Ep#5,0.8102591879462077
Isócrates~Basilio de Cesarea,Isoc_Ep26,Bas_Ep#22,0.8973492404956381
Isócrates~Basilio de Cesarea,Isoc_Ep26,Bas_Ep#95,0.7683820115403006
Isócrates~Basilio de Cesarea,Isoc_Ep26,Bas_Ep#172,0.8402909288946724
Isócrates~Basilio de Cesarea,Isoc_Ep26,Bas_Ep#238,0.8414294899280381
Isócrates~Basilio de Cesarea,Isoc_Ep26,Bas_Ep#248,0.8647764578130237
Isócrates~Basilio de Cesarea,Isoc_Ep27,Bas_Ep#53,0.9127233423409233
Isócrates~Basilio de Cesarea,Isoc_Ep27,Bas_Ep#116,0.9498668086002031
Isócrates~Basilio de Cesarea,Isoc_Ep27,Bas_Ep#156,0.7646101006709619
Isócrates~Basilio de Cesarea,Isoc_Ep27,Bas_Ep#173,0.8810009720100463
Isócrates~Basilio de Cesarea,Isoc_Ep27,Bas_Ep#190,0.8665767610355705
Isócrates~Basilio de Cesarea,Isoc_Ep27,Bas_Ep#199,0.8909725514631267
Isócrates~Basilio de Cesarea,Isoc_Ep27,Bas_Ep#237,0.8223710368351771
Isócrates~Basilio de Cesarea,Isoc_Ep27,Bas_Ep#276,0.9131619020508313
Isócrates~Basilio de Cesarea,Isoc_Ep28,Bas_Ep#3,0.8163697294048659
Isócrates~Basilio de Cesarea,Isoc_Ep28,Bas_Ep#140,0.9409924254255768
Isócrates~Basilio de Cesarea,Isoc_Ep28,Bas_Ep#150,0.8871933102462253
Isócrates~Basilio de Cesarea,Isoc_Ep28,Bas_Ep#199,0.949906291584858
Isócrates~Basilio de Cesarea,Isoc_Ep28,Bas_Ep#220,0.8503573572823978
Isócrates~Basilio de Cesarea,Isoc_Ep28,Bas_Ep#245,0.9674684320045337
Isócrates~Basilio de Cesarea,Isoc_Ep28,Bas_Ep#266,0.884052581707305
Isócrates~Basilio de Cesarea,Isoc_Ep29,Bas_Ep#25,0.7759000272732457
Isócrates~Basilio de Cesarea,Isoc_Ep29,Bas_Ep#55,0.8769895575040575
Isócrates~Basilio de Cesarea,Isoc_Ep29,Bas_Ep#68,0.8543989498281859
Isócrates~Basilio de Cesarea,Isoc_Ep29,Bas_Ep#82,0.8289349326936151
Isócrates~Basilio de Cesarea,Isoc_Ep29,Bas_Ep#105,0.9094743392830951
Isócrates~Basilio de Cesarea,Isoc_Ep29,Bas_Ep#125,0.9088933022554719
Isócrates~Basilio de Cesarea,Isoc_Ep29,Bas_Ep#164,0.7744856117257958
Isócrates~Basilio de Cesarea,Isoc_Ep29,Bas_Ep#173,0.854357726780756
Isócrates~Basilio de Cesarea,Isoc_Ep29,Bas_Ep#220,0.8290276453547755
Isócrates~Basilio de Cesarea,Isoc_Ep29,Bas_Ep#240,0.8481612549608766
Isócrates~Basilio de Cesarea,Isoc_Ep29,Bas_Ep#313,0.8531126427005526
Isócrates~Basilio de Cesarea,Isoc_Ep30,Bas_Ep#2,0.8150576455267192
Isócrates~Basilio de Cesarea,Isoc_Ep30,Bas_Ep#73,0.7058519061397298
Isócrates~Basilio de Cesarea,Isoc_Ep30,Bas_Ep#96,0.726452127813245
Isócrates~Basilio de Cesarea,Isoc_Ep30,Bas_Ep#136,0.7974266213944932
Isócrates~Basilio de Cesarea,Isoc_Ep30,Bas_Ep#165,0.8198839124432652
Isócrates~Basilio de Cesarea,Isoc_Ep30,Bas_Ep#244,0.7421863623669568
Isócrates~Clemente Romano,Isoc_Ep28,1Clem,0.9781427360648065
Isócrates~Filóstrato,Isoc_Ep23,Philostr_Ep,0.8304119230515861
Isócrates~Filóstrato,Isoc_Ep27,Philostr_Ep,0.7963776519135568
Isócrates~Ignacio,Isoc_Ep23,IgnMagn,0.9590375200292203
Isócrates~Ignacio,Isoc_Ep25,IgnMagn,0.9781936483842999
Isócrates~Juliano,Isoc_Ep22,Jul_Ep#16,0.8514132158039756
Isócrates~Juliano,Isoc_Ep24,Jul_Ep#18,0.8338663993668078
Isócrates~Juliano,Isoc_Ep24,Jul_Ep#51,0.9204089748015974
Isócrates~Juliano,Isoc_Ep26,Jul_Ep#63,0.8695244025994784
Isócrates~Libanio,Isoc_Ep22,Liban_Ep10#274,0.8612235683821755
Isócrates~Libanio,Isoc_Ep22,Liban_Ep10#833,0.8461087770979902
Isócrates~Libanio,Isoc_Ep23,Liban_Ep10#203,0.7805991169293345
Isócrates~Libanio,Isoc_Ep23,Liban_Ep10#391,0.7476112123294782
Isócrates~Libanio,Isoc_Ep23,Liban_Ep10#735,0.7901385391150538
Isócrates~Libanio,Isoc_Ep24,Liban_Ep10#19,0.7989758349757368
Isócrates~Libanio,Isoc_Ep24,Liban_Ep10#150,0.8517618495981072
Isócrates~Libanio,Isoc_Ep24,Liban_Ep10#196,0.8807878942408014
Isócrates~Libanio,Isoc_Ep24,Liban_Ep10#741,0.7301722145420834
Isócrates~Libanio,Isoc_Ep24,Liban_Ep10#799,0.8379851674458317
Isócrates~Libanio,Isoc_Ep25,Liban_Ep10#197,0.8699057078064186
Isócrates~Libanio,Isoc_Ep25,Liban_Ep10#207,0.7825575325260099
Isócrates~Libanio,Isoc_Ep25,Liban_Ep10#330,0.7889374393418491
Isócrates~Libanio,Isoc_Ep25,Liban_Ep10#503,0.8538645504911816
Isócrates~Libanio,Isoc_Ep25,Liban_Ep10#808,0.755041083724322
Isócrates~Libanio,Isoc_Ep26,Liban_Ep10#68,0.8012987894184036
Isócrates~Libanio,Isoc_Ep26,Liban_Ep10#80,0.804237048249432
Isócrates~Libanio,Isoc_Ep26,Liban_Ep10#245,0.7103785905494513
Isócrates~Libanio,Isoc_Ep26,Liban_Ep10#348,0.8253101916193257
Isócrates~Libanio,Isoc_Ep26,Liban_Ep10#379,0.7974990910998431
Isócrates~Libanio,Isoc_Ep26,Liban_Ep10#438,0.8574049130325516
Isócrates~Libanio,Isoc_Ep26,Liban_Ep10#481,0.8792342920213038
Isócrates~Libanio,Isoc_Ep26,Liban_Ep10#696,0.8081775520812009
Isócrates~Libanio,Isoc_Ep27,Liban_Ep10#21,0.8494482867245635
Isócrates~Libanio,Isoc_Ep27,Liban_Ep10#40,0.8168453383870455
Isócrates~Libanio,Isoc_Ep27,Liban_Ep10#89,0.8541140612764242
Isócrates~Libanio,Isoc_Ep27,Liban_Ep10#115,0.9412680429638597
Isócrates~Libanio,Isoc_Ep27,Liban_Ep10#368,0.9356110315128714
Isócrates~Libanio,Isoc_Ep27,Liban_Ep10#779,0.9134149783214923
Isócrates~Libanio,Isoc_Ep28,Liban_Ep10#88,0.9616390088956688
Isócrates~Libanio,Isoc_Ep28,Liban_Ep10#563,0.9003758889442042
Isócrates~Libanio,Isoc_Ep28,Liban_Ep10#838,0.909468614423328
Isócrates~Libanio,Isoc_Ep29,Liban_Ep10#114,0.7590119776468158
Isócrates~Libanio,Isoc_Ep29,Liban_Ep10#127,0.9004054693514301
Isócrates~Libanio,Isoc_Ep29,Liban_Ep10#315,0.8104308699690854
Isócrates~Libanio,Isoc_Ep29,Liban_Ep10#330,0.7947223851683931
Isócrates~Libanio,Isoc_Ep29,Liban_Ep10#339,0.7637816667010079
Isócrates~Libanio,Isoc_Ep29,Liban_Ep10#374,0.804354917580666
Isócrates~Libanio,Isoc_Ep29,Liban_Ep10#509,0.8308896535499638
Isócrates~Libanio,Isoc_Ep29,Liban_Ep10#695,0.7848128734681536
Isócrates~Libanio,Isoc_Ep30,Liban_Ep10#19,0.7656487335349126
Isócrates~Libanio,Isoc_Ep30,Liban_Ep10#115,0.91195877047887
Isócrates~Libanio,Isoc_Ep30,Liban_Ep10#359,0.8722201020723794
Isócrates~Libanio,Isoc_Ep30,Liban_Ep10#364,0.8031129116687238
Isócrates~Libanio,Isoc_Ep30,Liban_Ep10#797,0.7907425257209283
Isócrates~Porfirio,Isoc_Ep27,Porph_Marc,0.8652677977142836
Juliano~Alcifrón,Jul_Ep#19,Alciphr10#2,0.7327001243701903
Juliano~Basilio de Cesarea,Jul_Ep#4,Bas_Ep#55,0.761080182371614
Juliano~Basilio de Cesarea,Jul_Ep#4,Bas_Ep#224,0.6853884856291833
Juliano~Basilio de Cesarea,Jul_Ep#4,Bas_Ep#238,0.7492958571097273
Juliano~Basilio de Cesarea,Jul_Ep#16,Bas_Ep#191,0.8184276089641113
Juliano~Basilio de Cesarea,Jul_Ep#16,Bas_Ep#239,0.7757622322708315
Juliano~Basilio de Cesarea,Jul_Ep#18,Bas_Ep#53,0.8313615175369901
Juliano~Basilio de Cesarea,Jul_Ep#19,Bas_Ep#52,0.8194880290537977
Juliano~Basilio de Cesarea,Jul_Ep#19,Bas_Ep#109,0.8395927931394956
Juliano~Basilio de Cesarea,Jul_Ep#20,Bas_Ep#229,0.911757321362401
Juliano~Basilio de Cesarea,Jul_Ep#20,Bas_Ep#301,0.780352119947833
Juliano~Basilio de Cesarea,Jul_Ep#21,Bas_Ep#54,0.7935280973680243
Juliano~Basilio de Cesarea,Jul_Ep#21,Bas_Ep#267,0.7277468905443847
Juliano~Basilio de Cesarea,Jul_Ep#22,Bas_Ep#59,0.8280925098571957
Juliano~Basilio de Cesarea,Jul_Ep#22,Bas_Ep#210,0.8200670609046921
Juliano~Basilio de Cesarea,Jul_Ep#25,Bas_Ep#104,0.7038674727611042
Juliano~Basilio de Cesarea,Jul_Ep#26,Bas_Ep#210,0.8950021707464059
Juliano~Basilio de Cesarea,Jul_Ep#28,Bas_Ep#23,0.8437541982649603
Juliano~Basilio de Cesarea,Jul_Ep#28,Bas_Ep#117,0.7410109832685107
Juliano~Basilio de Cesarea,Jul_Ep#28,Bas_Ep#240,0.7405577328207965
Juliano~Basilio de Cesarea,Jul_Ep#30,Bas_Ep#135,0.7098247397897902
Juliano~Basilio de Cesarea,Jul_Ep#32,Bas_Ep#66,0.8413581240282587
Juliano~Basilio de Cesarea,Jul_Ep#32,Bas_Ep#104,0.8031504088920862
Juliano~Basilio de Cesarea,Jul_Ep#36,Bas_Ep#51,0.8407776735834027
Juliano~Basilio de Cesarea,Jul_Ep#36,Bas_Ep#54,0.7510816691876953
Juliano~Basilio de Cesarea,Jul_Ep#36,Bas_Ep#238,0.8567029324376406
Juliano~Basilio de Cesarea,Jul_Ep#41,Bas_Ep#94,0.6589998406174298
Juliano~Basilio de Cesarea,Jul_Ep#47,Bas_Ep#101,0.8229593543625366
Juliano~Basilio de Cesarea,Jul_Ep#47,Bas_Ep#105,0.8937035860860861
Juliano~Basilio de Cesarea,Jul_Ep#48,Bas_Ep#3,0.7678426576942115
Juliano~Basilio de Cesarea,Jul_Ep#48,Bas_Ep#262,0.8399598698810969
Juliano~Basilio de Cesarea,Jul_Ep#50,Bas_Ep#231,0.7435358407655875
Juliano~Basilio de Cesarea,Jul_Ep#50,Bas_Ep#300,0.7186647966604889
Juliano~Basilio de Cesarea,Jul_Ep#50,Bas_Ep#301,0.6948185369241338
Juliano~Basilio de Cesarea,Jul_Ep#51,Bas_Ep#128,0.9274960288549391
Juliano~Basilio de Cesarea,Jul_Ep#51,Bas_Ep#165,0.7539271151084139
Juliano~Basilio de Cesarea,Jul_Ep#57,Bas_Ep#51,0.7200734417785407
Juliano~Basilio de Cesarea,Jul_Ep#57,Bas_Ep#217,0.7407278633487471
Juliano~Basilio de Cesarea,Jul_Ep#57,Bas_Ep#243,0.7285509373591752
Juliano~Basilio de Cesarea,Jul_Ep#58,Bas_Ep#55,0.8920863972063057
Juliano~Basilio de Cesarea,Jul_Ep#58,Bas_Ep#108,0.8306930381175188
Juliano~Basilio de Cesarea,Jul_Ep#58,Bas_Ep#240,0.8038098493461245
Juliano~Basilio de Cesarea,Jul_Ep#58,Bas_Ep#262,0.828606499558127
Juliano~Basilio de Cesarea,Jul_Ep#63,Bas_Ep#66,0.8386706846492157
Juliano~Basilio de Cesarea,Jul_Ep#63,Bas_Ep#96,0.7943921979840407
Juliano~Basilio de Cesarea,Jul_Ep#67,Bas_Ep#98,0.8478001680037117
Juliano~Basilio de Cesarea,Jul_Ep#69,Bas_Ep#70,0.699399697494684
Juliano~Basilio de Cesarea,Jul_Ep#69,Bas_Ep#233,0.859494858215456
Juliano~Basilio de Cesarea,Jul_EpAth,Bas_Ep#54,0.7681002105378318
Juliano~Basilio de Cesarea,Jul_EpAth,Bas_Ep#250,0.7854820081356816
Juliano~Basilio de Cesarea,Jul_EpAth,Bas_Ep#262,0.8435512996709138
Juliano~Basilio de Cesarea,Jul_EpAth,Bas_Ep#265,0.7377449429159952
Juliano~Basilio de Cesarea,Jul_EpThem,Bas_Ep#116,0.9359128750024563
Juliano~Basilio de Cesarea,Jul_EpThem,Bas_Ep#227,0.8359741311271047
Juliano~Clemente Romano,Jul_Ep#29,1Clem,0.8202763528113405
Juliano~Ignacio,Jul_Ep#47,IgnRom,0.9526709342121483
Juliano~Isócrates,Jul_Ep#21,Isoc_Ep25,0.7615874868172211
Juliano~Isócrates,Jul_Ep#25,Isoc_Ep22,0.7980001409638317
Juliano~Isócrates,Jul_Ep#36,Isoc_Ep30,0.8022062710046025
Juliano~Isócrates,Jul_Ep#48,Isoc_Ep22,0.9111709576265021
Juliano~Isócrates,Jul_Ep#53,Isoc_Ep29,0.8234748878470155
Juliano~Isócrates,Jul_Ep#57,Isoc_Ep25,0.8136406478232946
Juliano~Isócrates,Jul_EpThem,Isoc_Ep27,0.832942516500785
Juliano~Libanio,Jul_Ep#4,Liban_Ep10#20,0.7330854781509807
Juliano~Libanio,Jul_Ep#4,Liban_Ep10#238,0.7358159808097917
Juliano~Libanio,Jul_Ep#4,Liban_Ep10#555,0.7464889782017929
Juliano~Libanio,Jul_Ep#4,Liban_Ep10#796,0.7702744728725418
Juliano~Libanio,Jul_Ep#8,Liban_Ep10#578,0.9153858955583436
Juliano~Libanio,Jul_Ep#8,Liban_Ep10#730,0.9486761600167517
Juliano~Libanio,Jul_Ep#19,Liban_Ep10#119,0.7074802839465395
Juliano~Libanio,Jul_Ep#19,Liban_Ep10#319,0.7339572187064088
Juliano~Libanio,Jul_Ep#19,Liban_Ep10#375,0.8744622357287666
Juliano~Libanio,Jul_Ep#19,Liban_Ep10#758,0.8897686342816769
Juliano~Libanio,Jul_Ep#20,Liban_Ep10#560,0.8738139740187407
Juliano~Libanio,Jul_Ep#20,Liban_Ep10#625,0.9037010387740885
Juliano~Libanio,Jul_Ep#21,Liban_Ep10#315,0.7899618291278194
Juliano~Libanio,Jul_Ep#22,Liban_Ep10#282,0.8776527516354303
Juliano~Libanio,Jul_Ep#22,Liban_Ep10#441,0.7717310925033108
Juliano~Libanio,Jul_Ep#25,Liban_Ep10#86,0.8958143408003176
Juliano~Libanio,Jul_Ep#25,Liban_Ep10#175,0.7380385976244075
Juliano~Libanio,Jul_Ep#25,Liban_Ep10#796,0.837511428647477
Juliano~Libanio,Jul_Ep#26,Liban_Ep10#240,0.8484863144901243
Juliano~Libanio,Jul_Ep#26,Liban_Ep10#561,0.8755002874953484
Juliano~Libanio,Jul_Ep#28,Liban_Ep10#97,0.7177264905568278
Juliano~Libanio,Jul_Ep#28,Liban_Ep10#236,0.827190243282289
Juliano~Libanio,Jul_Ep#28,Liban_Ep10#371,0.7491794052088766
Juliano~Libanio,Jul_Ep#29,Liban_Ep10#763,0.7754968942669213
Juliano~Libanio,Jul_Ep#30,Liban_Ep10#364,0.9072069181104011
Juliano~Libanio,Jul_Ep#30,Liban_Ep10#578,0.8531600891901426
Juliano~Libanio,Jul_Ep#30,Liban_Ep10#620,0.7623424813305191
Juliano~Libanio,Jul_Ep#30,Liban_Ep10#838,0.8894937168127808
Juliano~Libanio,Jul_Ep#32,Liban_Ep10#371,0.8140064443655495
Juliano~Libanio,Jul_Ep#32,Liban_Ep10#758,0.8578630048461153
Juliano~Libanio,Jul_Ep#41,Liban_Ep10#239,0.8044926360201485
Juliano~Libanio,Jul_Ep#41,Liban_Ep10#535,0.7995786507811664
Juliano~Libanio,Jul_Ep#47,Liban_Ep10#196,0.9288263275902118
Juliano~Libanio,Jul_Ep#47,Liban_Ep10#217,0.7502427592670381
Juliano~Libanio,Jul_Ep#47,Liban_Ep10#810,0.7985215065995452
Juliano~Libanio,Jul_Ep#48,Liban_Ep10#694,0.8132244355843881
Juliano~Libanio,Jul_Ep#50,Liban_Ep10#636,0.7789130570869189
Juliano~Libanio,Jul_Ep#51,Liban_Ep10#274,0.9023947067911063
Juliano~Libanio,Jul_Ep#51,Liban_Ep10#282,0.9652824343750768
Juliano~Libanio,Jul_Ep#53,Liban_Ep10#95,0.6783753278066464
Juliano~Libanio,Jul_Ep#53,Liban_Ep10#557,0.7949374965768505
Juliano~Libanio,Jul_Ep#57,Liban_Ep10#33,0.7939579310516992
Juliano~Libanio,Jul_Ep#57,Liban_Ep10#219,0.7476545586521496
Juliano~Libanio,Jul_Ep#58,Liban_Ep10#374,0.75055209138464
Juliano~Libanio,Jul_Ep#58,Liban_Ep10#731,0.8366197295055162
Juliano~Libanio,Jul_Ep#63,Liban_Ep10#97,0.8195538084325736
Juliano~Libanio,Jul_Ep#63,Liban_Ep10#314,0.7314692934684862
Juliano~Libanio,Jul_Ep#63,Liban_Ep10#636,0.9192460067145977
Juliano~Libanio,Jul_Ep#63,Liban_Ep10#739,0.7913092299232342
Juliano~Libanio,Jul_Ep#63,Liban_Ep10#779,0.9045928712362162
Juliano~Libanio,Jul_Ep#67,Liban_Ep10#331,0.771783701137876
Juliano~Libanio,Jul_EpAth,Liban_Ep10#49,0.7695501448360919
Juliano~Libanio,Jul_EpAth,Liban_Ep10#625,0.8111698338337769
Juliano~Libanio,Jul_EpThem,Liban_Ep10#315,0.8369689397932284
Juliano~Orígenes,Jul_Ep#26,Orig_EpAfr,0.8572061748855102
Juliano~Porfirio,Jul_Ep#29,Porph_Marc,0.8128758191906108
Juliano~Porfirio,Jul_Ep#36,Porph_Marc,0.8533912636056371
Libanio~Alcifrón,Liban_Ep10#217,Alciphr10#1,0.6735463057725748
Libanio~Alcifrón,Liban_Ep10#441,Alciphr10#1,0.6934250936514275
Libanio~Alcifrón,Liban_Ep10#560,Alciphr10#1,0.6963531161013533
Libanio~Alcifrón,Liban_Ep10#803,Alciphr10#1,0.8050154845068702
Libanio~Alcifrón,Liban_Ep10#803,Alciphr10#2,0.8483865128178543
Libanio~Basilio de Cesarea,Liban_Ep10#19,Bas_Ep#73,0.732276688160286
Libanio~Basilio de Cesarea,Liban_Ep10#20,Bas_Ep#224,0.7236289025634117
Libanio~Basilio de Cesarea,Liban_Ep10#21,Bas_Ep#70,0.7882895366673577
Libanio~Basilio de Cesarea,Liban_Ep10#21,Bas_Ep#89,0.7590016375400329
Libanio~Basilio de Cesarea,Liban_Ep10#33,Bas_Ep#65,0.8691801134589469
Libanio~Basilio de Cesarea,Liban_Ep10#37,Bas_Ep#223,0.8204546934130159
Libanio~Basilio de Cesarea,Liban_Ep10#44,Bas_Ep#156,0.7255199592078723
Libanio~Basilio de Cesarea,Liban_Ep10#44,Bas_Ep#231,0.780406423874431
Libanio~Basilio de Cesarea,Liban_Ep10#49,Bas_Ep#73,0.7385292074750255
Libanio~Basilio de Cesarea,Liban_Ep10#62,Bas_Ep#105,0.8748493854936055
Libanio~Basilio de Cesarea,Liban_Ep10#66,Bas_Ep#220,0.7570188921245382
Libanio~Basilio de Cesarea,Liban_Ep10#66,Bas_Ep#229,0.7979424665241976
Libanio~Basilio de Cesarea,Liban_Ep10#68,Bas_Ep#240,0.8274502351424156
Libanio~Basilio de Cesarea,Liban_Ep10#72,Bas_Ep#136,0.9024601674616077
Libanio~Basilio de Cesarea,Liban_Ep10#75,Bas_Ep#223,0.7731371814931555
Libanio~Basilio de Cesarea,Liban_Ep10#88,Bas_Ep#70,0.8000226776207258
Libanio~Basilio de Cesarea,Liban_Ep10#88,Bas_Ep#92,0.8589448561146236
Libanio~Basilio de Cesarea,Liban_Ep10#89,Bas_Ep#23,0.942526489646618
Libanio~Basilio de Cesarea,Liban_Ep10#95,Bas_Ep#101,0.7581031436114408
Libanio~Basilio de Cesarea,Liban_Ep10#97,Bas_Ep#69,0.7059042525943455
Libanio~Basilio de Cesarea,Liban_Ep10#97,Bas_Ep#122,0.7943659440735604
Libanio~Basilio de Cesarea,Liban_Ep10#119,Bas_Ep#159,0.8219056054998213
Libanio~Basilio de Cesarea,Liban_Ep10#119,Bas_Ep#226,0.7801508279006092
Libanio~Basilio de Cesarea,Liban_Ep10#119,Bas_Ep#269,0.7458379331525988
Libanio~Basilio de Cesarea,Liban_Ep10#127,Bas_Ep#165,0.8846575141444826
Libanio~Basilio de Cesarea,Liban_Ep10#150,Bas_Ep#28,0.8651914007763702
Libanio~Basilio de Cesarea,Liban_Ep10#150,Bas_Ep#150,0.8170925365868443
Libanio~Basilio de Cesarea,Liban_Ep10#163,Bas_Ep#164,0.7215732890055921
Libanio~Basilio de Cesarea,Liban_Ep10#192,Bas_Ep#172,0.8908260238059675
Libanio~Basilio de Cesarea,Liban_Ep10#195,Bas_Ep#217,0.8579982865762205
Libanio~Basilio de Cesarea,Liban_Ep10#195,Bas_Ep#250,0.8572808473263537
Libanio~Basilio de Cesarea,Liban_Ep10#196,Bas_Ep#231,0.8659668519785348
Libanio~Basilio de Cesarea,Liban_Ep10#226,Bas_Ep#68,0.8244553274587021
Libanio~Basilio de Cesarea,Liban_Ep10#236,Bas_Ep#89,0.715649680051007
Libanio~Basilio de Cesarea,Liban_Ep10#236,Bas_Ep#164,0.8675610595298359
Libanio~Basilio de Cesarea,Liban_Ep10#238,Bas_Ep#242,0.691378232512881
Libanio~Basilio de Cesarea,Liban_Ep10#245,Bas_Ep#245,0.7998662100252354
Libanio~Basilio de Cesarea,Liban_Ep10#245,Bas_Ep#295,0.8528748234514723
Libanio~Basilio de Cesarea,Liban_Ep10#255,Bas_Ep#91,0.7917750012394353
Libanio~Basilio de Cesarea,Liban_Ep10#269,Bas_Ep#124,0.804391236012578
Libanio~Basilio de Cesarea,Liban_Ep10#282,Bas_Ep#302,0.9542822724378516
Libanio~Basilio de Cesarea,Liban_Ep10#298,Bas_Ep#174,0.8333994357783835
Libanio~Basilio de Cesarea,Liban_Ep10#298,Bas_Ep#210,0.8101092827396899
Libanio~Basilio de Cesarea,Liban_Ep10#298,Bas_Ep#272,0.8051761934196293
Libanio~Basilio de Cesarea,Liban_Ep10#326,Bas_Ep#83,0.9281900350776352
Libanio~Basilio de Cesarea,Liban_Ep10#333,Bas_Ep#174,0.82622759307391
Libanio~Basilio de Cesarea,Liban_Ep10#364,Bas_Ep#230,0.8890780693367148
Libanio~Basilio de Cesarea,Liban_Ep10#386,Bas_Ep#277,0.7773391060056405
Libanio~Basilio de Cesarea,Liban_Ep10#391,Bas_Ep#205,0.8284025250867597
Libanio~Basilio de Cesarea,Liban_Ep10#405,Bas_Ep#37,0.772929153474583
Libanio~Basilio de Cesarea,Liban_Ep10#411,Bas_Ep#58,0.9030115430704635
Libanio~Basilio de Cesarea,Liban_Ep10#435,Bas_Ep#82,0.812222582822586
Libanio~Basilio de Cesarea,Liban_Ep10#454,Bas_Ep#89,0.8346657737215916
Libanio~Basilio de Cesarea,Liban_Ep10#454,Bas_Ep#299,0.9957110356767839
Libanio~Basilio de Cesarea,Liban_Ep10#490,Bas_Ep#229,0.8734897929714093
Libanio~Basilio de Cesarea,Liban_Ep10#503,Bas_Ep#102,0.8251545800943074
Libanio~Basilio de Cesarea,Liban_Ep10#509,Bas_Ep#68,0.9597084846034033
Libanio~Basilio de Cesarea,Liban_Ep10#509,Bas_Ep#244,0.8815885662647707
Libanio~Basilio de Cesarea,Liban_Ep10#516,Bas_Ep#229,0.8760304071178803
Libanio~Basilio de Cesarea,Liban_Ep10#535,Bas_Ep#139,0.7639763616641868
Libanio~Basilio de Cesarea,Liban_Ep10#555,Bas_Ep#24,0.8159170201604112
Libanio~Basilio de Cesarea,Liban_Ep10#555,Bas_Ep#94,0.7364468330179189
Libanio~Basilio de Cesarea,Liban_Ep10#557,Bas_Ep#63,1.0209102242721186
Libanio~Basilio de Cesarea,Liban_Ep10#560,Bas_Ep#89,0.6840772362818888
Libanio~Basilio de Cesarea,Liban_Ep10#578,Bas_Ep#63,0.9740632757940139
Libanio~Basilio de Cesarea,Liban_Ep10#604,Bas_Ep#155,0.8620460597292434
Libanio~Basilio de Cesarea,Liban_Ep10#651,Bas_Ep#269,0.8674706504689261
Libanio~Basilio de Cesarea,Liban_Ep10#673,Bas_Ep#257,0.7273563790335759
Libanio~Basilio de Cesarea,Liban_Ep10#715,Bas_Ep#313,0.8015160935029378
Libanio~Basilio de Cesarea,Liban_Ep10#730,Bas_Ep#293,0.9397101492888259
Libanio~Basilio de Cesarea,Liban_Ep10#741,Bas_Ep#299,0.8112053877336575
Libanio~Basilio de Cesarea,Liban_Ep10#754,Bas_Ep#154,0.8649965547934425
Libanio~Basilio de Cesarea,Liban_Ep10#754,Bas_Ep#155,0.8642188069130968
Libanio~Basilio de Cesarea,Liban_Ep10#758,Bas_Ep#276,0.9033197121044896
Libanio~Basilio de Cesarea,Liban_Ep10#763,Bas_Ep#24,0.8921788440933852
Libanio~Basilio de Cesarea,Liban_Ep10#773,Bas_Ep#34,0.8621685038395543
Libanio~Basilio de Cesarea,Liban_Ep10#779,Bas_Ep#204,0.9362310963397912
Libanio~Basilio de Cesarea,Liban_Ep10#793,Bas_Ep#262,0.9858756015678315
Libanio~Basilio de Cesarea,Liban_Ep10#796,Bas_Ep#237,0.8071773453331381
Libanio~Basilio de Cesarea,Liban_Ep10#799,Bas_Ep#245,0.8181460277394506
Libanio~Basilio de Cesarea,Liban_Ep10#803,Bas_Ep#229,0.9717065480409512
Libanio~Basilio de Cesarea,Liban_Ep10#814,Bas_Ep#199,0.9153970021882598
Libanio~Basilio de Cesarea,Liban_Ep10#838,Bas_Ep#294,0.923307990144918
Libanio~Eliano,Liban_Ep10#694,Ael_EpRust,0.8172672931864449
Libanio~Ignacio,Liban_Ep10#33,IgnRom,1.0253080269555508
Libanio~Ignacio,Liban_Ep10#49,IgnFil,0.8563015509547804
Libanio~Ignacio,Liban_Ep10#97,IgnRom,0.8754655043981643
Libanio~Ignacio,Liban_Ep10#252,IgnEf,0.9455910408965152
Libanio~Ignacio,Liban_Ep10#364,IgnEf,0.8958431529977
Libanio~Ignacio,Liban_Ep10#779,IgnRom,1.0418574396167966
Libanio~Ignacio,Liban_Ep10#791,IgnPol,0.9401807165017539
Libanio~Isócrates,Liban_Ep10#578,Isoc_Ep30,0.801862453630372
Libanio~Isócrates,Liban_Ep10#754,Isoc_Ep25,0.89350855683383
Libanio~Isócrates,Liban_Ep10#773,Isoc_Ep30,0.8706448909830294
Libanio~Isócrates,Liban_Ep10#838,Isoc_Ep25,0.8765926371413
Libanio~Juliano,Liban_Ep10#35,Jul_Ep#36,0.753542565620036
Libanio~Juliano,Liban_Ep10#66,Jul_Ep#47,0.8421331517443618
Libanio~Juliano,Liban_Ep10#163,Jul_Ep#36,0.701176046072254
Libanio~Juliano,Liban_Ep10#283,Jul_Ep#18,0.9795716280282972
Libanio~Juliano,Liban_Ep10#283,Jul_Ep#67,0.8703041779242197
Libanio~Juliano,Liban_Ep10#326,Jul_Ep#56,0.90183938938792
Libanio~Juliano,Liban_Ep10#400,Jul_Ep#4,0.7454167060051198
Libanio~Juliano,Liban_Ep10#432,Jul_EpThem,0.7952710556224165
Libanio~Juliano,Liban_Ep10#435,Jul_Ep#47,0.8204930213433081
Libanio~Juliano,Liban_Ep10#555,Jul_Ep#30,0.8101593996924483
Libanio~Juliano,Liban_Ep10#561,Jul_Ep#26,0.8755002874953484
Libanio~Juliano,Liban_Ep10#563,Jul_Ep#8,0.8977102249940788
Libanio~Juliano,Liban_Ep10#715,Jul_Ep#20,0.8518981347010335
Libanio~Juliano,Liban_Ep10#754,Jul_Ep#30,0.8681611391813439
Libanio~Juliano,Liban_Ep10#758,Jul_Ep#29,0.8730788339577046
Libanio~Juliano,Liban_Ep10#799,Jul_Ep#29,0.7806827082235739
Libanio~Juliano,Liban_Ep10#808,Jul_Ep#48,0.7609821703532995
Libanio~Juliano,Liban_Ep10#819,Jul_Ep#8,0.7951788622221883
Libanio~Juliano,Liban_Ep10#835,Jul_Ep#28,0.7619001095543758
Libanio~Luciano,Liban_Ep10#739,Luc_Peregr,0.7931734086771072
Luciano~Alcifrón,Luc_Peregr,Alciphr10#4,0.7328082573791201
Luciano~Basilio de Cesarea,Luc_Peregr,Bas_Ep#5,0.7901075435814315
Luciano~Basilio de Cesarea,Luc_Peregr,Bas_Ep#22,0.9539856737435892
Luciano~Basilio de Cesarea,Luc_Peregr,Bas_Ep#26,0.8555861894538255
Luciano~Basilio de Cesarea,Luc_Peregr,Bas_Ep#28,0.8317563390740947
Luciano~Basilio de Cesarea,Luc_Peregr,Bas_Ep#29,0.8228762084924013
Luciano~Basilio de Cesarea,Luc_Peregr,Bas_Ep#30,0.8768506635033917
Luciano~Basilio de Cesarea,Luc_Peregr,Bas_Ep#48,0.8032331996915415
Luciano~Basilio de Cesarea,Luc_Peregr,Bas_Ep#54,0.8350749846288164
Luciano~Basilio de Cesarea,Luc_Peregr,Bas_Ep#56,0.8645043805361002
Luciano~Basilio de Cesarea,Luc_Peregr,Bas_Ep#59,0.8425475951084922
Luciano~Basilio de Cesarea,Luc_Peregr,Bas_Ep#66,0.8203716157687125
Luciano~Basilio de Cesarea,Luc_Peregr,Bas_Ep#69,0.7803615867407501
Luciano~Basilio de Cesarea,Luc_Peregr,Bas_Ep#73,0.7255337758071436
Luciano~Basilio de Cesarea,Luc_Peregr,Bas_Ep#85,0.8649348875953782
Luciano~Basilio de Cesarea,Luc_Peregr,Bas_Ep#90,0.8012644874460821
Luciano~Basilio de Cesarea,Luc_Peregr,Bas_Ep#93,0.9146820814633296
Luciano~Basilio de Cesarea,Luc_Peregr,Bas_Ep#95,0.8819978489370837
Luciano~Basilio de Cesarea,Luc_Peregr,Bas_Ep#97,0.8795679739159086
Luciano~Basilio de Cesarea,Luc_Peregr,Bas_Ep#108,0.8465864221686831
Luciano~Basilio de Cesarea,Luc_Peregr,Bas_Ep#124,0.842489319936942
Luciano~Basilio de Cesarea,Luc_Peregr,Bas_Ep#126,0.8998063253317046
Luciano~Basilio de Cesarea,Luc_Peregr,Bas_Ep#131,0.8151338935651256
Luciano~Basilio de Cesarea,Luc_Peregr,Bas_Ep#136,0.7854075524764972
Luciano~Basilio de Cesarea,Luc_Peregr,Bas_Ep#138,0.8541564896975385
Luciano~Basilio de Cesarea,Luc_Peregr,Bas_Ep#141,0.7595833638752485
Luciano~Basilio de Cesarea,Luc_Peregr,Bas_Ep#148,0.8645685907495839
Luciano~Basilio de Cesarea,Luc_Peregr,Bas_Ep#150,0.789259190049995
Luciano~Basilio de Cesarea,Luc_Peregr,Bas_Ep#159,0.882022917014235
Luciano~Basilio de Cesarea,Luc_Peregr,Bas_Ep#160,0.8399980942895928
Luciano~Basilio de Cesarea,Luc_Peregr,Bas_Ep#164,0.8011573241896279
Luciano~Basilio de Cesarea,Luc_Peregr,Bas_Ep#172,0.873421828205533
Luciano~Basilio de Cesarea,Luc_Peregr,Bas_Ep#198,0.7759238654067047
Luciano~Basilio de Cesarea,Luc_Peregr,Bas_Ep#218,0.8420288612338972
Luciano~Basilio de Cesarea,Luc_Peregr,Bas_Ep#227,0.8013719839981761
Luciano~Basilio de Cesarea,Luc_Peregr,Bas_Ep#228,0.7882022758387546
Luciano~Basilio de Cesarea,Luc_Peregr,Bas_Ep#230,0.8969152210331546
Luciano~Basilio de Cesarea,Luc_Peregr,Bas_Ep#235,0.8199743780282868
Luciano~Basilio de Cesarea,Luc_Peregr,Bas_Ep#239,0.8168843852108362
Luciano~Basilio de Cesarea,Luc_Peregr,Bas_Ep#256,0.7791166330318948
Luciano~Basilio de Cesarea,Luc_Peregr,Bas_Ep#258,0.7606437018058754
Luciano~Basilio de Cesarea,Luc_Peregr,Bas_Ep#261,0.7917035410683356
Luciano~Basilio de Cesarea,Luc_Peregr,Bas_Ep#262,0.8345974781324612
Luciano~Basilio de Cesarea,Luc_Peregr,Bas_Ep#267,0.7666662806258165
Luciano~Basilio de Cesarea,Luc_Peregr,Bas_Ep#269,0.8142875128505462
Luciano~Basilio de Cesarea,Luc_Peregr,Bas_Ep#289,0.8338899189216182
Luciano~Basilio de Cesarea,Luc_Peregr,Bas_Ep#323,0.8303224683999451
Luciano~Filóstrato,Luc_Peregr,Philostr_Ep,0.7382145475807057
Luciano~Ignacio,Luc_Peregr,IgnEf,0.8671731939204582
Luciano~Ignacio,Luc_Peregr,IgnMagn,0.8945023487632362
Luciano~Ignacio,Luc_Peregr,IgnRom,0.9398000678254752
Luciano~Isócrates,Luc_Peregr,Isoc_Ep24,0.842811322170635
Luciano~Isócrates,Luc_Peregr,Isoc_Ep27,0.8820412452518305
Luciano~Isócrates,Luc_Peregr,Isoc_Ep30,0.8075116951467353
Luciano~Juliano,Luc_Peregr,Jul_Ep#19,0.7146422432425674
Luciano~Juliano,Luc_Peregr,Jul_Ep#22,0.7943745484405355
Luciano~Juliano,Luc_Peregr,Jul_Ep#47,0.8374762068959761
Luciano~Juliano,Luc_Peregr,Jul_Ep#51,0.8809488552482257
Luciano~Juliano,Luc_Peregr,Jul_Ep#53,0.8122215775393912
Luciano~Juliano,Luc_Peregr,Jul_Ep#57,0.782938026326254
Luciano~Juliano,Luc_Peregr,Jul_Ep#69,0.7950278001321912
Luciano~Libanio,Luc_Peregr,Liban_Ep10#19,0.7930398932763626
Luciano~Libanio,Luc_Peregr,Liban_Ep10#20,0.7887366570126177
Luciano~Libanio,Luc_Peregr,Liban_Ep10#25,0.8070613307461146
Luciano~Libanio,Luc_Peregr,Liban_Ep10#35,0.7232581796012177
Luciano~Libanio,Luc_Peregr,Liban_Ep10#44,0.7219014475627481
Luciano~Libanio,Luc_Peregr,Liban_Ep10#61,0.7415895131674258
Luciano~Libanio,Luc_Peregr,Liban_Ep10#75,0.8086459715260739
Luciano~Libanio,Luc_Peregr,Liban_Ep10#80,0.761091736898723
Luciano~Libanio,Luc_Peregr,Liban_Ep10#81,0.827950965168734
Luciano~Libanio,Luc_Peregr,Liban_Ep10#86,0.9033936158763615
Luciano~Libanio,Luc_Peregr,Liban_Ep10#119,0.7050764128578846
Luciano~Libanio,Luc_Peregr,Liban_Ep10#175,0.8881961119210484
Luciano~Libanio,Luc_Peregr,Liban_Ep10#197,0.8543614161726835
Luciano~Libanio,Luc_Peregr,Liban_Ep10#218,0.8016731935616146
Luciano~Libanio,Luc_Peregr,Liban_Ep10#219,0.8245181480155426
Luciano~Libanio,Luc_Peregr,Liban_Ep10#224,0.826036618392249
Luciano~Libanio,Luc_Peregr,Liban_Ep10#226,0.7925820845145026
Luciano~Libanio,Luc_Peregr,Liban_Ep10#238,0.8250338020840948
Luciano~Libanio,Luc_Peregr,Liban_Ep10#240,0.8830321784148218
Luciano~Libanio,Luc_Peregr,Liban_Ep10#251,0.7651231886362206
Luciano~Libanio,Luc_Peregr,Liban_Ep10#252,0.9182746546912485
Luciano~Libanio,Luc_Peregr,Liban_Ep10#255,0.7713250072099616
Luciano~Libanio,Luc_Peregr,Liban_Ep10#274,0.8461607798531754
Luciano~Libanio,Luc_Peregr,Liban_Ep10#298,0.835574918479514
Luciano~Libanio,Luc_Peregr,Liban_Ep10#316,0.7967444097171872
Luciano~Libanio,Luc_Peregr,Liban_Ep10#330,0.876547899527915
Luciano~Libanio,Luc_Peregr,Liban_Ep10#333,0.8427873171163041
Luciano~Libanio,Luc_Peregr,Liban_Ep10#340,0.8776343239334491
Luciano~Libanio,Luc_Peregr,Liban_Ep10#348,0.7447487191394252
Luciano~Libanio,Luc_Peregr,Liban_Ep10#358,0.8242690249030632
Luciano~Libanio,Luc_Peregr,Liban_Ep10#368,0.8637918069426803
Luciano~Libanio,Luc_Peregr,Liban_Ep10#371,0.7765176714397348
Luciano~Libanio,Luc_Peregr,Liban_Ep10#376,0.8287706399579375
Luciano~Libanio,Luc_Peregr,Liban_Ep10#400,0.7415155852911108
Luciano~Libanio,Luc_Peregr,Liban_Ep10#441,0.7827155872550164
Luciano~Libanio,Luc_Peregr,Liban_Ep10#454,0.9299928940010179
Luciano~Libanio,Luc_Peregr,Liban_Ep10#481,0.8992666382457946
Luciano~Libanio,Luc_Peregr,Liban_Ep10#490,0.8638646931287475
Luciano~Libanio,Luc_Peregr,Liban_Ep10#493,0.8693871485756824
Luciano~Libanio,Luc_Peregr,Liban_Ep10#495,0.8111930015851783
Luciano~Libanio,Luc_Peregr,Liban_Ep10#503,0.8241001369829993
Luciano~Libanio,Luc_Peregr,Liban_Ep10#528,0.8701960041698558
Luciano~Libanio,Luc_Peregr,Liban_Ep10#552,0.759161566480598
Luciano~Libanio,Luc_Peregr,Liban_Ep10#578,0.7896206603799338
Luciano~Libanio,Luc_Peregr,Liban_Ep10#620,0.7573428763788985
Luciano~Libanio,Luc_Peregr,Liban_Ep10#636,0.8255495605077326
Luciano~Libanio,Luc_Peregr,Liban_Ep10#659,0.9067132747064482
Luciano~Libanio,Luc_Peregr,Liban_Ep10#693,0.9092561610012068
Luciano~Libanio,Luc_Peregr,Liban_Ep10#731,0.8497158565541587
Luciano~Libanio,Luc_Peregr,Liban_Ep10#732,0.7308683239691012
Luciano~Libanio,Luc_Peregr,Liban_Ep10#735,0.8354751466416447
Luciano~Libanio,Luc_Peregr,Liban_Ep10#754,0.8509305013099638
Luciano~Libanio,Luc_Peregr,Liban_Ep10#793,0.9468651543119192
Luciano~Libanio,Luc_Peregr,Liban_Ep10#810,0.7940737288368548
Luciano~Libanio,Luc_Peregr,Liban_Ep10#814,0.9125556485995411
Luciano~Libanio,Luc_Peregr,Liban_Ep10#819,0.7931326206147491
Luciano~Libanio,Luc_Peregr,Liban_Ep10#838,0.8875718309182435
Luciano~Orígenes,Luc_Peregr,Orig_EpAfr,0.7779230771476495
Luciano~Policarpo,Luc_Peregr,PolFil,0.8932692764241859
Orígenes~Basilio de Cesarea,Orig_EpAfr,Bas_Ep#1,0.7687595663449691
Orígenes~Basilio de Cesarea,Orig_EpAfr,Bas_Ep#3,0.7361380306472578
Orígenes~Basilio de Cesarea,Orig_EpAfr,Bas_Ep#14,0.7853615066972928
Orígenes~Basilio de Cesarea,Orig_EpAfr,Bas_Ep#23,0.7881197041228416
Orígenes~Basilio de Cesarea,Orig_EpAfr,Bas_Ep#37,0.8427412683268095
Orígenes~Basilio de Cesarea,Orig_EpAfr,Bas_Ep#48,0.7456174460647362
Orígenes~Basilio de Cesarea,Orig_EpAfr,Bas_Ep#51,0.7572969689731808
Orígenes~Basilio de Cesarea,Orig_EpAfr,Bas_Ep#56,0.8224224257309828
Orígenes~Basilio de Cesarea,Orig_EpAfr,Bas_Ep#57,0.8919090042777436
Orígenes~Basilio de Cesarea,Orig_EpAfr,Bas_Ep#58,0.8691073357449735
Orígenes~Basilio de Cesarea,Orig_EpAfr,Bas_Ep#60,0.931553532045745
Orígenes~Basilio de Cesarea,Orig_EpAfr,Bas_Ep#71,0.7289231015123647
Orígenes~Basilio de Cesarea,Orig_EpAfr,Bas_Ep#75,0.9001178045047993
Orígenes~Basilio de Cesarea,Orig_EpAfr,Bas_Ep#84,0.7625519139421995
Orígenes~Basilio de Cesarea,Orig_EpAfr,Bas_Ep#85,0.7520245179258928
Orígenes~Basilio de Cesarea,Orig_EpAfr,Bas_Ep#94,0.714420484263915
Orígenes~Basilio de Cesarea,Orig_EpAfr,Bas_Ep#96,0.7392722930391106
Orígenes~Basilio de Cesarea,Orig_EpAfr,Bas_Ep#100,0.8411519417215324
Orígenes~Basilio de Cesarea,Orig_EpAfr,Bas_Ep#108,0.7566639692139228
Orígenes~Basilio de Cesarea,Orig_EpAfr,Bas_Ep#112,0.7705651122103796
Orígenes~Basilio de Cesarea,Orig_EpAfr,Bas_Ep#113,0.752310933446565
Orígenes~Basilio de Cesarea,Orig_EpAfr,Bas_Ep#117,0.7298460921694234
Orígenes~Basilio de Cesarea,Orig_EpAfr,Bas_Ep#120,0.7337855084283627
Orígenes~Basilio de Cesarea,Orig_EpAfr,Bas_Ep#125,0.7559122178866234
Orígenes~Basilio de Cesarea,Orig_EpAfr,Bas_Ep#131,0.7618753886191343
Orígenes~Basilio de Cesarea,Orig_EpAfr,Bas_Ep#154,0.7084759777661949
Orígenes~Basilio de Cesarea,Orig_EpAfr,Bas_Ep#155,0.772977243768892
Orígenes~Basilio de Cesarea,Orig_EpAfr,Bas_Ep#173,0.7695130381829511
Orígenes~Basilio de Cesarea,Orig_EpAfr,Bas_Ep#198,0.7194459641753757
Orígenes~Basilio de Cesarea,Orig_EpAfr,Bas_Ep#203,0.7250084789373099
Orígenes~Basilio de Cesarea,Orig_EpAfr,Bas_Ep#204,0.7849022260302321
Orígenes~Basilio de Cesarea,Orig_EpAfr,Bas_Ep#205,0.7649961943635903
Orígenes~Basilio de Cesarea,Orig_EpAfr,Bas_Ep#206,0.7543595923353299
Orígenes~Basilio de Cesarea,Orig_EpAfr,Bas_Ep#210,0.7638616573566245
Orígenes~Basilio de Cesarea,Orig_EpAfr,Bas_Ep#213,0.7009702874071806
Orígenes~Basilio de Cesarea,Orig_EpAfr,Bas_Ep#214,0.7611596179711974
Orígenes~Basilio de Cesarea,Orig_EpAfr,Bas_Ep#219,0.7352577227275902
Orígenes~Basilio de Cesarea,Orig_EpAfr,Bas_Ep#226,0.7601618705292909
Orígenes~Basilio de Cesarea,Orig_EpAfr,Bas_Ep#227,0.7301709366455146
Orígenes~Basilio de Cesarea,Orig_EpAfr,Bas_Ep#233,0.7897987189478506
Orígenes~Basilio de Cesarea,Orig_EpAfr,Bas_Ep#234,0.7847758528369345
Orígenes~Basilio de Cesarea,Orig_EpAfr,Bas_Ep#237,0.7826218532249076
Orígenes~Basilio de Cesarea,Orig_EpAfr,Bas_Ep#238,0.7423084375449351
Orígenes~Basilio de Cesarea,Orig_EpAfr,Bas_Ep#248,0.8091481187475675
Orígenes~Basilio de Cesarea,Orig_EpAfr,Bas_Ep#251,0.7631466324456553
Orígenes~Basilio de Cesarea,Orig_EpAfr,Bas_Ep#257,0.745720291075515
Orígenes~Basilio de Cesarea,Orig_EpAfr,Bas_Ep#258,0.7352323058645681
Orígenes~Basilio de Cesarea,Orig_EpAfr,Bas_Ep#265,0.6927325409412382
Orígenes~Basilio de Cesarea,Orig_EpAfr,Bas_Ep#268,0.723403644071084
Orígenes~Basilio de Cesarea,Orig_EpAfr,Bas_Ep#269,0.7946492675926262
Orígenes~Basilio de Cesarea,Orig_EpAfr,Bas_Ep#271,0.7675124981024808
Orígenes~Basilio de Cesarea,Orig_EpAfr,Bas_Ep#272,0.7558394015333554
Orígenes~Basilio de Cesarea,Orig_EpAfr,Bas_Ep#290,0.8571064101395491
Orígenes~Basilio de Cesarea,Orig_EpAfr,Bas_Ep#295,0.8133514439940799
Orígenes~Basilio de Cesarea,Orig_EpAfr,Bas_Ep#301,0.7687833889397269
Orígenes~Ignacio,Orig_EpAfr,IgnEf,0.8232531919667313
Orígenes~Isócrates,Orig_EpAfr,Isoc_Ep22,0.8534055659767164
Orígenes~Isócrates,Orig_EpAfr,Isoc_Ep24,0.8118341082304591
Orígenes~Juliano,Orig_EpAfr,Jul_Ep#4,0.7709786393339978
Orígenes~Juliano,Orig_EpAfr,Jul_Ep#28,0.7954750911687243
Orígenes~Juliano,Orig_EpAfr,Jul_Ep#36,0.8098104791825911
Orígenes~Juliano,Orig_EpAfr,Jul_Ep#48,0.7947006433199141
Orígenes~Juliano,Orig_EpAfr,Jul_Ep#50,0.7590869690395157
Orígenes~Juliano,Orig_EpAfr,Jul_Ep#51,0.8677749572967663
Orígenes~Juliano,Orig_EpAfr,Jul_Ep#67,0.8708245240513044
Orígenes~Libanio,Orig_EpAfr,Liban_Ep10#19,0.801279943059817
Orígenes~Libanio,Orig_EpAfr,Liban_Ep10#33,0.8758743629428093
Orígenes~Libanio,Orig_EpAfr,Liban_Ep10#40,0.7734880297415473
Orígenes~Libanio,Orig_EpAfr,Liban_Ep10#61,0.7283505845442267
Orígenes~Libanio,Orig_EpAfr,Liban_Ep10#62,0.8097137154928584
Orígenes~Libanio,Orig_EpAfr,Liban_Ep10#70,0.7561973409724754
Orígenes~Libanio,Orig_EpAfr,Liban_Ep10#72,0.9162880851726343
Orígenes~Libanio,Orig_EpAfr,Liban_Ep10#75,0.7652167530562641
Orígenes~Libanio,Orig_EpAfr,Liban_Ep10#80,0.733663300021251
Orígenes~Libanio,Orig_EpAfr,Liban_Ep10#86,0.8646618004530898
Orígenes~Libanio,Orig_EpAfr,Liban_Ep10#114,0.7389039381016781
Orígenes~Libanio,Orig_EpAfr,Liban_Ep10#115,0.9372872854548099
Orígenes~Libanio,Orig_EpAfr,Liban_Ep10#175,0.8859290144817896
Orígenes~Libanio,Orig_EpAfr,Liban_Ep10#195,0.830456656905328
Orígenes~Libanio,Orig_EpAfr,Liban_Ep10#196,0.901798169557827
Orígenes~Libanio,Orig_EpAfr,Liban_Ep10#203,0.7839909138868104
Orígenes~Libanio,Orig_EpAfr,Liban_Ep10#217,0.7442366241825278
Orígenes~Libanio,Orig_EpAfr,Liban_Ep10#218,0.7861511958532518
Orígenes~Libanio,Orig_EpAfr,Liban_Ep10#224,0.808667356466302
Orígenes~Libanio,Orig_EpAfr,Liban_Ep10#226,0.78436341891828
Orígenes~Libanio,Orig_EpAfr,Liban_Ep10#238,0.8121831330666053
Orígenes~Libanio,Orig_EpAfr,Liban_Ep10#251,0.7892824087463309
Orígenes~Libanio,Orig_EpAfr,Liban_Ep10#252,0.9242704263701761
Orígenes~Libanio,Orig_EpAfr,Liban_Ep10#274,0.8099460097229386
Orígenes~Libanio,Orig_EpAfr,Liban_Ep10#283,0.9106378269854719
Orígenes~Libanio,Orig_EpAfr,Liban_Ep10#309,0.7994147152121207
Orígenes~Libanio,Orig_EpAfr,Liban_Ep10#316,0.7562449833360302
Orígenes~Libanio,Orig_EpAfr,Liban_Ep10#362,0.8390967428792167
Orígenes~Libanio,Orig_EpAfr,Liban_Ep10#364,0.827493212995771
Orígenes~Libanio,Orig_EpAfr,Liban_Ep10#366,0.8879119072632822
Orígenes~Libanio,Orig_EpAfr,Liban_Ep10#376,0.8296421651096105
Orígenes~Libanio,Orig_EpAfr,Liban_Ep10#390,0.7908811100580629
Orígenes~Libanio,Orig_EpAfr,Liban_Ep10#400,0.7221244440163045
Orígenes~Libanio,Orig_EpAfr,Liban_Ep10#430,0.8070028299133444
Orígenes~Libanio,Orig_EpAfr,Liban_Ep10#438,0.8330971291307303
Orígenes~Libanio,Orig_EpAfr,Liban_Ep10#454,0.9040296573424019
Orígenes~Libanio,Orig_EpAfr,Liban_Ep10#481,0.9005732455031673
Orígenes~Libanio,Orig_EpAfr,Liban_Ep10#495,0.8208760478003327
Orígenes~Libanio,Orig_EpAfr,Liban_Ep10#604,0.889084720911959
Orígenes~Libanio,Orig_EpAfr,Liban_Ep10#625,0.777887005162998
Orígenes~Libanio,Orig_EpAfr,Liban_Ep10#636,0.8543440254101256
Orígenes~Libanio,Orig_EpAfr,Liban_Ep10#693,0.9341053928261516
Orígenes~Libanio,Orig_EpAfr,Liban_Ep10#715,0.8159848265853183
Orígenes~Libanio,Orig_EpAfr,Liban_Ep10#730,0.8564006282134924
Orígenes~Libanio,Orig_EpAfr,Liban_Ep10#732,0.7590393011228569
Orígenes~Libanio,Orig_EpAfr,Liban_Ep10#739,0.7496421846630955
Orígenes~Libanio,Orig_EpAfr,Liban_Ep10#754,0.823119593431276
Orígenes~Libanio,Orig_EpAfr,Liban_Ep10#791,0.8560926692989602
Orígenes~Libanio,Orig_EpAfr,Liban_Ep10#793,0.9319537789287287
Orígenes~Libanio,Orig_EpAfr,Liban_Ep10#797,0.8243429478775083
Orígenes~Libanio,Orig_EpAfr,Liban_Ep10#802,0.79115337914593
Orígenes~Libanio,Orig_EpAfr,Liban_Ep10#808,0.7714171627623198
Orígenes~Libanio,Orig_EpAfr,Liban_Ep10#811,0.8249100299464033
Orígenes~Libanio,Orig_EpAfr,Liban_Ep10#819,0.7812585947709206
Orígenes~Libanio,Orig_EpAfr,Liban_Ep10#838,0.8604025592880221
Policarpo~Alcifrón,PolFil,Alciphr10#2,0.8175604329308968
Policarpo~Alcifrón,PolFil,Alciphr10#4,0.8692452836633773
Policarpo~Basilio de Cesarea,PolFil,Bas_Ep#3,0.8462097371275046
Policarpo~Basilio de Cesarea,PolFil,Bas_Ep#24,0.8525478641583304
Policarpo~Basilio de Cesarea,PolFil,Bas_Ep#25,0.8492805177904168
Policarpo~Basilio de Cesarea,PolFil,Bas_Ep#28,0.8641191031844201
Policarpo~Basilio de Cesarea,PolFil,Bas_Ep#53,0.8623374130293711
Policarpo~Basilio de Cesarea,PolFil,Bas_Ep#56,0.8644235579805869
Policarpo~Basilio de Cesarea,PolFil,Bas_Ep#59,0.8602663594704166
Policarpo~Basilio de Cesarea,PolFil,Bas_Ep#63,1.0711178440987814
Policarpo~Basilio de Cesarea,PolFil,Bas_Ep#66,0.8628257389507301
Policarpo~Basilio de Cesarea,PolFil,Bas_Ep#71,0.7760567800481848
Policarpo~Basilio de Cesarea,PolFil,Bas_Ep#75,0.9193366418144343
Policarpo~Basilio de Cesarea,PolFil,Bas_Ep#82,0.8210686106432183
Policarpo~Basilio de Cesarea,PolFil,Bas_Ep#89,0.7638395531271268
Policarpo~Basilio de Cesarea,PolFil,Bas_Ep#95,0.8994635167754061
Policarpo~Basilio de Cesarea,PolFil,Bas_Ep#97,0.8762117299767421
Policarpo~Basilio de Cesarea,PolFil,Bas_Ep#99,0.7761316593606626
Policarpo~Basilio de Cesarea,PolFil,Bas_Ep#105,0.8381972027643844
Policarpo~Basilio de Cesarea,PolFil,Bas_Ep#124,0.8584286587649734
Policarpo~Basilio de Cesarea,PolFil,Bas_Ep#125,0.8098837323932171
Policarpo~Basilio de Cesarea,PolFil,Bas_Ep#126,0.8353029255180011
Policarpo~Basilio de Cesarea,PolFil,Bas_Ep#128,0.8148621060501233
Policarpo~Basilio de Cesarea,PolFil,Bas_Ep#129,0.8734187538367113
Policarpo~Basilio de Cesarea,PolFil,Bas_Ep#135,0.7773059661031217
Policarpo~Basilio de Cesarea,PolFil,Bas_Ep#136,0.8384282434431057
Policarpo~Basilio de Cesarea,PolFil,Bas_Ep#138,0.9057963987220227
Policarpo~Basilio de Cesarea,PolFil,Bas_Ep#150,0.7989852342288482
Policarpo~Basilio de Cesarea,PolFil,Bas_Ep#156,0.779671009641881
Policarpo~Basilio de Cesarea,PolFil,Bas_Ep#162,0.9118131784755438
Policarpo~Basilio de Cesarea,PolFil,Bas_Ep#164,0.8324325937876453
Policarpo~Basilio de Cesarea,PolFil,Bas_Ep#173,0.8292373505184909
Policarpo~Basilio de Cesarea,PolFil,Bas_Ep#204,0.8363080413386887
Policarpo~Basilio de Cesarea,PolFil,Bas_Ep#207,0.7590045221287904
Policarpo~Basilio de Cesarea,PolFil,Bas_Ep#210,0.860257706405776
Policarpo~Basilio de Cesarea,PolFil,Bas_Ep#214,0.8436204543027495
Policarpo~Basilio de Cesarea,PolFil,Bas_Ep#220,0.7676552668644069
Policarpo~Basilio de Cesarea,PolFil,Bas_Ep#222,0.7572543548473413
Policarpo~Basilio de Cesarea,PolFil,Bas_Ep#223,0.8621039633653096
Policarpo~Basilio de Cesarea,PolFil,Bas_Ep#231,0.8165615553709751
Policarpo~Basilio de Cesarea,PolFil,Bas_Ep#234,0.8454055387454649
Policarpo~Basilio de Cesarea,PolFil,Bas_Ep#240,0.8094563947342458
Policarpo~Basilio de Cesarea,PolFil,Bas_Ep#243,0.819725834584669
Policarpo~Basilio de Cesarea,PolFil,Bas_Ep#248,0.8545974771572208
Policarpo~Basilio de Cesarea,PolFil,Bas_Ep#250,0.7922272015739422
Policarpo~Basilio de Cesarea,PolFil,Bas_Ep#256,0.8331486533185846
Policarpo~Basilio de Cesarea,PolFil,Bas_Ep#257,0.7291366670642088
Policarpo~Basilio de Cesarea,PolFil,Bas_Ep#258,0.7878037207840837
Policarpo~Basilio de Cesarea,PolFil,Bas_Ep#260,0.8466771270818659
Policarpo~Basilio de Cesarea,PolFil,Bas_Ep#262,0.8662674388488931
Policarpo~Basilio de Cesarea,PolFil,Bas_Ep#263,0.795899407376669
Policarpo~Basilio de Cesarea,PolFil,Bas_Ep#265,0.738163968497656
Policarpo~Basilio de Cesarea,PolFil,Bas_Ep#272,0.7933260905049634
Policarpo~Basilio de Cesarea,PolFil,Bas_Ep#293,0.9123849934453719
Policarpo~Basilio de Cesarea,PolFil,Bas_Ep#299,0.9608285778928662
Policarpo~Basilio de Cesarea,PolFil,Bas_Ep#302,0.7900440064853683
Policarpo~Basilio de Cesarea,PolFil,Bas_Ep#323,0.8061514340164304
Policarpo~Clemente Romano,PolFil,1Clem,0.7530466282626296
Policarpo~Eliano,PolFil,Ael_EpRust,0.8665768483081454
Policarpo~Filóstrato,PolFil,Philostr_Ep,0.8395772184885072
Policarpo~Ignacio,PolFil,IgnTral,0.7714479694875407
Policarpo~Ignacio,PolFil,IgnRom,0.8799891986294079
Policarpo~Juliano,PolFil,Jul_Ep#8,0.9708466757442492
Policarpo~Juliano,PolFil,Jul_Ep#16,0.897253628745981
Policarpo~Juliano,PolFil,Jul_Ep#19,0.8578869434268312
Policarpo~Juliano,PolFil,Jul_Ep#21,0.8285809872811777
Policarpo~Juliano,PolFil,Jul_Ep#25,0.8604847240852413
Policarpo~Juliano,PolFil,Jul_Ep#29,0.8214411207661811
Policarpo~Juliano,PolFil,Jul_Ep#56,0.8641619027327623
Policarpo~Juliano,PolFil,Jul_Ep#69,0.8827736262336805
Policarpo~Libanio,PolFil,Liban_Ep10#19,0.8707386347611921
Policarpo~Libanio,PolFil,Liban_Ep10#20,0.8451199097634877
Policarpo~Libanio,PolFil,Liban_Ep10#44,0.8627631264802045
Policarpo~Libanio,PolFil,Liban_Ep10#49,0.8970066233955769
Policarpo~Libanio,PolFil,Liban_Ep10#61,0.8151762969776646
Policarpo~Libanio,PolFil,Liban_Ep10#66,0.8864924829228125
Policarpo~Libanio,PolFil,Liban_Ep10#80,0.7825549198740351
Policarpo~Libanio,PolFil,Liban_Ep10#81,0.9054922856061107
Policarpo~Libanio,PolFil,Liban_Ep10#89,0.9644924443929286
Policarpo~Libanio,PolFil,Liban_Ep10#95,0.8342966584294362
Policarpo~Libanio,PolFil,Liban_Ep10#97,0.877053092244628
Policarpo~Libanio,PolFil,Liban_Ep10#101,0.8747125251062273
Policarpo~Libanio,PolFil,Liban_Ep10#110,0.9692624071454128
Policarpo~Libanio,PolFil,Liban_Ep10#127,1.0001254715258596
Policarpo~Libanio,PolFil,Liban_Ep10#163,0.7356597618272912
Policarpo~Libanio,PolFil,Liban_Ep10#192,0.8898470153252671
Policarpo~Libanio,PolFil,Liban_Ep10#196,0.9802303758849528
Policarpo~Libanio,PolFil,Liban_Ep10#203,0.8131873227309587
Policarpo~Libanio,PolFil,Liban_Ep10#217,0.843080418490825
Policarpo~Libanio,PolFil,Liban_Ep10#236,0.8954092214161624
Policarpo~Libanio,PolFil,Liban_Ep10#283,1.0130816133941312
Policarpo~Libanio,PolFil,Liban_Ep10#314,0.7406191781757403
Policarpo~Libanio,PolFil,Liban_Ep10#315,0.8571568310810225
Policarpo~Libanio,PolFil,Liban_Ep10#326,1.0025471730311668
Policarpo~Libanio,PolFil,Liban_Ep10#331,0.8597748376791877
Policarpo~Libanio,PolFil,Liban_Ep10#333,0.9786910323277305
Policarpo~Libanio,PolFil,Liban_Ep10#336,0.9127837351700911
Policarpo~Libanio,PolFil,Liban_Ep10#340,1.0210422448201533
Policarpo~Libanio,PolFil,Liban_Ep10#376,0.8500231402305876
Policarpo~Libanio,PolFil,Liban_Ep10#400,0.8627396325197723
Policarpo~Libanio,PolFil,Liban_Ep10#411,0.8992428697734371
Policarpo~Libanio,PolFil,Liban_Ep10#435,0.8736399728115115
Policarpo~Libanio,PolFil,Liban_Ep10#438,0.8964319000932173
Policarpo~Libanio,PolFil,Liban_Ep10#504,0.9473735185589055
Policarpo~Libanio,PolFil,Liban_Ep10#510,0.8470393778020207
Policarpo~Libanio,PolFil,Liban_Ep10#552,0.8866569948323324
Policarpo~Libanio,PolFil,Liban_Ep10#555,0.9183741840770578
Policarpo~Libanio,PolFil,Liban_Ep10#620,0.8128936761422818
Policarpo~Libanio,PolFil,Liban_Ep10#625,0.8852064777179456
Policarpo~Libanio,PolFil,Liban_Ep10#658,0.8549308447723183
Policarpo~Libanio,PolFil,Liban_Ep10#666,0.8452668787827667
Policarpo~Libanio,PolFil,Liban_Ep10#673,0.8031474439184656
Policarpo~Libanio,PolFil,Liban_Ep10#693,0.9994769144483525
Policarpo~Libanio,PolFil,Liban_Ep10#763,0.896998824261553
Policarpo~Libanio,PolFil,Liban_Ep10#773,0.9524634063851323
Policarpo~Libanio,PolFil,Liban_Ep10#779,0.9190856042033072
Policarpo~Libanio,PolFil,Liban_Ep10#797,0.9397624507154413
Policarpo~Libanio,PolFil,Liban_Ep10#810,0.8615468421970996
Policarpo~Libanio,PolFil,Liban_Ep10#833,0.9342167148531383
Policarpo~Orígenes,PolFil,Orig_EpAfr,0.8302257562887345
Porfirio~Basilio de Cesarea,Porph_Marc,Bas_Ep#3,0.7704911702423953
Porfirio~Basilio de Cesarea,Porph_Marc,Bas_Ep#9,0.7601608050603799
Porfirio~Basilio de Cesarea,Porph_Marc,Bas_Ep#25,0.7797729834853527
Porfirio~Basilio de Cesarea,Porph_Marc,Bas_Ep#26,0.8529524414419996
Porfirio~Basilio de Cesarea,Porph_Marc,Bas_Ep#30,0.8586845589294734
Porfirio~Basilio de Cesarea,Porph_Marc,Bas_Ep#60,0.8882209965323385
Porfirio~Basilio de Cesarea,Porph_Marc,Bas_Ep#74,0.8017561810705001
Porfirio~Basilio de Cesarea,Porph_Marc,Bas_Ep#76,0.7877541580852224
Porfirio~Basilio de Cesarea,Porph_Marc,Bas_Ep#82,0.8465044207532578
Porfirio~Basilio de Cesarea,Porph_Marc,Bas_Ep#84,0.7325038331068825
Porfirio~Basilio de Cesarea,Porph_Marc,Bas_Ep#89,0.7523313391166541
Porfirio~Basilio de Cesarea,Porph_Marc,Bas_Ep#91,0.8460721861085758
Porfirio~Basilio de Cesarea,Porph_Marc,Bas_Ep#95,0.9087692990296329
Porfirio~Basilio de Cesarea,Porph_Marc,Bas_Ep#99,0.7628017494358151
Porfirio~Basilio de Cesarea,Porph_Marc,Bas_Ep#105,0.8752363463922794
Porfirio~Basilio de Cesarea,Porph_Marc,Bas_Ep#114,0.8512662900405866
Porfirio~Basilio de Cesarea,Porph_Marc,Bas_Ep#120,0.7944121629153387
Porfirio~Basilio de Cesarea,Porph_Marc,Bas_Ep#122,0.8770193497242709
Porfirio~Basilio de Cesarea,Porph_Marc,Bas_Ep#137,0.7665283596711636
Porfirio~Basilio de Cesarea,Porph_Marc,Bas_Ep#139,0.7455320032840268
Porfirio~Basilio de Cesarea,Porph_Marc,Bas_Ep#141,0.7812456002967585
Porfirio~Basilio de Cesarea,Porph_Marc,Bas_Ep#148,0.9117682151646329
Porfirio~Basilio de Cesarea,Porph_Marc,Bas_Ep#151,0.8720147225569586
Porfirio~Basilio de Cesarea,Porph_Marc,Bas_Ep#160,0.8765336837499541
Porfirio~Basilio de Cesarea,Porph_Marc,Bas_Ep#173,0.7243606925804023
Porfirio~Basilio de Cesarea,Porph_Marc,Bas_Ep#188,0.8058587890484826
Porfirio~Basilio de Cesarea,Porph_Marc,Bas_Ep#198,0.7452576604561348
Porfirio~Basilio de Cesarea,Porph_Marc,Bas_Ep#199,0.8714338670440188
Porfirio~Basilio de Cesarea,Porph_Marc,Bas_Ep#200,0.8105283266215284
Porfirio~Basilio de Cesarea,Porph_Marc,Bas_Ep#204,0.8145429274823173
Porfirio~Basilio de Cesarea,Porph_Marc,Bas_Ep#213,0.7807431171100196
Porfirio~Basilio de Cesarea,Porph_Marc,Bas_Ep#218,0.8243051969579641
Porfirio~Basilio de Cesarea,Porph_Marc,Bas_Ep#222,0.7430017134803876
Porfirio~Basilio de Cesarea,Porph_Marc,Bas_Ep#223,0.829272530298803
Porfirio~Basilio de Cesarea,Porph_Marc,Bas_Ep#224,0.7836763006112444
Porfirio~Basilio de Cesarea,Porph_Marc,Bas_Ep#226,0.8507625949227465
Porfirio~Basilio de Cesarea,Porph_Marc,Bas_Ep#228,0.8006962065880716
Porfirio~Basilio de Cesarea,Porph_Marc,Bas_Ep#230,0.8555530989024304
Porfirio~Basilio de Cesarea,Porph_Marc,Bas_Ep#231,0.8296501254715428
Porfirio~Basilio de Cesarea,Porph_Marc,Bas_Ep#236,0.8673370025240065
Porfirio~Basilio de Cesarea,Porph_Marc,Bas_Ep#238,0.774578033859126
Porfirio~Basilio de Cesarea,Porph_Marc,Bas_Ep#239,0.7840676135328457
Porfirio~Basilio de Cesarea,Porph_Marc,Bas_Ep#240,0.81297052809609
Porfirio~Basilio de Cesarea,Porph_Marc,Bas_Ep#242,0.7298266518079142
Porfirio~Basilio de Cesarea,Porph_Marc,Bas_Ep#261,0.7941197788744474
Porfirio~Basilio de Cesarea,Porph_Marc,Bas_Ep#268,0.8238570813682461
Porfirio~Basilio de Cesarea,Porph_Marc,Bas_Ep#272,0.8020337757976751
Porfirio~Basilio de Cesarea,Porph_Marc,Bas_Ep#291,0.809343623143754
Porfirio~Basilio de Cesarea,Porph_Marc,Bas_Ep#294,0.8389534983762266
Porfirio~Basilio de Cesarea,Porph_Marc,Bas_Ep#313,0.8233620317568257
Porfirio~Clemente Romano,Porph_Marc,1Clem,0.8077552791337302
Porfirio~Ignacio,Porph_Marc,IgnEsm,0.8276464298541522
Porfirio~Isócrates,Porph_Marc,Isoc_Ep28,0.9227364661603836
Porfirio~Isócrates,Porph_Marc,Isoc_Ep30,0.8543003895818281
Porfirio~Juliano,Porph_Marc,Jul_Ep#19,0.8141284958561139
Porfirio~Juliano,Porph_Marc,Jul_Ep#22,0.8103806056558083
Porfirio~Juliano,Porph_Marc,Jul_Ep#30,0.9052066153033846
Porfirio~Juliano,Porph_Marc,Jul_Ep#32,0.8358563854806494
Porfirio~Juliano,Porph_Marc,Jul_Ep#48,0.869851356425988
Porfirio~Juliano,Porph_Marc,Jul_Ep#53,0.8067242079317763
Porfirio~Juliano,Porph_Marc,Jul_Ep#63,0.861804545144035
Porfirio~Juliano,Porph_Marc,Jul_EpThem,0.865179001917101
Porfirio~Libanio,Porph_Marc,Liban_Ep10#21,0.8785416502675261
Porfirio~Libanio,Porph_Marc,Liban_Ep10#25,0.828792014494774
Porfirio~Libanio,Porph_Marc,Liban_Ep10#33,0.9020564307998162
Porfirio~Libanio,Porph_Marc,Liban_Ep10#40,0.8300093173399802
Porfirio~Libanio,Porph_Marc,Liban_Ep10#44,0.7673483983750217
Porfirio~Libanio,Porph_Marc,Liban_Ep10#62,0.7677012990348485
Porfirio~Libanio,Porph_Marc,Liban_Ep10#66,0.7859339323422462
Porfirio~Libanio,Porph_Marc,Liban_Ep10#68,0.8604578354054542
Porfirio~Libanio,Porph_Marc,Liban_Ep10#72,0.8908694764405027
Porfirio~Libanio,Porph_Marc,Liban_Ep10#81,0.8747889416332517
Porfirio~Libanio,Porph_Marc,Liban_Ep10#97,0.7294572389171852
Porfirio~Libanio,Porph_Marc,Liban_Ep10#101,0.8569064755954591
Porfirio~Libanio,Porph_Marc,Liban_Ep10#112,0.7767258215269731
Porfirio~Libanio,Porph_Marc,Liban_Ep10#113,0.8294557561465361
Porfirio~Libanio,Porph_Marc,Liban_Ep10#192,0.806141445836215
Porfirio~Libanio,Porph_Marc,Liban_Ep10#196,0.9113924681043619
Porfirio~Libanio,Porph_Marc,Liban_Ep10#208,0.9217781420078748
Porfirio~Libanio,Porph_Marc,Liban_Ep10#218,0.8252364121655953
Porfirio~Libanio,Porph_Marc,Liban_Ep10#219,0.8375025123363995
Porfirio~Libanio,Porph_Marc,Liban_Ep10#224,0.8951905250068863
Porfirio~Libanio,Porph_Marc,Liban_Ep10#245,0.7837264742882877
Porfirio~Libanio,Porph_Marc,Liban_Ep10#298,0.8173376742714107
Porfirio~Libanio,Porph_Marc,Liban_Ep10#314,0.7478449728160979
Porfirio~Libanio,Porph_Marc,Liban_Ep10#315,0.841284113300107
Porfirio~Libanio,Porph_Marc,Liban_Ep10#316,0.8114023335612369
Porfirio~Libanio,Porph_Marc,Liban_Ep10#319,0.8046696399057023
Porfirio~Libanio,Porph_Marc,Liban_Ep10#326,0.9504322000869696
Porfirio~Libanio,Porph_Marc,Liban_Ep10#331,0.7883252830986891
Porfirio~Libanio,Porph_Marc,Liban_Ep10#333,0.8653284305636886
Porfirio~Libanio,Porph_Marc,Liban_Ep10#336,0.8238805117960611
Porfirio~Libanio,Porph_Marc,Liban_Ep10#339,0.7928054223776406
Porfirio~Libanio,Porph_Marc,Liban_Ep10#348,0.8231409058105126
Porfirio~Libanio,Porph_Marc,Liban_Ep10#352,0.917473502022504
Porfirio~Libanio,Porph_Marc,Liban_Ep10#358,0.8649871488135309
Porfirio~Libanio,Porph_Marc,Liban_Ep10#364,0.8699882656797234
Porfirio~Libanio,Porph_Marc,Liban_Ep10#368,0.8937515128963931
Porfirio~Libanio,Porph_Marc,Liban_Ep10#369,0.7419895012930433
Porfirio~Libanio,Porph_Marc,Liban_Ep10#376,0.8445499239461121
Porfirio~Libanio,Porph_Marc,Liban_Ep10#432,0.828242785647355
Porfirio~Libanio,Porph_Marc,Liban_Ep10#438,0.8658862230591075
Porfirio~Libanio,Porph_Marc,Liban_Ep10#493,0.9107442281508542
Porfirio~Libanio,Porph_Marc,Liban_Ep10#509,0.8732950534371463
Porfirio~Libanio,Porph_Marc,Liban_Ep10#535,0.8466146200242705
Porfirio~Libanio,Porph_Marc,Liban_Ep10#562,0.9163769822145099
Porfirio~Libanio,Porph_Marc,Liban_Ep10#625,0.838641208109918
Porfirio~Libanio,Porph_Marc,Liban_Ep10#659,0.9187769123840924
Porfirio~Libanio,Porph_Marc,Liban_Ep10#732,0.7991953673348021
Porfirio~Libanio,Porph_Marc,Liban_Ep10#739,0.8377289821096474
Porfirio~Libanio,Porph_Marc,Liban_Ep10#754,0.8725208020668497
Porfirio~Libanio,Porph_Marc,Liban_Ep10#777,0.8591803679083838
Porfirio~Libanio,Porph_Marc,Liban_Ep10#791,0.9124061551030455
Porfirio~Libanio,Porph_Marc,Liban_Ep10#796,0.8816822861609397
Porfirio~Libanio,Porph_Marc,Liban_Ep10#797,0.8752646996326414
Porfirio~Libanio,Porph_Marc,Liban_Ep10#803,0.916535357436788
Porfirio~Libanio,Porph_Marc,Liban_Ep10#810,0.8028132212064376
Porfirio~Libanio,Porph_Marc,Liban_Ep10#819,0.8223328913593718
Porfirio~Libanio,Porph_Marc,Liban_Ep10#835,0.8005326402595166
Porfirio~Orígenes,Porph_Marc,Orig_EpAfr,0.837164524199688
